NIB_OSS,ID_PERUSAHAAN_CEISA,NIB_CEISA,match_type,similarity_score
0433218196001,C002749,0433218196001,EXACT_NIB,1.0
6542351161559,C001823,6542351161559,EXACT_NIB,1.0
3056413953767,C003315,3056413953767,EXACT_NIB,1.0
8710122691669,C001534,8710122691669,EXACT_NIB,1.0
1718227824896,C002465,1718227824896,EXACT_NIB,1.0
3829973763116,C002550,3829973763116,EXACT_NIB,1.0
6247317810801,C004394,6247317810801,EXACT_NIB,1.0
7468723430980,C003466,7468723430980,EXACT_NIB,1.0
1939909169985,C004000,1939909169985,EXACT_NIB,1.0
1183842513542,C004606,1183842513542,EXACT_NIB,1.0
4935348740164,C001116,4935348740164,EXACT_NIB,1.0
2805982620450,C000558,2805982620450,EXACT_NIB,1.0
7543303654145,C003171,7543303654145,EXACT_NIB,1.0
6981693406088,C003689,6981693406088,EXACT_NIB,1.0
5648236629946,C001599,5648236629946,EXACT_NIB,1.0
2148951343320,C004602,2148951343320,EXACT_NIB,1.0
8957986872774,C000913,8957986872774,EXACT_NIB,1.0
8122362316658,C000437,8122362316658,EXACT_NIB,1.0
6889373467065,C003437,6889373467065,EXACT_NIB,1.0
1937452991241,C000532,1937452991241,EXACT_NIB,1.0
9190586518506,C000550,9190586518506,EXACT_NIB,1.0
4531473799650,C000292,4531473799650,EXACT_NIB,1.0
3678377701436,C002108,3678377701436,EXACT_NIB,1.0
3518233749894,C000106,3518233749894,EXACT_NIB,1.0
2710947775204,C001390,2710947775204,EXACT_NIB,1.0
9938677496499,C000239,9938677496499,EXACT_NIB,1.0
9740344713493,C002006,9740344713493,EXACT_NIB,1.0
6488771906594,C002021,6488771906594,EXACT_NIB,1.0
2967175655125,C000795,2967175655125,EXACT_NIB,1.0
8087603859770,C002488,8087603859770,EXACT_NIB,1.0
1317127484677,C001172,1317127484677,EXACT_NIB,1.0
9972787558867,C002155,9972787558867,EXACT_NIB,1.0
2702895171870,C004150,2702895171870,EXACT_NIB,1.0
3869222196937,C002632,3869222196937,EXACT_NIB,1.0
9464743671369,C002837,9464743671369,EXACT_NIB,1.0
3953394210470,C001646,3953394210470,EXACT_NIB,1.0
2474517123685,C000579,2474517123685,EXACT_NIB,1.0
0985931746120,C003243,0985931746120,EXACT_NIB,1.0
2931839335290,C003921,2931839335290,EXACT_NIB,1.0
0268117758917,C004060,0268117758917,EXACT_NIB,1.0
1836736576615,C001802,1836736576615,EXACT_NIB,1.0
2809885165604,C001923,2809885165604,EXACT_NIB,1.0
6899809402445,C004541,6899809402445,EXACT_NIB,1.0
5459910229014,C002149,5459910229014,EXACT_NIB,1.0
5160607159696,C003646,5160607159696,EXACT_NIB,1.0
9681645352181,C004570,9681645352181,EXACT_NIB,1.0
1277997995527,C003786,1277997995527,EXACT_NIB,1.0
4119986798079,C004321,4119986798079,EXACT_NIB,1.0
1518644925192,C002495,1518644925192,EXACT_NIB,1.0
8168505423573,C001475,8168505423573,EXACT_NIB,1.0
9270653794738,C002939,9270653794738,EXACT_NIB,1.0
2392407581814,C001740,2392407581814,EXACT_NIB,1.0
5361530515220,C004429,5361530515220,EXACT_NIB,1.0
7980893246095,C000963,7980893246095,EXACT_NIB,1.0
4051531952058,C002075,4051531952058,EXACT_NIB,1.0
3054868740345,C002118,3054868740345,EXACT_NIB,1.0
7584161692845,C002295,7584161692845,EXACT_NIB,1.0
9640165820297,C004288,9640165820297,EXACT_NIB,1.0
0727155188442,C002756,0727155188442,EXACT_NIB,1.0
7829114678669,C000653,7829114678669,EXACT_NIB,1.0
0182422535841,C004823,0182422535841,EXACT_NIB,1.0
9590010943969,C001457,9590010943969,EXACT_NIB,1.0
6773592555625,C002504,6773592555625,EXACT_NIB,1.0
9632595327877,C003307,9632595327877,EXACT_NIB,1.0
7480162456506,C001592,7480162456506,EXACT_NIB,1.0
5852398680002,C004355,5852398680002,EXACT_NIB,1.0
8879470551694,C002900,8879470551694,EXACT_NIB,1.0
9130756263689,C002561,9130756263689,EXACT_NIB,1.0
5497334843443,C004267,5497334843443,EXACT_NIB,1.0
2404157473384,C004094,2404157473384,EXACT_NIB,1.0
7120826773454,C004122,7120826773454,EXACT_NIB,1.0
4004991547887,C001207,4004991547887,EXACT_NIB,1.0
4932966851612,C001134,4932966851612,EXACT_NIB,1.0
0174268414593,C001114,0174268414593,EXACT_NIB,1.0
1878519108839,C003807,1878519108839,EXACT_NIB,1.0
7908740640391,C000103,7908740640391,EXACT_NIB,1.0
6567661825128,C003097,6567661825128,EXACT_NIB,1.0
6624628733427,C000404,6624628733427,EXACT_NIB,1.0
1830469901398,C004030,1830469901398,EXACT_NIB,1.0
4678544587717,C002035,4678544587717,EXACT_NIB,1.0
6937854777252,C003492,6937854777252,EXACT_NIB,1.0
2038750997700,C001619,2038750997700,EXACT_NIB,1.0
0339845461567,C003020,0339845461567,EXACT_NIB,1.0
9396856218501,C003662,9396856218501,EXACT_NIB,1.0
6629619431142,C002055,6629619431142,EXACT_NIB,1.0
2126788861015,C003331,2126788861015,EXACT_NIB,1.0
2444721264647,C003264,2444721264647,EXACT_NIB,1.0
5756924593752,C003606,5756924593752,EXACT_NIB,1.0
1939828073741,C000508,1939828073741,EXACT_NIB,1.0
6886805891135,C001836,6886805891135,EXACT_NIB,1.0
8899375679825,C000203,8899375679825,EXACT_NIB,1.0
1775140105123,C002195,1775140105123,EXACT_NIB,1.0
0937966033419,C003899,0937966033419,EXACT_NIB,1.0
6969155792499,C003214,6969155792499,EXACT_NIB,1.0
6278282742257,C003527,6278282742257,EXACT_NIB,1.0
2190340438427,C001695,2190340438427,EXACT_NIB,1.0
1340745171339,C004399,1340745171339,EXACT_NIB,1.0
5449481260422,C004297,5449481260422,EXACT_NIB,1.0
0684577590175,C000583,0684577590175,EXACT_NIB,1.0
5001701277063,C000834,5001701277063,EXACT_NIB,1.0
3611037129387,C003081,3611037129387,EXACT_NIB,1.0
4262218909275,C002296,4262218909275,EXACT_NIB,1.0
6523413899940,C000820,6523413899940,EXACT_NIB,1.0
9180552696582,C001615,9180552696582,EXACT_NIB,1.0
6661889241418,C000787,6661889241418,EXACT_NIB,1.0
0307562208635,C001694,0307562208635,EXACT_NIB,1.0
1744518705349,C004770,1744518705349,EXACT_NIB,1.0
0506413836702,C004107,0506413836702,EXACT_NIB,1.0
6199062344565,C000743,6199062344565,EXACT_NIB,1.0
3747411249035,C001085,3747411249035,EXACT_NIB,1.0
1712100323651,C001548,1712100323651,EXACT_NIB,1.0
0999347687014,C002886,0999347687014,EXACT_NIB,1.0
6420593040785,C004300,6420593040785,EXACT_NIB,1.0
2239559059929,C001678,2239559059929,EXACT_NIB,1.0
5932525002921,C003998,5932525002921,EXACT_NIB,1.0
2513552157043,C002353,2513552157043,EXACT_NIB,1.0
7062962015336,C000589,7062962015336,EXACT_NIB,1.0
6149731032417,C001971,6149731032417,EXACT_NIB,1.0
4774349021158,C000027,4774349021158,EXACT_NIB,1.0
6329451168685,C003977,6329451168685,EXACT_NIB,1.0
1485646799702,C001571,1485646799702,EXACT_NIB,1.0
5054447132475,C003597,5054447132475,EXACT_NIB,1.0
8214862890233,C004420,8214862890233,EXACT_NIB,1.0
7972798552414,C000889,7972798552414,EXACT_NIB,1.0
0722903494466,C002766,0722903494466,EXACT_NIB,1.0
0545444328309,C000154,0545444328309,EXACT_NIB,1.0
9353875842824,C002167,9353875842824,EXACT_NIB,1.0
5494717099917,C000620,5494717099917,EXACT_NIB,1.0
2175250074329,C003588,2175250074329,EXACT_NIB,1.0
5058300335421,C004255,5058300335421,EXACT_NIB,1.0
5753260332309,C002618,5753260332309,EXACT_NIB,1.0
3564208737530,C003699,3564208737530,EXACT_NIB,1.0
7447012045561,C003363,7447012045561,EXACT_NIB,1.0
1667467621202,C001456,1667467621202,EXACT_NIB,1.0
6701450899358,C004100,6701450899358,EXACT_NIB,1.0
0166088019948,C004535,0166088019948,EXACT_NIB,1.0
6149331637351,C000273,6149331637351,EXACT_NIB,1.0
6978292216995,C002596,6978292216995,EXACT_NIB,1.0
8485833394522,C000085,8485833394522,EXACT_NIB,1.0
0810620034244,C001910,0810620034244,EXACT_NIB,1.0
4066658004397,C003586,4066658004397,EXACT_NIB,1.0
1606484229405,C000190,1606484229405,EXACT_NIB,1.0
1826886153355,C003145,1826886153355,EXACT_NIB,1.0
1648408588770,C000099,1648408588770,EXACT_NIB,1.0
6138612075011,C002893,6138612075011,EXACT_NIB,1.0
1809190158144,C000352,1809190158144,EXACT_NIB,1.0
5368222394312,C001278,5368222394312,EXACT_NIB,1.0
7552314913577,C002858,7552314913577,EXACT_NIB,1.0
6452577754781,C003096,6452577754781,EXACT_NIB,1.0
0848872563942,C003268,0848872563942,EXACT_NIB,1.0
9275037314530,C003451,9275037314530,EXACT_NIB,1.0
6659184638655,C002854,6659184638655,EXACT_NIB,1.0
9136517773926,C002407,9136517773926,EXACT_NIB,1.0
6990413797723,C004578,6990413797723,EXACT_NIB,1.0
0388629127990,C000407,0388629127990,EXACT_NIB,1.0
7659916247314,C003965,7659916247314,EXACT_NIB,1.0
9448695946368,C002691,9448695946368,EXACT_NIB,1.0
3721386589026,C002044,3721386589026,EXACT_NIB,1.0
6566938011848,C000686,6566938011848,EXACT_NIB,1.0
8451848947697,C002481,8451848947697,EXACT_NIB,1.0
3356588043416,C003019,3356588043416,EXACT_NIB,1.0
3733343333952,C002530,3733343333952,EXACT_NIB,1.0
9472846392086,C003289,9472846392086,EXACT_NIB,1.0
1559428434795,C000994,1559428434795,EXACT_NIB,1.0
3143866322702,C002925,3143866322702,EXACT_NIB,1.0
3471754558845,C001381,3471754558845,EXACT_NIB,1.0
4722569961125,C002788,4722569961125,EXACT_NIB,1.0
2341326111780,C004029,2341326111780,EXACT_NIB,1.0
7228200557784,C002577,7228200557784,EXACT_NIB,1.0
1745642400825,C001503,1745642400825,EXACT_NIB,1.0
3686632663416,C001080,3686632663416,EXACT_NIB,1.0
7974973502080,C004117,7974973502080,EXACT_NIB,1.0
4757051204618,C001607,4757051204618,EXACT_NIB,1.0
8376452088147,C001280,8376452088147,EXACT_NIB,1.0
6300979251327,C000150,6300979251327,EXACT_NIB,1.0
8573065240778,C001247,8573065240778,EXACT_NIB,1.0
4857086209593,C003186,4857086209593,EXACT_NIB,1.0
1810220317310,C003929,1810220317310,EXACT_NIB,1.0
7170586509480,C002926,7170586509480,EXACT_NIB,1.0
2886195761228,C002449,2886195761228,EXACT_NIB,1.0
3983684577600,C004510,3983684577600,EXACT_NIB,1.0
9921075224593,C004487,9921075224593,EXACT_NIB,1.0
9610556613906,C000104,9610556613906,EXACT_NIB,1.0
9813646225179,C000321,9813646225179,EXACT_NIB,1.0
8983314659116,C004904,8983314659116,EXACT_NIB,1.0
3352110392405,C002466,3352110392405,EXACT_NIB,1.0
0698042043940,C000447,0698042043940,EXACT_NIB,1.0
1579812387800,C002499,1579812387800,EXACT_NIB,1.0
4046084325621,C001733,4046084325621,EXACT_NIB,1.0
7526772233060,C002870,7526772233060,EXACT_NIB,1.0
6609656999880,C000092,6609656999880,EXACT_NIB,1.0
4472649082771,C004611,4472649082771,EXACT_NIB,1.0
3714521117518,C004501,3714521117518,EXACT_NIB,1.0
2222064474212,C004013,2222064474212,EXACT_NIB,1.0
7671990384983,C000073,7671990384983,EXACT_NIB,1.0
2499982795014,C002223,2499982795014,EXACT_NIB,1.0
2934301071396,C002717,2934301071396,EXACT_NIB,1.0
0155699023557,C002862,0155699023557,EXACT_NIB,1.0
5880395512405,C004727,5880395512405,EXACT_NIB,1.0
3574384215031,C001894,3574384215031,EXACT_NIB,1.0
2307681040915,C003103,2307681040915,EXACT_NIB,1.0
8571422410988,C000810,8571422410988,EXACT_NIB,1.0
7020701601662,C002594,7020701601662,EXACT_NIB,1.0
8179217174773,C001976,8179217174773,EXACT_NIB,1.0
5396695832197,C003966,5396695832197,EXACT_NIB,1.0
6570132902278,C004837,6570132902278,EXACT_NIB,1.0
8624058008514,C004759,8624058008514,EXACT_NIB,1.0
6562422010276,C000401,6562422010276,EXACT_NIB,1.0
6909738468950,C003352,6909738468950,EXACT_NIB,1.0
1894905807787,C004036,1894905807787,EXACT_NIB,1.0
2904904712814,C001897,2904904712814,EXACT_NIB,1.0
3728051292766,C003693,3728051292766,EXACT_NIB,1.0
7836674286047,C003953,7836674286047,EXACT_NIB,1.0
9673938525800,C004713,9673938525800,EXACT_NIB,1.0
0093911192692,C002233,0093911192692,EXACT_NIB,1.0
7766183067198,C002617,7766183067198,EXACT_NIB,1.0
0634615717320,C003782,0634615717320,EXACT_NIB,1.0
0613878293102,C004295,0613878293102,EXACT_NIB,1.0
6519825309251,C002346,6519825309251,EXACT_NIB,1.0
1002194672324,C002288,1002194672324,EXACT_NIB,1.0
3181958837340,C003629,3181958837340,EXACT_NIB,1.0
6459701082207,C002385,6459701082207,EXACT_NIB,1.0
1363631797062,C001462,1363631797062,EXACT_NIB,1.0
0421776253492,C001602,0421776253492,EXACT_NIB,1.0
3356939290600,C003025,3356939290600,EXACT_NIB,1.0
6325431074279,C004176,6325431074279,EXACT_NIB,1.0
0165790552818,C001473,0165790552818,EXACT_NIB,1.0
6401557788178,C004817,6401557788178,EXACT_NIB,1.0
1241272380468,C004383,1241272380468,EXACT_NIB,1.0
5579887749242,C002696,5579887749242,EXACT_NIB,1.0
7275208854749,C000884,7275208854749,EXACT_NIB,1.0
3751509398343,C001492,3751509398343,EXACT_NIB,1.0
8519610646287,C001185,8519610646287,EXACT_NIB,1.0
3002447146273,C002059,3002447146273,EXACT_NIB,1.0
1589042902572,C003671,1589042902572,EXACT_NIB,1.0
1928554451895,C002636,1928554451895,EXACT_NIB,1.0
3898881671120,C000863,3898881671120,EXACT_NIB,1.0
3423216110760,C000460,3423216110760,EXACT_NIB,1.0
3932501249552,C000416,3932501249552,EXACT_NIB,1.0
8013875927125,C003196,8013875927125,EXACT_NIB,1.0
8015716479473,C001403,8015716479473,EXACT_NIB,1.0
1126691215353,C000611,1126691215353,EXACT_NIB,1.0
6784271147732,C002965,6784271147732,EXACT_NIB,1.0
8773477848588,C004169,8773477848588,EXACT_NIB,1.0
4276246719788,C000054,4276246719788,EXACT_NIB,1.0
0090255905616,C003975,0090255905616,EXACT_NIB,1.0
8507698640790,C000791,8507698640790,EXACT_NIB,1.0
2945637183440,C000542,2945637183440,EXACT_NIB,1.0
4846853664987,C000333,4846853664987,EXACT_NIB,1.0
2324665136442,C001421,2324665136442,EXACT_NIB,1.0
1898471391559,C003874,1898471391559,EXACT_NIB,1.0
7851586734257,C002185,7851586734257,EXACT_NIB,1.0
1837606441343,C004229,1837606441343,EXACT_NIB,1.0
5612481569857,C000408,5612481569857,EXACT_NIB,1.0
0382965772429,C000671,0382965772429,EXACT_NIB,1.0
3420696942152,C004700,3420696942152,EXACT_NIB,1.0
4476263934362,C002219,4476263934362,EXACT_NIB,1.0
6366941180053,C001386,6366941180053,EXACT_NIB,1.0
0924287572158,C000657,0924287572158,EXACT_NIB,1.0
4856257287032,C004915,4856257287032,EXACT_NIB,1.0
7771215134228,C001168,7771215134228,EXACT_NIB,1.0
1659152017774,C004748,1659152017774,EXACT_NIB,1.0
0896164236103,C002934,0896164236103,EXACT_NIB,1.0
8377674996165,C002163,8377674996165,EXACT_NIB,1.0
1476174224386,C000262,1476174224386,EXACT_NIB,1.0
7945232194168,C002412,7945232194168,EXACT_NIB,1.0
5641220310303,C001190,5641220310303,EXACT_NIB,1.0
7308069581467,C003670,7308069581467,EXACT_NIB,1.0
5972466572934,C004410,5972466572934,EXACT_NIB,1.0
0545228015619,C003812,0545228015619,EXACT_NIB,1.0
7119918081213,C002146,7119918081213,EXACT_NIB,1.0
8507208115562,C004331,8507208115562,EXACT_NIB,1.0
5048926738997,C003121,5048926738997,EXACT_NIB,1.0
1884852008943,C003918,1884852008943,EXACT_NIB,1.0
0753998935449,C003093,0753998935449,EXACT_NIB,1.0
6110627371586,C000320,6110627371586,EXACT_NIB,1.0
0772881377028,C003107,0772881377028,EXACT_NIB,1.0
4470229604432,C004097,4470229604432,EXACT_NIB,1.0
9228777251996,C001803,9228777251996,EXACT_NIB,1.0
6870079420074,C004098,6870079420074,EXACT_NIB,1.0
2846398554743,C000301,2846398554743,EXACT_NIB,1.0
0687681180715,C000672,0687681180715,EXACT_NIB,1.0
5319433750479,C001880,5319433750479,EXACT_NIB,1.0
2493843089487,C003071,2493843089487,EXACT_NIB,1.0
3046875063519,C001468,3046875063519,EXACT_NIB,1.0
9543173505831,C001413,9543173505831,EXACT_NIB,1.0
1207049611080,C004264,1207049611080,EXACT_NIB,1.0
9150785931109,C001574,9150785931109,EXACT_NIB,1.0
0249685498227,C001924,0249685498227,EXACT_NIB,1.0
3153779599594,C001369,3153779599594,EXACT_NIB,1.0
7563620501508,C001508,7563620501508,EXACT_NIB,1.0
2583230241026,C000274,2583230241026,EXACT_NIB,1.0
9611223386559,C003210,9611223386559,EXACT_NIB,1.0
9731791286857,C001055,9731791286857,EXACT_NIB,1.0
7363466925481,C002928,7363466925481,EXACT_NIB,1.0
7546027341514,C002859,7546027341514,EXACT_NIB,1.0
4439284044566,C003205,4439284044566,EXACT_NIB,1.0
8775153663778,C001498,8775153663778,EXACT_NIB,1.0
8459090225999,C001973,8459090225999,EXACT_NIB,1.0
2182097023164,C003361,2182097023164,EXACT_NIB,1.0
2867163234672,C004640,2867163234672,EXACT_NIB,1.0
3859777901475,C003261,3859777901475,EXACT_NIB,1.0
9160324841376,C002158,9160324841376,EXACT_NIB,1.0
1765636004125,C002832,1765636004125,EXACT_NIB,1.0
2418621042752,C001747,2418621042752,EXACT_NIB,1.0
3353310600531,C002175,3353310600531,EXACT_NIB,1.0
9386613315520,C003637,9386613315520,EXACT_NIB,1.0
7189241956252,C000329,7189241956252,EXACT_NIB,1.0
3091436391025,C004095,3091436391025,EXACT_NIB,1.0
0864035533803,C001525,0864035533803,EXACT_NIB,1.0
0023212983381,C000157,0023212983381,EXACT_NIB,1.0
7156627768962,C000997,7156627768962,EXACT_NIB,1.0
4689715273230,C000255,4689715273230,EXACT_NIB,1.0
0692364587506,C001110,0692364587506,EXACT_NIB,1.0
2011669183626,C000435,2011669183626,EXACT_NIB,1.0
0415093771004,C000961,0415093771004,EXACT_NIB,1.0
5535669055107,C004452,5535669055107,EXACT_NIB,1.0
8027148727178,C000689,8027148727178,EXACT_NIB,1.0
5528993160875,C003668,5528993160875,EXACT_NIB,1.0
5661844386125,C003345,5661844386125,EXACT_NIB,1.0
2333059126620,C002211,2333059126620,EXACT_NIB,1.0
7492617647501,C000466,7492617647501,EXACT_NIB,1.0
6492151826068,C002582,6492151826068,EXACT_NIB,1.0
1029321840118,C000704,1029321840118,EXACT_NIB,1.0
5859883103032,C003555,5859883103032,EXACT_NIB,1.0
2671462831435,C002521,2671462831435,EXACT_NIB,1.0
8615155423401,C004251,8615155423401,EXACT_NIB,1.0
4849102562588,C001549,4849102562588,EXACT_NIB,1.0
0539672757844,C004249,0539672757844,EXACT_NIB,1.0
2901487068277,C001099,2901487068277,EXACT_NIB,1.0
8909728321528,C002147,8909728321528,EXACT_NIB,1.0
4309634807970,C003113,4309634807970,EXACT_NIB,1.0
1882617024376,C003471,1882617024376,EXACT_NIB,1.0
0531340266502,C002949,0531340266502,EXACT_NIB,1.0
6862110225803,C000524,6862110225803,EXACT_NIB,1.0
2823414363718,C003463,2823414363718,EXACT_NIB,1.0
9310668433567,C002309,9310668433567,EXACT_NIB,1.0
4396112910933,C001131,4396112910933,EXACT_NIB,1.0
4855716176880,C002116,4855716176880,EXACT_NIB,1.0
8669432029390,C003680,8669432029390,EXACT_NIB,1.0
2424033810595,C004559,2424033810595,EXACT_NIB,1.0
7272239724042,C004569,7272239724042,EXACT_NIB,1.0
0916601002314,C004299,0916601002314,EXACT_NIB,1.0
7230848100184,C003556,7230848100184,EXACT_NIB,1.0
6172131451951,C000693,6172131451951,EXACT_NIB,1.0
4945147541022,C001735,4945147541022,EXACT_NIB,1.0
2265576769523,C001506,2265576769523,EXACT_NIB,1.0
9179202521310,C004225,9179202521310,EXACT_NIB,1.0
0412009282066,C002014,0412009282066,EXACT_NIB,1.0
2369036289177,C003357,2369036289177,EXACT_NIB,1.0
5034281139043,C002742,5034281139043,EXACT_NIB,1.0
4683565215681,C001410,4683565215681,EXACT_NIB,1.0
6063399129710,C003869,6063399129710,EXACT_NIB,1.0
5511274747219,C003567,5511274747219,EXACT_NIB,1.0
0903802146296,C004201,0903802146296,EXACT_NIB,1.0
6636515597371,C003095,6636515597371,EXACT_NIB,1.0
6730306442121,C002534,6730306442121,EXACT_NIB,1.0
5423567782659,C003042,5423567782659,EXACT_NIB,1.0
2751648072791,C004489,2751648072791,EXACT_NIB,1.0
4481776655868,C001476,4481776655868,EXACT_NIB,1.0
1111096179817,C001649,1111096179817,EXACT_NIB,1.0
7660538444463,C002106,7660538444463,EXACT_NIB,1.0
3960962626582,C001333,3960962626582,EXACT_NIB,1.0
9209819602752,C001372,9209819602752,EXACT_NIB,1.0
9117911244211,C003021,9117911244211,EXACT_NIB,1.0
5722402990155,C002994,5722402990155,EXACT_NIB,1.0
3513052312447,C000109,3513052312447,EXACT_NIB,1.0
4619942376769,C004900,4619942376769,EXACT_NIB,1.0
7208496498560,C004547,7208496498560,EXACT_NIB,1.0
0505379538164,C002782,0505379538164,EXACT_NIB,1.0
0461172959639,C003679,0461172959639,EXACT_NIB,1.0
0644556185790,C003972,0644556185790,EXACT_NIB,1.0
6321358004010,C000108,6321358004010,EXACT_NIB,1.0
9671883977457,C004485,9671883977457,EXACT_NIB,1.0
6371539885472,C004529,6371539885472,EXACT_NIB,1.0
4912711307240,C004041,4912711307240,EXACT_NIB,1.0
7451066343629,C001407,7451066343629,EXACT_NIB,1.0
8143966613473,C001686,8143966613473,EXACT_NIB,1.0
2512257207650,C001406,2512257207650,EXACT_NIB,1.0
9714802632570,C002419,9714802632570,EXACT_NIB,1.0
5569644309859,C004775,5569644309859,EXACT_NIB,1.0
8821423691430,C002031,8821423691430,EXACT_NIB,1.0
6592342683441,C001158,6592342683441,EXACT_NIB,1.0
5756766708061,C004050,5756766708061,EXACT_NIB,1.0
0793110291813,C004906,0793110291813,EXACT_NIB,1.0
8497916202232,C001683,8497916202232,EXACT_NIB,1.0
1766204719609,C000302,1766204719609,EXACT_NIB,1.0
3586812259572,C001363,3586812259572,EXACT_NIB,1.0
1094101759025,C003549,1094101759025,EXACT_NIB,1.0
8319013020569,C000412,8319013020569,EXACT_NIB,1.0
8217661912841,C004407,8217661912841,EXACT_NIB,1.0
4189389846908,C002503,4189389846908,EXACT_NIB,1.0
0850371990516,C004102,0850371990516,EXACT_NIB,1.0
7430003896087,C004405,7430003896087,EXACT_NIB,1.0
5535603319036,C001431,5535603319036,EXACT_NIB,1.0
9342967111483,C000491,9342967111483,EXACT_NIB,1.0
8810569741328,C004248,8810569741328,EXACT_NIB,1.0
4496410496706,C001675,4496410496706,EXACT_NIB,1.0
0954930596601,C003369,0954930596601,EXACT_NIB,1.0
2044138459609,C001934,2044138459609,EXACT_NIB,1.0
7057836091498,C001212,7057836091498,EXACT_NIB,1.0
0310287950830,C003376,0310287950830,EXACT_NIB,1.0
5956164205955,C003133,5956164205955,EXACT_NIB,1.0
5889536902611,C004125,5889536902611,EXACT_NIB,1.0
5439435353751,C002917,5439435353751,EXACT_NIB,1.0
2836929445511,C003455,2836929445511,EXACT_NIB,1.0
7120602128866,C000597,7120602128866,EXACT_NIB,1.0
7676472298120,C002120,7676472298120,EXACT_NIB,1.0
8986456522036,C001727,8986456522036,EXACT_NIB,1.0
4491342138820,C002517,4491342138820,EXACT_NIB,1.0
7411767412415,C001868,7411767412415,EXACT_NIB,1.0
0853800329633,C001702,0853800329633,EXACT_NIB,1.0
0617893206496,C001903,0617893206496,EXACT_NIB,1.0
5874131467536,C002889,5874131467536,EXACT_NIB,1.0
3608545667664,C004746,3608545667664,EXACT_NIB,1.0
3286342556383,C004068,3286342556383,EXACT_NIB,1.0
3041662411186,C000209,3041662411186,EXACT_NIB,1.0
7314976461368,C004330,7314976461368,EXACT_NIB,1.0
6375791452118,C000386,6375791452118,EXACT_NIB,1.0
4520599604387,C000802,4520599604387,EXACT_NIB,1.0
2812371067287,C004542,2812371067287,EXACT_NIB,1.0
0433187510979,C004784,0433187510979,EXACT_NIB,1.0
4883192134249,C000932,4883192134249,EXACT_NIB,1.0
3192227051028,C003219,3192227051028,EXACT_NIB,1.0
5819324268774,C002974,5819324268774,EXACT_NIB,1.0
3652037583094,C003257,3652037583094,EXACT_NIB,1.0
4409079772781,C000495,4409079772781,EXACT_NIB,1.0
0843905529580,C000419,0843905529580,EXACT_NIB,1.0
6204485157919,C000116,6204485157919,EXACT_NIB,1.0
3432406424295,C002604,3432406424295,EXACT_NIB,1.0
8720962893654,C002635,8720962893654,EXACT_NIB,1.0
8272795596905,C000387,8272795596905,EXACT_NIB,1.0
7820797996673,C001217,7820797996673,EXACT_NIB,1.0
9690282498392,C002789,9690282498392,EXACT_NIB,1.0
2441233613285,C003161,2441233613285,EXACT_NIB,1.0
1625265469681,C000453,1625265469681,EXACT_NIB,1.0
2730346156262,C000644,2730346156262,EXACT_NIB,1.0
0252986707660,C000126,0252986707660,EXACT_NIB,1.0
6861205943897,C004819,6861205943897,EXACT_NIB,1.0
0842456075409,C002542,0842456075409,EXACT_NIB,1.0
7938970155029,C001275,7938970155029,EXACT_NIB,1.0
6306244795133,C004740,6306244795133,EXACT_NIB,1.0
5555727738264,C001566,5555727738264,EXACT_NIB,1.0
5770299295966,C003065,5770299295966,EXACT_NIB,1.0
1942268653694,C003656,1942268653694,EXACT_NIB,1.0
7226408572169,C003234,7226408572169,EXACT_NIB,1.0
9715096883275,C001368,9715096883275,EXACT_NIB,1.0
9732781952371,C002450,9732781952371,EXACT_NIB,1.0
0460568761124,C004618,0460568761124,EXACT_NIB,1.0
4774222946430,C001681,4774222946430,EXACT_NIB,1.0
8585672872760,C000001,8585672872760,EXACT_NIB,1.0
0833506158148,C004379,0833506158148,EXACT_NIB,1.0
3372094841312,C002061,3372094841312,EXACT_NIB,1.0
1717318939749,C000167,1717318939749,EXACT_NIB,1.0
7844483548847,C003746,7844483548847,EXACT_NIB,1.0
8796434745245,C002914,8796434745245,EXACT_NIB,1.0
7403344505665,C003796,7403344505665,EXACT_NIB,1.0
9706734996010,C000676,9706734996010,EXACT_NIB,1.0
9381735984884,C004103,9381735984884,EXACT_NIB,1.0
5534490216667,C004612,5534490216667,EXACT_NIB,1.0
1918182819793,C002684,1918182819793,EXACT_NIB,1.0
9232342108902,C000674,9232342108902,EXACT_NIB,1.0
5027160736077,C003816,5027160736077,EXACT_NIB,1.0
5563318574817,C001097,5563318574817,EXACT_NIB,1.0
6704502329028,C004745,6704502329028,EXACT_NIB,1.0
3161177687290,C002508,3161177687290,EXACT_NIB,1.0
2311649133424,C004702,2311649133424,EXACT_NIB,1.0
0603202032650,C001423,0603202032650,EXACT_NIB,1.0
8552457871584,C003955,8552457871584,EXACT_NIB,1.0
7681826832303,C002802,7681826832303,EXACT_NIB,1.0
9328963406468,C000590,9328963406468,EXACT_NIB,1.0
1062272362669,C002247,1062272362669,EXACT_NIB,1.0
0184819737418,C002899,0184819737418,EXACT_NIB,1.0
2743811995376,C000643,2743811995376,EXACT_NIB,1.0
3973964178996,C003282,3973964178996,EXACT_NIB,1.0
4607455534705,C002847,4607455534705,EXACT_NIB,1.0
3541165972634,C004456,3541165972634,EXACT_NIB,1.0
8488269131196,C003443,8488269131196,EXACT_NIB,1.0
0382407333373,C003578,0382407333373,EXACT_NIB,1.0
5837490797796,C004674,5837490797796,EXACT_NIB,1.0
4097626374845,C000883,4097626374845,EXACT_NIB,1.0
0862339220715,C004610,0862339220715,EXACT_NIB,1.0
4526471246335,C004776,4526471246335,EXACT_NIB,1.0
1295927282709,C002898,1295927282709,EXACT_NIB,1.0
0929578671815,C002468,0929578671815,EXACT_NIB,1.0
6666170715879,C000779,6666170715879,EXACT_NIB,1.0
0463580688285,C002970,0463580688285,EXACT_NIB,1.0
1403526356022,C000857,1403526356022,EXACT_NIB,1.0
3749060723111,C003109,3749060723111,EXACT_NIB,1.0
0833509025425,C004106,0833509025425,EXACT_NIB,1.0
0713984822850,C003952,0713984822850,EXACT_NIB,1.0
0691309810796,C004116,0691309810796,EXACT_NIB,1.0
8532426425064,C004669,8532426425064,EXACT_NIB,1.0
7767555628333,C001153,7767555628333,EXACT_NIB,1.0
8749603358268,C003344,8749603358268,EXACT_NIB,1.0
2657327599801,C001058,2657327599801,EXACT_NIB,1.0
1595977524418,C001778,1595977524418,EXACT_NIB,1.0
2710267672095,C002203,2710267672095,EXACT_NIB,1.0
6213541597099,C003570,6213541597099,EXACT_NIB,1.0
5047158029090,C002339,5047158029090,EXACT_NIB,1.0
4837441715810,C001983,4837441715810,EXACT_NIB,1.0
0591297519102,C004454,0591297519102,EXACT_NIB,1.0
9496843645380,C001137,9496843645380,EXACT_NIB,1.0
7015959194575,C004853,7015959194575,EXACT_NIB,1.0
7567772266025,C002066,7567772266025,EXACT_NIB,1.0
2387367042549,C000180,2387367042549,EXACT_NIB,1.0
3353574859532,C003594,3353574859532,EXACT_NIB,1.0
2951877941763,C001785,2951877941763,EXACT_NIB,1.0
8245759833991,C002067,8245759833991,EXACT_NIB,1.0
0061572768297,C003263,0061572768297,EXACT_NIB,1.0
3155516517680,C002580,3155516517680,EXACT_NIB,1.0
8003700332285,C000752,8003700332285,EXACT_NIB,1.0
3397051958263,C004563,3397051958263,EXACT_NIB,1.0
4614707986321,C002269,4614707986321,EXACT_NIB,1.0
4380403253765,C003301,4380403253765,EXACT_NIB,1.0
0404769210533,C000520,0404769210533,EXACT_NIB,1.0
3107201137984,C001969,3107201137984,EXACT_NIB,1.0
7620901447340,C001347,7620901447340,EXACT_NIB,1.0
4519577825588,C004736,4519577825588,EXACT_NIB,1.0
6188081904823,C004843,6188081904823,EXACT_NIB,1.0
1372308172143,C004370,1372308172143,EXACT_NIB,1.0
1147165609456,C004376,1147165609456,EXACT_NIB,1.0
6816995706071,C002539,6816995706071,EXACT_NIB,1.0
7396102908718,C000356,7396102908718,EXACT_NIB,1.0
2049561213773,C000018,2049561213773,EXACT_NIB,1.0
1122299077560,C001279,1122299077560,EXACT_NIB,1.0
5847129618033,C003709,5847129618033,EXACT_NIB,1.0
0733777312688,C000014,0733777312688,EXACT_NIB,1.0
5346060560356,C004397,5346060560356,EXACT_NIB,1.0
1690618120546,C003101,1690618120546,EXACT_NIB,1.0
9899927517588,C000825,9899927517588,EXACT_NIB,1.0
4358644963924,C001502,4358644963924,EXACT_NIB,1.0
3395275367497,C002187,3395275367497,EXACT_NIB,1.0
7789489634067,C000418,7789489634067,EXACT_NIB,1.0
4216309001594,C003834,4216309001594,EXACT_NIB,1.0
3263890219947,C004820,3263890219947,EXACT_NIB,1.0
9673311677269,C002830,9673311677269,EXACT_NIB,1.0
7935219626335,C002436,7935219626335,EXACT_NIB,1.0
2198041847242,C001354,2198041847242,EXACT_NIB,1.0
6230391114281,C002571,6230391114281,EXACT_NIB,1.0
0622072239594,C004395,0622072239594,EXACT_NIB,1.0
7688687859964,C000675,7688687859964,EXACT_NIB,1.0
6645057303627,C002065,6645057303627,EXACT_NIB,1.0
7537260321450,C001564,7537260321450,EXACT_NIB,1.0
8201284008385,C000785,8201284008385,EXACT_NIB,1.0
2369362689430,C001282,2369362689430,EXACT_NIB,1.0
5957498855829,C004088,5957498855829,EXACT_NIB,1.0
6094412833372,C001925,6094412833372,EXACT_NIB,1.0
1506662670551,C000012,1506662670551,EXACT_NIB,1.0
9611110286712,C002272,9611110286712,EXACT_NIB,1.0
2179428179340,C002920,2179428179340,EXACT_NIB,1.0
4533722010912,C003989,4533722010912,EXACT_NIB,1.0
0178332584868,C002831,0178332584868,EXACT_NIB,1.0
0394640830373,C000215,0394640830373,EXACT_NIB,1.0
8841368528306,C004588,8841368528306,EXACT_NIB,1.0
3251448811210,C002952,3251448811210,EXACT_NIB,1.0
4151526384091,C001326,4151526384091,EXACT_NIB,1.0
6323979137876,C001648,6323979137876,EXACT_NIB,1.0
5605712198819,C002458,5605712198819,EXACT_NIB,1.0
4010424624561,C000402,4010424624561,EXACT_NIB,1.0
8991511455129,C001069,8991511455129,EXACT_NIB,1.0
0461540211901,C001528,0461540211901,EXACT_NIB,1.0
6944391649701,C004788,6944391649701,EXACT_NIB,1.0
1623419031061,C000574,1623419031061,EXACT_NIB,1.0
2365337746040,C003593,2365337746040,EXACT_NIB,1.0
2607819754373,C002477,2607819754373,EXACT_NIB,1.0
8821458414846,C001818,8821458414846,EXACT_NIB,1.0
5869507321464,C004209,5869507321464,EXACT_NIB,1.0
5738573680119,C001754,5738573680119,EXACT_NIB,1.0
1040961497315,C000417,1040961497315,EXACT_NIB,1.0
3651189394065,C003542,3651189394065,EXACT_NIB,1.0
3332470739201,C000999,3332470739201,EXACT_NIB,1.0
0826112312616,C001624,0826112312616,EXACT_NIB,1.0
2082832308981,C001701,2082832308981,EXACT_NIB,1.0
3231829716815,C003909,3231829716815,EXACT_NIB,1.0
9113717850902,C004514,9113717850902,EXACT_NIB,1.0
7478122489056,C003514,7478122489056,EXACT_NIB,1.0
4826691362483,C000539,4826691362483,EXACT_NIB,1.0
9987950982210,C000951,9987950982210,EXACT_NIB,1.0
8363816432126,C000316,8363816432126,EXACT_NIB,1.0
2586314417064,C001885,2586314417064,EXACT_NIB,1.0
4301764644898,C002068,4301764644898,EXACT_NIB,1.0
0504043333538,C001120,0504043333538,EXACT_NIB,1.0
1809339137326,C004623,1809339137326,EXACT_NIB,1.0
6880023009156,C001773,6880023009156,EXACT_NIB,1.0
9160936595201,C001359,9160936595201,EXACT_NIB,1.0
5376660811260,C001276,5376660811260,EXACT_NIB,1.0
1531234550688,C004244,1531234550688,EXACT_NIB,1.0
9085991449207,C001839,9085991449207,EXACT_NIB,1.0
2859693259140,C000935,2859693259140,EXACT_NIB,1.0
6698069087261,C001477,6698069087261,EXACT_NIB,1.0
5382804056129,C002783,5382804056129,EXACT_NIB,1.0
5951434682394,C004173,5951434682394,EXACT_NIB,1.0
0168311395001,C002543,0168311395001,EXACT_NIB,1.0
8397620534407,C000232,8397620534407,EXACT_NIB,1.0
1776029914068,C000514,1776029914068,EXACT_NIB,1.0
5617817032119,C001061,5617817032119,EXACT_NIB,1.0
1844490295026,C000819,1844490295026,EXACT_NIB,1.0
2778221021798,C001426,2778221021798,EXACT_NIB,1.0
1828560539707,C000775,1828560539707,EXACT_NIB,1.0
2050682122355,C000062,2050682122355,EXACT_NIB,1.0
2182192596790,C003790,2182192596790,EXACT_NIB,1.0
9386948424959,C000237,9386948424959,EXACT_NIB,1.0
2258937085806,C002959,2258937085806,EXACT_NIB,1.0
0124825544286,C000381,0124825544286,EXACT_NIB,1.0
6338915624152,C001463,6338915624152,EXACT_NIB,1.0
5138186550784,C000668,5138186550784,EXACT_NIB,1.0
3132593678136,C003173,3132593678136,EXACT_NIB,1.0
6981987809270,C000872,6981987809270,EXACT_NIB,1.0
9867874422758,C000298,9867874422758,EXACT_NIB,1.0
9116502000245,C004883,9116502000245,EXACT_NIB,1.0
8368214448896,C000003,8368214448896,EXACT_NIB,1.0
8254318328123,C001499,8254318328123,EXACT_NIB,1.0
6472387508276,C002764,6472387508276,EXACT_NIB,1.0
2629052918768,C002592,2629052918768,EXACT_NIB,1.0
3992052229993,C004605,3992052229993,EXACT_NIB,1.0
0553983584461,C003996,0553983584461,EXACT_NIB,1.0
5298832201256,C000600,5298832201256,EXACT_NIB,1.0
7535852386003,C000817,7535852386003,EXACT_NIB,1.0
9102929501437,C004533,9102929501437,EXACT_NIB,1.0
9126022132176,C001978,9126022132176,EXACT_NIB,1.0
6538027481242,C002817,6538027481242,EXACT_NIB,1.0
5856423041202,C001919,5856423041202,EXACT_NIB,1.0
5542034030109,C001613,5542034030109,EXACT_NIB,1.0
5546234712476,C000235,5546234712476,EXACT_NIB,1.0
1726808081571,C004427,1726808081571,EXACT_NIB,1.0
7351045847436,C004266,7351045847436,EXACT_NIB,1.0
4703180533962,C001820,4703180533962,EXACT_NIB,1.0
0046661459011,C002579,0046661459011,EXACT_NIB,1.0
1949053152049,C002978,1949053152049,EXACT_NIB,1.0
1669841661237,C000398,1669841661237,EXACT_NIB,1.0
9949919701426,C003050,9949919701426,EXACT_NIB,1.0
0418135998989,C003634,0418135998989,EXACT_NIB,1.0
0758839785708,C000740,0758839785708,EXACT_NIB,1.0
1496112879429,C001745,1496112879429,EXACT_NIB,1.0
1419615607832,C000848,1419615607832,EXACT_NIB,1.0
4217028516225,C001307,4217028516225,EXACT_NIB,1.0
0624672879916,C001353,0624672879916,EXACT_NIB,1.0
0760523045881,C001241,0760523045881,EXACT_NIB,1.0
0344096617718,C001136,0344096617718,EXACT_NIB,1.0
6813592664869,C003439,6813592664869,EXACT_NIB,1.0
5594501192920,C004890,5594501192920,EXACT_NIB,1.0
5906700099424,C000132,5906700099424,EXACT_NIB,1.0
4204565775809,C003387,4204565775809,EXACT_NIB,1.0
2265401659953,C000290,2265401659953,EXACT_NIB,1.0
7462591601124,C002559,7462591601124,EXACT_NIB,1.0
6778231299570,C001170,6778231299570,EXACT_NIB,1.0
3753659680785,C001451,3753659680785,EXACT_NIB,1.0
4006445475231,C002763,4006445475231,EXACT_NIB,1.0
3588249353400,C004387,3588249353400,EXACT_NIB,1.0
5244454460838,C001025,5244454460838,EXACT_NIB,1.0
7927147246301,C001029,7927147246301,EXACT_NIB,1.0
9121870629328,C001933,9121870629328,EXACT_NIB,1.0
0186766100898,C001339,0186766100898,EXACT_NIB,1.0
8453198074682,C004311,8453198074682,EXACT_NIB,1.0
2054596715006,C003566,2054596715006,EXACT_NIB,1.0
3407851699497,C000319,3407851699497,EXACT_NIB,1.0
9626970838688,C000515,9626970838688,EXACT_NIB,1.0
5719760932012,C002391,5719760932012,EXACT_NIB,1.0
7558517774127,C004016,7558517774127,EXACT_NIB,1.0
5891704542185,C000503,5891704542185,EXACT_NIB,1.0
0900163564072,C002112,0900163564072,EXACT_NIB,1.0
8224731261685,C002097,8224731261685,EXACT_NIB,1.0
5748352680648,C003224,5748352680648,EXACT_NIB,1.0
4628055077406,C003223,4628055077406,EXACT_NIB,1.0
5510740913111,C002857,5510740913111,EXACT_NIB,1.0
2069535412012,C001474,2069535412012,EXACT_NIB,1.0
0259479507407,C003515,0259479507407,EXACT_NIB,1.0
0064934039104,C004856,0064934039104,EXACT_NIB,1.0
5992855359520,C002966,5992855359520,EXACT_NIB,1.0
7403784233944,C001039,7403784233944,EXACT_NIB,1.0
5017365426241,C004089,5017365426241,EXACT_NIB,1.0
0906053088684,C004617,0906053088684,EXACT_NIB,1.0
7598875921299,C003296,7598875921299,EXACT_NIB,1.0
1477092071152,C001036,1477092071152,EXACT_NIB,1.0
1897059161186,C000210,1897059161186,EXACT_NIB,1.0
2845401822720,C004629,2845401822720,EXACT_NIB,1.0
4328116599302,C000025,4328116599302,EXACT_NIB,1.0
2135302816506,C000394,2135302816506,EXACT_NIB,1.0
1983210291617,C003041,1983210291617,EXACT_NIB,1.0
6550494440766,C004134,6550494440766,EXACT_NIB,1.0
0626114243625,C003621,0626114243625,EXACT_NIB,1.0
4199643385324,C003838,4199643385324,EXACT_NIB,1.0
0311587605457,C004598,0311587605457,EXACT_NIB,1.0
3659746698616,C002536,3659746698616,EXACT_NIB,1.0
4815269255966,C002496,4815269255966,EXACT_NIB,1.0
4048933261454,C004080,4048933261454,EXACT_NIB,1.0
1785221158718,C000842,1785221158718,EXACT_NIB,1.0
7017320865237,C002325,7017320865237,EXACT_NIB,1.0
3913681720313,C003848,3913681720313,EXACT_NIB,1.0
5953322273938,C003643,5953322273938,EXACT_NIB,1.0
0761087082697,C003251,0761087082697,EXACT_NIB,1.0
7357422332228,C004426,7357422332228,EXACT_NIB,1.0
0629535063731,C000249,0629535063731,EXACT_NIB,1.0
8418520136260,C002053,8418520136260,EXACT_NIB,1.0
4912151641195,C001416,4912151641195,EXACT_NIB,1.0
2070204262019,C003819,2070204262019,EXACT_NIB,1.0
8897865339431,C002429,8897865339431,EXACT_NIB,1.0
5057644974700,C003162,5057644974700,EXACT_NIB,1.0
4163656045006,C002294,4163656045006,EXACT_NIB,1.0
5128276364315,C002352,5128276364315,EXACT_NIB,1.0
5443441491699,C000615,5443441491699,EXACT_NIB,1.0
8822309586297,C003924,8822309586297,EXACT_NIB,1.0
7202170754853,C002058,7202170754853,EXACT_NIB,1.0
4612939002512,C004250,4612939002512,EXACT_NIB,1.0
0861993145843,C000755,0861993145843,EXACT_NIB,1.0
6220334742463,C001259,6220334742463,EXACT_NIB,1.0
5294690217741,C003123,5294690217741,EXACT_NIB,1.0
4665275233282,C001124,4665275233282,EXACT_NIB,1.0
4677116750762,C004880,4677116750762,EXACT_NIB,1.0
2398472303420,C002904,2398472303420,EXACT_NIB,1.0
7648717754619,C001105,7648717754619,EXACT_NIB,1.0
2581225909566,C002578,2581225909566,EXACT_NIB,1.0
2121101878035,C000346,2121101878035,EXACT_NIB,1.0
9994529517122,C001877,9994529517122,EXACT_NIB,1.0
0654963308334,C004681,0654963308334,EXACT_NIB,1.0
7522592061658,C001205,7522592061658,EXACT_NIB,1.0
6302955963637,C000434,6302955963637,EXACT_NIB,1.0
8085133138004,C003810,8085133138004,EXACT_NIB,1.0
1582686876401,C000731,1582686876401,EXACT_NIB,1.0
8778735856646,C000270,8778735856646,EXACT_NIB,1.0
3204104294831,C003778,3204104294831,EXACT_NIB,1.0
2831800366602,C000630,2831800366602,EXACT_NIB,1.0
0438380582692,C002202,0438380582692,EXACT_NIB,1.0
1013282339218,C000698,1013282339218,EXACT_NIB,1.0
0677610659208,C003572,0677610659208,EXACT_NIB,1.0
5969838457202,C000843,5969838457202,EXACT_NIB,1.0
9899255394607,C004851,9899255394607,EXACT_NIB,1.0
1799670808974,C003612,1799670808974,EXACT_NIB,1.0
3478536988164,C003308,3478536988164,EXACT_NIB,1.0
0262706648900,C003464,0262706648900,EXACT_NIB,1.0
8839974185630,C004613,8839974185630,EXACT_NIB,1.0
9953056418493,C001533,9953056418493,EXACT_NIB,1.0
0013651034444,C002661,0013651034444,EXACT_NIB,1.0
2155996725622,C004573,2155996725622,EXACT_NIB,1.0
9003622117327,C001323,9003622117327,EXACT_NIB,1.0
4252516185759,C000415,4252516185759,EXACT_NIB,1.0
5352478417159,C001666,5352478417159,EXACT_NIB,1.0
3318361133892,C000747,3318361133892,EXACT_NIB,1.0
6251521746535,C001730,6251521746535,EXACT_NIB,1.0
7762969143362,C000272,7762969143362,EXACT_NIB,1.0
8573908352118,C003386,8573908352118,EXACT_NIB,1.0
8575958281902,C000906,8575958281902,EXACT_NIB,1.0
9844514367286,C000216,9844514367286,EXACT_NIB,1.0
7814590099217,C003011,7814590099217,EXACT_NIB,1.0
8807053260119,C003427,8807053260119,EXACT_NIB,1.0
0908581810450,C000242,0908581810450,EXACT_NIB,1.0
3589693353900,C000390,3589693353900,EXACT_NIB,1.0
6639792551164,C003409,6639792551164,EXACT_NIB,1.0
6605342816441,C000722,6605342816441,EXACT_NIB,1.0
1038802730427,C004780,1038802730427,EXACT_NIB,1.0
5309690676490,C003079,5309690676490,EXACT_NIB,1.0
7583336477041,C004079,7583336477041,EXACT_NIB,1.0
4224043261189,C002425,4224043261189,EXACT_NIB,1.0
2020095366219,C003385,2020095366219,EXACT_NIB,1.0
2590073971307,C002013,2590073971307,EXACT_NIB,1.0
4546171928170,C002794,4546171928170,EXACT_NIB,1.0
2523941209447,C000626,2523941209447,EXACT_NIB,1.0
9480245598516,C001296,9480245598516,EXACT_NIB,1.0
9864786862376,C000580,9864786862376,EXACT_NIB,1.0
1919074992164,C003265,1919074992164,EXACT_NIB,1.0
6470821398654,C001953,6470821398654,EXACT_NIB,1.0
0000886346739,C002629,0000886346739,EXACT_NIB,1.0
1692327379897,C004646,1692327379897,EXACT_NIB,1.0
0009984336113,C003840,0009984336113,EXACT_NIB,1.0
4203401535346,C000076,4203401535346,EXACT_NIB,1.0
0824028182238,C000502,0824028182238,EXACT_NIB,1.0
5273536423570,C001043,5273536423570,EXACT_NIB,1.0
5590461007923,C004515,5590461007923,EXACT_NIB,1.0
2329615120485,C004885,2329615120485,EXACT_NIB,1.0
7634601915305,C002467,7634601915305,EXACT_NIB,1.0
8225127267086,C003100,8225127267086,EXACT_NIB,1.0
3404668212156,C004282,3404668212156,EXACT_NIB,1.0
7388182730634,C001351,7388182730634,EXACT_NIB,1.0
0511021254341,C004010,0511021254341,EXACT_NIB,1.0
8600320319789,C003250,8600320319789,EXACT_NIB,1.0
7197860162590,C001221,7197860162590,EXACT_NIB,1.0
5358210728878,C003061,5358210728878,EXACT_NIB,1.0
1972239964771,C002210,1972239964771,EXACT_NIB,1.0
8557800244323,C000877,8557800244323,EXACT_NIB,1.0
7067516913952,C000112,7067516913952,EXACT_NIB,1.0
1691053021516,C004889,1691053021516,EXACT_NIB,1.0
0501476427896,C003632,0501476427896,EXACT_NIB,1.0
0244654677205,C002405,0244654677205,EXACT_NIB,1.0
3703175438027,C002762,3703175438027,EXACT_NIB,1.0
6862728840766,C003565,6862728840766,EXACT_NIB,1.0
6762592386879,C000559,6762592386879,EXACT_NIB,1.0
4050892739615,C003607,4050892739615,EXACT_NIB,1.0
7755426190384,C002215,7755426190384,EXACT_NIB,1.0
0117576917162,C004576,0117576917162,EXACT_NIB,1.0
1690392202698,C001612,1690392202698,EXACT_NIB,1.0
0316370500493,C003552,0316370500493,EXACT_NIB,1.0
6380839065402,C002393,6380839065402,EXACT_NIB,1.0
8129163504960,C003835,8129163504960,EXACT_NIB,1.0
4995070886406,C001292,4995070886406,EXACT_NIB,1.0
1543904489093,C003290,1543904489093,EXACT_NIB,1.0
5501935450369,C000201,5501935450369,EXACT_NIB,1.0
6208059831244,C004935,6208059831244,EXACT_NIB,1.0
7631774954210,C002670,7631774954210,EXACT_NIB,1.0
8452403211535,C004870,8452403211535,EXACT_NIB,1.0
9724792542218,C003503,9724792542218,EXACT_NIB,1.0
7067693332998,C002277,7067693332998,EXACT_NIB,1.0
8588382567262,C002464,8588382567262,EXACT_NIB,1.0
2822250182562,C004365,2822250182562,EXACT_NIB,1.0
4992900966270,C000941,4992900966270,EXACT_NIB,1.0
0391019335389,C001867,0391019335389,EXACT_NIB,1.0
2770564616076,C004287,2770564616076,EXACT_NIB,1.0
6176231336109,C004358,6176231336109,EXACT_NIB,1.0
7277685760634,C003158,7277685760634,EXACT_NIB,1.0
1799932420248,C001341,1799932420248,EXACT_NIB,1.0
8694790254853,C002430,8694790254853,EXACT_NIB,1.0
0953855742164,C001040,0953855742164,EXACT_NIB,1.0
6143788443706,C001946,6143788443706,EXACT_NIB,1.0
3681541858990,C001606,3681541858990,EXACT_NIB,1.0
6043566050337,C002999,6043566050337,EXACT_NIB,1.0
1822266794190,C002865,1822266794190,EXACT_NIB,1.0
6342898760550,C002154,6342898760550,EXACT_NIB,1.0
7066320162907,C002350,7066320162907,EXACT_NIB,1.0
9670692195873,C002595,9670692195873,EXACT_NIB,1.0
6780664315890,C003068,6780664315890,EXACT_NIB,1.0
2968244850072,C004565,2968244850072,EXACT_NIB,1.0
1961276620808,C001000,1961276620808,EXACT_NIB,1.0
9624587012042,C002771,9624587012042,EXACT_NIB,1.0
4976039670243,C002241,4976039670243,EXACT_NIB,1.0
0364882159773,C003247,0364882159773,EXACT_NIB,1.0
8649125949722,C003483,8649125949722,EXACT_NIB,1.0
7996235699929,C003979,7996235699929,EXACT_NIB,1.0
6041348208493,C000234,6041348208493,EXACT_NIB,1.0
0762914304913,C002523,0762914304913,EXACT_NIB,1.0
6564224059208,C003913,6564224059208,EXACT_NIB,1.0
8056820175307,C003849,8056820175307,EXACT_NIB,1.0
4741253137956,C001788,4741253137956,EXACT_NIB,1.0
2025999193873,C003932,2025999193873,EXACT_NIB,1.0
0786235107651,C001346,0786235107651,EXACT_NIB,1.0
1456340918580,C002123,1456340918580,EXACT_NIB,1.0
6077004093045,C002180,6077004093045,EXACT_NIB,1.0
0385886407880,C002274,0385886407880,EXACT_NIB,1.0
6230397440880,C001940,6230397440880,EXACT_NIB,1.0
4311326611584,C004603,4311326611584,EXACT_NIB,1.0
4722053970774,C001446,4722053970774,EXACT_NIB,1.0
9605302618402,C003183,9605302618402,EXACT_NIB,1.0
3605028164098,C001366,3605028164098,EXACT_NIB,1.0
5237597953192,C002703,5237597953192,EXACT_NIB,1.0
9205489445381,C002716,9205489445381,EXACT_NIB,1.0
5662295217970,C004691,5662295217970,EXACT_NIB,1.0
2660235158501,C003652,2660235158501,EXACT_NIB,1.0
0522441339547,C000937,0522441339547,EXACT_NIB,1.0
7191898664693,C002260,7191898664693,EXACT_NIB,1.0
1922095673332,C000700,1922095673332,EXACT_NIB,1.0
2532676992427,C001750,2532676992427,EXACT_NIB,1.0
8290755154526,C002351,8290755154526,EXACT_NIB,1.0
4332262277773,C002188,4332262277773,EXACT_NIB,1.0
3850360595298,C004615,3850360595298,EXACT_NIB,1.0
6758267625906,C004154,6758267625906,EXACT_NIB,1.0
9793183997984,C004747,9793183997984,EXACT_NIB,1.0
0276223984742,C002022,0276223984742,EXACT_NIB,1.0
7058416806134,C003322,7058416806134,EXACT_NIB,1.0
4963830972361,C000183,4963830972361,EXACT_NIB,1.0
5786457865557,C004200,5786457865557,EXACT_NIB,1.0
6824051665451,C003442,6824051665451,EXACT_NIB,1.0
6083570170363,C002384,6083570170363,EXACT_NIB,1.0
0898309413490,C004665,0898309413490,EXACT_NIB,1.0
1356948045073,C000013,1356948045073,EXACT_NIB,1.0
9405980260294,C002361,9405980260294,EXACT_NIB,1.0
2031977748675,C000736,2031977748675,EXACT_NIB,1.0
9586841962332,C001479,9586841962332,EXACT_NIB,1.0
7306629315181,C001220,7306629315181,EXACT_NIB,1.0
0623272371798,C003043,0623272371798,EXACT_NIB,1.0
7795417675539,C002461,7795417675539,EXACT_NIB,1.0
9089458962683,C004403,9089458962683,EXACT_NIB,1.0
1219051881298,C004474,1219051881298,EXACT_NIB,1.0
3729826893348,C001322,3729826893348,EXACT_NIB,1.0
8968335570773,C004246,8968335570773,EXACT_NIB,1.0
5218799384440,C003714,5218799384440,EXACT_NIB,1.0
5036871568910,C001751,5036871568910,EXACT_NIB,1.0
6794036640163,C000452,6794036640163,EXACT_NIB,1.0
2731868302915,C003212,2731868302915,EXACT_NIB,1.0
4839660734467,C004584,4839660734467,EXACT_NIB,1.0
9161705022181,C004664,9161705022181,EXACT_NIB,1.0
3302650996218,C001988,3302650996218,EXACT_NIB,1.0
6342022234998,C004286,6342022234998,EXACT_NIB,1.0
3726319956955,C002426,3726319956955,EXACT_NIB,1.0
8502551344486,C000977,8502551344486,EXACT_NIB,1.0
1574932511497,C001430,1574932511497,EXACT_NIB,1.0
6618308580018,C001577,6618308580018,EXACT_NIB,1.0
1078187109685,C004310,1078187109685,EXACT_NIB,1.0
1542306002302,C000890,1542306002302,EXACT_NIB,1.0
6670151459920,C000091,6670151459920,EXACT_NIB,1.0
9222056201901,C000162,9222056201901,EXACT_NIB,1.0
1323945645234,C001095,1323945645234,EXACT_NIB,1.0
6253809664147,C002576,6253809664147,EXACT_NIB,1.0
3538962985324,C001176,3538962985324,EXACT_NIB,1.0
6383543468586,C001835,6383543468586,EXACT_NIB,1.0
8161538116837,C001543,8161538116837,EXACT_NIB,1.0
1489678082649,C001831,1489678082649,EXACT_NIB,1.0
2645633917299,C004878,2645633917299,EXACT_NIB,1.0
6497196706833,C002043,6497196706833,EXACT_NIB,1.0
9013334437673,C002531,9013334437673,EXACT_NIB,1.0
8116049910042,C002552,8116049910042,EXACT_NIB,1.0
3421348548420,C002733,3421348548420,EXACT_NIB,1.0
1571171321940,C003749,1571171321940,EXACT_NIB,1.0
5271936785764,C004850,5271936785764,EXACT_NIB,1.0
4232154013153,C004105,4232154013153,EXACT_NIB,1.0
2741025471798,C004648,2741025471798,EXACT_NIB,1.0
1726625650460,C003014,1726625650460,EXACT_NIB,1.0
2408710066890,C004799,2408710066890,EXACT_NIB,1.0
3599940041084,C000595,3599940041084,EXACT_NIB,1.0
7228920641578,C003184,7228920641578,EXACT_NIB,1.0
7803789121397,C000638,7803789121397,EXACT_NIB,1.0
0842906969045,C001030,0842906969045,EXACT_NIB,1.0
5701652761368,C004861,5701652761368,EXACT_NIB,1.0
9644477250842,C003697,9644477250842,EXACT_NIB,1.0
3691585574906,C003605,3691585574906,EXACT_NIB,1.0
2959452315828,C004315,2959452315828,EXACT_NIB,1.0
1392804850220,C003536,1392804850220,EXACT_NIB,1.0
0000295616225,C002736,0000295616225,EXACT_NIB,1.0
5323167781456,C001128,5323167781456,EXACT_NIB,1.0
7666505276120,C001222,7666505276120,EXACT_NIB,1.0
1678706763532,C001070,1678706763532,EXACT_NIB,1.0
7114294300037,C003187,7114294300037,EXACT_NIB,1.0
8669327841783,C002663,8669327841783,EXACT_NIB,1.0
2664267351272,C004887,2664267351272,EXACT_NIB,1.0
7849622494510,C004532,7849622494510,EXACT_NIB,1.0
6276729350979,C003159,6276729350979,EXACT_NIB,1.0
4778045797251,C001273,4778045797251,EXACT_NIB,1.0
2094516767063,C003129,2094516767063,EXACT_NIB,1.0
0084842648333,C004828,0084842648333,EXACT_NIB,1.0
4946920856490,C000758,4946920856490,EXACT_NIB,1.0
6175808038890,C002973,6175808038890,EXACT_NIB,1.0
3538148374755,C000548,3538148374755,EXACT_NIB,1.0
7840190271698,C001023,7840190271698,EXACT_NIB,1.0
6119976759833,C000926,6119976759833,EXACT_NIB,1.0
8195657285353,C000231,8195657285353,EXACT_NIB,1.0
7580158466879,C003446,7580158466879,EXACT_NIB,1.0
8345150252854,C003799,8345150252854,EXACT_NIB,1.0
7382777711842,C000803,7382777711842,EXACT_NIB,1.0
0423447305777,C004929,0423447305777,EXACT_NIB,1.0
7640996833440,C002406,7640996833440,EXACT_NIB,1.0
0439070547360,C002316,0439070547360,EXACT_NIB,1.0
2600802658934,C001248,2600802658934,EXACT_NIB,1.0
0149679146386,C004461,0149679146386,EXACT_NIB,1.0
2086014605190,C002988,2086014605190,EXACT_NIB,1.0
3356369301000,C004484,3356369301000,EXACT_NIB,1.0
0283541589290,C000756,0283541589290,EXACT_NIB,1.0
7397984218914,C004104,7397984218914,EXACT_NIB,1.0
8776288363688,C003242,8776288363688,EXACT_NIB,1.0
7880937616522,C001370,7880937616522,EXACT_NIB,1.0
7726597640838,C003832,7726597640838,EXACT_NIB,1.0
9129565188711,C002070,9129565188711,EXACT_NIB,1.0
2878757030293,C000384,2878757030293,EXACT_NIB,1.0
5222336931806,C003794,5222336931806,EXACT_NIB,1.0
4453451466886,C001596,4453451466886,EXACT_NIB,1.0
4369580504505,C003740,4369580504505,EXACT_NIB,1.0
0450281435312,C002519,0450281435312,EXACT_NIB,1.0
5904265274286,C004821,5904265274286,EXACT_NIB,1.0
5545146091935,C002922,5545146091935,EXACT_NIB,1.0
1673374612157,C000264,1673374612157,EXACT_NIB,1.0
7620990693196,C001517,7620990693196,EXACT_NIB,1.0
9982267312343,C003957,9982267312343,EXACT_NIB,1.0
3645028231342,C002838,3645028231342,EXACT_NIB,1.0
1834369531029,C000874,1834369531029,EXACT_NIB,1.0
2816291087392,C003590,2816291087392,EXACT_NIB,1.0
0529877074599,C000078,0529877074599,EXACT_NIB,1.0
8387890345029,C000683,8387890345029,EXACT_NIB,1.0
5418236881013,C004871,5418236881013,EXACT_NIB,1.0
2201388253208,C001083,2201388253208,EXACT_NIB,1.0
4767200052141,C002172,4767200052141,EXACT_NIB,1.0
9512370851191,C002190,9512370851191,EXACT_NIB,1.0
9276713771886,C002311,9276713771886,EXACT_NIB,1.0
3055737138874,C001144,3055737138874,EXACT_NIB,1.0
6330411761421,C002834,6330411761421,EXACT_NIB,1.0
6568969870368,C003971,6568969870368,EXACT_NIB,1.0
2291270659341,C003291,2291270659341,EXACT_NIB,1.0
8301817960757,C001355,8301817960757,EXACT_NIB,1.0
1711486565818,C004910,1711486565818,EXACT_NIB,1.0
3129755726169,C003033,3129755726169,EXACT_NIB,1.0
0130716753216,C004763,0130716753216,EXACT_NIB,1.0
0372954585835,C001160,0372954585835,EXACT_NIB,1.0
5174192581476,C000576,5174192581476,EXACT_NIB,1.0
4138453156309,C003200,4138453156309,EXACT_NIB,1.0
8724089921773,C002366,8724089921773,EXACT_NIB,1.0
7217340242224,C003711,7217340242224,EXACT_NIB,1.0
1814442484202,C000156,1814442484202,EXACT_NIB,1.0
8261103565942,C004593,8261103565942,EXACT_NIB,1.0
3348893343751,C002726,3348893343751,EXACT_NIB,1.0
9285507435095,C002776,9285507435095,EXACT_NIB,1.0
0847156756650,C004840,0847156756650,EXACT_NIB,1.0
2343596985045,C000450,2343596985045,EXACT_NIB,1.0
3849368063585,C002786,3849368063585,EXACT_NIB,1.0
3048527758670,C000824,3048527758670,EXACT_NIB,1.0
8963318123357,C000661,8963318123357,EXACT_NIB,1.0
6262636785089,C001500,6262636785089,EXACT_NIB,1.0
8529537740376,C001088,8529537740376,EXACT_NIB,1.0
3411573309900,C001655,3411573309900,EXACT_NIB,1.0
5385653523266,C003510,5385653523266,EXACT_NIB,1.0
6186870479666,C004943,6186870479666,EXACT_NIB,1.0
4233029276405,C003388,4233029276405,EXACT_NIB,1.0
6047473389147,C000247,6047473389147,EXACT_NIB,1.0
0238735186647,C000253,0238735186647,EXACT_NIB,1.0
6581539885217,C002372,6581539885217,EXACT_NIB,1.0
1675923831934,C001458,1675923831934,EXACT_NIB,1.0
2421959730912,C001219,2421959730912,EXACT_NIB,1.0
1096598455766,C004571,1096598455766,EXACT_NIB,1.0
1910616691008,C004475,1910616691008,EXACT_NIB,1.0
7562699620834,C003862,7562699620834,EXACT_NIB,1.0
7129514520580,C004306,7129514520580,EXACT_NIB,1.0
4065474769509,C003342,4065474769509,EXACT_NIB,1.0
5562388788876,C003558,5562388788876,EXACT_NIB,1.0
0138604794719,C002284,0138604794719,EXACT_NIB,1.0
4191479053472,C004558,4191479053472,EXACT_NIB,1.0
8228280183235,C001169,8228280183235,EXACT_NIB,1.0
4583744959752,C004458,4583744959752,EXACT_NIB,1.0
8741148626751,C003645,8741148626751,EXACT_NIB,1.0
6419678963009,C002601,6419678963009,EXACT_NIB,1.0
4228483492766,C003882,4228483492766,EXACT_NIB,1.0
0153735866715,C000575,0153735866715,EXACT_NIB,1.0
6272053649911,C000652,6272053649911,EXACT_NIB,1.0
4414925316498,C000992,4414925316498,EXACT_NIB,1.0
5907055494343,C000220,5907055494343,EXACT_NIB,1.0
0763415359771,C003067,0763415359771,EXACT_NIB,1.0
7416855739523,C003456,7416855739523,EXACT_NIB,1.0
0284136233470,C002485,0284136233470,EXACT_NIB,1.0
3418559508374,C000636,3418559508374,EXACT_NIB,1.0
0017067949078,C000170,0017067949078,EXACT_NIB,1.0
3896763536735,C004761,3896763536735,EXACT_NIB,1.0
1335139014309,C000101,1335139014309,EXACT_NIB,1.0
9671480300735,C002285,9671480300735,EXACT_NIB,1.0
9412886691122,C002231,9412886691122,EXACT_NIB,1.0
2594657446532,C002753,2594657446532,EXACT_NIB,1.0
0520388193768,C001944,0520388193768,EXACT_NIB,1.0
6477090676183,C002169,6477090676183,EXACT_NIB,1.0
0048886804186,C001986,0048886804186,EXACT_NIB,1.0
2519701815891,C002173,2519701815891,EXACT_NIB,1.0
6252602216908,C000613,6252602216908,EXACT_NIB,1.0
3910657351745,C000236,3910657351745,EXACT_NIB,1.0
1283319558979,C003842,1283319558979,EXACT_NIB,1.0
5687094124605,C002471,5687094124605,EXACT_NIB,1.0
7574510484809,C003516,7574510484809,EXACT_NIB,1.0
4685606699261,C004469,4685606699261,EXACT_NIB,1.0
9962637792711,C001796,9962637792711,EXACT_NIB,1.0
2432333023993,C004199,2432333023993,EXACT_NIB,1.0
2357865294128,C002881,2357865294128,EXACT_NIB,1.0
4255078688786,C000359,4255078688786,EXACT_NIB,1.0
4249562917964,C004203,4249562917964,EXACT_NIB,1.0
7451202201754,C003487,7451202201754,EXACT_NIB,1.0
6275015269744,C001661,6275015269744,EXACT_NIB,1.0
8723836806014,C000208,8723836806014,EXACT_NIB,1.0
7015019679720,C004359,7015019679720,EXACT_NIB,1.0
7049379582915,C004326,7049379582915,EXACT_NIB,1.0
0757414248739,C000423,0757414248739,EXACT_NIB,1.0
6772443435497,C003703,6772443435497,EXACT_NIB,1.0
0299034804247,C003239,0299034804247,EXACT_NIB,1.0
4266225492036,C001148,4266225492036,EXACT_NIB,1.0
0184293359847,C001640,0184293359847,EXACT_NIB,1.0
1539022624736,C002248,1539022624736,EXACT_NIB,1.0
4427873554042,C002115,4427873554042,EXACT_NIB,1.0
3969045392528,C003801,3969045392528,EXACT_NIB,1.0
3023641224740,C004292,3023641224740,EXACT_NIB,1.0
2325107155587,C000650,2325107155587,EXACT_NIB,1.0
1621856352007,C004341,1621856352007,EXACT_NIB,1.0
1433608090101,C001888,1433608090101,EXACT_NIB,1.0
6163881687851,C000128,6163881687851,EXACT_NIB,1.0
0072720814723,C003841,0072720814723,EXACT_NIB,1.0
9995145498367,C001033,9995145498367,EXACT_NIB,1.0
7116456059563,C004043,7116456059563,EXACT_NIB,1.0
5653377730316,C004496,5653377730316,EXACT_NIB,1.0
0034383000914,C002164,0034383000914,EXACT_NIB,1.0
6289735189622,C003430,6289735189622,EXACT_NIB,1.0
5677125158904,C003752,5677125158904,EXACT_NIB,1.0
2392788447909,C003829,2392788447909,EXACT_NIB,1.0
0482488631373,C000535,0482488631373,EXACT_NIB,1.0
9396061047189,C003574,9396061047189,EXACT_NIB,1.0
3410341413181,C002056,3410341413181,EXACT_NIB,1.0
0447085609406,C002226,0447085609406,EXACT_NIB,1.0
2757940740337,C004917,2757940740337,EXACT_NIB,1.0
9412641060326,C002698,9412641060326,EXACT_NIB,1.0
9654612536064,C004838,9654612536064,EXACT_NIB,1.0
8170361007701,C000527,8170361007701,EXACT_NIB,1.0
0719600490214,C001850,0719600490214,EXACT_NIB,1.0
9655239170335,C003423,9655239170335,EXACT_NIB,1.0
7317394624872,C001460,7317394624872,EXACT_NIB,1.0
7141349317967,C002710,7141349317967,EXACT_NIB,1.0
0506989354646,C001162,0506989354646,EXACT_NIB,1.0
3427186692552,C002835,3427186692552,EXACT_NIB,1.0
1561619738449,C002399,1561619738449,EXACT_NIB,1.0
6990867233104,C004141,6990867233104,EXACT_NIB,1.0
0882206318641,C003197,0882206318641,EXACT_NIB,1.0
9916764032391,C002132,9916764032391,EXACT_NIB,1.0
9499952252964,C001647,9499952252964,EXACT_NIB,1.0
3306409805877,C004337,3306409805877,EXACT_NIB,1.0
7737939579551,C003523,7737939579551,EXACT_NIB,1.0
7038625676112,C003729,7038625676112,EXACT_NIB,1.0
0019708428741,C004008,0019708428741,EXACT_NIB,1.0
5510051081948,C003005,5510051081948,EXACT_NIB,1.0
0283034243753,C002421,0283034243753,EXACT_NIB,1.0
9687403304544,C002089,9687403304544,EXACT_NIB,1.0
8015176429628,C004007,8015176429628,EXACT_NIB,1.0
1525523228058,C000439,1525523228058,EXACT_NIB,1.0
0045880971861,C001707,0045880971861,EXACT_NIB,1.0
5967577991137,C001601,5967577991137,EXACT_NIB,1.0
1160895897015,C003775,1160895897015,EXACT_NIB,1.0
1289899307461,C001064,1289899307461,EXACT_NIB,1.0
3387885285898,C002665,3387885285898,EXACT_NIB,1.0
0073794999445,C000192,0073794999445,EXACT_NIB,1.0
3598398590799,C003178,3598398590799,EXACT_NIB,1.0
3407307177613,C002729,3407307177613,EXACT_NIB,1.0
5149724903223,C004486,5149724903223,EXACT_NIB,1.0
0200617413644,C003839,0200617413644,EXACT_NIB,1.0
0650761222830,C002012,0650761222830,EXACT_NIB,1.0
9502635607778,C001233,9502635607778,EXACT_NIB,1.0
0823696269022,C001535,0823696269022,EXACT_NIB,1.0
0151200393449,C003674,0151200393449,EXACT_NIB,1.0
9192969210530,C001770,9192969210530,EXACT_NIB,1.0
0549857887282,C001824,0549857887282,EXACT_NIB,1.0
5895247609606,C003617,5895247609606,EXACT_NIB,1.0
8407094657770,C001504,8407094657770,EXACT_NIB,1.0
9512798312428,C002010,9512798312428,EXACT_NIB,1.0
0170867152077,C001434,0170867152077,EXACT_NIB,1.0
2461051109007,C001805,2461051109007,EXACT_NIB,1.0
2392010297599,C001298,2392010297599,EXACT_NIB,1.0
5269420416415,C002153,5269420416415,EXACT_NIB,1.0
6997681608557,C004236,6997681608557,EXACT_NIB,1.0
9908035862405,C001075,9908035862405,EXACT_NIB,1.0
9111108518466,C001680,9111108518466,EXACT_NIB,1.0
3480022642597,C003772,3480022642597,EXACT_NIB,1.0
5804529267698,C003878,5804529267698,EXACT_NIB,1.0
4134019293605,C001932,4134019293605,EXACT_NIB,1.0
8447936561156,C001149,8447936561156,EXACT_NIB,1.0
5316022743303,C002747,5316022743303,EXACT_NIB,1.0
5631121380782,C000962,5631121380782,EXACT_NIB,1.0
6864277862685,C001180,6864277862685,EXACT_NIB,1.0
7106283345573,C004816,7106283345573,EXACT_NIB,1.0
9730273228570,C000521,9730273228570,EXACT_NIB,1.0
3977041167881,C004192,3977041167881,EXACT_NIB,1.0
8467332291248,C000050,8467332291248,EXACT_NIB,1.0
5994264076089,C003863,5994264076089,EXACT_NIB,1.0
1628335689058,C001696,1628335689058,EXACT_NIB,1.0
2772871565969,C001239,2772871565969,EXACT_NIB,1.0
5362917148541,C004545,5362917148541,EXACT_NIB,1.0
8216511921457,C000370,8216511921457,EXACT_NIB,1.0
4029363409412,C004772,4029363409412,EXACT_NIB,1.0
9412325460189,C004597,9412325460189,EXACT_NIB,1.0
9627686127342,C001684,9627686127342,EXACT_NIB,1.0
8029890888196,C003576,8029890888196,EXACT_NIB,1.0
3172366704171,C000947,3172366704171,EXACT_NIB,1.0
0320344956071,C000967,0320344956071,EXACT_NIB,1.0
2316316037811,C004131,2316316037811,EXACT_NIB,1.0
7005994696693,C001717,7005994696693,EXACT_NIB,1.0
9714086332343,C003297,9714086332343,EXACT_NIB,1.0
0972285825854,C003756,0972285825854,EXACT_NIB,1.0
3873693238004,C004053,3873693238004,EXACT_NIB,1.0
6371206317552,C000531,6371206317552,EXACT_NIB,1.0
1572814361168,C000993,1572814361168,EXACT_NIB,1.0
5546542683684,C003493,5546542683684,EXACT_NIB,1.0
9566003011962,C000087,9566003011962,EXACT_NIB,1.0
7368385095709,C002143,7368385095709,EXACT_NIB,1.0
0348484377006,C000619,0348484377006,EXACT_NIB,1.0
6954217562752,C003925,6954217562752,EXACT_NIB,1.0
2351638326489,C004512,2351638326489,EXACT_NIB,1.0
3049484142355,C003742,3049484142355,EXACT_NIB,1.0
1146446119830,C000169,1146446119830,EXACT_NIB,1.0
7487700788125,C000161,7487700788125,EXACT_NIB,1.0
8088669320709,C001608,8088669320709,EXACT_NIB,1.0
6507445657267,C003571,6507445657267,EXACT_NIB,1.0
0345220262693,C003209,0345220262693,EXACT_NIB,1.0
3669332763342,C004666,3669332763342,EXACT_NIB,1.0
1033700894234,C002242,1033700894234,EXACT_NIB,1.0
1257804737198,C002514,1257804737198,EXACT_NIB,1.0
5442157837926,C004470,5442157837926,EXACT_NIB,1.0
8839039799783,C002142,8839039799783,EXACT_NIB,1.0
2506668606734,C003259,2506668606734,EXACT_NIB,1.0
3963994959403,C000919,3963994959403,EXACT_NIB,1.0
3002102736632,C004413,3002102736632,EXACT_NIB,1.0
1660191090488,C000275,1660191090488,EXACT_NIB,1.0
4176090937164,C004119,4176090937164,EXACT_NIB,1.0
4473387805289,C001243,4473387805289,EXACT_NIB,1.0
8837434509685,C001401,8837434509685,EXACT_NIB,1.0
6469243435486,C003994,6469243435486,EXACT_NIB,1.0
3546946604903,C002069,3546946604903,EXACT_NIB,1.0
0965586819004,C000815,0965586819004,EXACT_NIB,1.0
5500295738010,C002811,5500295738010,EXACT_NIB,1.0
1365055191939,C001461,1365055191939,EXACT_NIB,1.0
0285071961293,C000226,0285071961293,EXACT_NIB,1.0
3717758856274,C002602,3717758856274,EXACT_NIB,1.0
5165712118601,C001106,5165712118601,EXACT_NIB,1.0
7920623145968,C004586,7920623145968,EXACT_NIB,1.0
1120360816418,C001414,1120360816418,EXACT_NIB,1.0
8346954495060,C002409,8346954495060,EXACT_NIB,1.0
9859074294142,C000140,9859074294142,EXACT_NIB,1.0
4766919530164,C004797,4766919530164,EXACT_NIB,1.0
6297611662866,C001367,6297611662866,EXACT_NIB,1.0
7740215723125,C004055,7740215723125,EXACT_NIB,1.0
6172150520535,C000286,6172150520535,EXACT_NIB,1.0
0210912944314,C000351,0210912944314,EXACT_NIB,1.0
8240211682313,C000983,8240211682313,EXACT_NIB,1.0
2253511788280,C002518,2253511788280,EXACT_NIB,1.0
6082887458712,C000555,6082887458712,EXACT_NIB,1.0
2621074144301,C004678,2621074144301,EXACT_NIB,1.0
3199711533349,C001062,3199711533349,EXACT_NIB,1.0
9758586188817,C002572,9758586188817,EXACT_NIB,1.0
2749033122239,C002240,2749033122239,EXACT_NIB,1.0
8368747774070,C003189,8368747774070,EXACT_NIB,1.0
7264393304596,C000930,7264393304596,EXACT_NIB,1.0
4358498118465,C004146,4358498118465,EXACT_NIB,1.0
5942193793136,C003615,5942193793136,EXACT_NIB,1.0
5861341749195,C002462,5861341749195,EXACT_NIB,1.0
7615001113915,C000500,7615001113915,EXACT_NIB,1.0
0108616479049,C000567,0108616479049,EXACT_NIB,1.0
9610237264320,C002060,9610237264320,EXACT_NIB,1.0
3277011549177,C004619,3277011549177,EXACT_NIB,1.0
4587669494715,C002208,4587669494715,EXACT_NIB,1.0
7729084896539,C004806,7729084896539,EXACT_NIB,1.0
8569329136964,C003628,8569329136964,EXACT_NIB,1.0
6603327399741,C000125,6603327399741,EXACT_NIB,1.0
7819516484977,C002563,7819516484977,EXACT_NIB,1.0
4789350526027,C001330,4789350526027,EXACT_NIB,1.0
6139123774599,C000602,6139123774599,EXACT_NIB,1.0
8478483034857,C004742,8478483034857,EXACT_NIB,1.0
0788364316785,C003424,0788364316785,EXACT_NIB,1.0
9663309235654,C003945,9663309235654,EXACT_NIB,1.0
0953185004231,C003769,0953185004231,EXACT_NIB,1.0
0930548473857,C001672,0930548473857,EXACT_NIB,1.0
7238264295185,C000366,7238264295185,EXACT_NIB,1.0
1969544876150,C004363,1969544876150,EXACT_NIB,1.0
7745925412387,C003425,7745925412387,EXACT_NIB,1.0
0767490641227,C002812,0767490641227,EXACT_NIB,1.0
9504910860431,C004147,9504910860431,EXACT_NIB,1.0
0931608988850,C002501,0931608988850,EXACT_NIB,1.0
0093339637902,C004182,0093339637902,EXACT_NIB,1.0
4781676634208,C004039,4781676634208,EXACT_NIB,1.0
1446939953155,C003719,1446939953155,EXACT_NIB,1.0
6681182292324,C000749,6681182292324,EXACT_NIB,1.0
1386748578304,C002103,1386748578304,EXACT_NIB,1.0
1267644943632,C000628,1267644943632,EXACT_NIB,1.0
8674715203519,C004333,8674715203519,EXACT_NIB,1.0
8508143229876,C000327,8508143229876,EXACT_NIB,1.0
8917005229184,C001559,8917005229184,EXACT_NIB,1.0
9961143583040,C003499,9961143583040,EXACT_NIB,1.0
3616558062475,C000431,3616558062475,EXACT_NIB,1.0
0056870690571,C003202,0056870690571,EXACT_NIB,1.0
3305484951657,C004725,3305484951657,EXACT_NIB,1.0
8551902041154,C004179,8551902041154,EXACT_NIB,1.0
3057543700984,C002162,3057543700984,EXACT_NIB,1.0
0559169833179,C003053,0559169833179,EXACT_NIB,1.0
2593570765094,C004262,2593570765094,EXACT_NIB,1.0
2602611868010,C002486,2602611868010,EXACT_NIB,1.0
2762805877770,C001985,2762805877770,EXACT_NIB,1.0
9646077359569,C003379,9646077359569,EXACT_NIB,1.0
9250075167486,C000463,9250075167486,EXACT_NIB,1.0
5995843835699,C000047,5995843835699,EXACT_NIB,1.0
2671919699335,C002938,2671919699335,EXACT_NIB,1.0
7533552620294,C004049,7533552620294,EXACT_NIB,1.0
0922293177865,C000549,0922293177865,EXACT_NIB,1.0
7917431243453,C003152,7917431243453,EXACT_NIB,1.0
8036957562943,C003372,8036957562943,EXACT_NIB,1.0
9441010427974,C000788,9441010427974,EXACT_NIB,1.0
9357538481115,C000122,9357538481115,EXACT_NIB,1.0
6609547006039,C001327,6609547006039,EXACT_NIB,1.0
1202241756168,C004045,1202241756168,EXACT_NIB,1.0
0285915658179,C002313,0285915658179,EXACT_NIB,1.0
1142999481414,C001415,1142999481414,EXACT_NIB,1.0
2012017402098,C004417,2012017402098,EXACT_NIB,1.0
0913675916449,C004086,0913675916449,EXACT_NIB,1.0
0568234284022,C000714,0568234284022,EXACT_NIB,1.0
4238670776042,C004523,4238670776042,EXACT_NIB,1.0
7721075240033,C003426,7721075240033,EXACT_NIB,1.0
4168939276398,C004084,4168939276398,EXACT_NIB,1.0
0704235731899,C002437,0704235731899,EXACT_NIB,1.0
7050707750884,C003784,7050707750884,EXACT_NIB,1.0
2138059519484,C004352,2138059519484,EXACT_NIB,1.0
5419635110967,C004138,5419635110967,EXACT_NIB,1.0
2234267870323,C000701,2234267870323,EXACT_NIB,1.0
5211275963731,C002840,5211275963731,EXACT_NIB,1.0
4003818036485,C000789,4003818036485,EXACT_NIB,1.0
2846168787321,C000468,2846168787321,EXACT_NIB,1.0
4421065100460,C004594,4421065100460,EXACT_NIB,1.0
2239567217618,C001469,2239567217618,EXACT_NIB,1.0
1387712398189,C001557,1387712398189,EXACT_NIB,1.0
8681734188079,C000095,8681734188079,EXACT_NIB,1.0
9540638567020,C002159,9540638567020,EXACT_NIB,1.0
0410486671864,C000702,0410486671864,EXACT_NIB,1.0
0187703325704,C002727,0187703325704,EXACT_NIB,1.0
0304381779989,C004294,0304381779989,EXACT_NIB,1.0
0186432314565,C000281,0186432314565,EXACT_NIB,1.0
3256740536251,C003526,3256740536251,EXACT_NIB,1.0
1599944261845,C002712,1599944261845,EXACT_NIB,1.0
9940232358593,C001044,9940232358593,EXACT_NIB,1.0
8197354425247,C001376,8197354425247,EXACT_NIB,1.0
0698826486275,C000733,0698826486275,EXACT_NIB,1.0
4072545396016,C002706,4072545396016,EXACT_NIB,1.0
1743160325039,C003122,1743160325039,EXACT_NIB,1.0
1794964549595,C003525,1794964549595,EXACT_NIB,1.0
0863811050228,C001031,0863811050228,EXACT_NIB,1.0
7742393543373,C001671,7742393543373,EXACT_NIB,1.0
0772143486965,C004857,0772143486965,EXACT_NIB,1.0
3187309507933,C000873,3187309507933,EXACT_NIB,1.0
2759082680090,C002051,2759082680090,EXACT_NIB,1.0
5960233159987,C001357,5960233159987,EXACT_NIB,1.0
4175024130078,C002144,4175024130078,EXACT_NIB,1.0
1450497236694,C000098,1450497236694,EXACT_NIB,1.0
3845046217643,C004015,3845046217643,EXACT_NIB,1.0
6985857491106,C004789,6985857491106,EXACT_NIB,1.0
9537701249316,C004739,9537701249316,EXACT_NIB,1.0
9365187569269,C001467,9365187569269,EXACT_NIB,1.0
2123008578959,C001216,2123008578959,EXACT_NIB,1.0
7836903034136,C001450,7836903034136,EXACT_NIB,1.0
0600746143370,C000338,0600746143370,EXACT_NIB,1.0
6387621577405,C001799,6387621577405,EXACT_NIB,1.0
3141988726349,C002127,3141988726349,EXACT_NIB,1.0
3204484567715,C002941,3204484567715,EXACT_NIB,1.0
2175049988782,C001813,2175049988782,EXACT_NIB,1.0
5069298738640,C003414,5069298738640,EXACT_NIB,1.0
0839330111840,C000436,0839330111840,EXACT_NIB,1.0
5143697457835,C003188,5143697457835,EXACT_NIB,1.0
6338958641782,C003823,6338958641782,EXACT_NIB,1.0
2936842685179,C002273,2936842685179,EXACT_NIB,1.0
4562446220165,C004061,4562446220165,EXACT_NIB,1.0
8140307559841,C001518,8140307559841,EXACT_NIB,1.0
9332809997024,C004212,9332809997024,EXACT_NIB,1.0
3277376554761,C003934,3277376554761,EXACT_NIB,1.0
6615393929427,C004031,6615393929427,EXACT_NIB,1.0
8958247733912,C004662,8958247733912,EXACT_NIB,1.0
1421162206591,C000487,1421162206591,EXACT_NIB,1.0
3853000900632,C001899,3853000900632,EXACT_NIB,1.0
4703446332465,C000809,4703446332465,EXACT_NIB,1.0
7351851769659,C000010,7351851769659,EXACT_NIB,1.0
0643029708137,C002861,0643029708137,EXACT_NIB,1.0
0149628407695,C004781,0149628407695,EXACT_NIB,1.0
2446666948360,C001536,2446666948360,EXACT_NIB,1.0
9726692325727,C004714,9726692325727,EXACT_NIB,1.0
4466610514961,C004649,4466610514961,EXACT_NIB,1.0
4039518695613,C003026,4039518695613,EXACT_NIB,1.0
4769123779398,C001165,4769123779398,EXACT_NIB,1.0
3915231336314,C002863,3915231336314,EXACT_NIB,1.0
0295903177569,C003890,0295903177569,EXACT_NIB,1.0
8343871515474,C000634,8343871515474,EXACT_NIB,1.0
4283267011678,C004859,4283267011678,EXACT_NIB,1.0
4267302209941,C001699,4267302209941,EXACT_NIB,1.0
3784679700830,C002483,3784679700830,EXACT_NIB,1.0
7279732829018,C002929,7279732829018,EXACT_NIB,1.0
1990502406511,C004543,1990502406511,EXACT_NIB,1.0
7968863124079,C001470,7968863124079,EXACT_NIB,1.0
0223804534782,C000912,0223804534782,EXACT_NIB,1.0
7358727299335,C003156,7358727299335,EXACT_NIB,1.0
4648442739835,C004170,4648442739835,EXACT_NIB,1.0
3340620166334,C000711,3340620166334,EXACT_NIB,1.0
6288623357044,C003935,6288623357044,EXACT_NIB,1.0
4944957421884,C001287,4944957421884,EXACT_NIB,1.0
7924642998724,C001826,7924642998724,EXACT_NIB,1.0
3786243014606,C003190,3786243014606,EXACT_NIB,1.0
2187906506147,C000081,2187906506147,EXACT_NIB,1.0
0272898683212,C000979,0272898683212,EXACT_NIB,1.0
7842001414424,C000544,7842001414424,EXACT_NIB,1.0
5994757637982,C002645,5994757637982,EXACT_NIB,1.0
1059394815043,C002417,1059394815043,EXACT_NIB,1.0
6096354760751,C004221,6096354760751,EXACT_NIB,1.0
2459408593565,C001129,2459408593565,EXACT_NIB,1.0
2949652396749,C000768,2949652396749,EXACT_NIB,1.0
5912426957538,C003008,5912426957538,EXACT_NIB,1.0
6204085206334,C000656,6204085206334,EXACT_NIB,1.0
3380419171603,C000051,3380419171603,EXACT_NIB,1.0
6020931378802,C002588,6020931378802,EXACT_NIB,1.0
7645545903481,C003948,7645545903481,EXACT_NIB,1.0
0892333135148,C004047,0892333135148,EXACT_NIB,1.0
1514487621648,C004830,1514487621648,EXACT_NIB,1.0
7252023589377,C003905,7252023589377,EXACT_NIB,1.0
5991945644645,C000441,5991945644645,EXACT_NIB,1.0
0041770734603,C004400,0041770734603,EXACT_NIB,1.0
5275428328678,C000475,5275428328678,EXACT_NIB,1.0
6616689409363,C001526,6616689409363,EXACT_NIB,1.0
3224518256961,C002787,3224518256961,EXACT_NIB,1.0
2746901763191,C000299,2746901763191,EXACT_NIB,1.0
0635673577569,C003359,0635673577569,EXACT_NIB,1.0
3032482746352,C004517,3032482746352,EXACT_NIB,1.0
9586218531112,C002656,9586218531112,EXACT_NIB,1.0
9472813265984,C002299,9472813265984,EXACT_NIB,1.0
3132452756719,C000334,3132452756719,EXACT_NIB,1.0
1361657652822,C003064,1361657652822,EXACT_NIB,1.0
4577661388655,C001645,4577661388655,EXACT_NIB,1.0
0959360194127,C001947,0959360194127,EXACT_NIB,1.0
0338811209966,C002276,0338811209966,EXACT_NIB,1.0
7190565743967,C003047,7190565743967,EXACT_NIB,1.0
8873058868102,C001511,8873058868102,EXACT_NIB,1.0
0958040146159,C002775,0958040146159,EXACT_NIB,1.0
3474369390894,C001964,3474369390894,EXACT_NIB,1.0
5428425111903,C002370,5428425111903,EXACT_NIB,1.0
9032388767660,C003610,9032388767660,EXACT_NIB,1.0
7838744308183,C001427,7838744308183,EXACT_NIB,1.0
7154818513311,C004111,7154818513311,EXACT_NIB,1.0
0287574058923,C004478,0287574058923,EXACT_NIB,1.0
2655713649674,C001603,2655713649674,EXACT_NIB,1.0
8825269901851,C000960,8825269901851,EXACT_NIB,1.0
6705068098383,C002983,6705068098383,EXACT_NIB,1.0
5633389234952,C000066,5633389234952,EXACT_NIB,1.0
3242716186286,C003480,3242716186286,EXACT_NIB,1.0
2681931922941,C003092,2681931922941,EXACT_NIB,1.0
1854554189258,C002810,1854554189258,EXACT_NIB,1.0
8267354904798,C002479,8267354904798,EXACT_NIB,1.0
8685643476088,C004401,8685643476088,EXACT_NIB,1.0
0308460172628,C003780,0308460172628,EXACT_NIB,1.0
0634303101663,C000059,0634303101663,EXACT_NIB,1.0
5796229511084,C001283,5796229511084,EXACT_NIB,1.0
1749538916244,C002345,1749538916244,EXACT_NIB,1.0
6671485333171,C000397,6671485333171,EXACT_NIB,1.0
2383844037654,C000211,2383844037654,EXACT_NIB,1.0
1486329085050,C003983,1486329085050,EXACT_NIB,1.0
2109074447939,C001793,2109074447939,EXACT_NIB,1.0
4865737449666,C000258,4865737449666,EXACT_NIB,1.0
3689382528940,C002201,3689382528940,EXACT_NIB,1.0
6684803163678,C002662,6684803163678,EXACT_NIB,1.0
8393039539526,C002746,8393039539526,EXACT_NIB,1.0
9747547377049,C001634,9747547377049,EXACT_NIB,1.0
0340573689108,C000015,0340573689108,EXACT_NIB,1.0
6712657281829,C002221,6712657281829,EXACT_NIB,1.0
1440004075602,C003102,1440004075602,EXACT_NIB,1.0
2288542734497,C002136,2288542734497,EXACT_NIB,1.0
8783710539259,C001356,8783710539259,EXACT_NIB,1.0
0402560041316,C003564,0402560041316,EXACT_NIB,1.0
7176350642729,C000607,7176350642729,EXACT_NIB,1.0
2543163915846,C002755,2543163915846,EXACT_NIB,1.0
0242169435328,C000479,0242169435328,EXACT_NIB,1.0
3678864555261,C004245,3678864555261,EXACT_NIB,1.0
7441235998962,C004757,7441235998962,EXACT_NIB,1.0
2134616461526,C002612,2134616461526,EXACT_NIB,1.0
1297198840894,C003273,1297198840894,EXACT_NIB,1.0
0588990580814,C001011,0588990580814,EXACT_NIB,1.0
3586990213116,C000970,3586990213116,EXACT_NIB,1.0
4959126092033,C000191,4959126092033,EXACT_NIB,1.0
8130499504389,C003030,8130499504389,EXACT_NIB,1.0
9532230724876,C004466,9532230724876,EXACT_NIB,1.0
5839340835442,C003884,5839340835442,EXACT_NIB,1.0
5962762236831,C004325,5962762236831,EXACT_NIB,1.0
2801771062945,C003731,2801771062945,EXACT_NIB,1.0
4391032318667,C000383,4391032318667,EXACT_NIB,1.0
7953342253939,C001857,7953342253939,EXACT_NIB,1.0
5021885211484,C003168,5021885211484,EXACT_NIB,1.0
3928532025461,C003185,3928532025461,EXACT_NIB,1.0
6361395945921,C004829,6361395945921,EXACT_NIB,1.0
6263896549977,C004721,6263896549977,EXACT_NIB,1.0
2866906251575,C001572,2866906251575,EXACT_NIB,1.0
5872422749665,C004126,5872422749665,EXACT_NIB,1.0
2343353675777,C003211,2343353675777,EXACT_NIB,1.0
1990746669747,C000946,1990746669747,EXACT_NIB,1.0
0325369525587,C003911,0325369525587,EXACT_NIB,1.0
9476461261499,C003255,9476461261499,EXACT_NIB,1.0
0951956630063,C000244,0951956630063,EXACT_NIB,1.0
8113537396527,C004032,8113537396527,EXACT_NIB,1.0
9071299699154,C000907,9071299699154,EXACT_NIB,1.0
4602136884157,C003147,4602136884157,EXACT_NIB,1.0
5589223552858,C002189,5589223552858,EXACT_NIB,1.0
8971535964726,C003539,8971535964726,EXACT_NIB,1.0
1850880875645,C001242,1850880875645,EXACT_NIB,1.0
4476193788663,C002845,4476193788663,EXACT_NIB,1.0
3379226281915,C003429,3379226281915,EXACT_NIB,1.0
0504726097962,C003582,0504726097962,EXACT_NIB,1.0
9198174736653,C003244,9198174736653,EXACT_NIB,1.0
7743721238487,C001358,7743721238487,EXACT_NIB,1.0
0005905451736,C002651,0005905451736,EXACT_NIB,1.0
7123933065335,C001759,7123933065335,EXACT_NIB,1.0
1960878757882,C003613,1960878757882,EXACT_NIB,1.0
2265278254630,C001211,2265278254630,EXACT_NIB,1.0
7245819870884,C001532,7245819870884,EXACT_NIB,1.0
9507051306967,C000241,9507051306967,EXACT_NIB,1.0
8537982149241,C003354,8537982149241,EXACT_NIB,1.0
8368167238665,C002489,8368167238665,EXACT_NIB,1.0
5772504025898,C001942,5772504025898,EXACT_NIB,1.0
5720802410415,C000365,5720802410415,EXACT_NIB,1.0
1556613404750,C002947,1556613404750,EXACT_NIB,1.0
9493565803638,C001999,9493565803638,EXACT_NIB,1.0
6881303846912,C002420,6881303846912,EXACT_NIB,1.0
7331571604261,C002587,7331571604261,EXACT_NIB,1.0
5829694541913,C004301,5829694541913,EXACT_NIB,1.0
5242760741464,C001396,5242760741464,EXACT_NIB,1.0
8326213841551,C004720,8326213841551,EXACT_NIB,1.0
0848207271263,C003881,0848207271263,EXACT_NIB,1.0
3326277674695,C002924,3326277674695,EXACT_NIB,1.0
9449931367572,C000347,9449931367572,EXACT_NIB,1.0
2031613177905,C002711,2031613177905,EXACT_NIB,1.0
4802362801938,C003032,4802362801938,EXACT_NIB,1.0
3415910660862,C004318,3415910660862,EXACT_NIB,1.0
2518261350621,C003595,2518261350621,EXACT_NIB,1.0
5268665083681,C002129,5268665083681,EXACT_NIB,1.0
4390390920056,C000497,4390390920056,EXACT_NIB,1.0
8921327381522,C003916,8921327381522,EXACT_NIB,1.0
3847543188645,C000429,3847543188645,EXACT_NIB,1.0
5504583875007,C004862,5504583875007,EXACT_NIB,1.0
8043331569640,C003260,8043331569640,EXACT_NIB,1.0
6093164266331,C002564,6093164266331,EXACT_NIB,1.0
4574051995081,C000072,4574051995081,EXACT_NIB,1.0
5951763524130,C003627,5951763524130,EXACT_NIB,1.0
9235777414905,C001285,9235777414905,EXACT_NIB,1.0
1142412484546,C000494,1142412484546,EXACT_NIB,1.0
5085703401176,C000042,5085703401176,EXACT_NIB,1.0
0542607824116,C003761,0542607824116,EXACT_NIB,1.0
4113713463107,C001338,4113713463107,EXACT_NIB,1.0
5253175040937,C000649,5253175040937,EXACT_NIB,1.0
0992416119540,C001716,0992416119540,EXACT_NIB,1.0
7959282233125,C002750,7959282233125,EXACT_NIB,1.0
4134277323573,C000227,4134277323573,EXACT_NIB,1.0
7415871994250,C002451,7415871994250,EXACT_NIB,1.0
8779936427379,C001315,8779936427379,EXACT_NIB,1.0
9484123222320,C001240,9484123222320,EXACT_NIB,1.0
6415330706667,C000372,6415330706667,EXACT_NIB,1.0
0045820721624,C004351,0045820721624,EXACT_NIB,1.0
5299053679120,C004332,5299053679120,EXACT_NIB,1.0
4456578174420,C002849,4456578174420,EXACT_NIB,1.0
7599300134140,C003892,7599300134140,EXACT_NIB,1.0
0000400464549,C003650,0000400464549,EXACT_NIB,1.0
9924662576013,C003507,9924662576013,EXACT_NIB,1.0
5081595904315,C004052,5081595904315,EXACT_NIB,1.0
1032319767025,C000647,1032319767025,EXACT_NIB,1.0
8924418328113,C004090,8924418328113,EXACT_NIB,1.0
4894009465846,C003551,4894009465846,EXACT_NIB,1.0
7649737805342,C000822,7649737805342,EXACT_NIB,1.0
6091919352642,C003450,6091919352642,EXACT_NIB,1.0
4494099857525,C001630,4494099857525,EXACT_NIB,1.0
6335420509530,C002647,6335420509530,EXACT_NIB,1.0
9616537778424,C004696,9616537778424,EXACT_NIB,1.0
2592501691569,C000248,2592501691569,EXACT_NIB,1.0
4902374326924,C000336,4902374326924,EXACT_NIB,1.0
4640311828791,C004436,4640311828791,EXACT_NIB,1.0
6694239438375,C003111,6694239438375,EXACT_NIB,1.0
5030277217931,C000866,5030277217931,EXACT_NIB,1.0
4837268779388,C004503,4837268779388,EXACT_NIB,1.0
6910407629696,C004269,6910407629696,EXACT_NIB,1.0
5311015845673,C001497,5311015845673,EXACT_NIB,1.0
3021737339701,C004809,3021737339701,EXACT_NIB,1.0
3865496602514,C003926,3865496602514,EXACT_NIB,1.0
0422464069486,C004771,0422464069486,EXACT_NIB,1.0
1605801975570,C003960,1605801975570,EXACT_NIB,1.0
4294267088050,C004281,4294267088050,EXACT_NIB,1.0
0698142076817,C001203,0698142076817,EXACT_NIB,1.0
0541715007601,C004208,0541715007601,EXACT_NIB,1.0
5761867706672,C004346,5761867706672,EXACT_NIB,1.0
2152725978336,C002767,2152725978336,EXACT_NIB,1.0
6988012256208,C003365,6988012256208,EXACT_NIB,1.0
2063703559591,C000433,2063703559591,EXACT_NIB,1.0
8718341000665,C002673,8718341000665,EXACT_NIB,1.0
6089706493759,C002958,6089706493759,EXACT_NIB,1.0
8902764513005,C000136,8902764513005,EXACT_NIB,1.0
0842740628285,C004769,0842740628285,EXACT_NIB,1.0
2471178875051,C004580,2471178875051,EXACT_NIB,1.0
6899473879309,C001794,6899473879309,EXACT_NIB,1.0
5945681508951,C000256,5945681508951,EXACT_NIB,1.0
6668470726027,C004899,6668470726027,EXACT_NIB,1.0
6817922419979,C004733,6817922419979,EXACT_NIB,1.0
7890483346586,C000886,7890483346586,EXACT_NIB,1.0
9974308780378,C002731,9974308780378,EXACT_NIB,1.0
3059766208407,C002961,3059766208407,EXACT_NIB,1.0
7856525542458,C000265,7856525542458,EXACT_NIB,1.0
8986225468629,C003855,8986225468629,EXACT_NIB,1.0
1492627350600,C000605,1492627350600,EXACT_NIB,1.0
5691070861171,C002225,5691070861171,EXACT_NIB,1.0
6434946526505,C000876,6434946526505,EXACT_NIB,1.0
8875598759204,C004941,8875598759204,EXACT_NIB,1.0
2977444332945,C001550,2977444332945,EXACT_NIB,1.0
6497283419067,C000007,6497283419067,EXACT_NIB,1.0
1642128265859,C001843,1642128265859,EXACT_NIB,1.0
1584345651234,C004884,1584345651234,EXACT_NIB,1.0
5784590731282,C004472,5784590731282,EXACT_NIB,1.0
8937707050709,C002942,8937707050709,EXACT_NIB,1.0
3265720798047,C004630,3265720798047,EXACT_NIB,1.0
9996369184544,C003937,9996369184544,EXACT_NIB,1.0
0165159952747,C002492,0165159952747,EXACT_NIB,1.0
1347561961765,C003453,1347561961765,EXACT_NIB,1.0
5870051253806,C000165,5870051253806,EXACT_NIB,1.0
7462268975311,C002113,7462268975311,EXACT_NIB,1.0
4449419964596,C002795,4449419964596,EXACT_NIB,1.0
5070518251103,C000159,5070518251103,EXACT_NIB,1.0
4706165373053,C003737,4706165373053,EXACT_NIB,1.0
7059041179779,C001611,7059041179779,EXACT_NIB,1.0
6122983087884,C001864,6122983087884,EXACT_NIB,1.0
6274823009715,C004120,6274823009715,EXACT_NIB,1.0
7814082824649,C002524,7814082824649,EXACT_NIB,1.0
1596378131915,C004482,1596378131915,EXACT_NIB,1.0
9405815193942,C002664,9405815193942,EXACT_NIB,1.0
8144166611772,C001861,8144166611772,EXACT_NIB,1.0
0861759896224,C002490,0861759896224,EXACT_NIB,1.0
7085942682395,C004162,7085942682395,EXACT_NIB,1.0
6941513985532,C000695,6941513985532,EXACT_NIB,1.0
8073350064558,C002781,8073350064558,EXACT_NIB,1.0
7293706258736,C003400,7293706258736,EXACT_NIB,1.0
0115327034147,C001411,0115327034147,EXACT_NIB,1.0
7080538289812,C003165,7080538289812,EXACT_NIB,1.0
6445125622208,C003962,6445125622208,EXACT_NIB,1.0
9216298604278,C001516,9216298604278,EXACT_NIB,1.0
6250969412352,C001724,6250969412352,EXACT_NIB,1.0
2360368085884,C002476,2360368085884,EXACT_NIB,1.0
8319180438430,C002689,8319180438430,EXACT_NIB,1.0
1874729131126,C003600,1874729131126,EXACT_NIB,1.0
0423275888118,C003522,0423275888118,EXACT_NIB,1.0
8910953100179,C002150,8910953100179,EXACT_NIB,1.0
9819401469613,C000344,9819401469613,EXACT_NIB,1.0
5333501626251,C002692,5333501626251,EXACT_NIB,1.0
2096730924074,C003900,2096730924074,EXACT_NIB,1.0
8574339195800,C004637,8574339195800,EXACT_NIB,1.0
5198890609175,C003620,5198890609175,EXACT_NIB,1.0
2284396568872,C001726,2284396568872,EXACT_NIB,1.0
4144271974531,C000438,4144271974531,EXACT_NIB,1.0
6427294361090,C000287,6427294361090,EXACT_NIB,1.0
7417060225255,C001481,7417060225255,EXACT_NIB,1.0
4016379058482,C004762,4016379058482,EXACT_NIB,1.0
6120646467647,C003852,6120646467647,EXACT_NIB,1.0
9992570992861,C001016,9992570992861,EXACT_NIB,1.0
8659181980528,C001841,8659181980528,EXACT_NIB,1.0
8401677692191,C004059,8401677692191,EXACT_NIB,1.0
0691438767384,C003063,0691438767384,EXACT_NIB,1.0
2632732437039,C004922,2632732437039,EXACT_NIB,1.0
6832987681605,C004608,6832987681605,EXACT_NIB,1.0
3738013184341,C001627,3738013184341,EXACT_NIB,1.0
7620734787354,C004308,7620734787354,EXACT_NIB,1.0
5926637008894,C001685,5926637008894,EXACT_NIB,1.0
0418902446288,C003633,0418902446288,EXACT_NIB,1.0
1813722938045,C001537,1813722938045,EXACT_NIB,1.0
9273868133722,C002308,9273868133722,EXACT_NIB,1.0
0213671603384,C000033,0213671603384,EXACT_NIB,1.0
0648810503916,C001590,0648810503916,EXACT_NIB,1.0
8227814695395,C000171,8227814695395,EXACT_NIB,1.0
1562306780194,C003894,1562306780194,EXACT_NIB,1.0
6248748562378,C003144,6248748562378,EXACT_NIB,1.0
5136899065741,C004805,5136899065741,EXACT_NIB,1.0
6184535777785,C003677,6184535777785,EXACT_NIB,1.0
2396042445025,C000382,2396042445025,EXACT_NIB,1.0
6329403804374,C003227,6329403804374,EXACT_NIB,1.0
9970783931329,C002005,9970783931329,EXACT_NIB,1.0
5748632810705,C003010,5748632810705,EXACT_NIB,1.0
5460683426053,C004847,5460683426053,EXACT_NIB,1.0
2930944312134,C003712,2930944312134,EXACT_NIB,1.0
8723063657837,C000189,8723063657837,EXACT_NIB,1.0
7959322496737,C001215,7959322496737,EXACT_NIB,1.0
2894438826976,C003908,2894438826976,EXACT_NIB,1.0
9087863914183,C001047,9087863914183,EXACT_NIB,1.0
5445278610954,C001164,5445278610954,EXACT_NIB,1.0
0378280356899,C004082,0378280356899,EXACT_NIB,1.0
0139939256797,C000934,0139939256797,EXACT_NIB,1.0
8616338638130,C001937,8616338638130,EXACT_NIB,1.0
4977053644349,C002002,4977053644349,EXACT_NIB,1.0
9348280092053,C002359,9348280092053,EXACT_NIB,1.0
3315240415758,C001555,3315240415758,EXACT_NIB,1.0
5694201844576,C001409,5694201844576,EXACT_NIB,1.0
4019892891435,C002809,4019892891435,EXACT_NIB,1.0
3847513407491,C000163,3847513407491,EXACT_NIB,1.0
2069061195973,C003389,2069061195973,EXACT_NIB,1.0
4428054009231,C002137,4428054009231,EXACT_NIB,1.0
4329262055556,C004232,4329262055556,EXACT_NIB,1.0
4310951888578,C000146,4310951888578,EXACT_NIB,1.0
0898659846074,C003625,0898659846074,EXACT_NIB,1.0
8758750980207,C000205,8758750980207,EXACT_NIB,1.0
4773920244407,C002946,4773920244407,EXACT_NIB,1.0
1694261666471,C002652,1694261666471,EXACT_NIB,1.0
0074166430860,C002196,0074166430860,EXACT_NIB,1.0
0606737788921,C002616,0606737788921,EXACT_NIB,1.0
5647658575790,C000849,5647658575790,EXACT_NIB,1.0
9937848652308,C001945,9937848652308,EXACT_NIB,1.0
6330804808861,C004827,6330804808861,EXACT_NIB,1.0
0271681098176,C001748,0271681098176,EXACT_NIB,1.0
0686864641473,C000664,0686864641473,EXACT_NIB,1.0
6899773951660,C000796,6899773951660,EXACT_NIB,1.0
1519963230477,C002244,1519963230477,EXACT_NIB,1.0
4162906288156,C004155,4162906288156,EXACT_NIB,1.0
3568087793472,C004866,3568087793472,EXACT_NIB,1.0
4742932683487,C003174,4742932683487,EXACT_NIB,1.0
6277331258128,C000957,6277331258128,EXACT_NIB,1.0
2469685169217,C000485,2469685169217,EXACT_NIB,1.0
0057458076648,C004774,0057458076648,EXACT_NIB,1.0
5948224524881,C002332,5948224524881,EXACT_NIB,1.0
1191014739129,C004166,1191014739129,EXACT_NIB,1.0
7156853909174,C004178,7156853909174,EXACT_NIB,1.0
8728023865626,C004507,8728023865626,EXACT_NIB,1.0
7828687220307,C000838,7828687220307,EXACT_NIB,1.0
2154151980702,C004056,2154151980702,EXACT_NIB,1.0
6389874955910,C002282,6389874955910,EXACT_NIB,1.0
2027989145481,C003696,2027989145481,EXACT_NIB,1.0
0926288658072,C002404,0926288658072,EXACT_NIB,1.0
5752925556808,C002513,5752925556808,EXACT_NIB,1.0
2494700251906,C004634,2494700251906,EXACT_NIB,1.0
7476308357289,C002560,7476308357289,EXACT_NIB,1.0
8042022305975,C001689,8042022305975,EXACT_NIB,1.0
6856850664878,C000882,6856850664878,EXACT_NIB,1.0
6453347985294,C001130,6453347985294,EXACT_NIB,1.0
3706951181961,C004157,3706951181961,EXACT_NIB,1.0
3241997711801,C001335,3241997711801,EXACT_NIB,1.0
9271436947493,C000380,9271436947493,EXACT_NIB,1.0
7402845958769,C000271,7402845958769,EXACT_NIB,1.0
8024557116274,C004480,8024557116274,EXACT_NIB,1.0
0281060763443,C001379,0281060763443,EXACT_NIB,1.0
2987025215143,C004124,2987025215143,EXACT_NIB,1.0
0235472240553,C004682,0235472240553,EXACT_NIB,1.0
3408705683355,C002334,3408705683355,EXACT_NIB,1.0
8005573380792,C004046,8005573380792,EXACT_NIB,1.0
5665589906586,C002610,5665589906586,EXACT_NIB,1.0
1910697136359,C001560,1910697136359,EXACT_NIB,1.0
1402454224922,C000309,1402454224922,EXACT_NIB,1.0
8243509791353,C002704,8243509791353,EXACT_NIB,1.0
6408977953614,C003417,6408977953614,EXACT_NIB,1.0
1567261736292,C003995,1567261736292,EXACT_NIB,1.0
9401441245229,C003017,9401441245229,EXACT_NIB,1.0
9337415358338,C001860,9337415358338,EXACT_NIB,1.0
5082572323007,C002932,5082572323007,EXACT_NIB,1.0
5291483565086,C000751,5291483565086,EXACT_NIB,1.0
0055624126676,C003579,0055624126676,EXACT_NIB,1.0
4245320654326,C001582,4245320654326,EXACT_NIB,1.0
0568309531225,C002283,0568309531225,EXACT_NIB,1.0
1492049930640,C004159,1492049930640,EXACT_NIB,1.0
5887850660675,C000294,5887850660675,EXACT_NIB,1.0
7702153861151,C001014,7702153861151,EXACT_NIB,1.0
0650472553107,C002986,0650472553107,EXACT_NIB,1.0
2408860969253,C000557,2408860969253,EXACT_NIB,1.0
8129719228874,C004304,8129719228874,EXACT_NIB,1.0
2738696648110,C001291,2738696648110,EXACT_NIB,1.0
8367781070824,C003321,8367781070824,EXACT_NIB,1.0
6616201729512,C002743,6616201729512,EXACT_NIB,1.0
0909276736086,C004561,0909276736086,EXACT_NIB,1.0
5508005090830,C002019,5508005090830,EXACT_NIB,1.0
1243616050299,C002098,1243616050299,EXACT_NIB,1.0
0177491176755,C001199,0177491176755,EXACT_NIB,1.0
2295083860390,C003730,2295083860390,EXACT_NIB,1.0
3474392708120,C004765,3474392708120,EXACT_NIB,1.0
4160990975788,C002972,4160990975788,EXACT_NIB,1.0
4616222772610,C002584,4616222772610,EXACT_NIB,1.0
8956886499339,C000972,8956886499339,EXACT_NIB,1.0
4433736090857,C003016,4433736090857,EXACT_NIB,1.0
0249278523461,C003655,0249278523461,EXACT_NIB,1.0
6589782425658,C003279,6589782425658,EXACT_NIB,1.0
9863834669081,C000867,9863834669081,EXACT_NIB,1.0
0707919048786,C002906,0707919048786,EXACT_NIB,1.0
4541833788147,C003199,4541833788147,EXACT_NIB,1.0
0078677550053,C003922,0078677550053,EXACT_NIB,1.0
7415163295661,C001452,7415163295661,EXACT_NIB,1.0
5773061460174,C000488,5773061460174,EXACT_NIB,1.0
0826565293675,C000457,0826565293675,EXACT_NIB,1.0
3642209470544,C000507,3642209470544,EXACT_NIB,1.0
8852871583443,C001098,8852871583443,EXACT_NIB,1.0
1387314031916,C001073,1387314031916,EXACT_NIB,1.0
0247922476867,C004459,0247922476867,EXACT_NIB,1.0
2352980093413,C001272,2352980093413,EXACT_NIB,1.0
2181951719070,C003912,2181951719070,EXACT_NIB,1.0
6425503533210,C001691,6425503533210,EXACT_NIB,1.0
7056825832014,C004270,7056825832014,EXACT_NIB,1.0
4449810632673,C002049,4449810632673,EXACT_NIB,1.0
4743506978209,C002038,4743506978209,EXACT_NIB,1.0
1154959929179,C001310,1154959929179,EXACT_NIB,1.0
9205948360901,C002963,9205948360901,EXACT_NIB,1.0
3497320096015,C000855,3497320096015,EXACT_NIB,1.0
4648555169324,C000606,4648555169324,EXACT_NIB,1.0
0389166770952,C003125,0389166770952,EXACT_NIB,1.0
8925857839803,C004715,8925857839803,EXACT_NIB,1.0
0748781340951,C000283,0748781340951,EXACT_NIB,1.0
5412348109452,C000581,5412348109452,EXACT_NIB,1.0
9870109321529,C003919,9870109321529,EXACT_NIB,1.0
2612166948100,C004653,2612166948100,EXACT_NIB,1.0
2383684143446,C002739,2383684143446,EXACT_NIB,1.0
9059509428168,C000790,9059509428168,EXACT_NIB,1.0
0591579815551,C002697,0591579815551,EXACT_NIB,1.0
5781314562530,C001617,5781314562530,EXACT_NIB,1.0
4214377805592,C000705,4214377805592,EXACT_NIB,1.0
9987256964113,C004791,9987256964113,EXACT_NIB,1.0
9680071194750,C004211,9680071194750,EXACT_NIB,1.0
5933238143316,C000142,5933238143316,EXACT_NIB,1.0
5586026423624,C003163,5586026423624,EXACT_NIB,1.0
5080571178444,C002998,5080571178444,EXACT_NIB,1.0
6604486711881,C000782,6604486711881,EXACT_NIB,1.0
8452733188156,C001853,8452733188156,EXACT_NIB,1.0
9077045530017,C004911,9077045530017,EXACT_NIB,1.0
0220410649607,C001882,0220410649607,EXACT_NIB,1.0
2500932195693,C002979,2500932195693,EXACT_NIB,1.0
4523649411002,C004018,4523649411002,EXACT_NIB,1.0
7519679296058,C000586,7519679296058,EXACT_NIB,1.0
0772228749958,C001765,0772228749958,EXACT_NIB,1.0
0632448968460,C004284,0632448968460,EXACT_NIB,1.0
7021461690476,C000966,7021461690476,EXACT_NIB,1.0
0296705035623,C004800,0296705035623,EXACT_NIB,1.0
6563226791117,C002653,6563226791117,EXACT_NIB,1.0
2245883660798,C003713,2245883660798,EXACT_NIB,1.0
6686680807956,C001663,6686680807956,EXACT_NIB,1.0
0928033714213,C002909,0928033714213,EXACT_NIB,1.0
6293369832407,C004434,6293369832407,EXACT_NIB,1.0
4522759426732,C000538,4522759426732,EXACT_NIB,1.0
9329745116516,C004670,9329745116516,EXACT_NIB,1.0
2072391918465,C001107,2072391918465,EXACT_NIB,1.0
9196697602236,C004882,9196697602236,EXACT_NIB,1.0
2491626317774,C003434,2491626317774,EXACT_NIB,1.0
5083327104535,C001795,5083327104535,EXACT_NIB,1.0
1633547154338,C001756,1633547154338,EXACT_NIB,1.0
0284571869198,C002527,0284571869198,EXACT_NIB,1.0
8613674616160,C002301,8613674616160,EXACT_NIB,1.0
0695312178940,C003391,0695312178940,EXACT_NIB,1.0
3191678758647,C002649,3191678758647,EXACT_NIB,1.0
1614384039726,C001443,1614384039726,EXACT_NIB,1.0
6038552882313,C003119,6038552882313,EXACT_NIB,1.0
7638586922543,C001812,7638586922543,EXACT_NIB,1.0
5955394506989,C000793,5955394506989,EXACT_NIB,1.0
4179394314914,C002071,4179394314914,EXACT_NIB,1.0
7404052770354,C002680,7404052770354,EXACT_NIB,1.0
5194072346150,C002340,5194072346150,EXACT_NIB,1.0
9002950114747,C001108,9002950114747,EXACT_NIB,1.0
7574568442633,C004522,7574568442633,EXACT_NIB,1.0
0824130160644,C004651,0824130160644,EXACT_NIB,1.0
3071821821606,C002228,3071821821606,EXACT_NIB,1.0
0238836970257,C002674,0238836970257,EXACT_NIB,1.0
2863996240238,C000188,2863996240238,EXACT_NIB,1.0
0395728693953,C004530,0395728693953,EXACT_NIB,1.0
3480249668992,C000110,3480249668992,EXACT_NIB,1.0
5444847920740,C004679,5444847920740,EXACT_NIB,1.0
2549839103204,C002235,2549839103204,EXACT_NIB,1.0
3345958295656,C000350,3345958295656,EXACT_NIB,1.0
5376378256485,C002145,5376378256485,EXACT_NIB,1.0
5067996451159,C002637,5067996451159,EXACT_NIB,1.0
9795080466063,C001833,9795080466063,EXACT_NIB,1.0
2092252123802,C004168,2092252123802,EXACT_NIB,1.0
7151295458938,C003867,7151295458938,EXACT_NIB,1.0
9522875120901,C003085,9522875120901,EXACT_NIB,1.0
9891050459619,C000090,9891050459619,EXACT_NIB,1.0
5942104208418,C002836,5942104208418,EXACT_NIB,1.0
1519093757707,C000645,1519093757707,EXACT_NIB,1.0
8483695595827,C003577,8483695595827,EXACT_NIB,1.0
0827610023512,C003508,0827610023512,EXACT_NIB,1.0
3856337598491,C003563,3856337598491,EXACT_NIB,1.0
7952331432417,C002077,7952331432417,EXACT_NIB,1.0
0813220822044,C001117,0813220822044,EXACT_NIB,1.0
0425990028422,C001388,0425990028422,EXACT_NIB,1.0
6211670062082,C002380,6211670062082,EXACT_NIB,1.0
2135011344968,C003353,2135011344968,EXACT_NIB,1.0
9497254720474,C004108,9497254720474,EXACT_NIB,1.0
4444657481452,C000900,4444657481452,EXACT_NIB,1.0
1784213913699,C001454,1784213913699,EXACT_NIB,1.0
2241250383412,C000685,2241250383412,EXACT_NIB,1.0
0632399887733,C002243,0632399887733,EXACT_NIB,1.0
1894510885899,C004234,1894510885899,EXACT_NIB,1.0
6433955343349,C003401,6433955343349,EXACT_NIB,1.0
0712125798969,C002016,0712125798969,EXACT_NIB,1.0
6012316257510,C001244,6012316257510,EXACT_NIB,1.0
7184581630212,C002993,7184581630212,EXACT_NIB,1.0
0310262370506,C001660,0310262370506,EXACT_NIB,1.0
6547631691455,C000778,6547631691455,EXACT_NIB,1.0
6762267617479,C001065,6762267617479,EXACT_NIB,1.0
9780643719603,C004905,9780643719603,EXACT_NIB,1.0
9952115424015,C002042,9952115424015,EXACT_NIB,1.0
5855836454875,C004303,5855836454875,EXACT_NIB,1.0
0436827568497,C001768,0436827568497,EXACT_NIB,1.0
1999275237100,C002020,1999275237100,EXACT_NIB,1.0
7316927592746,C001718,7316927592746,EXACT_NIB,1.0
2566180610853,C003213,2566180610853,EXACT_NIB,1.0
3905101181693,C003403,3905101181693,EXACT_NIB,1.0
1632822519642,C002599,1632822519642,EXACT_NIB,1.0
0242426335231,C003221,0242426335231,EXACT_NIB,1.0
0920318676744,C003377,0920318676744,EXACT_NIB,1.0
6667629602964,C002446,6667629602964,EXACT_NIB,1.0
8446577137153,C004419,8446577137153,EXACT_NIB,1.0
8427494645403,C004642,8427494645403,EXACT_NIB,1.0
8823234533566,C004037,8823234533566,EXACT_NIB,1.0
0398013376191,C000225,0398013376191,EXACT_NIB,1.0
2315394281158,C003089,2315394281158,EXACT_NIB,1.0
9215109810094,C001271,9215109810094,EXACT_NIB,1.0
3808263267631,C003825,3808263267631,EXACT_NIB,1.0
2642930646143,C003115,2642930646143,EXACT_NIB,1.0
4210014996117,C003857,4210014996117,EXACT_NIB,1.0
3395300255395,C000742,3395300255395,EXACT_NIB,1.0
7013111751733,C002377,7013111751733,EXACT_NIB,1.0
8717135935891,C003540,8717135935891,EXACT_NIB,1.0
3316120992868,C003707,3316120992868,EXACT_NIB,1.0
2097506699128,C004552,2097506699128,EXACT_NIB,1.0
1156854026218,C004210,1156854026218,EXACT_NIB,1.0
2916561307398,C002826,2916561307398,EXACT_NIB,1.0
6607025076660,C000061,6607025076660,EXACT_NIB,1.0
3264741412404,C004099,3264741412404,EXACT_NIB,1.0
2087163881939,C001960,2087163881939,EXACT_NIB,1.0
2262491528932,C004622,2262491528932,EXACT_NIB,1.0
7493135276255,C003230,7493135276255,EXACT_NIB,1.0
6391727154836,C004414,6391727154836,EXACT_NIB,1.0
9687574465448,C003055,9687574465448,EXACT_NIB,1.0
0315134650865,C001542,0315134650865,EXACT_NIB,1.0
3834106572997,C001987,3834106572997,EXACT_NIB,1.0
7744108439711,C003534,7744108439711,EXACT_NIB,1.0
3203106664651,C002452,3203106664651,EXACT_NIB,1.0
8668689984200,C000936,8668689984200,EXACT_NIB,1.0
0765133529495,C001920,0765133529495,EXACT_NIB,1.0
0453868761297,C004003,0453868761297,EXACT_NIB,1.0
1538348995312,C000655,1538348995312,EXACT_NIB,1.0
3642373313424,C000860,3642373313424,EXACT_NIB,1.0
4292101727482,C003733,4292101727482,EXACT_NIB,1.0
7065868623785,C001902,7065868623785,EXACT_NIB,1.0
0700227962445,C003066,0700227962445,EXACT_NIB,1.0
6594918684987,C000229,6594918684987,EXACT_NIB,1.0
3755785457653,C001939,3755785457653,EXACT_NIB,1.0
8641793996979,C002390,8641793996979,EXACT_NIB,1.0
8386898258173,C000734,8386898258173,EXACT_NIB,1.0
9937873521998,C002748,9937873521998,EXACT_NIB,1.0
9508672266281,C000373,9508672266281,EXACT_NIB,1.0
4261033248773,C002389,4261033248773,EXACT_NIB,1.0
5724763985726,C003886,5724763985726,EXACT_NIB,1.0
8669245051490,C001989,8669245051490,EXACT_NIB,1.0
4996107799772,C004638,4996107799772,EXACT_NIB,1.0
0769769380514,C003253,0769769380514,EXACT_NIB,1.0
0699155859392,C000808,0699155859392,EXACT_NIB,1.0
9441399951769,C004574,9441399951769,EXACT_NIB,1.0
6951063611287,C002303,6951063611287,EXACT_NIB,1.0
5287899996289,C000458,5287899996289,EXACT_NIB,1.0
8319126048589,C003795,8319126048589,EXACT_NIB,1.0
1927054874870,C003283,1927054874870,EXACT_NIB,1.0
5012350665660,C002708,5012350665660,EXACT_NIB,1.0
7939194743729,C004564,7939194743729,EXACT_NIB,1.0
7142432111902,C002365,7142432111902,EXACT_NIB,1.0
2378034633287,C004768,2378034633287,EXACT_NIB,1.0
8953815750154,C001444,8953815750154,EXACT_NIB,1.0
1514466199541,C002131,1514466199541,EXACT_NIB,1.0
5536377665995,C001399,5536377665995,EXACT_NIB,1.0
4849186146288,C000851,4849186146288,EXACT_NIB,1.0
6822588584313,C002473,6822588584313,EXACT_NIB,1.0
3972961756577,C002709,3972961756577,EXACT_NIB,1.0
4551924152863,C004756,4551924152863,EXACT_NIB,1.0
3752015691461,C004114,3752015691461,EXACT_NIB,1.0
1781090719571,C001230,1781090719571,EXACT_NIB,1.0
7368072966180,C003640,7368072966180,EXACT_NIB,1.0
0990704644503,C000591,0990704644503,EXACT_NIB,1.0
0276327223736,C003763,0276327223736,EXACT_NIB,1.0
5226549305397,C003702,5226549305397,EXACT_NIB,1.0
0098972740514,C004876,0098972740514,EXACT_NIB,1.0
0254260062892,C001336,0254260062892,EXACT_NIB,1.0
4752949775655,C003685,4752949775655,EXACT_NIB,1.0
7031012213387,C000896,7031012213387,EXACT_NIB,1.0
9883968382525,C003747,9883968382525,EXACT_NIB,1.0
6606899247157,C001191,6606899247157,EXACT_NIB,1.0
5512169832328,C001013,5512169832328,EXACT_NIB,1.0
7150451967877,C001575,7150451967877,EXACT_NIB,1.0
2635546903369,C001898,2635546903369,EXACT_NIB,1.0
5527876260235,C001360,5527876260235,EXACT_NIB,1.0
7969999381919,C000547,7969999381919,EXACT_NIB,1.0
7586373533270,C000812,7586373533270,EXACT_NIB,1.0
0106514947396,C004382,0106514947396,EXACT_NIB,1.0
2759608895869,C004734,2759608895869,EXACT_NIB,1.0
1258606209818,C000174,1258606209818,EXACT_NIB,1.0
8501347429636,C003710,8501347429636,EXACT_NIB,1.0
2453960424081,C002690,2453960424081,EXACT_NIB,1.0
6820918812246,C001720,6820918812246,EXACT_NIB,1.0
7758725371720,C004446,7758725371720,EXACT_NIB,1.0
9034913156536,C003141,9034913156536,EXACT_NIB,1.0
3253485297993,C003686,3253485297993,EXACT_NIB,1.0
7064064123154,C004516,7064064123154,EXACT_NIB,1.0
3491410526963,C000056,3491410526963,EXACT_NIB,1.0
8796746726986,C002667,8796746726986,EXACT_NIB,1.0
0682287956141,C004865,0682287956141,EXACT_NIB,1.0
7890885069030,C004531,7890885069030,EXACT_NIB,1.0
0335823398951,C000617,0335823398951,EXACT_NIB,1.0
6782360842296,C002884,6782360842296,EXACT_NIB,1.0
2068148499198,C001103,2068148499198,EXACT_NIB,1.0
1419811796330,C002107,1419811796330,EXACT_NIB,1.0
9298028441616,C001907,9298028441616,EXACT_NIB,1.0
0574103762265,C004160,0574103762265,EXACT_NIB,1.0
1644668471329,C001801,1644668471329,EXACT_NIB,1.0
1014602353596,C001930,1014602353596,EXACT_NIB,1.0
6766027168927,C004661,6766027168927,EXACT_NIB,1.0
7051047308028,C000000,7051047308028,EXACT_NIB,1.0
4697894259634,C003789,4697894259634,EXACT_NIB,1.0
9511303076617,C003847,9511303076617,EXACT_NIB,1.0
9872848181869,C002432,9872848181869,EXACT_NIB,1.0
7213963620916,C004738,7213963620916,EXACT_NIB,1.0
6686372185893,C000832,6686372185893,EXACT_NIB,1.0
6565641656667,C003506,6565641656667,EXACT_NIB,1.0
3596792625525,C001045,3596792625525,EXACT_NIB,1.0
8304342299785,C001437,8304342299785,EXACT_NIB,1.0
6584901405650,C001993,6584901405650,EXACT_NIB,1.0
9199183864883,C000945,9199183864883,EXACT_NIB,1.0
5296942691548,C004218,5296942691548,EXACT_NIB,1.0
7050875505624,C001705,7050875505624,EXACT_NIB,1.0
8438281404624,C004818,8438281404624,EXACT_NIB,1.0
0345446843210,C001895,0345446843210,EXACT_NIB,1.0
1035625762109,C002387,1035625762109,EXACT_NIB,1.0
6305727562202,C002681,6305727562202,EXACT_NIB,1.0
6072032489323,C003505,6072032489323,EXACT_NIB,1.0
2427934682985,C003614,2427934682985,EXACT_NIB,1.0
0688867420505,C003276,0688867420505,EXACT_NIB,1.0
5153121413829,C002816,5153121413829,EXACT_NIB,1.0
0170593967015,C003467,0170593967015,EXACT_NIB,1.0
9578735168320,C000221,9578735168320,EXACT_NIB,1.0
9808469873297,C004019,9808469873297,EXACT_NIB,1.0
9845989090660,C002271,9845989090660,EXACT_NIB,1.0
9987244463128,C004544,9987244463128,EXACT_NIB,1.0
0021512851368,C000069,0021512851368,EXACT_NIB,1.0
7775190032260,C003018,7775190032260,EXACT_NIB,1.0
1032338543767,C002605,1032338543767,EXACT_NIB,1.0
8224312125588,C002752,8224312125588,EXACT_NIB,1.0
7067077924454,C002737,7067077924454,EXACT_NIB,1.0
6873102426459,C004519,6873102426459,EXACT_NIB,1.0
0358587263275,C004073,0358587263275,EXACT_NIB,1.0
2880736649706,C004428,2880736649706,EXACT_NIB,1.0
3562395021118,C001200,3562395021118,EXACT_NIB,1.0
0478247599117,C004190,0478247599117,EXACT_NIB,1.0
3160350245063,C001677,3160350245063,EXACT_NIB,1.0
1073823225833,C000545,1073823225833,EXACT_NIB,1.0
6578661000059,C000493,6578661000059,EXACT_NIB,1.0
9140269631555,C001890,9140269631555,EXACT_NIB,1.0
3823708444685,C003561,3823708444685,EXACT_NIB,1.0
6457017733701,C002494,6457017733701,EXACT_NIB,1.0
0826277569990,C000141,0826277569990,EXACT_NIB,1.0
8289210758643,C001236,8289210758643,EXACT_NIB,1.0
9255830035808,C000335,9255830035808,EXACT_NIB,1.0
4883192727783,C001478,4883192727783,EXACT_NIB,1.0
7110340207361,C004671,7110340207361,EXACT_NIB,1.0
0013302148904,C002850,0013302148904,EXACT_NIB,1.0
4437645618468,C003530,4437645618468,EXACT_NIB,1.0
6561978968126,C002675,6561978968126,EXACT_NIB,1.0
4865977597767,C002117,4865977597767,EXACT_NIB,1.0
7339347412678,C002798,7339347412678,EXACT_NIB,1.0
3213305878928,C004364,3213305878928,EXACT_NIB,1.0
7079919062315,C004783,7079919062315,EXACT_NIB,1.0
2498596343650,C004896,2498596343650,EXACT_NIB,1.0
7013215667019,C001900,7013215667019,EXACT_NIB,1.0
9802213189605,C003803,9802213189605,EXACT_NIB,1.0
5545123355916,C003077,5545123355916,EXACT_NIB,1.0
7781341452448,C003040,7781341452448,EXACT_NIB,1.0
1840639294651,C001620,1840639294651,EXACT_NIB,1.0
8470981920509,C000823,8470981920509,EXACT_NIB,1.0
7119249128300,C002257,7119249128300,EXACT_NIB,1.0
6196079117292,C002239,6196079117292,EXACT_NIB,1.0
8724504094147,C003604,8724504094147,EXACT_NIB,1.0
1636297038647,C004163,1636297038647,EXACT_NIB,1.0
2541452878475,C000138,2541452878475,EXACT_NIB,1.0
9406525329324,C002170,9406525329324,EXACT_NIB,1.0
9261528305682,C000903,9261528305682,EXACT_NIB,1.0
2521094235479,C001958,2521094235479,EXACT_NIB,1.0
2798257998835,C003723,2798257998835,EXACT_NIB,1.0
8889592085151,C001749,8889592085151,EXACT_NIB,1.0
1590364873725,C004242,1590364873725,EXACT_NIB,1.0
3297867154295,C001412,3297867154295,EXACT_NIB,1.0
9103533635921,C004760,9103533635921,EXACT_NIB,1.0
4387061154211,C001082,4387061154211,EXACT_NIB,1.0
1733666481431,C001538,1733666481431,EXACT_NIB,1.0
2244326549518,C000694,2244326549518,EXACT_NIB,1.0
3698034594893,C001837,3698034594893,EXACT_NIB,1.0
1059208653749,C003332,1059208653749,EXACT_NIB,1.0
9347812688810,C001618,9347812688810,EXACT_NIB,1.0
7817623255881,C004112,7817623255881,EXACT_NIB,1.0
8442467600425,C002977,8442467600425,EXACT_NIB,1.0
5196149901409,C001743,5196149901409,EXACT_NIB,1.0
9739076667524,C000471,9739076667524,EXACT_NIB,1.0
0450778363509,C001393,0450778363509,EXACT_NIB,1.0
3526017726558,C000885,3526017726558,EXACT_NIB,1.0
8233200253046,C004077,8233200253046,EXACT_NIB,1.0
3562875318483,C001135,3562875318483,EXACT_NIB,1.0
9303221688070,C003193,9303221688070,EXACT_NIB,1.0
1218833401791,C003876,1218833401791,EXACT_NIB,1.0
7117120345741,C001394,7117120345741,EXACT_NIB,1.0
1664333519997,C003228,1664333519997,EXACT_NIB,1.0
4201173101091,C002773,4201173101091,EXACT_NIB,1.0
6510389537227,C002434,6510389537227,EXACT_NIB,1.0
0769657765439,C001094,0769657765439,EXACT_NIB,1.0
7491160847818,C001780,7491160847818,EXACT_NIB,1.0
7646123955452,C000137,7646123955452,EXACT_NIB,1.0
7803993468620,C003573,7803993468620,EXACT_NIB,1.0
5073984855050,C004259,5073984855050,EXACT_NIB,1.0
2176272438144,C004841,2176272438144,EXACT_NIB,1.0
3384554501222,C000459,3384554501222,EXACT_NIB,1.0
9308989309222,C004732,9308989309222,EXACT_NIB,1.0
6838282667400,C001037,6838282667400,EXACT_NIB,1.0
2135530125343,C001523,2135530125343,EXACT_NIB,1.0
2168555026945,C003902,2168555026945,EXACT_NIB,1.0
3928866898010,C000916,3928866898010,EXACT_NIB,1.0
1048591590542,C004534,1048591590542,EXACT_NIB,1.0
8779515699229,C000537,8779515699229,EXACT_NIB,1.0
3309947914159,C003764,3309947914159,EXACT_NIB,1.0
0883149141011,C003057,0883149141011,EXACT_NIB,1.0
1942380212458,C000616,1942380212458,EXACT_NIB,1.0
4254247026915,C000318,4254247026915,EXACT_NIB,1.0
3187086334453,C001515,3187086334453,EXACT_NIB,1.0
2783626849414,C000179,2783626849414,EXACT_NIB,1.0
0823820002978,C002378,0823820002978,EXACT_NIB,1.0
0212881690358,C000601,0212881690358,EXACT_NIB,1.0
0838814899482,C003404,0838814899482,EXACT_NIB,1.0
8632133752145,C004366,8632133752145,EXACT_NIB,1.0
2597303748508,C001996,2597303748508,EXACT_NIB,1.0
3667585987715,C004654,3667585987715,EXACT_NIB,1.0
5224275617372,C004589,5224275617372,EXACT_NIB,1.0
3510674449989,C004731,3510674449989,EXACT_NIB,1.0
4923008334187,C000543,4923008334187,EXACT_NIB,1.0
1373129504888,C002206,1373129504888,EXACT_NIB,1.0
0992839863910,C000079,0992839863910,EXACT_NIB,1.0
4867076986444,C004183,4867076986444,EXACT_NIB,1.0
0180872584230,C003695,0180872584230,EXACT_NIB,1.0
4657409683486,C002867,4657409683486,EXACT_NIB,1.0
3605390811000,C004002,3605390811000,EXACT_NIB,1.0
0322508193392,C002104,0322508193392,EXACT_NIB,1.0
9244771740668,C003292,9244771740668,EXACT_NIB,1.0
6182593087879,C002383,6182593087879,EXACT_NIB,1.0
0622519335628,C000821,0622519335628,EXACT_NIB,1.0
7513768481419,C003303,7513768481419,EXACT_NIB,1.0
9653851940568,C003770,9653851940568,EXACT_NIB,1.0
9972257502259,C001621,9972257502259,EXACT_NIB,1.0
3079582546772,C002039,3079582546772,EXACT_NIB,1.0
2919565058484,C003997,2919565058484,EXACT_NIB,1.0
7261084563147,C004344,7261084563147,EXACT_NIB,1.0
5588348564327,C001071,5588348564327,EXACT_NIB,1.0
6316460664932,C002023,6316460664932,EXACT_NIB,1.0
5485928206665,C003375,5485928206665,EXACT_NIB,1.0
0666178088644,C001521,0666178088644,EXACT_NIB,1.0
4250122915353,C001389,4250122915353,EXACT_NIB,1.0
3380107017744,C000968,3380107017744,EXACT_NIB,1.0
3123315349762,C004795,3123315349762,EXACT_NIB,1.0
0020388707136,C004317,0020388707136,EXACT_NIB,1.0
0848654255686,C000440,0848654255686,EXACT_NIB,1.0
2047700483076,C003300,2047700483076,EXACT_NIB,1.0
6225063483732,C004614,6225063483732,EXACT_NIB,1.0
5418520397101,C000562,5418520397101,EXACT_NIB,1.0
2252776857556,C000529,2252776857556,EXACT_NIB,1.0
6749422216609,C001679,6749422216609,EXACT_NIB,1.0
7793124049386,C003412,7793124049386,EXACT_NIB,1.0
7763065858276,C001417,7763065858276,EXACT_NIB,1.0
5814429836876,C003384,5814429836876,EXACT_NIB,1.0
4981886961158,C004568,4981886961158,EXACT_NIB,1.0
1562420605116,C000058,1562420605116,EXACT_NIB,1.0
9471902327107,C003338,9471902327107,EXACT_NIB,1.0
0564317210463,C002392,0564317210463,EXACT_NIB,1.0
0544593181312,C002101,0544593181312,EXACT_NIB,1.0
5407647186294,C000425,5407647186294,EXACT_NIB,1.0
4445190677421,C002971,4445190677421,EXACT_NIB,1.0
4257542373534,C004239,4257542373534,EXACT_NIB,1.0
7746903384713,C004309,7746903384713,EXACT_NIB,1.0
2004023420338,C000444,2004023420338,EXACT_NIB,1.0
8366694365869,C000194,8366694365869,EXACT_NIB,1.0
3296773759428,C001234,3296773759428,EXACT_NIB,1.0
0911541682497,C002937,0911541682497,EXACT_NIB,1.0
1267490753513,C000147,1267490753513,EXACT_NIB,1.0
2309476059676,C003334,2309476059676,EXACT_NIB,1.0
6938925291493,C003754,6938925291493,EXACT_NIB,1.0
7447868732071,C000296,7447868732071,EXACT_NIB,1.0
0153987405419,C002707,0153987405419,EXACT_NIB,1.0
2740451228589,C001400,2740451228589,EXACT_NIB,1.0
1004924601285,C003939,1004924601285,EXACT_NIB,1.0
6428235984887,C004167,6428235984887,EXACT_NIB,1.0
6059370627235,C002644,6059370627235,EXACT_NIB,1.0
6778953249753,C001198,6778953249753,EXACT_NIB,1.0
9820487937012,C003583,9820487937012,EXACT_NIB,1.0
0850749113928,C004687,0850749113928,EXACT_NIB,1.0
0476194561581,C000894,0476194561581,EXACT_NIB,1.0
3109157191043,C001505,3109157191043,EXACT_NIB,1.0
6896176872962,C003298,6896176872962,EXACT_NIB,1.0
8259230651176,C003140,8259230651176,EXACT_NIB,1.0
1570883286041,C004690,1570883286041,EXACT_NIB,1.0
7464333040305,C003448,7464333040305,EXACT_NIB,1.0
8099491943733,C001598,8099491943733,EXACT_NIB,1.0
0805384792795,C001231,0805384792795,EXACT_NIB,1.0
4612014079834,C000395,4612014079834,EXACT_NIB,1.0
7349963215533,C000168,7349963215533,EXACT_NIB,1.0
0874089757842,C002018,0874089757842,EXACT_NIB,1.0
4163447792796,C002982,4163447792796,EXACT_NIB,1.0
3304349481598,C002319,3304349481598,EXACT_NIB,1.0
0290300810391,C004494,0290300810391,EXACT_NIB,1.0
3484430534475,C004017,3484430534475,EXACT_NIB,1.0
8807327146355,C002062,8807327146355,EXACT_NIB,1.0
8322704943274,C003635,8322704943274,EXACT_NIB,1.0
8548051438827,C001950,8548051438827,EXACT_NIB,1.0
0621461335473,C002259,0621461335473,EXACT_NIB,1.0
4157718074922,C001325,4157718074922,EXACT_NIB,1.0
0827457456599,C004495,0827457456599,EXACT_NIB,1.0
1214630700958,C003130,1214630700958,EXACT_NIB,1.0
5747449366735,C003513,5747449366735,EXACT_NIB,1.0
3496479353956,C002989,3496479353956,EXACT_NIB,1.0
2670136191667,C001569,2670136191667,EXACT_NIB,1.0
2045337697916,C004110,2045337697916,EXACT_NIB,1.0
2338917873563,C002305,2338917873563,EXACT_NIB,1.0
1059734468500,C004699,1059734468500,EXACT_NIB,1.0
9087929686367,C003701,9087929686367,EXACT_NIB,1.0
5504084138389,C004764,5504084138389,EXACT_NIB,1.0
6182561664028,C004402,6182561664028,EXACT_NIB,1.0
5866626570438,C003447,5866626570438,EXACT_NIB,1.0
9857742735984,C003735,9857742735984,EXACT_NIB,1.0
5296794718916,C000443,5296794718916,EXACT_NIB,1.0
0022003642382,C002574,0022003642382,EXACT_NIB,1.0
2025409411396,C002953,2025409411396,EXACT_NIB,1.0
5092628975720,C001052,5092628975720,EXACT_NIB,1.0
8589947099069,C002871,8589947099069,EXACT_NIB,1.0
1364689068878,C000084,1364689068878,EXACT_NIB,1.0
8953429703977,C004319,8953429703977,EXACT_NIB,1.0
6944104232008,C003806,6944104232008,EXACT_NIB,1.0
1147467573251,C002544,1147467573251,EXACT_NIB,1.0
7541326301508,C003435,7541326301508,EXACT_NIB,1.0
4503860729430,C002927,4503860729430,EXACT_NIB,1.0
2855867931602,C002373,2855867931602,EXACT_NIB,1.0
2806955211095,C002204,2806955211095,EXACT_NIB,1.0
0928810423852,C000269,0928810423852,EXACT_NIB,1.0
5980690439878,C001901,5980690439878,EXACT_NIB,1.0
0959405219899,C000250,0959405219899,EXACT_NIB,1.0
9333677052979,C004656,9333677052979,EXACT_NIB,1.0
5888404162742,C001294,5888404162742,EXACT_NIB,1.0
2040324044012,C004263,2040324044012,EXACT_NIB,1.0
0904312868667,C002828,0904312868667,EXACT_NIB,1.0
0273924678314,C001676,0273924678314,EXACT_NIB,1.0
4773237249292,C001183,4773237249292,EXACT_NIB,1.0
2745056958261,C003358,2745056958261,EXACT_NIB,1.0
4760440424142,C002090,4760440424142,EXACT_NIB,1.0
7247660531397,C000268,7247660531397,EXACT_NIB,1.0
0681275610408,C004069,0681275610408,EXACT_NIB,1.0
7165693865120,C000029,7165693865120,EXACT_NIB,1.0
9620233627065,C000024,9620233627065,EXACT_NIB,1.0
5129045896385,C002545,5129045896385,EXACT_NIB,1.0
6660588095924,C004193,6660588095924,EXACT_NIB,1.0
6602892814989,C004677,6602892814989,EXACT_NIB,1.0
1556816096405,C000127,1556816096405,EXACT_NIB,1.0
6589884386844,C000658,6589884386844,EXACT_NIB,1.0
9497397687659,C000541,9497397687659,EXACT_NIB,1.0
9751175634406,C000129,9751175634406,EXACT_NIB,1.0
8332263731968,C004298,8332263731968,EXACT_NIB,1.0
6914701298394,C003787,6914701298394,EXACT_NIB,1.0
6528530045578,C004572,6528530045578,EXACT_NIB,1.0
1442018034206,C004449,1442018034206,EXACT_NIB,1.0
0817962116712,C000757,0817962116712,EXACT_NIB,1.0
1366222086102,C000030,1366222086102,EXACT_NIB,1.0
6082474079434,C002017,6082474079434,EXACT_NIB,1.0
1193883090458,C000368,1193883090458,EXACT_NIB,1.0
0527311876567,C000279,0527311876567,EXACT_NIB,1.0
9599222492444,C001317,9599222492444,EXACT_NIB,1.0
6486183825591,C001810,6486183825591,EXACT_NIB,1.0
0080861780871,C001629,0080861780871,EXACT_NIB,1.0
5959257072792,C000939,5959257072792,EXACT_NIB,1.0
1671672702241,C003231,1671672702241,EXACT_NIB,1.0
1938415311892,C004521,1938415311892,EXACT_NIB,1.0
0423876809007,C003981,0423876809007,EXACT_NIB,1.0
0991385413174,C001483,0991385413174,EXACT_NIB,1.0
8855108892171,C003150,8855108892171,EXACT_NIB,1.0
7446931681516,C003215,7446931681516,EXACT_NIB,1.0
3066190174842,C002654,3066190174842,EXACT_NIB,1.0
0875358983243,C001914,0875358983243,EXACT_NIB,1.0
3246935516978,C004858,3246935516978,EXACT_NIB,1.0
8427169656455,C000295,8427169656455,EXACT_NIB,1.0
5440668994253,C003082,5440668994253,EXACT_NIB,1.0
0200565723861,C002216,0200565723861,EXACT_NIB,1.0
8051840477350,C004729,8051840477350,EXACT_NIB,1.0
5633660235217,C003395,5633660235217,EXACT_NIB,1.0
4582954637333,C003036,4582954637333,EXACT_NIB,1.0
0128194001129,C003575,0128194001129,EXACT_NIB,1.0
3707043737514,C004754,3707043737514,EXACT_NIB,1.0
6009749091261,C003245,6009749091261,EXACT_NIB,1.0
9656084695449,C001471,9656084695449,EXACT_NIB,1.0
0824198577873,C001263,0824198577873,EXACT_NIB,1.0
1877497895352,C004683,1877497895352,EXACT_NIB,1.0
4387243088486,C002910,4387243088486,EXACT_NIB,1.0
7579015508806,C004312,7579015508806,EXACT_NIB,1.0
4768098568350,C001312,4768098568350,EXACT_NIB,1.0
2950336936834,C003087,2950336936834,EXACT_NIB,1.0
4930966634916,C000573,4930966634916,EXACT_NIB,1.0
2331931210811,C001703,2331931210811,EXACT_NIB,1.0
6870666884331,C000659,6870666884331,EXACT_NIB,1.0
5439346989847,C000377,5439346989847,EXACT_NIB,1.0
3584962003230,C002874,3584962003230,EXACT_NIB,1.0
5505181761426,C002102,5505181761426,EXACT_NIB,1.0
7531779105372,C003104,7531779105372,EXACT_NIB,1.0
0024201277606,C001006,0024201277606,EXACT_NIB,1.0
4842172742194,C003105,4842172742194,EXACT_NIB,1.0
4989912638279,C003277,4989912638279,EXACT_NIB,1.0
8703824298527,C000767,8703824298527,EXACT_NIB,1.0
9659131101522,C003181,9659131101522,EXACT_NIB,1.0
8660882323511,C001570,8660882323511,EXACT_NIB,1.0
8101324707308,C000214,8101324707308,EXACT_NIB,1.0
1733016548765,C004435,1733016548765,EXACT_NIB,1.0
4213601714722,C001270,4213601714722,EXACT_NIB,1.0
7961990979896,C004388,7961990979896,EXACT_NIB,1.0
9167165670986,C002553,9167165670986,EXACT_NIB,1.0
7940154150689,C001842,7940154150689,EXACT_NIB,1.0
1395700168451,C003204,1395700168451,EXACT_NIB,1.0
7604096262922,C004527,7604096262922,EXACT_NIB,1.0
2720667549059,C001698,2720667549059,EXACT_NIB,1.0
0682948170496,C000933,0682948170496,EXACT_NIB,1.0
2028882397970,C001151,2028882397970,EXACT_NIB,1.0
0993210367400,C000699,0993210367400,EXACT_NIB,1.0
1803430714883,C002028,1803430714883,EXACT_NIB,1.0
8846748223286,C001965,8846748223286,EXACT_NIB,1.0
8840661245011,C004415,8840661245011,EXACT_NIB,1.0
1096926216847,C002814,1096926216847,EXACT_NIB,1.0
5405686429617,C001832,5405686429617,EXACT_NIB,1.0
6203744571991,C001737,6203744571991,EXACT_NIB,1.0
1366492907038,C003903,1366492907038,EXACT_NIB,1.0
9222571640048,C004697,9222571640048,EXACT_NIB,1.0
8012063357599,C001260,8012063357599,EXACT_NIB,1.0
6749134816940,C002315,6749134816940,EXACT_NIB,1.0
2146100498359,C003099,2146100498359,EXACT_NIB,1.0
5451364029422,C003658,5451364029422,EXACT_NIB,1.0
9959241971665,C001079,9959241971665,EXACT_NIB,1.0
2538361449179,C003991,2538361449179,EXACT_NIB,1.0
0702153845035,C003415,0702153845035,EXACT_NIB,1.0
1243466629136,C003771,1243466629136,EXACT_NIB,1.0
3353336941751,C001926,3353336941751,EXACT_NIB,1.0
6861235879050,C004895,6861235879050,EXACT_NIB,1.0
6673139628633,C003201,6673139628633,EXACT_NIB,1.0
3939427282881,C001442,3939427282881,EXACT_NIB,1.0
0648133578299,C004693,0648133578299,EXACT_NIB,1.0
3960626382391,C001096,3960626382391,EXACT_NIB,1.0
0318686592799,C003785,0318686592799,EXACT_NIB,1.0
5911994136447,C002304,5911994136447,EXACT_NIB,1.0
8231961725882,C002367,8231961725882,EXACT_NIB,1.0
0899512174475,C000230,0899512174475,EXACT_NIB,1.0
1250682120358,C003688,1250682120358,EXACT_NIB,1.0
5589723591998,C000348,5589723591998,EXACT_NIB,1.0
5422054872912,C001051,5422054872912,EXACT_NIB,1.0
1662156748637,C002234,1662156748637,EXACT_NIB,1.0
7175840531886,C003987,7175840531886,EXACT_NIB,1.0
0341058828703,C000375,0341058828703,EXACT_NIB,1.0
4071253461155,C000766,4071253461155,EXACT_NIB,1.0
0839531169515,C001053,0839531169515,EXACT_NIB,1.0
6708060605064,C000139,6708060605064,EXACT_NIB,1.0
4389353173246,C003509,4389353173246,EXACT_NIB,1.0
9265835273839,C001365,9265835273839,EXACT_NIB,1.0
0931957996591,C001636,0931957996591,EXACT_NIB,1.0
4578449023077,C004274,4578449023077,EXACT_NIB,1.0
9108189813780,C001385,9108189813780,EXACT_NIB,1.0
2567211951109,C000954,2567211951109,EXACT_NIB,1.0
0008888764143,C000317,0008888764143,EXACT_NIB,1.0
3548810732761,C000428,3548810732761,EXACT_NIB,1.0
3759335851514,C000754,3759335851514,EXACT_NIB,1.0
7769673254966,C001632,7769673254966,EXACT_NIB,1.0
0166296682734,C002369,0166296682734,EXACT_NIB,1.0
3304421795348,C000764,3304421795348,EXACT_NIB,1.0
4163166417000,C004708,4163166417000,EXACT_NIB,1.0
0580856902891,C000486,0580856902891,EXACT_NIB,1.0
6015008585491,C003355,6015008585491,EXACT_NIB,1.0
6240466101061,C000036,6240466101061,EXACT_NIB,1.0
6145018187850,C004293,6145018187850,EXACT_NIB,1.0
6189124152121,C004500,6189124152121,EXACT_NIB,1.0
8979573775641,C002379,8979573775641,EXACT_NIB,1.0
9413309845522,C001054,9413309845522,EXACT_NIB,1.0
3255861333305,C003058,3255861333305,EXACT_NIB,1.0
8213522111189,C000707,8213522111189,EXACT_NIB,1.0
3891986020828,C000427,3891986020828,EXACT_NIB,1.0
5880588779680,C003732,5880588779680,EXACT_NIB,1.0
9864840927029,C001913,9864840927029,EXACT_NIB,1.0
3639159658668,C003891,3639159658668,EXACT_NIB,1.0
3263345708117,C003166,3263345708117,EXACT_NIB,1.0
0895710706114,C004290,0895710706114,EXACT_NIB,1.0
2295094436048,C003440,2295094436048,EXACT_NIB,1.0
6826369008973,C001893,6826369008973,EXACT_NIB,1.0
0970555013334,C002329,0970555013334,EXACT_NIB,1.0
3402610158526,C003813,3402610158526,EXACT_NIB,1.0
2054201186682,C000118,2054201186682,EXACT_NIB,1.0
8271513194828,C002268,8271513194828,EXACT_NIB,1.0
7274793198071,C003472,7274793198071,EXACT_NIB,1.0
9770414588613,C004923,9770414588613,EXACT_NIB,1.0
4840042109979,C000409,4840042109979,EXACT_NIB,1.0
9927836079890,C004930,9927836079890,EXACT_NIB,1.0
0624083195264,C000987,0624083195264,EXACT_NIB,1.0
4388013724928,C001387,4388013724928,EXACT_NIB,1.0
3751220721598,C004663,3751220721598,EXACT_NIB,1.0
1337800684096,C003616,1337800684096,EXACT_NIB,1.0
0082244913061,C004539,0082244913061,EXACT_NIB,1.0
4151182224132,C002306,4151182224132,EXACT_NIB,1.0
2858142735022,C004513,2858142735022,EXACT_NIB,1.0
3167014104882,C003609,3167014104882,EXACT_NIB,1.0
2939725205656,C002441,2939725205656,EXACT_NIB,1.0
1305972533249,C003845,1305972533249,EXACT_NIB,1.0
0228540402616,C001464,0228540402616,EXACT_NIB,1.0
0604598278147,C002821,0604598278147,EXACT_NIB,1.0
5334533843092,C002213,5334533843092,EXACT_NIB,1.0
4598034405856,C004655,4598034405856,EXACT_NIB,1.0
8828105925121,C001086,8828105925121,EXACT_NIB,1.0
5636300433590,C000492,5636300433590,EXACT_NIB,1.0
7359283962577,C000582,7359283962577,EXACT_NIB,1.0
3655861711069,C001250,3655861711069,EXACT_NIB,1.0
2851562837947,C004528,2851562837947,EXACT_NIB,1.0
7605345035816,C001556,7605345035816,EXACT_NIB,1.0
5764603632428,C002740,5764603632428,EXACT_NIB,1.0
0261234945724,C004328,0261234945724,EXACT_NIB,1.0
5781833807033,C002976,5781833807033,EXACT_NIB,1.0
0308975863804,C000484,0308975863804,EXACT_NIB,1.0
5396104808805,C003327,5396104808805,EXACT_NIB,1.0
8713899279354,C002052,8713899279354,EXACT_NIB,1.0
2614578245663,C000219,2614578245663,EXACT_NIB,1.0
5621343357120,C002693,5621343357120,EXACT_NIB,1.0
8702456453107,C000603,8702456453107,EXACT_NIB,1.0
9345716156336,C003734,9345716156336,EXACT_NIB,1.0
7268473081690,C001507,7268473081690,EXACT_NIB,1.0
4851168839211,C003928,4851168839211,EXACT_NIB,1.0
7668293007370,C000730,7668293007370,EXACT_NIB,1.0
5704455428358,C002029,5704455428358,EXACT_NIB,1.0
4898301860807,C000328,4898301860807,EXACT_NIB,1.0
2709839654894,C001552,2709839654894,EXACT_NIB,1.0
6780478054452,C003271,6780478054452,EXACT_NIB,1.0
8931058768694,C003217,8931058768694,EXACT_NIB,1.0
6736032112458,C001614,6736032112458,EXACT_NIB,1.0
3276289082371,C001872,3276289082371,EXACT_NIB,1.0
2243758116259,C001143,2243758116259,EXACT_NIB,1.0
0159380962786,C003777,0159380962786,EXACT_NIB,1.0
8358897435408,C004824,8358897435408,EXACT_NIB,1.0
7567538668814,C000974,7567538668814,EXACT_NIB,1.0
6408194448902,C000741,6408194448902,EXACT_NIB,1.0
8644829612052,C000362,8644829612052,EXACT_NIB,1.0
6654566703707,C002124,6654566703707,EXACT_NIB,1.0
4371171856911,C004230,4371171856911,EXACT_NIB,1.0
3937840871957,C003904,3937840871957,EXACT_NIB,1.0
0656859003708,C002593,0656859003708,EXACT_NIB,1.0
8376231470126,C004707,8376231470126,EXACT_NIB,1.0
0342148763029,C001822,0342148763029,EXACT_NIB,1.0
1987813391723,C003418,1987813391723,EXACT_NIB,1.0
5544054755324,C002423,5544054755324,EXACT_NIB,1.0
4579427537373,C004550,4579427537373,EXACT_NIB,1.0
0695143692009,C003864,0695143692009,EXACT_NIB,1.0
8953897064013,C000378,8953897064013,EXACT_NIB,1.0
5159490603562,C002944,5159490603562,EXACT_NIB,1.0
9537281774089,C002024,9537281774089,EXACT_NIB,1.0
6433982883670,C004441,6433982883670,EXACT_NIB,1.0
1658413009322,C004066,1658413009322,EXACT_NIB,1.0
4102829638026,C000599,4102829638026,EXACT_NIB,1.0
8177292578363,C001187,8177292578363,EXACT_NIB,1.0
6521010745205,C000985,6521010745205,EXACT_NIB,1.0
1150412250112,C002757,1150412250112,EXACT_NIB,1.0
8817561095834,C004062,8817561095834,EXACT_NIB,1.0
9052334750917,C004659,9052334750917,EXACT_NIB,1.0
1185577170775,C003550,1185577170775,EXACT_NIB,1.0
0735386828159,C000774,0735386828159,EXACT_NIB,1.0
4755074814443,C004384,4755074814443,EXACT_NIB,1.0
8138334941552,C003330,8138334941552,EXACT_NIB,1.0
6160013113787,C000504,6160013113787,EXACT_NIB,1.0
7725840090625,C003347,7725840090625,EXACT_NIB,1.0
2552889737840,C001125,2552889737840,EXACT_NIB,1.0
9730905330192,C002498,9730905330192,EXACT_NIB,1.0
4471565037150,C003294,4471565037150,EXACT_NIB,1.0
1526207679575,C001486,1526207679575,EXACT_NIB,1.0
6617658818837,C004695,6617658818837,EXACT_NIB,1.0
3917826408344,C003569,3917826408344,EXACT_NIB,1.0
6635790381868,C000923,6635790381868,EXACT_NIB,1.0
8404291037497,C001320,8404291037497,EXACT_NIB,1.0
5572131913968,C002424,5572131913968,EXACT_NIB,1.0
1135033668949,C004599,1135033668949,EXACT_NIB,1.0
4442839632470,C002141,4442839632470,EXACT_NIB,1.0
1680806824239,C000282,1680806824239,EXACT_NIB,1.0
5990588419482,C002825,5990588419482,EXACT_NIB,1.0
6169384738106,C001713,6169384738106,EXACT_NIB,1.0
4054649859017,C000577,4054649859017,EXACT_NIB,1.0
4127701533879,C000724,4127701533879,EXACT_NIB,1.0
7222647283334,C004706,7222647283334,EXACT_NIB,1.0
5834417309818,C003708,5834417309818,EXACT_NIB,1.0
9752288320939,C000052,9752288320939,EXACT_NIB,1.0
4944442973726,C001305,4944442973726,EXACT_NIB,1.0
3785139311653,C003182,3785139311653,EXACT_NIB,1.0
7159183333562,C002912,7159183333562,EXACT_NIB,1.0
0732022017382,C002901,0732022017382,EXACT_NIB,1.0
9110298493835,C004438,9110298493835,EXACT_NIB,1.0
3201306533239,C000291,3201306533239,EXACT_NIB,1.0
6446592396597,C002890,6446592396597,EXACT_NIB,1.0
2361601097289,C000120,2361601097289,EXACT_NIB,1.0
9784970420977,C004078,9784970420977,EXACT_NIB,1.0
4223653271472,C002046,4223653271472,EXACT_NIB,1.0
4483174936016,C000498,4483174936016,EXACT_NIB,1.0
5758483639170,C001510,5758483639170,EXACT_NIB,1.0
3586234223422,C003866,3586234223422,EXACT_NIB,1.0
7760612517434,C002109,7760612517434,EXACT_NIB,1.0
0268748511766,C002822,0268748511766,EXACT_NIB,1.0
9265902827746,C000278,9265902827746,EXACT_NIB,1.0
8200137683528,C003927,8200137683528,EXACT_NIB,1.0
0572677983002,C002761,0572677983002,EXACT_NIB,1.0
0532388409955,C001764,0532388409955,EXACT_NIB,1.0
4152387787000,C004184,4152387787000,EXACT_NIB,1.0
8031697607904,C000816,8031697607904,EXACT_NIB,1.0
1615902879826,C003048,1615902879826,EXACT_NIB,1.0
0890660363409,C004749,0890660363409,EXACT_NIB,1.0
5280433264445,C003006,5280433264445,EXACT_NIB,1.0
1567407949179,C004207,1567407949179,EXACT_NIB,1.0
2248971470675,C001334,2248971470675,EXACT_NIB,1.0
6470486016561,C000011,6470486016561,EXACT_NIB,1.0
8026142284746,C004204,8026142284746,EXACT_NIB,1.0
6358002729171,C003622,6358002729171,EXACT_NIB,1.0
2631349460781,C003060,2631349460781,EXACT_NIB,1.0
1423115479704,C002818,1423115479704,EXACT_NIB,1.0
3009201887069,C001562,3009201887069,EXACT_NIB,1.0
3400267161727,C003880,3400267161727,EXACT_NIB,1.0
9814218592930,C002344,9814218592930,EXACT_NIB,1.0
1857001092073,C001927,1857001092073,EXACT_NIB,1.0
1386517673727,C002565,1386517673727,EXACT_NIB,1.0
1009991299824,C001896,1009991299824,EXACT_NIB,1.0
0912045938795,C000943,0912045938795,EXACT_NIB,1.0
6230037363757,C003397,6230037363757,EXACT_NIB,1.0
6689742757148,C000719,6689742757148,EXACT_NIB,1.0
1586684927254,C004023,1586684927254,EXACT_NIB,1.0
1229439715010,C000049,1229439715010,EXACT_NIB,1.0
4919283249511,C001809,4919283249511,EXACT_NIB,1.0
0684642873457,C004875,0684642873457,EXACT_NIB,1.0
2904608467407,C000745,2904608467407,EXACT_NIB,1.0
1527711527507,C001938,1527711527507,EXACT_NIB,1.0
2362819799111,C004277,2362819799111,EXACT_NIB,1.0
8162667141682,C004505,8162667141682,EXACT_NIB,1.0
2151970962731,C000284,2151970962731,EXACT_NIB,1.0
4054851206126,C002324,4054851206126,EXACT_NIB,1.0
9278125983399,C003985,9278125983399,EXACT_NIB,1.0
6109128277565,C003254,6109128277565,EXACT_NIB,1.0
6773014235279,C004261,6773014235279,EXACT_NIB,1.0
4860564131066,C002182,4860564131066,EXACT_NIB,1.0
6099014806810,C001155,6099014806810,EXACT_NIB,1.0
5054322602784,C001302,5054322602784,EXACT_NIB,1.0
0230710564006,C002360,0230710564006,EXACT_NIB,1.0
7415507576449,C000869,7415507576449,EXACT_NIB,1.0
4519160022265,C001669,4519160022265,EXACT_NIB,1.0
1480896586146,C004892,1480896586146,EXACT_NIB,1.0
2876704447186,C000131,2876704447186,EXACT_NIB,1.0
3557142709319,C000155,3557142709319,EXACT_NIB,1.0
6620685660902,C001738,6620685660902,EXACT_NIB,1.0
5542771410452,C001226,5542771410452,EXACT_NIB,1.0
8546413728112,C000598,8546413728112,EXACT_NIB,1.0
8599752657005,C000414,8599752657005,EXACT_NIB,1.0
6293956136151,C000313,6293956136151,EXACT_NIB,1.0
6469145785909,C001331,6469145785909,EXACT_NIB,1.0
6625103153087,C000222,6625103153087,EXACT_NIB,1.0
7064108091072,C000944,7064108091072,EXACT_NIB,1.0
3434917100357,C001303,3434917100357,EXACT_NIB,1.0
0685399286369,C000938,0685399286369,EXACT_NIB,1.0
0643305406965,C003630,0643305406965,EXACT_NIB,1.0
2241177155367,C000496,2241177155367,EXACT_NIB,1.0
6099707399551,C002897,6099707399551,EXACT_NIB,1.0
7567453770964,C002804,7567453770964,EXACT_NIB,1.0
1442381454032,C003760,1442381454032,EXACT_NIB,1.0
6604009893687,C001111,6604009893687,EXACT_NIB,1.0
2537742267164,C003683,2537742267164,EXACT_NIB,1.0
5558859918903,C003976,5558859918903,EXACT_NIB,1.0
1308321216176,C004175,1308321216176,EXACT_NIB,1.0
8331265281007,C001519,8331265281007,EXACT_NIB,1.0
3800866658153,C003069,3800866658153,EXACT_NIB,1.0
5920548885073,C004557,5920548885073,EXACT_NIB,1.0
0996627250701,C000326,0996627250701,EXACT_NIB,1.0
5993178587873,C000251,5993178587873,EXACT_NIB,1.0
7967280367199,C002923,7967280367199,EXACT_NIB,1.0
9708340626295,C004680,9708340626295,EXACT_NIB,1.0
1883680898809,C002829,1883680898809,EXACT_NIB,1.0
3912552500308,C000173,3912552500308,EXACT_NIB,1.0
3321583630392,C000880,3321583630392,EXACT_NIB,1.0
8833628175060,C000476,8833628175060,EXACT_NIB,1.0
4296730746863,C003474,4296730746863,EXACT_NIB,1.0
1765589882391,C003054,1765589882391,EXACT_NIB,1.0
3167290037247,C000899,3167290037247,EXACT_NIB,1.0
3030783716429,C003028,3030783716429,EXACT_NIB,1.0
7781289332345,C002796,7781289332345,EXACT_NIB,1.0
7656570762141,C000888,7656570762141,EXACT_NIB,1.0
1064558200941,C002842,1064558200941,EXACT_NIB,1.0
0387983232367,C001436,0387983232367,EXACT_NIB,1.0
5881215552489,C000212,5881215552489,EXACT_NIB,1.0
0411212610906,C000623,0411212610906,EXACT_NIB,1.0
9316393483557,C001252,9316393483557,EXACT_NIB,1.0
9643224696318,C001714,9643224696318,EXACT_NIB,1.0
0048240152173,C004329,0048240152173,EXACT_NIB,1.0
7281885840734,C002915,7281885840734,EXACT_NIB,1.0
7589701542270,C001015,7589701542270,EXACT_NIB,1.0
9089643538201,C002256,9089643538201,EXACT_NIB,1.0
1270736620627,C004305,1270736620627,EXACT_NIB,1.0
8112005655530,C001616,8112005655530,EXACT_NIB,1.0
0759335924238,C003545,0759335924238,EXACT_NIB,1.0
1868938395434,C003072,1868938395434,EXACT_NIB,1.0
8704919318732,C004240,8704919318732,EXACT_NIB,1.0
9389833337873,C002238,9389833337873,EXACT_NIB,1.0
8059515567464,C003692,8059515567464,EXACT_NIB,1.0
0428048919294,C003326,0428048919294,EXACT_NIB,1.0
1303760491917,C001876,1303760491917,EXACT_NIB,1.0
0622557841903,C003001,0622557841903,EXACT_NIB,1.0
0534749230810,C001286,0534749230810,EXACT_NIB,1.0
2674533962599,C001046,2674533962599,EXACT_NIB,1.0
2263861716813,C001364,2263861716813,EXACT_NIB,1.0
0357835421135,C002608,0357835421135,EXACT_NIB,1.0
1522791107465,C003755,1522791107465,EXACT_NIB,1.0
0420422470428,C003753,0420422470428,EXACT_NIB,1.0
0858752193269,C004737,0858752193269,EXACT_NIB,1.0
5835717862089,C004083,5835717862089,EXACT_NIB,1.0
6890175017754,C004792,6890175017754,EXACT_NIB,1.0
0968012003908,C004921,0968012003908,EXACT_NIB,1.0
0888850372193,C002054,0888850372193,EXACT_NIB,1.0
2087384322156,C001551,2087384322156,EXACT_NIB,1.0
5474329955755,C002251,5474329955755,EXACT_NIB,1.0
4432979202221,C002091,4432979202221,EXACT_NIB,1.0
2061084106977,C004369,2061084106977,EXACT_NIB,1.0
8572280436917,C004581,8572280436917,EXACT_NIB,1.0
1745527537004,C004520,1745527537004,EXACT_NIB,1.0
7703893136490,C002549,7703893136490,EXACT_NIB,1.0
5405744870381,C002357,5405744870381,EXACT_NIB,1.0
3736230576207,C003118,3736230576207,EXACT_NIB,1.0
8625395639487,C004214,8625395639487,EXACT_NIB,1.0
4483041054589,C004692,4483041054589,EXACT_NIB,1.0
0734571071780,C000305,0734571071780,EXACT_NIB,1.0
2020765796675,C004551,2020765796675,EXACT_NIB,1.0
9663786120459,C004044,9663786120459,EXACT_NIB,1.0
9251911556529,C004289,9251911556529,EXACT_NIB,1.0
9338395027862,C004724,9338395027862,EXACT_NIB,1.0
8514120119067,C004260,8514120119067,EXACT_NIB,1.0
4973840081105,C002848,4973840081105,EXACT_NIB,1.0
6453383733107,C000773,6453383733107,EXACT_NIB,1.0
4144127579880,C003706,4144127579880,EXACT_NIB,1.0
5546700475870,C001786,5546700475870,EXACT_NIB,1.0
1944746905792,C001392,1944746905792,EXACT_NIB,1.0
9956880859665,C000089,9956880859665,EXACT_NIB,1.0
8352627382760,C004152,8352627382760,EXACT_NIB,1.0
1980956069932,C004940,1980956069932,EXACT_NIB,1.0
7311120272216,C004938,7311120272216,EXACT_NIB,1.0
0958635469232,C004224,0958635469232,EXACT_NIB,1.0
6338912280023,C000067,6338912280023,EXACT_NIB,1.0
6713223709031,C002943,6713223709031,EXACT_NIB,1.0
2650901281848,C003641,2650901281848,EXACT_NIB,1.0
4680606561217,C000687,4680606561217,EXACT_NIB,1.0
5386689707342,C000887,5386689707342,EXACT_NIB,1.0
2056680735267,C004907,2056680735267,EXACT_NIB,1.0
6051001995009,C002880,6051001995009,EXACT_NIB,1.0
6563160328889,C001514,6563160328889,EXACT_NIB,1.0
8828082314302,C002991,8828082314302,EXACT_NIB,1.0
3467099785061,C004867,3467099785061,EXACT_NIB,1.0
8742233844461,C004033,8742233844461,EXACT_NIB,1.0
4415361451831,C003915,4415361451831,EXACT_NIB,1.0
0726076851640,C004525,0726076851640,EXACT_NIB,1.0
0729428981166,C001911,0729428981166,EXACT_NIB,1.0
5913375993345,C000594,5913375993345,EXACT_NIB,1.0
6892924768072,C003248,6892924768072,EXACT_NIB,1.0
6213606294944,C001344,6213606294944,EXACT_NIB,1.0
7511948933363,C003774,7511948933363,EXACT_NIB,1.0
4595961409774,C001847,4595961409774,EXACT_NIB,1.0
2276973057218,C004356,2276973057218,EXACT_NIB,1.0
6336409762827,C001178,6336409762827,EXACT_NIB,1.0
4077488168204,C002575,4077488168204,EXACT_NIB,1.0
2789437887242,C003226,2789437887242,EXACT_NIB,1.0
5316470594887,C001496,5316470594887,EXACT_NIB,1.0
2817108228194,C003325,2817108228194,EXACT_NIB,1.0
8845490867813,C004583,8845490867813,EXACT_NIB,1.0
8335663882822,C001494,8335663882822,EXACT_NIB,1.0
0770236810463,C000031,0770236810463,EXACT_NIB,1.0
2315218096124,C002198,2315218096124,EXACT_NIB,1.0
2738016584563,C004378,2738016584563,EXACT_NIB,1.0
4098521772962,C004392,4098521772962,EXACT_NIB,1.0
3274307667400,C001806,3274307667400,EXACT_NIB,1.0
2408476520562,C004181,2408476520562,EXACT_NIB,1.0
5826096007507,C003452,5826096007507,EXACT_NIB,1.0
8189301636842,C002824,8189301636842,EXACT_NIB,1.0
8781841476238,C002669,8781841476238,EXACT_NIB,1.0
6322802979801,C004206,6322802979801,EXACT_NIB,1.0
5376703927499,C001318,5376703927499,EXACT_NIB,1.0
0146715118888,C000177,0146715118888,EXACT_NIB,1.0
4557663940819,C003139,4557663940819,EXACT_NIB,1.0
7019246759579,C004846,7019246759579,EXACT_NIB,1.0
0817037613524,C001643,0817037613524,EXACT_NIB,1.0
7244753987920,C000376,7244753987920,EXACT_NIB,1.0
0660116558651,C002621,0660116558651,EXACT_NIB,1.0
5677213600843,C002695,5677213600843,EXACT_NIB,1.0
7872191630916,C003724,7872191630916,EXACT_NIB,1.0
0935871702005,C004538,0935871702005,EXACT_NIB,1.0
2325543349232,C003675,2325543349232,EXACT_NIB,1.0
0276904744730,C002453,0276904744730,EXACT_NIB,1.0
4533433578437,C001846,4533433578437,EXACT_NIB,1.0
5060503351163,C002877,5060503351163,EXACT_NIB,1.0
3426027322699,C002356,3426027322699,EXACT_NIB,1.0
0329284422138,C004092,0329284422138,EXACT_NIB,1.0
5603029309587,C000929,5603029309587,EXACT_NIB,1.0
1860623143874,C002323,1860623143874,EXACT_NIB,1.0
4881391420375,C004291,4881391420375,EXACT_NIB,1.0
4295337189428,C003504,4295337189428,EXACT_NIB,1.0
0888842359402,C004492,0888842359402,EXACT_NIB,1.0
6224462655615,C004645,6224462655615,EXACT_NIB,1.0
0912602870071,C002694,0912602870071,EXACT_NIB,1.0
6756765948637,C004467,6756765948637,EXACT_NIB,1.0
9364076202820,C003339,9364076202820,EXACT_NIB,1.0
1231414215825,C000396,1231414215825,EXACT_NIB,1.0
6992051034159,C003694,6992051034159,EXACT_NIB,1.0
2706077149764,C002032,2706077149764,EXACT_NIB,1.0
7921170052459,C002459,7921170052459,EXACT_NIB,1.0
4650456960628,C004389,4650456960628,EXACT_NIB,1.0
5431331127064,C002165,5431331127064,EXACT_NIB,1.0
3799161850297,C000533,3799161850297,EXACT_NIB,1.0
5174444138825,C001652,5174444138825,EXACT_NIB,1.0
6871690733821,C000510,6871690733821,EXACT_NIB,1.0
8947939836469,C000070,8947939836469,EXACT_NIB,1.0
7557270592501,C001878,7557270592501,EXACT_NIB,1.0
7887130848397,C004137,7887130848397,EXACT_NIB,1.0
9367061975003,C001766,9367061975003,EXACT_NIB,1.0
8353485842556,C002873,8353485842556,EXACT_NIB,1.0
4019395898184,C001150,4019395898184,EXACT_NIB,1.0
1228695293821,C002119,1228695293821,EXACT_NIB,1.0
9013257044148,C000721,9013257044148,EXACT_NIB,1.0
7207036798893,C002778,7207036798893,EXACT_NIB,1.0
1184487890529,C001819,1184487890529,EXACT_NIB,1.0
3130220373540,C004752,3130220373540,EXACT_NIB,1.0
6093371986585,C001781,6093371986585,EXACT_NIB,1.0
0615250191779,C004644,0615250191779,EXACT_NIB,1.0
0177591748909,C002951,0177591748909,EXACT_NIB,1.0
0660579652739,C004296,0660579652739,EXACT_NIB,1.0
0162444516961,C003366,0162444516961,EXACT_NIB,1.0
2743939191654,C003198,2743939191654,EXACT_NIB,1.0
0725093330206,C002892,0725093330206,EXACT_NIB,1.0
5752326610382,C002930,5752326610382,EXACT_NIB,1.0
6919575941904,C001189,6919575941904,EXACT_NIB,1.0
8666118700749,C001667,8666118700749,EXACT_NIB,1.0
7752163592444,C001295,7752163592444,EXACT_NIB,1.0
7514258074221,C003192,7514258074221,EXACT_NIB,1.0
3291420417939,C002265,3291420417939,EXACT_NIB,1.0
9033313936057,C001709,9033313936057,EXACT_NIB,1.0
6582630161803,C001651,6582630161803,EXACT_NIB,1.0
8277179567858,C004189,8277179567858,EXACT_NIB,1.0
5743759824813,C000703,5743759824813,EXACT_NIB,1.0
5264071491310,C003601,5264071491310,EXACT_NIB,1.0
0903826512947,C000975,0903826512947,EXACT_NIB,1.0
9122276158425,C002374,9122276158425,EXACT_NIB,1.0
3297570340971,C000608,3297570340971,EXACT_NIB,1.0
1873178529764,C000178,1873178529764,EXACT_NIB,1.0
5869274290039,C000525,5869274290039,EXACT_NIB,1.0
8737480521702,C002082,8737480521702,EXACT_NIB,1.0
1077196767416,C004040,1077196767416,EXACT_NIB,1.0
9886453868451,C001855,9886453868451,EXACT_NIB,1.0
1783211268186,C002381,1783211268186,EXACT_NIB,1.0
6882634242359,C001782,6882634242359,EXACT_NIB,1.0
2586182114084,C001790,2586182114084,EXACT_NIB,1.0
2757332006119,C003865,2757332006119,EXACT_NIB,1.0
3584596383846,C004174,3584596383846,EXACT_NIB,1.0
0475104242584,C002678,0475104242584,EXACT_NIB,1.0
4994084772797,C004164,4994084772797,EXACT_NIB,1.0
0879817361885,C000358,0879817361885,EXACT_NIB,1.0
1770690533701,C000391,1770690533701,EXACT_NIB,1.0
6905452190926,C002765,6905452190926,EXACT_NIB,1.0
5468002209764,C004279,5468002209764,EXACT_NIB,1.0
4233412834370,C000641,4233412834370,EXACT_NIB,1.0
8481172251257,C002157,8481172251257,EXACT_NIB,1.0
9493506177238,C003287,9493506177238,EXACT_NIB,1.0
0320224017328,C004787,0320224017328,EXACT_NIB,1.0
9404378141195,C002229,9404378141195,EXACT_NIB,1.0
7239532791823,C002995,7239532791823,EXACT_NIB,1.0
4423352156023,C001213,4423352156023,EXACT_NIB,1.0
5137035979780,C002085,5137035979780,EXACT_NIB,1.0
9957202035210,C002558,9957202035210,EXACT_NIB,1.0
3492352493710,C003317,3492352493710,EXACT_NIB,1.0
4039762118806,C004343,4039762118806,EXACT_NIB,1.0
4185016641509,C002567,4185016641509,EXACT_NIB,1.0
2931493928223,C001928,2931493928223,EXACT_NIB,1.0
3916527730872,C001992,3916527730872,EXACT_NIB,1.0
6765172775329,C002905,6765172775329,EXACT_NIB,1.0
9038240309228,C000748,9038240309228,EXACT_NIB,1.0
8049406644651,C003396,8049406644651,EXACT_NIB,1.0
8445507429828,C003218,8445507429828,EXACT_NIB,1.0
6897790364964,C000918,6897790364964,EXACT_NIB,1.0
7934859635722,C003805,7934859635722,EXACT_NIB,1.0
5810015447512,C004504,5810015447512,EXACT_NIB,1.0
3287078961783,C001362,3287078961783,EXACT_NIB,1.0
2601754269883,C000077,2601754269883,EXACT_NIB,1.0
0618456727857,C001491,0618456727857,EXACT_NIB,1.0
7651502186459,C003106,7651502186459,EXACT_NIB,1.0
8540303253555,C001807,8540303253555,EXACT_NIB,1.0
2092259739670,C001332,2092259739670,EXACT_NIB,1.0
2239724843960,C002631,2239724843960,EXACT_NIB,1.0
7993246964928,C002063,7993246964928,EXACT_NIB,1.0
3005476424944,C001704,3005476424944,EXACT_NIB,1.0
9178272972136,C002792,9178272972136,EXACT_NIB,1.0
7793864047042,C004357,7793864047042,EXACT_NIB,1.0
1226941535431,C003831,1226941535431,EXACT_NIB,1.0
9322408407493,C004386,9322408407493,EXACT_NIB,1.0
0322760392191,C004034,0322760392191,EXACT_NIB,1.0
6318058309769,C002354,6318058309769,EXACT_NIB,1.0
9377533594095,C004233,9377533594095,EXACT_NIB,1.0
4433890254712,C002990,4433890254712,EXACT_NIB,1.0
6892685512701,C001547,6892685512701,EXACT_NIB,1.0
5414238614509,C004057,5414238614509,EXACT_NIB,1.0
6344556582476,C000762,6344556582476,EXACT_NIB,1.0
0600268496777,C002349,0600268496777,EXACT_NIB,1.0
7943193667116,C001954,7943193667116,EXACT_NIB,1.0
7593727513158,C004130,7593727513158,EXACT_NIB,1.0
8506967206474,C003441,8506967206474,EXACT_NIB,1.0
1600804435835,C000986,1600804435835,EXACT_NIB,1.0
4530073415274,C004222,4530073415274,EXACT_NIB,1.0
8753741260026,C003568,8753741260026,EXACT_NIB,1.0
8878202825365,C002642,8878202825365,EXACT_NIB,1.0
4765848854762,C000627,4765848854762,EXACT_NIB,1.0
1976174326417,C000135,1976174326417,EXACT_NIB,1.0
0910102639001,C000044,0910102639001,EXACT_NIB,1.0
0771872970345,C004313,0771872970345,EXACT_NIB,1.0
9742257798304,C003269,9742257798304,EXACT_NIB,1.0
8682267235611,C002081,8682267235611,EXACT_NIB,1.0
3184446904883,C001567,3184446904883,EXACT_NIB,1.0
4065002356414,C002666,4065002356414,EXACT_NIB,1.0
3718349799229,C002855,3718349799229,EXACT_NIB,1.0
9217696038347,C003398,9217696038347,EXACT_NIB,1.0
0350907861140,C002302,0350907861140,EXACT_NIB,1.0
1766027912615,C002036,1766027912615,EXACT_NIB,1.0
5084342112182,C002279,5084342112182,EXACT_NIB,1.0
1259543244392,C000818,1259543244392,EXACT_NIB,1.0
1672336935107,C003859,1672336935107,EXACT_NIB,1.0
0946174556378,C003798,0946174556378,EXACT_NIB,1.0
1299262361815,C002431,1299262361815,EXACT_NIB,1.0
7552303350123,C000648,7552303350123,EXACT_NIB,1.0
2212151108809,C003956,2212151108809,EXACT_NIB,1.0
0814528606892,C001541,0814528606892,EXACT_NIB,1.0
9897639160076,C002047,9897639160076,EXACT_NIB,1.0
3541678530445,C003781,3541678530445,EXACT_NIB,1.0
8511274816269,C001873,8511274816269,EXACT_NIB,1.0
9746563825690,C004601,9746563825690,EXACT_NIB,1.0
4028993650031,C003374,4028993650031,EXACT_NIB,1.0
8557797484085,C003445,8557797484085,EXACT_NIB,1.0
9967282419786,C001981,9967282419786,EXACT_NIB,1.0
1954157176269,C002619,1954157176269,EXACT_NIB,1.0
5998314309953,C004071,5998314309953,EXACT_NIB,1.0
3880671917425,C000760,3880671917425,EXACT_NIB,1.0
5240975861393,C002232,5240975861393,EXACT_NIB,1.0
0060307984363,C001595,0060307984363,EXACT_NIB,1.0
4869384137078,C000043,4869384137078,EXACT_NIB,1.0
0682179764670,C004171,0682179764670,EXACT_NIB,1.0
9042326634564,C001814,9042326634564,EXACT_NIB,1.0
3952076435932,C004652,3952076435932,EXACT_NIB,1.0
6214598484716,C001884,6214598484716,EXACT_NIB,1.0
4155014570040,C001609,4155014570040,EXACT_NIB,1.0
8395570160161,C001865,8395570160161,EXACT_NIB,1.0
2065999544080,C004635,2065999544080,EXACT_NIB,1.0
9772518833895,C000124,9772518833895,EXACT_NIB,1.0
7075545388223,C003773,7075545388223,EXACT_NIB,1.0
0759876807981,C002805,0759876807981,EXACT_NIB,1.0
3458723636285,C003826,3458723636285,EXACT_NIB,1.0
8688050745115,C000144,8688050745115,EXACT_NIB,1.0
2814617270189,C002700,2814617270189,EXACT_NIB,1.0
8844879493173,C002469,8844879493173,EXACT_NIB,1.0
8569328743420,C004872,8569328743420,EXACT_NIB,1.0
7350926925261,C000340,7350926925261,EXACT_NIB,1.0
1399923239874,C000288,1399923239874,EXACT_NIB,1.0
6442070771359,C002911,6442070771359,EXACT_NIB,1.0
0126257489466,C002546,0126257489466,EXACT_NIB,1.0
8250851154947,C003944,8250851154947,EXACT_NIB,1.0
2880326029748,C004460,2880326029748,EXACT_NIB,1.0
7611097630286,C002715,7611097630286,EXACT_NIB,1.0
8823855151093,C004350,8823855151093,EXACT_NIB,1.0
2746001115663,C002566,2746001115663,EXACT_NIB,1.0
3812401476696,C004933,3812401476696,EXACT_NIB,1.0
1735599717772,C002528,1735599717772,EXACT_NIB,1.0
7972808937259,C003084,7972808937259,EXACT_NIB,1.0
0703646576105,C001194,0703646576105,EXACT_NIB,1.0
0152607486993,C000202,0152607486993,EXACT_NIB,1.0
1444503231248,C000828,1444503231248,EXACT_NIB,1.0
9654582737204,C000315,9654582737204,EXACT_NIB,1.0
0060670876240,C003603,0060670876240,EXACT_NIB,1.0
9257026721825,C003402,9257026721825,EXACT_NIB,1.0
7869036184396,C002627,7869036184396,EXACT_NIB,1.0
3003056441589,C003532,3003056441589,EXACT_NIB,1.0
3902157320836,C004672,3902157320836,EXACT_NIB,1.0
9820481611336,C003818,9820481611336,EXACT_NIB,1.0
3026698032739,C000184,3026698032739,EXACT_NIB,1.0
2839175673508,C000513,2839175673508,EXACT_NIB,1.0
4882418335672,C002048,4882418335672,EXACT_NIB,1.0
2089580901517,C004686,2089580901517,EXACT_NIB,1.0
8941523598202,C004555,8941523598202,EXACT_NIB,1.0
2343666479846,C001147,2343666479846,EXACT_NIB,1.0
6509603075856,C004373,6509603075856,EXACT_NIB,1.0
7634339971236,C001245,7634339971236,EXACT_NIB,1.0
8716699341055,C001529,8716699341055,EXACT_NIB,1.0
7171375648671,C001324,7171375648671,EXACT_NIB,1.0
0025188281602,C004511,0025188281602,EXACT_NIB,1.0
0922893709972,C000875,0922893709972,EXACT_NIB,1.0
0622417486006,C002003,0622417486006,EXACT_NIB,1.0
9312483827906,C000629,9312483827906,EXACT_NIB,1.0
6162523081973,C000119,6162523081973,EXACT_NIB,1.0
0673889076131,C002413,0673889076131,EXACT_NIB,1.0
6788695127057,C001218,6788695127057,EXACT_NIB,1.0
1080092821038,C001580,1080092821038,EXACT_NIB,1.0
6242955538709,C004712,6242955538709,EXACT_NIB,1.0
1587544963242,C001779,1587544963242,EXACT_NIB,1.0
0430241935080,C004626,0430241935080,EXACT_NIB,1.0
1342881514739,C000878,1342881514739,EXACT_NIB,1.0
1816282613624,C003310,1816282613624,EXACT_NIB,1.0
0554632182700,C000833,0554632182700,EXACT_NIB,1.0
0779898962867,C001210,0779898962867,EXACT_NIB,1.0
2525580315395,C003127,2525580315395,EXACT_NIB,1.0
1926219731457,C000959,1926219731457,EXACT_NIB,1.0
0810745254861,C001984,0810745254861,EXACT_NIB,1.0
6154710578703,C004893,6154710578703,EXACT_NIB,1.0
6063287988159,C001642,6063287988159,EXACT_NIB,1.0
0823509688883,C002220,0823509688883,EXACT_NIB,1.0
2594283981121,C004220,2594283981121,EXACT_NIB,1.0
7322917123209,C004412,7322917123209,EXACT_NIB,1.0
0665693009038,C004782,0665693009038,EXACT_NIB,1.0
4304714272051,C001604,4304714272051,EXACT_NIB,1.0
2561962326862,C002591,2561962326862,EXACT_NIB,1.0
4831034469430,C001182,4831034469430,EXACT_NIB,1.0
6294420520306,C004553,6294420520306,EXACT_NIB,1.0
2962584707217,C004798,2962584707217,EXACT_NIB,1.0
0733973510909,C001138,0733973510909,EXACT_NIB,1.0
8607177545075,C003793,8607177545075,EXACT_NIB,1.0
8859787191392,C000881,8859787191392,EXACT_NIB,1.0
7979389269481,C001265,7979389269481,EXACT_NIB,1.0
0421431665189,C001797,0421431665189,EXACT_NIB,1.0
8332621003858,C004374,8332621003858,EXACT_NIB,1.0
6230817260761,C002414,6230817260761,EXACT_NIB,1.0
9999499401898,C003942,9999499401898,EXACT_NIB,1.0
0229570349355,C003718,0229570349355,EXACT_NIB,1.0
1952098463477,C001918,1952098463477,EXACT_NIB,1.0
9720565227192,C001432,9720565227192,EXACT_NIB,1.0
8880697338287,C003337,8880697338287,EXACT_NIB,1.0
3699287100239,C002362,3699287100239,EXACT_NIB,1.0
1471438401154,C004506,1471438401154,EXACT_NIB,1.0
9627718698683,C003751,9627718698683,EXACT_NIB,1.0
5696826069280,C004639,5696826069280,EXACT_NIB,1.0
6002855038471,C001830,6002855038471,EXACT_NIB,1.0
0272577261958,C002784,0272577261958,EXACT_NIB,1.0
2280857623623,C002507,2280857623623,EXACT_NIB,1.0
6870880635729,C000040,6870880635729,EXACT_NIB,1.0
1271643169580,C004345,1271643169580,EXACT_NIB,1.0
2584723874848,C000005,2584723874848,EXACT_NIB,1.0
7813742141570,C002312,7813742141570,EXACT_NIB,1.0
4761494340501,C002191,4761494340501,EXACT_NIB,1.0
8972955055241,C001141,8972955055241,EXACT_NIB,1.0
3466297254835,C001453,3466297254835,EXACT_NIB,1.0
0097296782866,C001274,0097296782866,EXACT_NIB,1.0
4102301301132,C000996,4102301301132,EXACT_NIB,1.0
3481539122190,C004431,3481539122190,EXACT_NIB,1.0
4469442110670,C001906,4469442110670,EXACT_NIB,1.0
7104044646389,C000551,7104044646389,EXACT_NIB,1.0
3580541631892,C001145,3580541631892,EXACT_NIB,1.0
6748179890330,C003461,6748179890330,EXACT_NIB,1.0
4495718134102,C004912,4495718134102,EXACT_NIB,1.0
6967025891271,C004925,6967025891271,EXACT_NIB,1.0
6863185525676,C004448,6863185525676,EXACT_NIB,1.0
3405242699696,C000564,3405242699696,EXACT_NIB,1.0
0379640497038,C003009,0379640497038,EXACT_NIB,1.0
7849082456094,C001917,7849082456094,EXACT_NIB,1.0
7133844727812,C000158,7133844727812,EXACT_NIB,1.0
6607664712434,C002614,6607664712434,EXACT_NIB,1.0
3285968345116,C002457,3285968345116,EXACT_NIB,1.0
3658834996052,C002267,3658834996052,EXACT_NIB,1.0
8515869409487,C003901,8515869409487,EXACT_NIB,1.0
5806187001365,C003920,5806187001365,EXACT_NIB,1.0
3632515310430,C000904,3632515310430,EXACT_NIB,1.0
1987833330655,C003390,1987833330655,EXACT_NIB,1.0
2796177001280,C002803,2796177001280,EXACT_NIB,1.0
8354052564060,C004423,8354052564060,EXACT_NIB,1.0
5063622982250,C002819,5063622982250,EXACT_NIB,1.0
0941844462042,C000152,0941844462042,EXACT_NIB,1.0
2118082938074,C002827,2118082938074,EXACT_NIB,1.0
5673376107277,C001544,5673376107277,EXACT_NIB,1.0
7050211925058,C004815,7050211925058,EXACT_NIB,1.0
5526746934432,C002936,5526746934432,EXACT_NIB,1.0
4484000453444,C002326,4484000453444,EXACT_NIB,1.0
7720484437628,C002860,7720484437628,EXACT_NIB,1.0
9876941300871,C004148,9876941300871,EXACT_NIB,1.0
7348579494184,C002719,7348579494184,EXACT_NIB,1.0
9415874491502,C004913,9415874491502,EXACT_NIB,1.0
0891490876991,C002634,0891490876991,EXACT_NIB,1.0
2678224909342,C001206,2678224909342,EXACT_NIB,1.0
1562499372995,C000312,1562499372995,EXACT_NIB,1.0
7599729846858,C002628,7599729846858,EXACT_NIB,1.0
2054260244211,C004165,2054260244211,EXACT_NIB,1.0
0134223550440,C001224,0134223550440,EXACT_NIB,1.0
0412588604960,C004372,0412588604960,EXACT_NIB,1.0
2718301008495,C004377,2718301008495,EXACT_NIB,1.0
9478979269116,C001682,9478979269116,EXACT_NIB,1.0
1882978768245,C000850,1882978768245,EXACT_NIB,1.0
8452405416833,C003335,8452405416833,EXACT_NIB,1.0
7055440274124,C000981,7055440274124,EXACT_NIB,1.0
6136763485285,C004238,6136763485285,EXACT_NIB,1.0
7968559652117,C001424,7968559652117,EXACT_NIB,1.0
1670214929078,C004723,1670214929078,EXACT_NIB,1.0
0843829135394,C004498,0843829135394,EXACT_NIB,1.0
6136311596955,C000186,6136311596955,EXACT_NIB,1.0
2531640237393,C003498,2531640237393,EXACT_NIB,1.0
3779054253170,C003974,3779054253170,EXACT_NIB,1.0
8870898500038,C000297,8870898500038,EXACT_NIB,1.0
4961269072807,C000978,4961269072807,EXACT_NIB,1.0
9379804460079,C002194,9379804460079,EXACT_NIB,1.0
0499780550144,C002625,0499780550144,EXACT_NIB,1.0
3535423653755,C004014,3535423653755,EXACT_NIB,1.0
9618946585473,C004928,9618946585473,EXACT_NIB,1.0
7114675301570,C001711,7114675301570,EXACT_NIB,1.0
9182440428324,C000955,9182440428324,EXACT_NIB,1.0
0331325621274,C004205,0331325621274,EXACT_NIB,1.0
9161693496174,C002093,9161693496174,EXACT_NIB,1.0
4648371530376,C000829,4648371530376,EXACT_NIB,1.0
7259673475317,C000277,7259673475317,EXACT_NIB,1.0
1575415796142,C000727,1575415796142,EXACT_NIB,1.0
5342213286879,C002954,5342213286879,EXACT_NIB,1.0
8934432801940,C003644,8934432801940,EXACT_NIB,1.0
5053623607682,C004430,5053623607682,EXACT_NIB,1.0
1572489566546,C001361,1572489566546,EXACT_NIB,1.0
6605226124713,C001787,6605226124713,EXACT_NIB,1.0
5489102114091,C002126,5489102114091,EXACT_NIB,1.0
3277036193288,C002322,3277036193288,EXACT_NIB,1.0
9797525421719,C003657,9797525421719,EXACT_NIB,1.0
9459053754990,C004743,9459053754990,EXACT_NIB,1.0
2690594713739,C003745,2690594713739,EXACT_NIB,1.0
4731254970751,C002403,4731254970751,EXACT_NIB,1.0
3198504788255,C001342,3198504788255,EXACT_NIB,1.0
0647088704491,C001249,0647088704491,EXACT_NIB,1.0
2050009436596,C003554,2050009436596,EXACT_NIB,1.0
3034584094308,C000665,3034584094308,EXACT_NIB,1.0
9961306957071,C003533,9961306957071,EXACT_NIB,1.0
0695351717118,C001343,0695351717118,EXACT_NIB,1.0
8000195940874,C001201,8000195940874,EXACT_NIB,1.0
4022695620948,C004327,4022695620948,EXACT_NIB,1.0
1183185175309,C003559,1183185175309,EXACT_NIB,1.0
2925069832144,C000540,2925069832144,EXACT_NIB,1.0
1246488078899,C002573,1246488078899,EXACT_NIB,1.0
2152348417193,C004070,2152348417193,EXACT_NIB,1.0
7320360714987,C002444,7320360714987,EXACT_NIB,1.0
3141319299322,C003062,3141319299322,EXACT_NIB,1.0
6305625972237,C002964,6305625972237,EXACT_NIB,1.0
0913307726292,C004812,0913307726292,EXACT_NIB,1.0
7699858939725,C000712,7699858939725,EXACT_NIB,1.0
9553945345238,C004416,9553945345238,EXACT_NIB,1.0
3413242628989,C001585,3413242628989,EXACT_NIB,1.0
1973996417657,C002655,1973996417657,EXACT_NIB,1.0
7021698709126,C000022,7021698709126,EXACT_NIB,1.0
2715133269018,C001744,2715133269018,EXACT_NIB,1.0
0021912416447,C004927,0021912416447,EXACT_NIB,1.0
4152031475488,C002338,4152031475488,EXACT_NIB,1.0
8344998564725,C004920,8344998564725,EXACT_NIB,1.0
9251691306831,C002557,9251691306831,EXACT_NIB,1.0
7067151525862,C000121,7067151525862,EXACT_NIB,1.0
2798405827345,C004537,2798405827345,EXACT_NIB,1.0
5031630733599,C002598,5031630733599,EXACT_NIB,1.0
2410420710156,C000846,2410420710156,EXACT_NIB,1.0
2933074232893,C001204,2933074232893,EXACT_NIB,1.0
2136615928224,C003328,2136615928224,EXACT_NIB,1.0
4133081511300,C001032,4133081511300,EXACT_NIB,1.0
0401272419750,C002212,0401272419750,EXACT_NIB,1.0
7777832186733,C004127,7777832186733,EXACT_NIB,1.0
5591517827335,C003124,5591517827335,EXACT_NIB,1.0
0344290712230,C001849,0344290712230,EXACT_NIB,1.0
2749300382955,C000456,2749300382955,EXACT_NIB,1.0
0333606359999,C003076,0333606359999,EXACT_NIB,1.0
5216229652211,C003356,5216229652211,EXACT_NIB,1.0
1686062536138,C004081,1686062536138,EXACT_NIB,1.0
0933207625731,C001769,0933207625731,EXACT_NIB,1.0
0910036675808,C004620,0910036675808,EXACT_NIB,1.0
6574858685873,C002907,6574858685873,EXACT_NIB,1.0
2939911968621,C000568,2939911968621,EXACT_NIB,1.0
7238428182695,C004909,7238428182695,EXACT_NIB,1.0
4463302973995,C003367,4463302973995,EXACT_NIB,1.0
9068400515639,C000640,9068400515639,EXACT_NIB,1.0
0342289951824,C002887,0342289951824,EXACT_NIB,1.0
0336545315743,C000680,0336545315743,EXACT_NIB,1.0
2061121704379,C001121,2061121704379,EXACT_NIB,1.0
7490978276981,C000308,7490978276981,EXACT_NIB,1.0
7784251081658,C000646,7784251081658,EXACT_NIB,1.0
1627970669995,C000034,1627970669995,EXACT_NIB,1.0
6680289461455,C003943,6680289461455,EXACT_NIB,1.0
8215709564629,C004604,8215709564629,EXACT_NIB,1.0
4493747908876,C001038,4493747908876,EXACT_NIB,1.0
6289480633518,C003406,6289480633518,EXACT_NIB,1.0
1772002319390,C001706,1772002319390,EXACT_NIB,1.0
4009037224724,C002330,4009037224724,EXACT_NIB,1.0
0679928463955,C002638,0679928463955,EXACT_NIB,1.0
9080479490515,C002525,9080479490515,EXACT_NIB,1.0
1902336828780,C000728,1902336828780,EXACT_NIB,1.0
7508639277698,C004336,7508639277698,EXACT_NIB,1.0
0875986078638,C004810,0875986078638,EXACT_NIB,1.0
1606140351957,C000982,1606140351957,EXACT_NIB,1.0
1145064533495,C003518,1145064533495,EXACT_NIB,1.0
0852282487432,C000660,0852282487432,EXACT_NIB,1.0
0684000679471,C004949,0684000679471,EXACT_NIB,1.0
5564199039709,C000026,5564199039709,EXACT_NIB,1.0
0832387825083,C002547,0832387825083,EXACT_NIB,1.0
1606032612443,C003002,1606032612443,EXACT_NIB,1.0
4707246259997,C002001,4707246259997,EXACT_NIB,1.0
0835233919986,C003293,0835233919986,EXACT_NIB,1.0
0197991230655,C003172,0197991230655,EXACT_NIB,1.0
4714395161724,C002660,4714395161724,EXACT_NIB,1.0
6143456486711,C003284,6143456486711,EXACT_NIB,1.0
2907095014275,C004324,2907095014275,EXACT_NIB,1.0
3632493845715,C000530,3632493845715,EXACT_NIB,1.0
1713271471185,C001531,1713271471185,EXACT_NIB,1.0
3461192633930,C001659,3461192633930,EXACT_NIB,1.0
8186955961689,C003541,8186955961689,EXACT_NIB,1.0
6365675696542,C003222,6365675696542,EXACT_NIB,1.0
6701629988584,C000499,6701629988584,EXACT_NIB,1.0
6052573499850,C003638,6052573499850,EXACT_NIB,1.0
7359728046674,C001254,7359728046674,EXACT_NIB,1.0
0189723985879,C002522,0189723985879,EXACT_NIB,1.0
6730400095365,C002166,6730400095365,EXACT_NIB,1.0
8441425336028,C003502,8441425336028,EXACT_NIB,1.0
6966671563075,C003142,6966671563075,EXACT_NIB,1.0
0273137265125,C002720,0273137265125,EXACT_NIB,1.0
0503182736921,C003963,0503182736921,EXACT_NIB,1.0
4793802839278,C002298,4793802839278,EXACT_NIB,1.0
1297991671613,C000984,1297991671613,EXACT_NIB,1.0
8451271053883,C000780,8451271053883,EXACT_NIB,1.0
8086847625996,C003500,8086847625996,EXACT_NIB,1.0
2037864118947,C001710,2037864118947,EXACT_NIB,1.0
4698716855131,C004258,4698716855131,EXACT_NIB,1.0
2915163945128,C000953,2915163945128,EXACT_NIB,1.0
8343067416712,C002289,8343067416712,EXACT_NIB,1.0
2437243675235,C001238,2437243675235,EXACT_NIB,1.0
0852471953530,C002011,0852471953530,EXACT_NIB,1.0
7848399741353,C000637,7848399741353,EXACT_NIB,1.0
0124710103833,C000771,0124710103833,EXACT_NIB,1.0
6966242823766,C004786,6966242823766,EXACT_NIB,1.0
8689433836454,C002668,8689433836454,EXACT_NIB,1.0
5680963489365,C002321,5680963489365,EXACT_NIB,1.0
3987457364149,C001690,3987457364149,EXACT_NIB,1.0
1079636690205,C002262,1079636690205,EXACT_NIB,1.0
0298135283388,C001828,0298135283388,EXACT_NIB,1.0
3598860000046,C001715,3598860000046,EXACT_NIB,1.0
3357019165092,C001261,3357019165092,EXACT_NIB,1.0
7401296764249,C002512,7401296764249,EXACT_NIB,1.0
2132588076129,C002980,2132588076129,EXACT_NIB,1.0
0379281480229,C001553,0379281480229,EXACT_NIB,1.0
0842883351158,C003936,0842883351158,EXACT_NIB,1.0
3321119470117,C002095,3321119470117,EXACT_NIB,1.0
5894832864641,C000413,5894832864641,EXACT_NIB,1.0
7364933546817,C004463,7364933546817,EXACT_NIB,1.0
6096850756638,C002641,6096850756638,EXACT_NIB,1.0
0495660356238,C001767,0495660356238,EXACT_NIB,1.0
4974899583960,C001775,4974899583960,EXACT_NIB,1.0
6187996344060,C000371,6187996344060,EXACT_NIB,1.0
3099179229398,C004022,3099179229398,EXACT_NIB,1.0
5503718196247,C002336,5503718196247,EXACT_NIB,1.0
5101598455545,C003164,5101598455545,EXACT_NIB,1.0
7161702972720,C001722,7161702972720,EXACT_NIB,1.0
8394175723089,C001712,8394175723089,EXACT_NIB,1.0
2342382389256,C001982,2342382389256,EXACT_NIB,1.0
2594373591815,C004064,2594373591815,EXACT_NIB,1.0
2488635922169,C000706,2488635922169,EXACT_NIB,1.0
5376882409194,C001495,5376882409194,EXACT_NIB,1.0
9931926499289,C002199,9931926499289,EXACT_NIB,1.0
1121961872001,C004499,1121961872001,EXACT_NIB,1.0
0750461224714,C003889,0750461224714,EXACT_NIB,1.0
6117769693911,C000175,6117769693911,EXACT_NIB,1.0
1304504744243,C002184,1304504744243,EXACT_NIB,1.0
9106183554969,C004567,9106183554969,EXACT_NIB,1.0
0545702789292,C002799,0545702789292,EXACT_NIB,1.0
8461759265993,C004718,8461759265993,EXACT_NIB,1.0
7271850814635,C002266,7271850814635,EXACT_NIB,1.0
8298118624380,C004556,8298118624380,EXACT_NIB,1.0
6655751842381,C003678,6655751842381,EXACT_NIB,1.0
2377994505495,C001313,2377994505495,EXACT_NIB,1.0
9277513093732,C003433,9277513093732,EXACT_NIB,1.0
0463550666540,C002491,0463550666540,EXACT_NIB,1.0
3719402071277,C003038,3719402071277,EXACT_NIB,1.0
3022930848511,C003993,3022930848511,EXACT_NIB,1.0
7818325244853,C000133,7818325244853,EXACT_NIB,1.0
8441715443961,C002815,8441715443961,EXACT_NIB,1.0
0369390914720,C003969,0369390914720,EXACT_NIB,1.0
4557404499271,C004265,4557404499271,EXACT_NIB,1.0
3856488001253,C003517,3856488001253,EXACT_NIB,1.0
1533896010528,C004464,1533896010528,EXACT_NIB,1.0
4363225032467,C004142,4363225032467,EXACT_NIB,1.0
8734777842659,C004536,8734777842659,EXACT_NIB,1.0
0818372603463,C001650,0818372603463,EXACT_NIB,1.0
9178700174538,C000958,9178700174538,EXACT_NIB,1.0
3035901818102,C004280,3035901818102,EXACT_NIB,1.0
9559366545521,C000990,9559366545521,EXACT_NIB,1.0
8329506081099,C002246,8329506081099,EXACT_NIB,1.0
7434184243504,C002611,7434184243504,EXACT_NIB,1.0
3473725773063,C000111,3473725773063,EXACT_NIB,1.0
9772625762297,C003653,9772625762297,EXACT_NIB,1.0
2811018013805,C004560,2811018013805,EXACT_NIB,1.0
9021772074472,C000807,9021772074472,EXACT_NIB,1.0
7519828704859,C004188,7519828704859,EXACT_NIB,1.0
8775411847629,C001561,8775411847629,EXACT_NIB,1.0
0276309015730,C001035,0276309015730,EXACT_NIB,1.0
4676654209866,C001625,4676654209866,EXACT_NIB,1.0
2102090167443,C001428,2102090167443,EXACT_NIB,1.0
8938135246247,C001066,8938135246247,EXACT_NIB,1.0
9779109922089,C000632,9779109922089,EXACT_NIB,1.0
9253460581195,C002292,9253460581195,EXACT_NIB,1.0
1253685864331,C001284,1253685864331,EXACT_NIB,1.0
4063516098414,C003887,4063516098414,EXACT_NIB,1.0
0840766739049,C001935,0840766739049,EXACT_NIB,1.0
5836682406383,C003035,5836682406383,EXACT_NIB,1.0
9764433125475,C004886,9764433125475,EXACT_NIB,1.0
9810250785373,C004694,9810250785373,EXACT_NIB,1.0
7814696767149,C001889,7814696767149,EXACT_NIB,1.0
4657602491246,C000651,4657602491246,EXACT_NIB,1.0
8909013028783,C003879,8909013028783,EXACT_NIB,1.0
2869132147525,C000330,2869132147525,EXACT_NIB,1.0
5075780479941,C003458,5075780479941,EXACT_NIB,1.0
6679016861814,C002956,6679016861814,EXACT_NIB,1.0
3306773954475,C000956,3306773954475,EXACT_NIB,1.0
5516877001848,C002224,5516877001848,EXACT_NIB,1.0
0587342225386,C002603,0587342225386,EXACT_NIB,1.0
1836912489713,C004490,1836912489713,EXACT_NIB,1.0
5488510102113,C004647,5488510102113,EXACT_NIB,1.0
9348755355978,C003470,9348755355978,EXACT_NIB,1.0
4224417539677,C003547,4224417539677,EXACT_NIB,1.0
9024756707702,C004334,9024756707702,EXACT_NIB,1.0
7992863082539,C003022,7992863082539,EXACT_NIB,1.0
0666064064627,C001995,0666064064627,EXACT_NIB,1.0
8077677583131,C003274,8077677583131,EXACT_NIB,1.0
0955434054162,C003393,0955434054162,EXACT_NIB,1.0
3995258000963,C002264,3995258000963,EXACT_NIB,1.0
8923482224715,C002843,8923482224715,EXACT_NIB,1.0
6902138686118,C000082,6902138686118,EXACT_NIB,1.0
0746198164433,C004462,0746198164433,EXACT_NIB,1.0
0633147673009,C003457,0633147673009,EXACT_NIB,1.0
7463194523621,C004302,7463194523621,EXACT_NIB,1.0
6326237634596,C001732,6326237634596,EXACT_NIB,1.0
7666096545925,C000523,7666096545925,EXACT_NIB,1.0
4887610059482,C002395,4887610059482,EXACT_NIB,1.0
8020820646028,C001908,8020820646028,EXACT_NIB,1.0
0827398099889,C002493,0827398099889,EXACT_NIB,1.0
9509181498350,C002079,9509181498350,EXACT_NIB,1.0
7778108813057,C000517,7778108813057,EXACT_NIB,1.0
1651424329429,C004444,1651424329429,EXACT_NIB,1.0
9941973571882,C001163,9941973571882,EXACT_NIB,1.0
8789708746740,C001662,8789708746740,EXACT_NIB,1.0
7473558785767,C003136,7473558785767,EXACT_NIB,1.0
5753045370747,C001729,5753045370747,EXACT_NIB,1.0
7930750475709,C003822,7930750475709,EXACT_NIB,1.0
5931857197516,C001288,5931857197516,EXACT_NIB,1.0
5190477186730,C001858,5190477186730,EXACT_NIB,1.0
1749713641254,C003309,1749713641254,EXACT_NIB,1.0
8651793852527,C003098,8651793852527,EXACT_NIB,1.0
7715787293060,C004367,7715787293060,EXACT_NIB,1.0
3258788702212,C003844,3258788702212,EXACT_NIB,1.0
5948307413991,C000971,5948307413991,EXACT_NIB,1.0
6805610621756,C001862,6805610621756,EXACT_NIB,1.0
7379889008438,C003191,7379889008438,EXACT_NIB,1.0
9543299032536,C000684,9543299032536,EXACT_NIB,1.0
3404665046382,C000847,3404665046382,EXACT_NIB,1.0
7767466203566,C004802,7767466203566,EXACT_NIB,1.0
7962625789761,C000663,7962625789761,EXACT_NIB,1.0
8215658868022,C003999,8215658868022,EXACT_NIB,1.0
6018357841708,C000858,6018357841708,EXACT_NIB,1.0
5552666641557,C001558,5552666641557,EXACT_NIB,1.0
3881804009563,C000080,3881804009563,EXACT_NIB,1.0
8415166175963,C003580,8415166175963,EXACT_NIB,1.0
3272751421454,C003660,3272751421454,EXACT_NIB,1.0
6942170001889,C004442,6942170001889,EXACT_NIB,1.0
3602096286860,C000411,3602096286860,EXACT_NIB,1.0
1688620437881,C003933,1688620437881,EXACT_NIB,1.0
6907823944804,C000861,6907823944804,EXACT_NIB,1.0
6343152082580,C003496,6343152082580,EXACT_NIB,1.0
6641001283449,C001077,6641001283449,EXACT_NIB,1.0
9985196528445,C003319,9985196528445,EXACT_NIB,1.0
8481950001596,C002589,8481950001596,EXACT_NIB,1.0
6264377157899,C000096,6264377157899,EXACT_NIB,1.0
9314487947693,C000187,9314487947693,EXACT_NIB,1.0
2803909880253,C000737,2803909880253,EXACT_NIB,1.0
2685655052843,C003482,2685655052843,EXACT_NIB,1.0
8053318543782,C004848,8053318543782,EXACT_NIB,1.0
7957676024401,C003027,7957676024401,EXACT_NIB,1.0
7485298675542,C003368,7485298675542,EXACT_NIB,1.0
5525893942596,C003479,5525893942596,EXACT_NIB,1.0
7497622021544,C001589,7497622021544,EXACT_NIB,1.0
5523045142469,C002745,5523045142469,EXACT_NIB,1.0
1911129197426,C004794,1911129197426,EXACT_NIB,1.0
1317187180363,C001600,1317187180363,EXACT_NIB,1.0
0128891694049,C003370,0128891694049,EXACT_NIB,1.0
5538109042985,C004241,5538109042985,EXACT_NIB,1.0
8143023459992,C004197,8143023459992,EXACT_NIB,1.0
7605878917639,C004283,7605878917639,EXACT_NIB,1.0
6459963188718,C004585,6459963188718,EXACT_NIB,1.0
0411097929362,C004897,0411097929362,EXACT_NIB,1.0
8916858416511,C000922,8916858416511,EXACT_NIB,1.0
8689397770425,C001941,8689397770425,EXACT_NIB,1.0
9741451873651,C004855,9741451873651,EXACT_NIB,1.0
2024633832802,C004945,2024633832802,EXACT_NIB,1.0
7433989980907,C001708,7433989980907,EXACT_NIB,1.0
5933688301160,C002037,5933688301160,EXACT_NIB,1.0
9792183160887,C003039,9792183160887,EXACT_NIB,1.0
2679503558890,C003454,2679503558890,EXACT_NIB,1.0
0422024458902,C004609,0422024458902,EXACT_NIB,1.0
8592868671491,C000472,8592868671491,EXACT_NIB,1.0
4252640517958,C003179,4252640517958,EXACT_NIB,1.0
0975917766400,C002790,0975917766400,EXACT_NIB,1.0
9217767977175,C000506,9217767977175,EXACT_NIB,1.0
1703036873391,C002875,1703036873391,EXACT_NIB,1.0
2749935241439,C002537,2749935241439,EXACT_NIB,1.0
6378628250994,C001734,6378628250994,EXACT_NIB,1.0
8698475951865,C002171,8698475951865,EXACT_NIB,1.0
2589748697121,C003311,2589748697121,EXACT_NIB,1.0
2965738733417,C003792,2965738733417,EXACT_NIB,1.0
6627131240132,C000592,6627131240132,EXACT_NIB,1.0
3554992086750,C000462,3554992086750,EXACT_NIB,1.0
3956851423704,C000068,3956851423704,EXACT_NIB,1.0
8845775029759,C001568,8845775029759,EXACT_NIB,1.0
3728300930633,C001975,3728300930633,EXACT_NIB,1.0
2771050183255,C000806,2771050183255,EXACT_NIB,1.0
2642400174259,C001482,2642400174259,EXACT_NIB,1.0
8099560524408,C001156,8099560524408,EXACT_NIB,1.0
6877811649024,C000204,6877811649024,EXACT_NIB,1.0
7462222544639,C000477,7462222544639,EXACT_NIB,1.0
3024159844967,C003059,3024159844967,EXACT_NIB,1.0
4856483098890,C001520,4856483098890,EXACT_NIB,1.0
9778197673148,C001838,9778197673148,EXACT_NIB,1.0
5157202419053,C001375,5157202419053,EXACT_NIB,1.0
6548190117078,C002487,6548190117078,EXACT_NIB,1.0
5071297258871,C004491,5071297258871,EXACT_NIB,1.0
1829430504483,C003488,1829430504483,EXACT_NIB,1.0
0415742994321,C004946,0415742994321,EXACT_NIB,1.0
8298132027257,C004931,8298132027257,EXACT_NIB,1.0
0117968514508,C001771,0117968514508,EXACT_NIB,1.0
9207705772975,C002084,9207705772975,EXACT_NIB,1.0
8845296933894,C003743,8845296933894,EXACT_NIB,1.0
3338169750783,C004149,3338169750783,EXACT_NIB,1.0
5228975339688,C000546,5228975339688,EXACT_NIB,1.0
7146898963277,C000311,7146898963277,EXACT_NIB,1.0
8995544479289,C001922,8995544479289,EXACT_NIB,1.0
9295786509525,C004722,9295786509525,EXACT_NIB,1.0
1260091031280,C002820,1260091031280,EXACT_NIB,1.0
9640763863186,C002981,9640763863186,EXACT_NIB,1.0
7129899790117,C004844,7129899790117,EXACT_NIB,1.0
3152352532208,C004822,3152352532208,EXACT_NIB,1.0
1128401723446,C002376,1128401723446,EXACT_NIB,1.0
5423829196988,C003235,5423829196988,EXACT_NIB,1.0
7074434782173,C003110,7074434782173,EXACT_NIB,1.0
4285952529242,C004368,4285952529242,EXACT_NIB,1.0
7807722441463,C001093,7807722441463,EXACT_NIB,1.0
4423701415510,C002135,4423701415510,EXACT_NIB,1.0
8766269091196,C000898,8766269091196,EXACT_NIB,1.0
1316889780332,C002333,1316889780332,EXACT_NIB,1.0
0714601099587,C000811,0714601099587,EXACT_NIB,1.0
3105196814691,C000856,3105196814691,EXACT_NIB,1.0
2442951538410,C004087,2442951538410,EXACT_NIB,1.0
3113096377401,C004217,3113096377401,EXACT_NIB,1.0
0623050478277,C000432,0623050478277,EXACT_NIB,1.0
9988351991773,C004473,9988351991773,EXACT_NIB,1.0
4415396608604,C001997,4415396608604,EXACT_NIB,1.0
9456189134931,C001622,9456189134931,EXACT_NIB,1.0
9563797367898,C003833,9563797367898,EXACT_NIB,1.0
2534044440721,C003167,2534044440721,EXACT_NIB,1.0
3530193633959,C002878,3530193633959,EXACT_NIB,1.0
5149241009690,C001293,5149241009690,EXACT_NIB,1.0
0011745188934,C004272,0011745188934,EXACT_NIB,1.0
0569490457884,C004172,0569490457884,EXACT_NIB,1.0
4365685869744,C002460,4365685869744,EXACT_NIB,1.0
2054048345768,C004042,2054048345768,EXACT_NIB,1.0
8439395784765,C004926,8439395784765,EXACT_NIB,1.0
2362784237405,C001251,2362784237405,EXACT_NIB,1.0
4200287340362,C002760,4200287340362,EXACT_NIB,1.0
5208260759817,C002556,5208260759817,EXACT_NIB,1.0
5231335862685,C001879,5231335862685,EXACT_NIB,1.0
3290004219989,C000717,3290004219989,EXACT_NIB,1.0
1420621402499,C000217,1420621402499,EXACT_NIB,1.0
1284152776559,C001815,1284152776559,EXACT_NIB,1.0
3167208388846,C003083,3167208388846,EXACT_NIB,1.0
6942505562975,C002535,6942505562975,EXACT_NIB,1.0
3884697538473,C000422,3884697538473,EXACT_NIB,1.0
1586504870872,C004143,1586504870872,EXACT_NIB,1.0
2018732856580,C002770,2018732856580,EXACT_NIB,1.0
3240307030885,C002364,3240307030885,EXACT_NIB,1.0
6089736547746,C003411,6089736547746,EXACT_NIB,1.0
1460025300958,C000571,1460025300958,EXACT_NIB,1.0
7495035449253,C000254,7495035449253,EXACT_NIB,1.0
0893875598680,C003275,0893875598680,EXACT_NIB,1.0
8736218481774,C002472,8736218481774,EXACT_NIB,1.0
7422199143150,C003788,7422199143150,EXACT_NIB,1.0
9618303862898,C002699,9618303862898,EXACT_NIB,1.0
1633453421055,C003783,1633453421055,EXACT_NIB,1.0
4184404380755,C003947,4184404380755,EXACT_NIB,1.0
5072313419162,C001196,5072313419162,EXACT_NIB,1.0
0810262333296,C001202,0810262333296,EXACT_NIB,1.0
7883584341765,C004035,7883584341765,EXACT_NIB,1.0
3040632529569,C004628,3040632529569,EXACT_NIB,1.0
0120838921163,C001328,0120838921163,EXACT_NIB,1.0
3631761973014,C001472,3631761973014,EXACT_NIB,1.0
8586490796184,C003233,8586490796184,EXACT_NIB,1.0
1393373617984,C003883,1393373617984,EXACT_NIB,1.0
0417591648970,C000505,0417591648970,EXACT_NIB,1.0
7262163157761,C004704,7262163157761,EXACT_NIB,1.0
6945296724347,C003639,6945296724347,EXACT_NIB,1.0
8906690463643,C002064,8906690463643,EXACT_NIB,1.0
0012800243181,C003940,0012800243181,EXACT_NIB,1.0
9470281623659,C002000,9470281623659,EXACT_NIB,1.0
7494528825083,C001060,7494528825083,EXACT_NIB,1.0
9898725693746,C002807,9898725693746,EXACT_NIB,1.0
3931340360737,C003917,3931340360737,EXACT_NIB,1.0
0383040479416,C003155,0383040479416,EXACT_NIB,1.0
5825742377204,C000307,5825742377204,EXACT_NIB,1.0
7139503854336,C001866,7139503854336,EXACT_NIB,1.0
1625685788434,C000831,1625685788434,EXACT_NIB,1.0
2846159654391,C003968,2846159654391,EXACT_NIB,1.0
2265599933129,C000639,2265599933129,EXACT_NIB,1.0
6523431946574,C004024,6523431946574,EXACT_NIB,1.0
6034114625954,C002152,6034114625954,EXACT_NIB,1.0
8083124653072,C004451,8083124653072,EXACT_NIB,1.0
4889755596841,C001402,4889755596841,EXACT_NIB,1.0
9202835287675,C000474,9202835287675,EXACT_NIB,1.0
9685199076515,C002526,9685199076515,EXACT_NIB,1.0
4964113589270,C000193,4964113589270,EXACT_NIB,1.0
4864499815951,C003636,4864499815951,EXACT_NIB,1.0
4832348634152,C001290,4832348634152,EXACT_NIB,1.0
8893304498189,C004836,8893304498189,EXACT_NIB,1.0
0780499033263,C002551,0780499033263,EXACT_NIB,1.0
3908850854240,C004202,3908850854240,EXACT_NIB,1.0
8516850529354,C000670,8516850529354,EXACT_NIB,1.0
4480634468023,C002658,4480634468023,EXACT_NIB,1.0
0381459097078,C003941,0381459097078,EXACT_NIB,1.0
6494897096496,C003721,6494897096496,EXACT_NIB,1.0
8429814897839,C000261,8429814897839,EXACT_NIB,1.0
1332780911914,C001579,1332780911914,EXACT_NIB,1.0
9538377929574,C004121,9538377929574,EXACT_NIB,1.0
8002461412258,C001804,8002461412258,EXACT_NIB,1.0
2878418567886,C000374,2878418567886,EXACT_NIB,1.0
0774421495047,C003715,0774421495047,EXACT_NIB,1.0
8532662528716,C001448,8532662528716,EXACT_NIB,1.0
6113845130299,C001140,6113845130299,EXACT_NIB,1.0
0575214974210,C000306,0575214974210,EXACT_NIB,1.0
6942022258852,C002701,6942022258852,EXACT_NIB,1.0
4923611677477,C001563,4923611677477,EXACT_NIB,1.0
7328687177502,C000489,7328687177502,EXACT_NIB,1.0
7522356551519,C000354,7522356551519,EXACT_NIB,1.0
3462580419111,C001300,3462580419111,EXACT_NIB,1.0
4426204714890,C004719,4426204714890,EXACT_NIB,1.0
0452369238220,C003748,0452369238220,EXACT_NIB,1.0
7894098668198,C004488,7894098668198,EXACT_NIB,1.0
5712122701192,C001277,5712122701192,EXACT_NIB,1.0
2719670310537,C004038,2719670310537,EXACT_NIB,1.0
5312847943315,C004753,5312847943315,EXACT_NIB,1.0
1787830057525,C004566,1787830057525,EXACT_NIB,1.0
2182653538218,C000360,2182653538218,EXACT_NIB,1.0
2931770772309,C001605,2931770772309,EXACT_NIB,1.0
3143059616050,C004115,3143059616050,EXACT_NIB,1.0
8222832800655,C000522,8222832800655,EXACT_NIB,1.0
2261673366053,C004650,2261673366053,EXACT_NIB,1.0
3237153579539,C003802,3237153579539,EXACT_NIB,1.0
5319336652035,C003736,5319336652035,EXACT_NIB,1.0
0010145478364,C002086,0010145478364,EXACT_NIB,1.0
1863591247043,C004339,1863591247043,EXACT_NIB,1.0
2141710191540,C001798,2141710191540,EXACT_NIB,1.0
0026839700734,C000709,0026839700734,EXACT_NIB,1.0
6475661396110,C002442,6475661396110,EXACT_NIB,1.0
8546008118465,C002121,8546008118465,EXACT_NIB,1.0
9331476846388,C004316,9331476846388,EXACT_NIB,1.0
2843129543130,C004361,2843129543130,EXACT_NIB,1.0
7282524423311,C002581,7282524423311,EXACT_NIB,1.0
9984522059798,C002331,9984522059798,EXACT_NIB,1.0
6308183281595,C004705,6308183281595,EXACT_NIB,1.0
8169172314041,C003978,8169172314041,EXACT_NIB,1.0
8209357441814,C004338,8209357441814,EXACT_NIB,1.0
6572118728843,C003246,6572118728843,EXACT_NIB,1.0
8607784031059,C000071,8607784031059,EXACT_NIB,1.0
3912040806376,C000940,3912040806376,EXACT_NIB,1.0
1834830863701,C000902,1834830863701,EXACT_NIB,1.0
8831446820401,C000002,8831446820401,EXACT_NIB,1.0
4639484184986,C000696,4639484184986,EXACT_NIB,1.0
3536866696170,C001383,3536866696170,EXACT_NIB,1.0
1670103775658,C001102,1670103775658,EXACT_NIB,1.0
9766458071906,C000928,9766458071906,EXACT_NIB,1.0
5119472594877,C003051,5119472594877,EXACT_NIB,1.0
7673605171364,C003343,7673605171364,EXACT_NIB,1.0
2559569231831,C003700,2559569231831,EXACT_NIB,1.0
3918486061504,C002852,3918486061504,EXACT_NIB,1.0
4664249418275,C000218,4664249418275,EXACT_NIB,1.0
9964723661176,C001459,9964723661176,EXACT_NIB,1.0
4789146534619,C004360,4789146534619,EXACT_NIB,1.0
6209631786489,C001297,6209631786489,EXACT_NIB,1.0
2695951975398,C001755,2695951975398,EXACT_NIB,1.0
1402007310652,C001692,1402007310652,EXACT_NIB,1.0
4788244815642,C002640,4788244815642,EXACT_NIB,1.0
4897195514623,C000839,4897195514623,EXACT_NIB,1.0
6853074401436,C003392,6853074401436,EXACT_NIB,1.0
8071963142918,C004145,8071963142918,EXACT_NIB,1.0
3248319159429,C001949,3248319159429,EXACT_NIB,1.0
0975285132909,C000753,0975285132909,EXACT_NIB,1.0
8497277913450,C001192,8497277913450,EXACT_NIB,1.0
9468576786340,C002894,9468576786340,EXACT_NIB,1.0
3594714553401,C001792,3594714553401,EXACT_NIB,1.0
7434875002980,C001089,7434875002980,EXACT_NIB,1.0
0897918836164,C004004,0897918836164,EXACT_NIB,1.0
2427810830007,C000337,2427810830007,EXACT_NIB,1.0
0650875517399,C002249,0650875517399,EXACT_NIB,1.0
2318114073191,C003088,2318114073191,EXACT_NIB,1.0
6987634865472,C004140,6987634865472,EXACT_NIB,1.0
6802034723312,C000654,6802034723312,EXACT_NIB,1.0
7738345365359,C003029,7738345365359,EXACT_NIB,1.0
7656406009303,C001225,7656406009303,EXACT_NIB,1.0
3383774284285,C004243,3383774284285,EXACT_NIB,1.0
0654636805245,C001887,0654636805245,EXACT_NIB,1.0
3226642651976,C004432,3226642651976,EXACT_NIB,1.0
8356273711918,C002161,8356273711918,EXACT_NIB,1.0
0113482655128,C002891,0113482655128,EXACT_NIB,1.0
0355297096501,C000677,0355297096501,EXACT_NIB,1.0
3188336589427,C004353,3188336589427,EXACT_NIB,1.0
0137425871167,C003682,0137425871167,EXACT_NIB,1.0
4206671249443,C000631,4206671249443,EXACT_NIB,1.0
9242811236293,C001957,9242811236293,EXACT_NIB,1.0
7433950397886,C000800,7433950397886,EXACT_NIB,1.0
6746330349467,C002833,6746330349467,EXACT_NIB,1.0
3834306903556,C001078,3834306903556,EXACT_NIB,1.0
5538373579987,C003853,5538373579987,EXACT_NIB,1.0
8547289594211,C002969,8547289594211,EXACT_NIB,1.0
0290181814072,C001466,0290181814072,EXACT_NIB,1.0
7377339871409,C002615,7377339871409,EXACT_NIB,1.0
1372776311513,C001487,1372776311513,EXACT_NIB,1.0
3463184761240,C000925,3463184761240,EXACT_NIB,1.0
3681281173105,C004947,3681281173105,EXACT_NIB,1.0
5077309559771,C002394,5077309559771,EXACT_NIB,1.0
4446274139746,C002253,4446274139746,EXACT_NIB,1.0
0368406972257,C004425,0368406972257,EXACT_NIB,1.0
0964771653543,C001761,0964771653543,EXACT_NIB,1.0
7097632923732,C003893,7097632923732,EXACT_NIB,1.0
6328316826882,C004006,6328316826882,EXACT_NIB,1.0
0831742744899,C004873,0831742744899,EXACT_NIB,1.0
4118556576108,C001001,4118556576108,EXACT_NIB,1.0
3352526159826,C000481,3352526159826,EXACT_NIB,1.0
6026516353732,C003984,6026516353732,EXACT_NIB,1.0
2680873090952,C003413,2680873090952,EXACT_NIB,1.0
9044952666457,C002214,9044952666457,EXACT_NIB,1.0
2733450563538,C003808,2733450563538,EXACT_NIB,1.0
7966994356951,C004735,7966994356951,EXACT_NIB,1.0
3715273300627,C000980,3715273300627,EXACT_NIB,1.0
5073314074900,C001530,5073314074900,EXACT_NIB,1.0
8858306563353,C000565,8858306563353,EXACT_NIB,1.0
0306750991975,C000763,0306750991975,EXACT_NIB,1.0
6529526359043,C003004,6529526359043,EXACT_NIB,1.0
0195677318842,C001892,0195677318842,EXACT_NIB,1.0
3812858294380,C000666,3812858294380,EXACT_NIB,1.0
8595801326447,C000057,8595801326447,EXACT_NIB,1.0
5312855279936,C002396,5312855279936,EXACT_NIB,1.0
8704187786307,C000871,8704187786307,EXACT_NIB,1.0
9733511552415,C000988,9733511552415,EXACT_NIB,1.0
5823814493289,C002548,5823814493289,EXACT_NIB,1.0
2295935646005,C001119,2295935646005,EXACT_NIB,1.0
6847289630812,C003329,6847289630812,EXACT_NIB,1.0
2730140850708,C000910,2730140850708,EXACT_NIB,1.0
9885339619381,C000451,9885339619381,EXACT_NIB,1.0
7959709321418,C000891,7959709321418,EXACT_NIB,1.0
4217254014861,C001545,4217254014861,EXACT_NIB,1.0
1353899096959,C003383,1353899096959,EXACT_NIB,1.0
5611874074991,C002903,5611874074991,EXACT_NIB,1.0
0701929505086,C000868,0701929505086,EXACT_NIB,1.0
4421851203626,C001345,4421851203626,EXACT_NIB,1.0
4255234932415,C002318,4255234932415,EXACT_NIB,1.0
9501805105119,C000635,9501805105119,EXACT_NIB,1.0
7029807195605,C001970,7029807195605,EXACT_NIB,1.0
6188009724595,C004273,6188009724595,EXACT_NIB,1.0
0456847756269,C003548,0456847756269,EXACT_NIB,1.0
5831108123489,C000991,5831108123489,EXACT_NIB,1.0
7608079466130,C002985,7608079466130,EXACT_NIB,1.0
0958760121330,C002724,0958760121330,EXACT_NIB,1.0
3863997546823,C002428,3863997546823,EXACT_NIB,1.0
9026592665093,C000280,9026592665093,EXACT_NIB,1.0
9564694713072,C000455,9564694713072,EXACT_NIB,1.0
6483123068125,C001435,6483123068125,EXACT_NIB,1.0
1226061424586,C003120,1226061424586,EXACT_NIB,1.0
3330773753474,C002230,3330773753474,EXACT_NIB,1.0
2835946106014,C003850,2835946106014,EXACT_NIB,1.0
0316759062070,C004948,0316759062070,EXACT_NIB,1.0
5855775448160,C000512,5855775448160,EXACT_NIB,1.0
4930406487102,C001610,4930406487102,EXACT_NIB,1.0
4013616075991,C003157,4013616075991,EXACT_NIB,1.0
1223271320904,C002864,1223271320904,EXACT_NIB,1.0
1626782145674,C003871,1626782145674,EXACT_NIB,1.0
7176137988674,C004562,7176137988674,EXACT_NIB,1.0
6927321087377,C004582,6927321087377,EXACT_NIB,1.0
2231304005129,C000804,2231304005129,EXACT_NIB,1.0
3527032036136,C000016,3527032036136,EXACT_NIB,1.0
5413526228981,C003951,5413526228981,EXACT_NIB,1.0
0319711170878,C003314,0319711170878,EXACT_NIB,1.0
0634470944427,C000035,0634470944427,EXACT_NIB,1.0
4122203876738,C000303,4122203876738,EXACT_NIB,1.0
2451406534029,C000293,2451406534029,EXACT_NIB,1.0
4431975423972,C003602,4431975423972,EXACT_NIB,1.0
1158707914813,C003266,1158707914813,EXACT_NIB,1.0
8509818149696,C000859,8509818149696,EXACT_NIB,1.0
4118251486402,C003045,4118251486402,EXACT_NIB,1.0
3943586213184,C000578,3943586213184,EXACT_NIB,1.0
6194348520584,C000185,6194348520584,EXACT_NIB,1.0
5073535324449,C000107,5073535324449,EXACT_NIB,1.0
0342225624677,C000783,0342225624677,EXACT_NIB,1.0
4421696176000,C001175,4421696176000,EXACT_NIB,1.0
7797341740471,C002160,7797341740471,EXACT_NIB,1.0
8046899009886,C001308,8046899009886,EXACT_NIB,1.0
2476938950200,C004591,2476938950200,EXACT_NIB,1.0
6154001288014,C004804,6154001288014,EXACT_NIB,1.0
3390695422310,C000430,3390695422310,EXACT_NIB,1.0
0427931663241,C000895,0427931663241,EXACT_NIB,1.0
8280312438701,C003484,8280312438701,EXACT_NIB,1.0
2974593550629,C004076,2974593550629,EXACT_NIB,1.0
0514498427788,C004508,0514498427788,EXACT_NIB,1.0
8505180970131,C004483,8505180970131,EXACT_NIB,1.0
8222342322309,C003381,8222342322309,EXACT_NIB,1.0
6290752277588,C003543,6290752277588,EXACT_NIB,1.0
7920894561210,C000240,7920894561210,EXACT_NIB,1.0
6821338516631,C000130,6821338516631,EXACT_NIB,1.0
3828825997854,C000490,3828825997854,EXACT_NIB,1.0
0679244939231,C003137,0679244939231,EXACT_NIB,1.0
3474797978268,C002791,3474797978268,EXACT_NIB,1.0
7039395498353,C002033,7039395498353,EXACT_NIB,1.0
2554904184586,C004587,2554904184586,EXACT_NIB,1.0
6717016452735,C003698,6717016452735,EXACT_NIB,1.0
9445004017767,C004347,9445004017767,EXACT_NIB,1.0
8410867240305,C001177,8410867240305,EXACT_NIB,1.0
9329863273112,C001990,9329863273112,EXACT_NIB,1.0
7086329567584,C000367,7086329567584,EXACT_NIB,1.0
2228304867828,C003809,2228304867828,EXACT_NIB,1.0
2986248292294,C001488,2986248292294,EXACT_NIB,1.0
8180205405827,C004465,8180205405827,EXACT_NIB,1.0
0455252654606,C004471,0455252654606,EXACT_NIB,1.0
0956755037647,C002375,0956755037647,EXACT_NIB,1.0
0506835877663,C004716,0506835877663,EXACT_NIB,1.0
4151061252060,C001214,4151061252060,EXACT_NIB,1.0
9560560737711,C000424,9560560737711,EXACT_NIB,1.0
1941737144214,C001024,1941737144214,EXACT_NIB,1.0
5577543729541,C002261,5577543729541,EXACT_NIB,1.0
8004386526841,C002624,8004386526841,EXACT_NIB,1.0
8136956565666,C000480,8136956565666,EXACT_NIB,1.0
7514646062510,C002754,7514646062510,EXACT_NIB,1.0
8973012319956,C003299,8973012319956,EXACT_NIB,1.0
1976588608125,C002872,1976588608125,EXACT_NIB,1.0
8406157363561,C000853,8406157363561,EXACT_NIB,1.0
0314137592612,C001623,0314137592612,EXACT_NIB,1.0
7926420712113,C002650,7926420712113,EXACT_NIB,1.0
3487134083975,C001584,3487134083975,EXACT_NIB,1.0
5007449142234,C001209,5007449142234,EXACT_NIB,1.0
5440987418261,C003270,5440987418261,EXACT_NIB,1.0
9562514658926,C002908,9562514658926,EXACT_NIB,1.0
8342319660058,C000534,8342319660058,EXACT_NIB,1.0
9036684074198,C000053,9036684074198,EXACT_NIB,1.0
2785821062612,C004009,2785821062612,EXACT_NIB,1.0
8724958069530,C000892,8724958069530,EXACT_NIB,1.0
7970354915751,C002447,7970354915751,EXACT_NIB,1.0
0677330665562,C002418,0677330665562,EXACT_NIB,1.0
3570007116917,C004939,3570007116917,EXACT_NIB,1.0
6010475753143,C002358,6010475753143,EXACT_NIB,1.0
2828975855122,C004136,2828975855122,EXACT_NIB,1.0
8469093636620,C003151,8469093636620,EXACT_NIB,1.0
8161316888139,C001493,8161316888139,EXACT_NIB,1.0
0133485368190,C002626,0133485368190,EXACT_NIB,1.0
1250937009111,C001791,1250937009111,EXACT_NIB,1.0
6328396775729,C003312,6328396775729,EXACT_NIB,1.0
5650467655056,C004636,5650467655056,EXACT_NIB,1.0
7671462351182,C003659,7671462351182,EXACT_NIB,1.0
6367943395956,C001789,6367943395956,EXACT_NIB,1.0
9727819623649,C000145,9727819623649,EXACT_NIB,1.0
3360660275945,C003538,3360660275945,EXACT_NIB,1.0
8169578723074,C000093,8169578723074,EXACT_NIB,1.0
0781592181697,C000243,0781592181697,EXACT_NIB,1.0
0866316489593,C003237,0866316489593,EXACT_NIB,1.0
9020053316400,C000814,9020053316400,EXACT_NIB,1.0
7499383797857,C001956,7499383797857,EXACT_NIB,1.0
2769595341074,C004579,2769595341074,EXACT_NIB,1.0
4223596053962,C003465,4223596053962,EXACT_NIB,1.0
4267243714082,C002797,4267243714082,EXACT_NIB,1.0
1525030064641,C000585,1525030064641,EXACT_NIB,1.0
0041451749064,C002902,0041451749064,EXACT_NIB,1.0
9180250226652,C001010,9180250226652,EXACT_NIB,1.0
4968564413220,C004257,4968564413220,EXACT_NIB,1.0
1590619292214,C003258,1590619292214,EXACT_NIB,1.0
0887834618845,C001490,0887834618845,EXACT_NIB,1.0
8387970040853,C002072,8387970040853,EXACT_NIB,1.0
8231457611022,C003478,8231457611022,EXACT_NIB,1.0
7932858642715,C000622,7932858642715,EXACT_NIB,1.0
0747319874062,C001126,0747319874062,EXACT_NIB,1.0
7526142207982,C001439,7526142207982,EXACT_NIB,1.0
1210315538316,C003324,1210315538316,EXACT_NIB,1.0
3912092371703,C001237,3912092371703,EXACT_NIB,1.0
2704391798303,C002996,2704391798303,EXACT_NIB,1.0
3597293123689,C000464,3597293123689,EXACT_NIB,1.0
7469237601794,C003897,7469237601794,EXACT_NIB,1.0
0868351204256,C003267,0868351204256,EXACT_NIB,1.0
8675683633319,C001008,8675683633319,EXACT_NIB,1.0
2820155067520,C004863,2820155067520,EXACT_NIB,1.0
8690652272043,C003148,8690652272043,EXACT_NIB,1.0
5772008050804,C002250,5772008050804,EXACT_NIB,1.0
2849738666160,C002456,2849738666160,EXACT_NIB,1.0
5619572178940,C004144,5619572178940,EXACT_NIB,1.0
8053343265882,C001578,8053343265882,EXACT_NIB,1.0
8280727358674,C001723,8280727358674,EXACT_NIB,1.0
3712837900027,C001783,3712837900027,EXACT_NIB,1.0
7259849419228,C003256,7259849419228,EXACT_NIB,1.0
6783703939687,C004627,6783703939687,EXACT_NIB,1.0
9265003991568,C001631,9265003991568,EXACT_NIB,1.0
9274681620268,C003306,9274681620268,EXACT_NIB,1.0
4711235173595,C003669,4711235173595,EXACT_NIB,1.0
1085560499176,C002280,1085560499176,EXACT_NIB,1.0
4153053863772,C000100,4153053863772,EXACT_NIB,1.0
7390869438374,C003511,7390869438374,EXACT_NIB,1.0
4576883351660,C004767,4576883351660,EXACT_NIB,1.0
7132092326772,C000772,7132092326772,EXACT_NIB,1.0
8188195577447,C002538,8188195577447,EXACT_NIB,1.0
6695343295064,C002363,6695343295064,EXACT_NIB,1.0
8658309836641,C001395,8658309836641,EXACT_NIB,1.0
1452241491090,C002174,1452241491090,EXACT_NIB,1.0
7693508370065,C001174,7693508370065,EXACT_NIB,1.0
7696972900643,C003673,7696972900643,EXACT_NIB,1.0
2555992853387,C004001,2555992853387,EXACT_NIB,1.0
3936605537829,C004633,3936605537829,EXACT_NIB,1.0
0578958429524,C002057,0578958429524,EXACT_NIB,1.0
3350425853868,C004832,3350425853868,EXACT_NIB,1.0
6853193556429,C003959,6853193556429,EXACT_NIB,1.0
2493976848490,C000840,2493976848490,EXACT_NIB,1.0
4566252825164,C001422,4566252825164,EXACT_NIB,1.0
7515256628852,C000794,7515256628852,EXACT_NIB,1.0
7839018384403,C002933,7839018384403,EXACT_NIB,1.0
1887223530336,C000482,1887223530336,EXACT_NIB,1.0
4445693583541,C000852,4445693583541,EXACT_NIB,1.0
0131057169943,C004058,0131057169943,EXACT_NIB,1.0
5862187540657,C001371,5862187540657,EXACT_NIB,1.0
9761801551334,C002402,9761801551334,EXACT_NIB,1.0
6738960003206,C002713,6738960003206,EXACT_NIB,1.0
0442416607299,C002320,0442416607299,EXACT_NIB,1.0
8227789348433,C001228,8227789348433,EXACT_NIB,1.0
6147332206339,C000075,6147332206339,EXACT_NIB,1.0
3073002290077,C000914,3073002290077,EXACT_NIB,1.0
9995753802999,C000769,9995753802999,EXACT_NIB,1.0
0662892793081,C001916,0662892793081,EXACT_NIB,1.0
5001769209907,C004518,5001769209907,EXACT_NIB,1.0
2554959528921,C003195,2554959528921,EXACT_NIB,1.0
3759953246689,C004101,3759953246689,EXACT_NIB,1.0
3568742912930,C003074,3568742912930,EXACT_NIB,1.0
9225664187429,C004278,9225664187429,EXACT_NIB,1.0
6984349597958,C001565,6984349597958,EXACT_NIB,1.0
7208079483553,C001968,7208079483553,EXACT_NIB,1.0
0963587921295,C002140,0963587921295,EXACT_NIB,1.0
4192291534619,C001350,4192291534619,EXACT_NIB,1.0
2610027031442,C002734,2610027031442,EXACT_NIB,1.0
9861729288322,C001731,9861729288322,EXACT_NIB,1.0
1971757628379,C003873,1971757628379,EXACT_NIB,1.0
5472401891599,C000642,5472401891599,EXACT_NIB,1.0
0592076679889,C000473,0592076679889,EXACT_NIB,1.0
4962278761870,C002009,4962278761870,EXACT_NIB,1.0
2188518216420,C001573,2188518216420,EXACT_NIB,1.0
6973971647990,C003647,6973971647990,EXACT_NIB,1.0
0239291496733,C001445,0239291496733,EXACT_NIB,1.0
9195639386516,C003557,9195639386516,EXACT_NIB,1.0
0591613657059,C003648,0591613657059,EXACT_NIB,1.0
9336159072667,C002025,9336159072667,EXACT_NIB,1.0
5802824021019,C002509,5802824021019,EXACT_NIB,1.0
2136524394356,C000725,2136524394356,EXACT_NIB,1.0
8149188243675,C001626,8149188243675,EXACT_NIB,1.0
0074321056901,C000233,0074321056901,EXACT_NIB,1.0
0721218785427,C003229,0721218785427,EXACT_NIB,1.0
0433168207785,C002879,0433168207785,EXACT_NIB,1.0
4550925408345,C002502,4550925408345,EXACT_NIB,1.0
7422585396350,C003302,7422585396350,EXACT_NIB,1.0
2868384324761,C004676,2868384324761,EXACT_NIB,1.0
8717490955298,C002984,8717490955298,EXACT_NIB,1.0
1778649646588,C004433,1778649646588,EXACT_NIB,1.0
4099264369025,C002327,4099264369025,EXACT_NIB,1.0
9559898343702,C002348,9559898343702,EXACT_NIB,1.0
3741727147780,C002368,3741727147780,EXACT_NIB,1.0
9320024263632,C000920,9320024263632,EXACT_NIB,1.0
5384127310638,C003232,5384127310638,EXACT_NIB,1.0
0021005809982,C001056,0021005809982,EXACT_NIB,1.0
5367176534738,C001186,5367176534738,EXACT_NIB,1.0
7976185743866,C001166,7976185743866,EXACT_NIB,1.0
1243831141009,C000826,1243831141009,EXACT_NIB,1.0
4827215503968,C003346,4827215503968,EXACT_NIB,1.0
0556202294945,C001644,0556202294945,EXACT_NIB,1.0
0215601399476,C003116,0215601399476,EXACT_NIB,1.0
6961387343571,C002041,6961387343571,EXACT_NIB,1.0
2210814409306,C003967,2210814409306,EXACT_NIB,1.0
7714254633072,C003817,7714254633072,EXACT_NIB,1.0
9561426605339,C000566,9561426605339,EXACT_NIB,1.0
8983373202535,C002718,8983373202535,EXACT_NIB,1.0
6074168811346,C004924,6074168811346,EXACT_NIB,1.0
7500956148801,C003725,7500956148801,EXACT_NIB,1.0
9367535946457,C002643,9367535946457,EXACT_NIB,1.0
5583019164631,C003176,5583019164631,EXACT_NIB,1.0
2490921890009,C003489,2490921890009,EXACT_NIB,1.0
6041103740860,C002772,6041103740860,EXACT_NIB,1.0
3761092594452,C004256,3761092594452,EXACT_NIB,1.0
5791929126847,C002347,5791929126847,EXACT_NIB,1.0
3996927176934,C002758,3996927176934,EXACT_NIB,1.0
4093942350333,C001863,4093942350333,EXACT_NIB,1.0
6891008729242,C003520,6891008729242,EXACT_NIB,1.0
3251126833174,C001420,3251126833174,EXACT_NIB,1.0
0997416492730,C001433,0997416492730,EXACT_NIB,1.0
9957858900167,C000609,9957858900167,EXACT_NIB,1.0
7840168897274,C003524,7840168897274,EXACT_NIB,1.0
2198211217859,C000612,2198211217859,EXACT_NIB,1.0
9147092650648,C004793,9147092650648,EXACT_NIB,1.0
1168669890949,C003624,1168669890949,EXACT_NIB,1.0
2866345300470,C000149,2866345300470,EXACT_NIB,1.0
4246708450437,C004932,4246708450437,EXACT_NIB,1.0
8728136227679,C000570,8728136227679,EXACT_NIB,1.0
6238363690507,C000393,6238363690507,EXACT_NIB,1.0
6632160380807,C001886,6632160380807,EXACT_NIB,1.0
8218809790143,C004778,8218809790143,EXACT_NIB,1.0
0192988092882,C000776,0192988092882,EXACT_NIB,1.0
4626132216828,C000678,4626132216828,EXACT_NIB,1.0
6253844366520,C004632,6253844366520,EXACT_NIB,1.0
0872339517880,C003667,0872339517880,EXACT_NIB,1.0
5826244863987,C004826,5826244863987,EXACT_NIB,1.0
2152409383527,C003468,2152409383527,EXACT_NIB,1.0
1256248781993,C004320,1256248781993,EXACT_NIB,1.0
8196263365384,C001127,8196263365384,EXACT_NIB,1.0
9206337067910,C003288,9206337067910,EXACT_NIB,1.0
8230880355988,C001961,8230880355988,EXACT_NIB,1.0
9453284357884,C002087,9453284357884,EXACT_NIB,1.0
9625608108578,C001948,9625608108578,EXACT_NIB,1.0
2907658244898,C004161,2907658244898,EXACT_NIB,1.0
4464945992485,C002343,4464945992485,EXACT_NIB,1.0
2881079108482,C000921,2881079108482,EXACT_NIB,1.0
9250713339597,C004067,9250713339597,EXACT_NIB,1.0
0775740936024,C002252,0775740936024,EXACT_NIB,1.0
3863605747076,C002455,3863605747076,EXACT_NIB,1.0
1386729383586,C003739,1386729383586,EXACT_NIB,1.0
5306787384110,C001133,5306787384110,EXACT_NIB,1.0
0938630858259,C002286,0938630858259,EXACT_NIB,1.0
3294194600785,C000325,3294194600785,EXACT_NIB,1.0
7831269223966,C002888,7831269223966,EXACT_NIB,1.0
1840708737116,C004307,1840708737116,EXACT_NIB,1.0
2409716283475,C000965,2409716283475,EXACT_NIB,1.0
1607223897089,C002088,1607223897089,EXACT_NIB,1.0
7109126761818,C000726,7109126761818,EXACT_NIB,1.0
0098408630936,C000461,0098408630936,EXACT_NIB,1.0
6603339790588,C000206,6603339790588,EXACT_NIB,1.0
2080964927167,C003497,2080964927167,EXACT_NIB,1.0
0679467331671,C003704,0679467331671,EXACT_NIB,1.0
2891837895264,C001208,2891837895264,EXACT_NIB,1.0
6387239517451,C000750,6387239517451,EXACT_NIB,1.0
3789265495279,C003618,3789265495279,EXACT_NIB,1.0
3619134316917,C001455,3619134316917,EXACT_NIB,1.0
7638253077601,C000285,7638253077601,EXACT_NIB,1.0
7932367053610,C004758,7932367053610,EXACT_NIB,1.0
1469061533996,C001757,1469061533996,EXACT_NIB,1.0
0223334846006,C000300,0223334846006,EXACT_NIB,1.0
8981856091894,C004025,8981856091894,EXACT_NIB,1.0
7514726789044,C001656,7514726789044,EXACT_NIB,1.0
1803516454653,C002620,1803516454653,EXACT_NIB,1.0
1173537771249,C000164,1173537771249,EXACT_NIB,1.0
0093738033837,C001912,0093738033837,EXACT_NIB,1.0
1008914582308,C002415,1008914582308,EXACT_NIB,1.0
1270229572865,C001262,1270229572865,EXACT_NIB,1.0
8917286455188,C004133,8917286455188,EXACT_NIB,1.0
3055541398171,C002728,3055541398171,EXACT_NIB,1.0
2270734332722,C003830,2270734332722,EXACT_NIB,1.0
9179228035145,C001966,9179228035145,EXACT_NIB,1.0
7756434682072,C001776,7756434682072,EXACT_NIB,1.0
0427499861337,C004934,0427499861337,EXACT_NIB,1.0
4203667148201,C003132,4203667148201,EXACT_NIB,1.0
9683174827681,C001258,9683174827681,EXACT_NIB,1.0
6821243209317,C004275,6821243209317,EXACT_NIB,1.0
0031910265421,C000252,0031910265421,EXACT_NIB,1.0
4264008879174,C004195,4264008879174,EXACT_NIB,1.0
0130996622906,C003851,0130996622906,EXACT_NIB,1.0
6493907132975,C003208,6493907132975,EXACT_NIB,1.0
6844351086838,C002676,6844351086838,EXACT_NIB,1.0
8928866095625,C004755,8928866095625,EXACT_NIB,1.0
8058037665078,C002197,8058037665078,EXACT_NIB,1.0
8454313742028,C000403,8454313742028,EXACT_NIB,1.0
1910752789628,C003408,1910752789628,EXACT_NIB,1.0
2797413973177,C002222,2797413973177,EXACT_NIB,1.0
5016385731968,C003220,5016385731968,EXACT_NIB,1.0
8526353256589,C004457,8526353256589,EXACT_NIB,1.0
0369155426026,C000223,0369155426026,EXACT_NIB,1.0
7465913163812,C004808,7465913163812,EXACT_NIB,1.0
4574998947388,C000949,4574998947388,EXACT_NIB,1.0
5556779420490,C004600,5556779420490,EXACT_NIB,1.0
1971718231300,C002314,1971718231300,EXACT_NIB,1.0
8540277234890,C003611,8540277234890,EXACT_NIB,1.0
6364589549671,C000908,6364589549671,EXACT_NIB,1.0
0155090230750,C002777,0155090230750,EXACT_NIB,1.0
9753365989643,C003687,9753365989643,EXACT_NIB,1.0
0408063928238,C000799,0408063928238,EXACT_NIB,1.0
4300283066862,C003364,4300283066862,EXACT_NIB,1.0
8241413699879,C000917,8241413699879,EXACT_NIB,1.0
1674742768551,C003716,1674742768551,EXACT_NIB,1.0
1613526425915,C001774,1613526425915,EXACT_NIB,1.0
6918434517929,C004118,6918434517929,EXACT_NIB,1.0
6562840887647,C003236,6562840887647,EXACT_NIB,1.0
5887138111844,C002630,5887138111844,EXACT_NIB,1.0
3016725073931,C000369,3016725073931,EXACT_NIB,1.0
0336922494728,C004688,0336922494728,EXACT_NIB,1.0
5362280937514,C000207,5362280937514,EXACT_NIB,1.0
3389265623193,C000314,3389265623193,EXACT_NIB,1.0
5928265509348,C002529,5928265509348,EXACT_NIB,1.0
0341059708812,C002606,0341059708812,EXACT_NIB,1.0
0872800883993,C000021,0872800883993,EXACT_NIB,1.0
6103225648368,C000322,6103225648368,EXACT_NIB,1.0
1775752515656,C001721,1775752515656,EXACT_NIB,1.0
9122246271811,C003316,9122246271811,EXACT_NIB,1.0
0288977797675,C003666,0288977797675,EXACT_NIB,1.0
3532438457116,C002073,3532438457116,EXACT_NIB,1.0
9082112729394,C000469,9082112729394,EXACT_NIB,1.0
6638177817031,C003512,6638177817031,EXACT_NIB,1.0
2562928923710,C002275,2562928923710,EXACT_NIB,1.0
1259007109728,C000426,1259007109728,EXACT_NIB,1.0
0757196861767,C001068,0757196861767,EXACT_NIB,1.0
9948995454879,C002236,9948995454879,EXACT_NIB,1.0
4958672378114,C004596,4958672378114,EXACT_NIB,1.0
6878689535557,C003537,6878689535557,EXACT_NIB,1.0
1627308312096,C001090,1627308312096,EXACT_NIB,1.0
3483452706243,C001377,3483452706243,EXACT_NIB,1.0
4621393621695,C000267,4621393621695,EXACT_NIB,1.0
2400573573795,C001816,2400573573795,EXACT_NIB,1.0
3584677576018,C003877,3584677576018,EXACT_NIB,1.0
3509397114776,C004216,3509397114776,EXACT_NIB,1.0
3874751625471,C004418,3874751625471,EXACT_NIB,1.0
0417684151700,C004196,0417684151700,EXACT_NIB,1.0
4658159668492,C001979,4658159668492,EXACT_NIB,1.0
8352578906625,C002585,8352578906625,EXACT_NIB,1.0
7427979251986,C004237,7427979251986,EXACT_NIB,1.0
7442751310101,C001084,7442751310101,EXACT_NIB,1.0
1332042870396,C001007,1332042870396,EXACT_NIB,1.0
6866128550294,C002293,6866128550294,EXACT_NIB,1.0
6349753537495,C004422,6349753537495,EXACT_NIB,1.0
3661815159472,C000841,3661815159472,EXACT_NIB,1.0
3760058945516,C000363,3760058945516,EXACT_NIB,1.0
1595547175847,C000667,1595547175847,EXACT_NIB,1.0
6197872821747,C002856,6197872821747,EXACT_NIB,1.0
6766715718718,C002657,6766715718718,EXACT_NIB,1.0
9022793467488,C003938,9022793467488,EXACT_NIB,1.0
9311773555636,C001546,9311773555636,EXACT_NIB,1.0
0261376103523,C004868,0261376103523,EXACT_NIB,1.0
9480373610180,C004011,9480373610180,EXACT_NIB,1.0
7667495134985,C003846,7667495134985,EXACT_NIB,1.0
8862194611065,C002732,8862194611065,EXACT_NIB,1.0
5658996033563,C003765,5658996033563,EXACT_NIB,1.0
5033571772669,C001027,5033571772669,EXACT_NIB,1.0
3752303931102,C001314,3752303931102,EXACT_NIB,1.0
2299118400252,C004219,2299118400252,EXACT_NIB,1.0
6379973880528,C000995,6379973880528,EXACT_NIB,1.0
9159316493780,C001639,9159316493780,EXACT_NIB,1.0
6938102102518,C000045,6938102102518,EXACT_NIB,1.0
7217982507532,C002975,7217982507532,EXACT_NIB,1.0
7465365205390,C000276,7465365205390,EXACT_NIB,1.0
7559512128698,C000862,7559512128698,EXACT_NIB,1.0
0156164131848,C000197,0156164131848,EXACT_NIB,1.0
8425168310846,C000172,8425168310846,EXACT_NIB,1.0
9135454227261,C001229,9135454227261,EXACT_NIB,1.0
8860093916178,C001188,8860093916178,EXACT_NIB,1.0
3812904214080,C000909,3812904214080,EXACT_NIB,1.0
8073046374753,C002255,8073046374753,EXACT_NIB,1.0
9433841949563,C002885,9433841949563,EXACT_NIB,1.0
1799851476212,C003814,1799851476212,EXACT_NIB,1.0
3063603048210,C004658,3063603048210,EXACT_NIB,1.0
0320991521595,C000263,0320991521595,EXACT_NIB,1.0
2286441418394,C001378,2286441418394,EXACT_NIB,1.0
4380932743508,C001554,4380932743508,EXACT_NIB,1.0
9818853444859,C003898,9818853444859,EXACT_NIB,1.0
2371275199936,C000310,2371275199936,EXACT_NIB,1.0
8377681032471,C004063,8377681032471,EXACT_NIB,1.0
0925773475891,C001758,0925773475891,EXACT_NIB,1.0
7691749706527,C003599,7691749706527,EXACT_NIB,1.0
1481176945276,C001827,1481176945276,EXACT_NIB,1.0
7978229414061,C001438,7978229414061,EXACT_NIB,1.0
1265007540631,C001808,1265007540631,EXACT_NIB,1.0
2528318704503,C003861,2528318704503,EXACT_NIB,1.0
9493331696503,C002422,9493331696503,EXACT_NIB,1.0
4882595191106,C001018,4882595191106,EXACT_NIB,1.0
1629885774483,C001576,1629885774483,EXACT_NIB,1.0
2045315703390,C001638,2045315703390,EXACT_NIB,1.0
0372766397599,C003491,0372766397599,EXACT_NIB,1.0
5877374591202,C001142,5877374591202,EXACT_NIB,1.0
2200844168645,C004213,2200844168645,EXACT_NIB,1.0
2467375679847,C000835,2467375679847,EXACT_NIB,1.0
3118327223175,C000046,3118327223175,EXACT_NIB,1.0
0264187238969,C000516,0264187238969,EXACT_NIB,1.0
8116680964860,C001513,8116680964860,EXACT_NIB,1.0
8347080429860,C001397,8347080429860,EXACT_NIB,1.0
2110231038086,C001539,2110231038086,EXACT_NIB,1.0
5791002623126,C003820,5791002623126,EXACT_NIB,1.0
6128749917606,C002448,6128749917606,EXACT_NIB,1.0
1919839134231,C001588,1919839134231,EXACT_NIB,1.0
8735446259740,C004128,8735446259740,EXACT_NIB,1.0
5408356301451,C000008,5408356301451,EXACT_NIB,1.0
0625145930918,C001012,0625145930918,EXACT_NIB,1.0
6195633645495,C002586,6195633645495,EXACT_NIB,1.0
1625104122774,C000134,1625104122774,EXACT_NIB,1.0
0520009196568,C002913,0520009196568,EXACT_NIB,1.0
7672710678853,C004026,7672710678853,EXACT_NIB,1.0
9377454209972,C002400,9377454209972,EXACT_NIB,1.0
9646782680379,C000553,9646782680379,EXACT_NIB,1.0
1433741572812,C000560,1433741572812,EXACT_NIB,1.0
7493882796310,C002570,7493882796310,EXACT_NIB,1.0
9469468339713,C003759,9469468339713,EXACT_NIB,1.0
2267991166189,C003473,2267991166189,EXACT_NIB,1.0
6086226788709,C002008,6086226788709,EXACT_NIB,1.0
3835090382158,C001113,3835090382158,EXACT_NIB,1.0
3279070714582,C000801,3279070714582,EXACT_NIB,1.0
1933755215502,C003766,1933755215502,EXACT_NIB,1.0
1306336883939,C003225,1306336883939,EXACT_NIB,1.0
7027702538152,C001581,7027702538152,EXACT_NIB,1.0
0360936123017,C004918,0360936123017,EXACT_NIB,1.0
4251242673904,C001834,4251242673904,EXACT_NIB,1.0
6716035696615,C004548,6716035696615,EXACT_NIB,1.0
7877142797307,C000584,7877142797307,EXACT_NIB,1.0
1051381015516,C002416,1051381015516,EXACT_NIB,1.0
1651605074150,C003149,1651605074150,EXACT_NIB,1.0
6539039159596,C000690,6539039159596,EXACT_NIB,1.0
3671457896320,C002114,3671457896320,EXACT_NIB,1.0
5398315007763,C002484,5398315007763,EXACT_NIB,1.0
9625121802405,C000006,9625121802405,EXACT_NIB,1.0
0904660287902,C002935,0904660287902,EXACT_NIB,1.0
2316283298312,C003800,2316283298312,EXACT_NIB,1.0
2257423675805,C001391,2257423675805,EXACT_NIB,1.0
1256952596317,C002443,1256952596317,EXACT_NIB,1.0
5832207774821,C003827,5832207774821,EXACT_NIB,1.0
3878539806792,C003126,3878539806792,EXACT_NIB,1.0
6309755979063,C002074,6309755979063,EXACT_NIB,1.0
8236883128829,C003885,8236883128829,EXACT_NIB,1.0
3893670036904,C004342,3893670036904,EXACT_NIB,1.0
3146825706563,C002759,3146825706563,EXACT_NIB,1.0
9392092271724,C003134,9392092271724,EXACT_NIB,1.0
3300556302385,C002178,3300556302385,EXACT_NIB,1.0
0529187734220,C000813,0529187734220,EXACT_NIB,1.0
7595770483215,C004831,7595770483215,EXACT_NIB,1.0
9072631068154,C003462,9072631068154,EXACT_NIB,1.0
3189712516565,C003350,3189712516565,EXACT_NIB,1.0
9300714244761,C000596,9300714244761,EXACT_NIB,1.0
9304821334708,C000198,9304821334708,EXACT_NIB,1.0
7492671329089,C001404,7492671329089,EXACT_NIB,1.0
8888288724806,C001974,8888288724806,EXACT_NIB,1.0
0209054243107,C001179,0209054243107,EXACT_NIB,1.0
6407205158533,C004894,6407205158533,EXACT_NIB,1.0
0830868990363,C002918,0830868990363,EXACT_NIB,1.0
6629399874080,C001874,6629399874080,EXACT_NIB,1.0
1727802724198,C001959,1727802724198,EXACT_NIB,1.0
6774871105773,C002337,6774871105773,EXACT_NIB,1.0
1360579792702,C002730,1360579792702,EXACT_NIB,1.0
9445728261867,C002099,9445728261867,EXACT_NIB,1.0
5622171467418,C003460,5622171467418,EXACT_NIB,1.0
5811863690766,C003031,5811863690766,EXACT_NIB,1.0
3918732514546,C003382,3918732514546,EXACT_NIB,1.0
9970704548213,C004340,9970704548213,EXACT_NIB,1.0
1255592214632,C001115,1255592214632,EXACT_NIB,1.0
0232359166107,C004621,0232359166107,EXACT_NIB,1.0
8657829578775,C003626,8657829578775,EXACT_NIB,1.0
3449727555670,C002388,3449727555670,EXACT_NIB,1.0
5675809483013,C000442,5675809483013,EXACT_NIB,1.0
2410246406349,C004371,2410246406349,EXACT_NIB,1.0
1361672687720,C002342,1361672687720,EXACT_NIB,1.0
1733871918387,C003815,1733871918387,EXACT_NIB,1.0
6179286047732,C001269,6179286047732,EXACT_NIB,1.0
0580987079191,C003153,0580987079191,EXACT_NIB,1.0
2108219143802,C002134,2108219143802,EXACT_NIB,1.0
9753953227086,C004021,9753953227086,EXACT_NIB,1.0
1999648191597,C002270,1999648191597,EXACT_NIB,1.0
0782819759923,C002744,0782819759923,EXACT_NIB,1.0
0972068814798,C001311,0972068814798,EXACT_NIB,1.0
2618079007748,C004362,2618079007748,EXACT_NIB,1.0
9035911014152,C000343,9035911014152,EXACT_NIB,1.0
0488746961059,C001929,0488746961059,EXACT_NIB,1.0
6552054837469,C000625,6552054837469,EXACT_NIB,1.0
3369215260644,C002076,3369215260644,EXACT_NIB,1.0
6048057358844,C003169,6048057358844,EXACT_NIB,1.0
9098803254286,C001004,9098803254286,EXACT_NIB,1.0
5857934709751,C003333,5857934709751,EXACT_NIB,1.0
0952285024715,C000166,0952285024715,EXACT_NIB,1.0
9472076953689,C004385,9472076953689,EXACT_NIB,1.0
7588135285907,C004590,7588135285907,EXACT_NIB,1.0
0340529419145,C003684,0340529419145,EXACT_NIB,1.0
1313071695215,C000964,1313071695215,EXACT_NIB,1.0
0148975484119,C004075,0148975484119,EXACT_NIB,1.0
9910710726456,C003049,9910710726456,EXACT_NIB,1.0
4878278735865,C001419,4878278735865,EXACT_NIB,1.0
9283881298562,C002540,9283881298562,EXACT_NIB,1.0
9917916469487,C004916,9917916469487,EXACT_NIB,1.0
5939621835924,C000224,5939621835924,EXACT_NIB,1.0
5764922920679,C000064,5764922920679,EXACT_NIB,1.0
6555106116389,C000405,6555106116389,EXACT_NIB,1.0
3726128822753,C003804,3726128822753,EXACT_NIB,1.0
7224548466308,C002569,7224548466308,EXACT_NIB,1.0
3750219032441,C004323,3750219032441,EXACT_NIB,1.0
7086382988524,C000160,7086382988524,EXACT_NIB,1.0
7547401405254,C003560,7547401405254,EXACT_NIB,1.0
0776303271843,C001227,0776303271843,EXACT_NIB,1.0
6034611738635,C000519,6034611738635,EXACT_NIB,1.0
0767280950483,C002955,0767280950483,EXACT_NIB,1.0
2577513824442,C001173,2577513824442,EXACT_NIB,1.0
2094403020559,C003598,2094403020559,EXACT_NIB,1.0
0065232113230,C004549,0065232113230,EXACT_NIB,1.0
3939925358161,C001074,3939925358161,EXACT_NIB,1.0
1162611713223,C001943,1162611713223,EXACT_NIB,1.0
9276516035008,C003203,9276516035008,EXACT_NIB,1.0
3843540974344,C001440,3843540974344,EXACT_NIB,1.0
1491823860420,C002183,1491823860420,EXACT_NIB,1.0
9106699475937,C003117,9106699475937,EXACT_NIB,1.0
7167263324827,C002613,7167263324827,EXACT_NIB,1.0
5015538531934,C000604,5015538531934,EXACT_NIB,1.0
1915879200868,C003360,1915879200868,EXACT_NIB,1.0
6910851197664,C002408,6910851197664,EXACT_NIB,1.0
1574367152832,C004247,1574367152832,EXACT_NIB,1.0
1762563201901,C000083,1762563201901,EXACT_NIB,1.0
7307178535633,C003459,7307178535633,EXACT_NIB,1.0
9596355387214,C003444,9596355387214,EXACT_NIB,1.0
6474682122797,C000528,6474682122797,EXACT_NIB,1.0
6523208025613,C001304,6523208025613,EXACT_NIB,1.0
1392341868674,C004811,1392341868674,EXACT_NIB,1.0
4374832254538,C002683,4374832254538,EXACT_NIB,1.0
7188668926589,C003665,7188668926589,EXACT_NIB,1.0
2286698826430,C001840,2286698826430,EXACT_NIB,1.0
2235339282883,C001844,2235339282883,EXACT_NIB,1.0
2395289669995,C000349,2395289669995,EXACT_NIB,1.0
3273317841826,C004252,3273317841826,EXACT_NIB,1.0
9965599767910,C000837,9965599767910,EXACT_NIB,1.0
5644848789995,C004408,5644848789995,EXACT_NIB,1.0
6609648474515,C002921,6609648474515,EXACT_NIB,1.0
3505786481073,C001232,3505786481073,EXACT_NIB,1.0
4834411433766,C003044,4834411433766,EXACT_NIB,1.0
3978311150238,C000716,3978311150238,EXACT_NIB,1.0
0128507969147,C002510,0128507969147,EXACT_NIB,1.0
3780143555095,C004443,3780143555095,EXACT_NIB,1.0
9229374664875,C000836,9229374664875,EXACT_NIB,1.0
9559651312801,C004027,9559651312801,EXACT_NIB,1.0
5741924659415,C000697,5741924659415,EXACT_NIB,1.0
7197560933773,C000114,7197560933773,EXACT_NIB,1.0
5542327297027,C002092,5542327297027,EXACT_NIB,1.0
8747155899254,C004421,8747155899254,EXACT_NIB,1.0
3686020402513,C003138,3686020402513,EXACT_NIB,1.0
9606144948220,C001628,9606144948220,EXACT_NIB,1.0
1647199212818,C004054,1647199212818,EXACT_NIB,1.0
3399703515579,C004860,3399703515579,EXACT_NIB,1.0
9715084076697,C004833,9715084076697,EXACT_NIB,1.0
0367230079154,C001101,0367230079154,EXACT_NIB,1.0
9787848990086,C004215,9787848990086,EXACT_NIB,1.0
9699885793834,C004390,9699885793834,EXACT_NIB,1.0
5940189805388,C003146,5940189805388,EXACT_NIB,1.0
2417984339821,C000786,2417984339821,EXACT_NIB,1.0
4168702811675,C002702,4168702811675,EXACT_NIB,1.0
2749256128539,C004254,2749256128539,EXACT_NIB,1.0
6938136029196,C000879,6938136029196,EXACT_NIB,1.0
1908154850031,C002659,1908154850031,EXACT_NIB,1.0
3400034094884,C004406,3400034094884,EXACT_NIB,1.0
5339568237117,C004509,5339568237117,EXACT_NIB,1.0
1302746649989,C002516,1302746649989,EXACT_NIB,1.0
6192102995722,C002168,6192102995722,EXACT_NIB,1.0
0430238545148,C004096,0430238545148,EXACT_NIB,1.0
8397469596237,C001527,8397469596237,EXACT_NIB,1.0
9093052734791,C001017,9093052734791,EXACT_NIB,1.0
7442084444037,C002823,7442084444037,EXACT_NIB,1.0
5345811665792,C004524,5345811665792,EXACT_NIB,1.0
2374040694575,C002411,2374040694575,EXACT_NIB,1.0
1741268318223,C003249,1741268318223,EXACT_NIB,1.0
1547382484358,C000105,1547382484358,EXACT_NIB,1.0
2809479342051,C003757,2809479342051,EXACT_NIB,1.0
0160140430445,C003240,0160140430445,EXACT_NIB,1.0
0809450254829,C001184,0809450254829,EXACT_NIB,1.0
3540362408962,C000952,3540362408962,EXACT_NIB,1.0
9712444338285,C003738,9712444338285,EXACT_NIB,1.0
8502177030544,C002774,8502177030544,EXACT_NIB,1.0
4220340401134,C000897,4220340401134,EXACT_NIB,1.0
7279908810911,C003476,7279908810911,EXACT_NIB,1.0
3492944643994,C003958,3492944643994,EXACT_NIB,1.0
6364199664554,C002685,6364199664554,EXACT_NIB,1.0
0344665891238,C001337,0344665891238,EXACT_NIB,1.0
1561193348463,C003750,1561193348463,EXACT_NIB,1.0
6439211921330,C004231,6439211921330,EXACT_NIB,1.0
1745546815957,C003728,1745546815957,EXACT_NIB,1.0
6180320530649,C004314,6180320530649,EXACT_NIB,1.0
8833361679007,C001100,8833361679007,EXACT_NIB,1.0
9038069513191,C001157,9038069513191,EXACT_NIB,1.0
9935701763197,C001309,9935701763197,EXACT_NIB,1.0
6298145105962,C003896,6298145105962,EXACT_NIB,1.0
0140809912503,C004198,0140809912503,EXACT_NIB,1.0
9315311412331,C001980,9315311412331,EXACT_NIB,1.0
6337731809332,C001664,6337731809332,EXACT_NIB,1.0
9087577774462,C003631,9087577774462,EXACT_NIB,1.0
5322760348478,C004072,5322760348478,EXACT_NIB,1.0
6772807200901,C003428,6772807200901,EXACT_NIB,1.0
9611684780405,C001171,9611684780405,EXACT_NIB,1.0
7573942661099,C000038,7573942661099,EXACT_NIB,1.0
9927114793442,C001875,9927114793442,EXACT_NIB,1.0
8961419446644,C003475,8961419446644,EXACT_NIB,1.0
0656702737614,C002948,0656702737614,EXACT_NIB,1.0
6727062198716,C001398,6727062198716,EXACT_NIB,1.0
2289214155841,C001591,2289214155841,EXACT_NIB,1.0
0465847514220,C000399,0465847514220,EXACT_NIB,1.0
7122907002855,C004481,7122907002855,EXACT_NIB,1.0
7176664163423,C004065,7176664163423,EXACT_NIB,1.0
7361261263983,C004375,7361261263983,EXACT_NIB,1.0
8572626056141,C001586,8572626056141,EXACT_NIB,1.0
2508763971910,C004156,2508763971910,EXACT_NIB,1.0
4519917393169,C001019,4519917393169,EXACT_NIB,1.0
4906765336330,C001909,4906765336330,EXACT_NIB,1.0
1626148152138,C000228,1626148152138,EXACT_NIB,1.0
0574455009861,C003895,0574455009861,EXACT_NIB,1.0
9055496015598,C000176,9055496015598,EXACT_NIB,1.0
6559488475554,C002026,6559488475554,EXACT_NIB,1.0
5611527277382,C001159,5611527277382,EXACT_NIB,1.0
8587200002341,C001289,8587200002341,EXACT_NIB,1.0
3383379084609,C001005,3383379084609,EXACT_NIB,1.0
8676511171181,C001329,8676511171181,EXACT_NIB,1.0
1244322208775,C003034,1244322208775,EXACT_NIB,1.0
5100973520006,C003961,5100973520006,EXACT_NIB,1.0
1985045205618,C000976,1985045205618,EXACT_NIB,1.0
3375098710428,C004380,3375098710428,EXACT_NIB,1.0
4828991182769,C004228,4828991182769,EXACT_NIB,1.0
7094522536147,C000332,7094522536147,EXACT_NIB,1.0
0434529278632,C003970,0434529278632,EXACT_NIB,1.0
7845374834483,C002950,7845374834483,EXACT_NIB,1.0
2102698945067,C002568,2102698945067,EXACT_NIB,1.0
7488022259625,C000718,7488022259625,EXACT_NIB,1.0
0056161846487,C001268,0056161846487,EXACT_NIB,1.0
2340910462388,C001340,2340910462388,EXACT_NIB,1.0
3572347964690,C000446,3572347964690,EXACT_NIB,1.0
9333173612377,C000041,9333173612377,EXACT_NIB,1.0
4238236567543,C000245,4238236567543,EXACT_NIB,1.0
3037597553412,C002050,3037597553412,EXACT_NIB,1.0
6715658653469,C004726,6715658653469,EXACT_NIB,1.0
2808475401726,C004684,2808475401726,EXACT_NIB,1.0
2432449959677,C002957,2432449959677,EXACT_NIB,1.0
2197245671068,C002245,2197245671068,EXACT_NIB,1.0
4474610828081,C001674,4474610828081,EXACT_NIB,1.0
8200284431320,C001728,8200284431320,EXACT_NIB,1.0
9270604256120,C004335,9270604256120,EXACT_NIB,1.0
2882049776380,C001700,2882049776380,EXACT_NIB,1.0
7641991190878,C004766,7641991190878,EXACT_NIB,1.0
0274925714830,C000931,0274925714830,EXACT_NIB,1.0
1456676845381,C001441,1456676845381,EXACT_NIB,1.0
0650987128849,C000927,0650987128849,EXACT_NIB,1.0
1773163062743,C000017,1773163062743,EXACT_NIB,1.0
2543644489124,C000526,2543644489124,EXACT_NIB,1.0
6472020795591,C004595,6472020795591,EXACT_NIB,1.0
7056806640021,C004641,7056806640021,EXACT_NIB,1.0
4226506304416,C001654,4226506304416,EXACT_NIB,1.0
1036916288750,C001763,1036916288750,EXACT_NIB,1.0
9750291069743,C004268,9750291069743,EXACT_NIB,1.0
1006393992012,C002181,1006393992012,EXACT_NIB,1.0
1134360607713,C001465,1134360607713,EXACT_NIB,1.0
2592667503151,C000259,2592667503151,EXACT_NIB,1.0
7234203095124,C004085,7234203095124,EXACT_NIB,1.0
6999845083737,C001223,6999845083737,EXACT_NIB,1.0
2021585365443,C001193,2021585365443,EXACT_NIB,1.0
4174397116114,C004497,4174397116114,EXACT_NIB,1.0
4263015779409,C003954,4263015779409,EXACT_NIB,1.0
8412361113697,C003262,8412361113697,EXACT_NIB,1.0
7674885442131,C000148,7674885442131,EXACT_NIB,1.0
0503051000102,C003767,0503051000102,EXACT_NIB,1.0
1071468388190,C004074,1071468388190,EXACT_NIB,1.0
2230651779241,C003663,2230651779241,EXACT_NIB,1.0
7944059149873,C003114,7944059149873,EXACT_NIB,1.0
2320690686008,C001800,2320690686008,EXACT_NIB,1.0
1854281188726,C004643,1854281188726,EXACT_NIB,1.0
8836956337144,C001852,8836956337144,EXACT_NIB,1.0
3384438963348,C004728,3384438963348,EXACT_NIB,1.0
9777774714227,C001382,9777774714227,EXACT_NIB,1.0
6594675739540,C004322,6594675739540,EXACT_NIB,1.0
6285323319164,C001931,6285323319164,EXACT_NIB,1.0
4212028533380,C000196,4212028533380,EXACT_NIB,1.0
9788316622458,C003170,9788316622458,EXACT_NIB,1.0
8843511099295,C000781,8843511099295,EXACT_NIB,1.0
9611286922220,C001851,9611286922220,EXACT_NIB,1.0
0740681740638,C002177,0740681740638,EXACT_NIB,1.0
1770591361856,C004437,1770591361856,EXACT_NIB,1.0
2659616350232,C004479,2659616350232,EXACT_NIB,1.0
0447853805794,C003323,0447853805794,EXACT_NIB,1.0
8482018565453,C001597,8482018565453,EXACT_NIB,1.0
3121136931427,C001594,3121136931427,EXACT_NIB,1.0
9726793468145,C000905,9726793468145,EXACT_NIB,1.0
2449244249198,C003950,2449244249198,EXACT_NIB,1.0
3621178643447,C003023,3621178643447,EXACT_NIB,1.0
7923013768858,C001870,7923013768858,EXACT_NIB,1.0
0869420680282,C002040,0869420680282,EXACT_NIB,1.0
0169138853208,C003094,0169138853208,EXACT_NIB,1.0
6273752090641,C000324,6273752090641,EXACT_NIB,1.0
9679495936824,C001522,9679495936824,EXACT_NIB,1.0
5666317443860,C001109,5666317443860,EXACT_NIB,1.0
3279307830066,C000037,3279307830066,EXACT_NIB,1.0
8924091116091,C004673,8924091116091,EXACT_NIB,1.0
6782061756987,C000870,6782061756987,EXACT_NIB,1.0
5376077556229,C003768,5376077556229,EXACT_NIB,1.0
9132023755876,C001429,9132023755876,EXACT_NIB,1.0
1657688988337,C000065,1657688988337,EXACT_NIB,1.0
3825534616950,C003531,3825534616950,EXACT_NIB,1.0
1636172967178,C002278,1636172967178,EXACT_NIB,1.0
4484423902879,C003860,4484423902879,EXACT_NIB,1.0
7134033597829,C002839,7134033597829,EXACT_NIB,1.0
5983469648851,C002030,5983469648851,EXACT_NIB,1.0
0546399989161,C001048,0546399989161,EXACT_NIB,1.0
0431891200908,C002083,0431891200908,EXACT_NIB,1.0
7177501396377,C003160,7177501396377,EXACT_NIB,1.0
4072524082416,C003758,4072524082416,EXACT_NIB,1.0
3841774118428,C003870,3841774118428,EXACT_NIB,1.0
0071978147185,C000588,0071978147185,EXACT_NIB,1.0
5405444553731,C003422,5405444553731,EXACT_NIB,1.0
3547488470821,C001447,3547488470821,EXACT_NIB,1.0
2771070957146,C002218,2771070957146,EXACT_NIB,1.0
0170759349468,C002506,0170759349468,EXACT_NIB,1.0
0799485446255,C000688,0799485446255,EXACT_NIB,1.0
0967337338862,C004825,0967337338862,EXACT_NIB,1.0
3373052225234,C004835,3373052225234,EXACT_NIB,1.0
0706720007816,C004123,0706720007816,EXACT_NIB,1.0
5212215921465,C001670,5212215921465,EXACT_NIB,1.0
2392409851431,C002686,2392409851431,EXACT_NIB,1.0
6986676344528,C004796,6986676344528,EXACT_NIB,1.0
1590762946367,C000587,1590762946367,EXACT_NIB,1.0
8506720901191,C003872,8506720901191,EXACT_NIB,1.0
7044855966333,C001697,7044855966333,EXACT_NIB,1.0
5614293831159,C003495,5614293831159,EXACT_NIB,1.0
4789410977297,C003154,4789410977297,EXACT_NIB,1.0
3968330933532,C004177,3968330933532,EXACT_NIB,1.0
9308276412778,C003485,9308276412778,EXACT_NIB,1.0
9023296125103,C003776,9023296125103,EXACT_NIB,1.0
6615455059550,C001915,6615455059550,EXACT_NIB,1.0
7287887464307,C000511,7287887464307,EXACT_NIB,1.0
6151335946756,C003741,6151335946756,EXACT_NIB,1.0
3264353471379,C003587,3264353471379,EXACT_NIB,1.0
7042499317800,C004450,7042499317800,EXACT_NIB,1.0
1179172029275,C002475,1179172029275,EXACT_NIB,1.0
2643357051891,C001883,2643357051891,EXACT_NIB,1.0
7863014211773,C003964,7863014211773,EXACT_NIB,1.0
1050474410750,C003906,1050474410750,EXACT_NIB,1.0
6200900366802,C002688,6200900366802,EXACT_NIB,1.0
4141246765358,C003744,4141246765358,EXACT_NIB,1.0
4207604978362,C002287,4207604978362,EXACT_NIB,1.0
7340095515091,C002094,7340095515091,EXACT_NIB,1.0
2695756575964,C001041,2695756575964,EXACT_NIB,1.0
5873527940970,C003843,5873527940970,EXACT_NIB,1.0
2779958833726,C004903,2779958833726,EXACT_NIB,1.0
7781173712383,C001524,7781173712383,EXACT_NIB,1.0
5366427742152,C004864,5366427742152,EXACT_NIB,1.0
5406824634545,C004048,5406824634545,EXACT_NIB,1.0
1257791199370,C000969,1257791199370,EXACT_NIB,1.0
9859418145273,C001891,9859418145273,EXACT_NIB,1.0
6816263391265,C003676,6816263391265,EXACT_NIB,1.0
8729276189377,C002919,8729276189377,EXACT_NIB,1.0
9731637914012,C004839,9731637914012,EXACT_NIB,1.0
1913236420724,C003419,1913236420724,EXACT_NIB,1.0
1251811998897,C004227,1251811998897,EXACT_NIB,1.0
2167715009211,C004698,2167715009211,EXACT_NIB,1.0
5470967608868,C001540,5470967608868,EXACT_NIB,1.0
5968982862879,C002263,5968982862879,EXACT_NIB,1.0
2429981194412,C004477,2429981194412,EXACT_NIB,1.0
4446368924452,C004151,4446368924452,EXACT_NIB,1.0
0417881052490,C002590,0417881052490,EXACT_NIB,1.0
2980148137293,C003596,2980148137293,EXACT_NIB,1.0
3139816734351,C002078,3139816734351,EXACT_NIB,1.0
5208358192226,C003722,5208358192226,EXACT_NIB,1.0
1367726829337,C003797,1367726829337,EXACT_NIB,1.0
9192299542809,C003285,9192299542809,EXACT_NIB,1.0
3063604144920,C001951,3063604144920,EXACT_NIB,1.0
3922862885853,C004276,3922862885853,EXACT_NIB,1.0
4674118156861,C004005,4674118156861,EXACT_NIB,1.0
4037141790734,C004750,4037141790734,EXACT_NIB,1.0
9821777695644,C004879,9821777695644,EXACT_NIB,1.0
6404153659049,C004455,6404153659049,EXACT_NIB,1.0
9299613137109,C003410,9299613137109,EXACT_NIB,1.0
8702085827934,C001049,8702085827934,EXACT_NIB,1.0
7854138870305,C003128,7854138870305,EXACT_NIB,1.0
8900562561209,C003982,8900562561209,EXACT_NIB,1.0
6732271548411,C003888,6732271548411,EXACT_NIB,1.0
1911551925099,C004194,1911551925099,EXACT_NIB,1.0
3100955034902,C003821,3100955034902,EXACT_NIB,1.0
5166406413367,C000341,5166406413367,EXACT_NIB,1.0
2704472101493,C004689,2704472101493,EXACT_NIB,1.0
4136105902802,C000353,4136105902802,EXACT_NIB,1.0
8952527697210,C001972,8952527697210,EXACT_NIB,1.0
0329342335519,C001955,0329342335519,EXACT_NIB,1.0
5458771044979,C004226,5458771044979,EXACT_NIB,1.0
6690125816055,C000669,6690125816055,EXACT_NIB,1.0
9641863673779,C004901,9641863673779,EXACT_NIB,1.0
1280489578316,C001871,1280489578316,EXACT_NIB,1.0
0718098469979,C002227,0718098469979,EXACT_NIB,1.0
6296558174244,C001967,6296558174244,EXACT_NIB,1.0
6285323319164,C001931,6285323319164,EXACT_NIB,1.0
2491626317774,C003434,2491626317774,EXACT_NIB,1.0
0311587605457,C004598,0311587605457,EXACT_NIB,1.0
0021512851368,C000069,0021512851368,EXACT_NIB,1.0
9779109922089,C000632,9779109922089,EXACT_NIB,1.0
5869507321464,C004209,5869507321464,EXACT_NIB,1.0
8615155423401,C004251,8615155423401,EXACT_NIB,1.0
8056820175307,C003849,8056820175307,EXACT_NIB,1.0
7247660531397,C000268,7247660531397,EXACT_NIB,1.0
7840168897274,C003524,7840168897274,EXACT_NIB,1.0
9818853444859,C003898,9818853444859,EXACT_NIB,1.0
8675683633319,C001008,8675683633319,EXACT_NIB,1.0
4769123779398,C001165,4769123779398,EXACT_NIB,1.0
1538348995312,C000655,1538348995312,EXACT_NIB,1.0
2950336936834,C003087,2950336936834,EXACT_NIB,1.0
9367535946457,C002643,9367535946457,EXACT_NIB,1.0
4522759426732,C000538,4522759426732,EXACT_NIB,1.0
8261103565942,C004593,8261103565942,EXACT_NIB,1.0
7567538668814,C000974,7567538668814,EXACT_NIB,1.0
8005573380792,C004046,8005573380792,EXACT_NIB,1.0
8753741260026,C003568,8753741260026,EXACT_NIB,1.0
0041770734603,C004400,0041770734603,EXACT_NIB,1.0
7586373533270,C000812,7586373533270,EXACT_NIB,1.0
6572118728843,C003246,6572118728843,EXACT_NIB,1.0
2785821062612,C004009,2785821062612,EXACT_NIB,1.0
5770299295966,C003065,5770299295966,EXACT_NIB,1.0
0946174556378,C003798,0946174556378,EXACT_NIB,1.0
0447853805794,C003323,0447853805794,EXACT_NIB,1.0
7715787293060,C004367,7715787293060,EXACT_NIB,1.0
0895710706114,C004290,0895710706114,EXACT_NIB,1.0
9035911014152,C000343,9035911014152,EXACT_NIB,1.0
1651424329429,C004444,1651424329429,EXACT_NIB,1.0
7058416806134,C003322,7058416806134,EXACT_NIB,1.0
3598860000046,C001715,3598860000046,EXACT_NIB,1.0
0767490641227,C002812,0767490641227,EXACT_NIB,1.0
8024557116274,C004480,8024557116274,EXACT_NIB,1.0
2519701815891,C002173,2519701815891,EXACT_NIB,1.0
0606737788921,C002616,0606737788921,EXACT_NIB,1.0
9732781952371,C002450,9732781952371,EXACT_NIB,1.0
4962278761870,C002009,4962278761870,EXACT_NIB,1.0
9283881298562,C002540,9283881298562,EXACT_NIB,1.0
1976588608125,C002872,1976588608125,EXACT_NIB,1.0
6538027481242,C002817,6538027481242,EXACT_NIB,1.0
0770236810463,C000031,0770236810463,EXACT_NIB,1.0
7150451967877,C001575,7150451967877,EXACT_NIB,1.0
1952098463477,C001918,1952098463477,EXACT_NIB,1.0
0264187238969,C000516,0264187238969,EXACT_NIB,1.0
3780143555095,C004443,3780143555095,EXACT_NIB,1.0
5887850660675,C000294,5887850660675,EXACT_NIB,1.0
6660588095924,C004193,6660588095924,EXACT_NIB,1.0
0729428981166,C001911,0729428981166,EXACT_NIB,1.0
7110340207361,C004671,7110340207361,EXACT_NIB,1.0
6862110225803,C000524,6862110225803,EXACT_NIB,1.0
3404665046382,C000847,3404665046382,EXACT_NIB,1.0
0660116558651,C002621,0660116558651,EXACT_NIB,1.0
1313071695215,C000964,1313071695215,EXACT_NIB,1.0
5951763524130,C003627,5951763524130,EXACT_NIB,1.0
8368747774070,C003189,8368747774070,EXACT_NIB,1.0
7228200557784,C002577,7228200557784,EXACT_NIB,1.0
6603339790588,C000206,6603339790588,EXACT_NIB,1.0
4912711307240,C004041,4912711307240,EXACT_NIB,1.0
8326213841551,C004720,8326213841551,EXACT_NIB,1.0
4657602491246,C000651,4657602491246,EXACT_NIB,1.0
9687403304544,C002089,9687403304544,EXACT_NIB,1.0
7476308357289,C002560,7476308357289,EXACT_NIB,1.0
4311326611584,C004603,4311326611584,EXACT_NIB,1.0
4175024130078,C002144,4175024130078,EXACT_NIB,1.0
5273536423570,C001043,5273536423570,EXACT_NIB,1.0
2307681040915,C003103,2307681040915,EXACT_NIB,1.0
4048933261454,C004080,4048933261454,EXACT_NIB,1.0
6203744571991,C001737,6203744571991,EXACT_NIB,1.0
3717758856274,C002602,3717758856274,EXACT_NIB,1.0
9389833337873,C002238,9389833337873,EXACT_NIB,1.0
6300979251327,C000150,6300979251327,EXACT_NIB,1.0
9285507435095,C002776,9285507435095,EXACT_NIB,1.0
4453451466886,C001596,4453451466886,EXACT_NIB,1.0
7672710678853,C004026,7672710678853,EXACT_NIB,1.0
5680963489365,C002321,5680963489365,EXACT_NIB,1.0
1270736620627,C004305,1270736620627,EXACT_NIB,1.0
1460025300958,C000571,1460025300958,EXACT_NIB,1.0
4250122915353,C001389,4250122915353,EXACT_NIB,1.0
8586490796184,C003233,8586490796184,EXACT_NIB,1.0
0417881052490,C002590,0417881052490,EXACT_NIB,1.0
0128507969147,C002510,0128507969147,EXACT_NIB,1.0
3353336941751,C001926,3353336941751,EXACT_NIB,1.0
1814442484202,C000156,1814442484202,EXACT_NIB,1.0
1567261736292,C003995,1567261736292,EXACT_NIB,1.0
2360368085884,C002476,2360368085884,EXACT_NIB,1.0
7838744308183,C001427,7838744308183,EXACT_NIB,1.0
2018732856580,C002770,2018732856580,EXACT_NIB,1.0
5948307413991,C000971,5948307413991,EXACT_NIB,1.0
2421959730912,C001219,2421959730912,EXACT_NIB,1.0
4427873554042,C002115,4427873554042,EXACT_NIB,1.0
6330804808861,C004827,6330804808861,EXACT_NIB,1.0
0160140430445,C003240,0160140430445,EXACT_NIB,1.0
6910851197664,C002408,6910851197664,EXACT_NIB,1.0
5333501626251,C002692,5333501626251,EXACT_NIB,1.0
2261673366053,C004650,2261673366053,EXACT_NIB,1.0
6594918684987,C000229,6594918684987,EXACT_NIB,1.0
0097296782866,C001274,0097296782866,EXACT_NIB,1.0
7080538289812,C003165,7080538289812,EXACT_NIB,1.0
7013111751733,C002377,7013111751733,EXACT_NIB,1.0
4578449023077,C004274,4578449023077,EXACT_NIB,1.0
3572347964690,C000446,3572347964690,EXACT_NIB,1.0
9656084695449,C001471,9656084695449,EXACT_NIB,1.0
8353485842556,C002873,8353485842556,EXACT_NIB,1.0
8099491943733,C001598,8099491943733,EXACT_NIB,1.0
1961276620808,C001000,1961276620808,EXACT_NIB,1.0
9497254720474,C004108,9497254720474,EXACT_NIB,1.0
7317394624872,C001460,7317394624872,EXACT_NIB,1.0
3302650996218,C001988,3302650996218,EXACT_NIB,1.0
6072032489323,C003505,6072032489323,EXACT_NIB,1.0
8723063657837,C000189,8723063657837,EXACT_NIB,1.0
2880736649706,C004428,2880736649706,EXACT_NIB,1.0
8215658868022,C003999,8215658868022,EXACT_NIB,1.0
4442839632470,C002141,4442839632470,EXACT_NIB,1.0
0422464069486,C004771,0422464069486,EXACT_NIB,1.0
1785221158718,C000842,1785221158718,EXACT_NIB,1.0
0504726097962,C003582,0504726097962,EXACT_NIB,1.0
1918182819793,C002684,1918182819793,EXACT_NIB,1.0
4832348634152,C001290,4832348634152,EXACT_NIB,1.0
1337800684096,C003616,1337800684096,EXACT_NIB,1.0
8938135246247,C001066,8938135246247,EXACT_NIB,1.0
0912602870071,C002694,0912602870071,EXACT_NIB,1.0
9235777414905,C001285,9235777414905,EXACT_NIB,1.0
3812904214080,C000909,3812904214080,EXACT_NIB,1.0
6200900366802,C002688,6200900366802,EXACT_NIB,1.0
8921327381522,C003916,8921327381522,EXACT_NIB,1.0
6439211921330,C004231,6439211921330,EXACT_NIB,1.0
1226061424586,C003120,1226061424586,EXACT_NIB,1.0
8789708746740,C001662,8789708746740,EXACT_NIB,1.0
1826886153355,C003145,1826886153355,EXACT_NIB,1.0
0045820721624,C004351,0045820721624,EXACT_NIB,1.0
0342289951824,C002887,0342289951824,EXACT_NIB,1.0
7820797996673,C001217,7820797996673,EXACT_NIB,1.0
3407851699497,C000319,3407851699497,EXACT_NIB,1.0
0045880971861,C001707,0045880971861,EXACT_NIB,1.0
3287078961783,C001362,3287078961783,EXACT_NIB,1.0
9864840927029,C001913,9864840927029,EXACT_NIB,1.0
5995843835699,C000047,5995843835699,EXACT_NIB,1.0
7784251081658,C000646,7784251081658,EXACT_NIB,1.0
8027148727178,C000689,8027148727178,EXACT_NIB,1.0
4520599604387,C000802,4520599604387,EXACT_NIB,1.0
7829114678669,C000653,7829114678669,EXACT_NIB,1.0
0677330665562,C002418,0677330665562,EXACT_NIB,1.0
1244322208775,C003034,1244322208775,EXACT_NIB,1.0
1059734468500,C004699,1059734468500,EXACT_NIB,1.0
6213541597099,C003570,6213541597099,EXACT_NIB,1.0
4577661388655,C001645,4577661388655,EXACT_NIB,1.0
8015716479473,C001403,8015716479473,EXACT_NIB,1.0
2258937085806,C002959,2258937085806,EXACT_NIB,1.0
8254318328123,C001499,8254318328123,EXACT_NIB,1.0
9209819602752,C001372,9209819602752,EXACT_NIB,1.0
9308989309222,C004732,9308989309222,EXACT_NIB,1.0
6772443435497,C003703,6772443435497,EXACT_NIB,1.0
9625608108578,C001948,9625608108578,EXACT_NIB,1.0
8917005229184,C001559,8917005229184,EXACT_NIB,1.0
3632493845715,C000530,3632493845715,EXACT_NIB,1.0
4840042109979,C000409,4840042109979,EXACT_NIB,1.0
4191479053472,C004558,4191479053472,EXACT_NIB,1.0
0740681740638,C002177,0740681740638,EXACT_NIB,1.0
3400034094884,C004406,3400034094884,EXACT_NIB,1.0
8170361007701,C000527,8170361007701,EXACT_NIB,1.0
2446666948360,C001536,2446666948360,EXACT_NIB,1.0
6625103153087,C000222,6625103153087,EXACT_NIB,1.0
2820155067520,C004863,2820155067520,EXACT_NIB,1.0
0452369238220,C003748,0452369238220,EXACT_NIB,1.0
3462580419111,C001300,3462580419111,EXACT_NIB,1.0
0654963308334,C004681,0654963308334,EXACT_NIB,1.0
3277011549177,C004619,3277011549177,EXACT_NIB,1.0
8925857839803,C004715,8925857839803,EXACT_NIB,1.0
6012316257510,C001244,6012316257510,EXACT_NIB,1.0
3276289082371,C001872,3276289082371,EXACT_NIB,1.0
2453960424081,C002690,2453960424081,EXACT_NIB,1.0
6605226124713,C001787,6605226124713,EXACT_NIB,1.0
8144166611772,C001861,8144166611772,EXACT_NIB,1.0
5589223552858,C002189,5589223552858,EXACT_NIB,1.0
4199643385324,C003838,4199643385324,EXACT_NIB,1.0
1587544963242,C001779,1587544963242,EXACT_NIB,1.0
7397984218914,C004104,7397984218914,EXACT_NIB,1.0
7020701601662,C002594,7020701601662,EXACT_NIB,1.0
2555992853387,C004001,2555992853387,EXACT_NIB,1.0
3960962626582,C001333,3960962626582,EXACT_NIB,1.0
6089736547746,C003411,6089736547746,EXACT_NIB,1.0
9278125983399,C003985,9278125983399,EXACT_NIB,1.0
1794964549595,C003525,1794964549595,EXACT_NIB,1.0
9276713771886,C002311,9276713771886,EXACT_NIB,1.0
0623050478277,C000432,0623050478277,EXACT_NIB,1.0
1625265469681,C000453,1625265469681,EXACT_NIB,1.0
7533552620294,C004049,7533552620294,EXACT_NIB,1.0
0931608988850,C002501,0931608988850,EXACT_NIB,1.0
3584677576018,C003877,3584677576018,EXACT_NIB,1.0
1627308312096,C001090,1627308312096,EXACT_NIB,1.0
6966671563075,C003142,6966671563075,EXACT_NIB,1.0
7567453770964,C002804,7567453770964,EXACT_NIB,1.0
5956164205955,C003133,5956164205955,EXACT_NIB,1.0
8924418328113,C004090,8924418328113,EXACT_NIB,1.0
0315134650865,C001542,0315134650865,EXACT_NIB,1.0
9671883977457,C004485,9671883977457,EXACT_NIB,1.0
2362784237405,C001251,2362784237405,EXACT_NIB,1.0
5687094124605,C002471,5687094124605,EXACT_NIB,1.0
3751220721598,C004663,3751220721598,EXACT_NIB,1.0
2554904184586,C004587,2554904184586,EXACT_NIB,1.0
2592667503151,C000259,2592667503151,EXACT_NIB,1.0
1050474410750,C003906,1050474410750,EXACT_NIB,1.0
0928810423852,C000269,0928810423852,EXACT_NIB,1.0
3570007116917,C004939,3570007116917,EXACT_NIB,1.0
1014602353596,C001930,1014602353596,EXACT_NIB,1.0
2444721264647,C003264,2444721264647,EXACT_NIB,1.0
6344556582476,C000762,6344556582476,EXACT_NIB,1.0
1256248781993,C004320,1256248781993,EXACT_NIB,1.0
7279732829018,C002929,7279732829018,EXACT_NIB,1.0
1672336935107,C003859,1672336935107,EXACT_NIB,1.0
4249562917964,C004203,4249562917964,EXACT_NIB,1.0
7793864047042,C004357,7793864047042,EXACT_NIB,1.0
4849102562588,C001549,4849102562588,EXACT_NIB,1.0
9940232358593,C001044,9940232358593,EXACT_NIB,1.0
9342967111483,C000491,9342967111483,EXACT_NIB,1.0
0623272371798,C003043,0623272371798,EXACT_NIB,1.0
0065232113230,C004549,0065232113230,EXACT_NIB,1.0
1632822519642,C002599,1632822519642,EXACT_NIB,1.0
2719670310537,C004038,2719670310537,EXACT_NIB,1.0
0695351717118,C001343,0695351717118,EXACT_NIB,1.0
0503182736921,C003963,0503182736921,EXACT_NIB,1.0
3264353471379,C003587,3264353471379,EXACT_NIB,1.0
9876941300871,C004148,9876941300871,EXACT_NIB,1.0
8958247733912,C004662,8958247733912,EXACT_NIB,1.0
6289480633518,C003406,6289480633518,EXACT_NIB,1.0
5701652761368,C004861,5701652761368,EXACT_NIB,1.0
2867163234672,C004640,2867163234672,EXACT_NIB,1.0
3939925358161,C001074,3939925358161,EXACT_NIB,1.0
1944746905792,C001392,1944746905792,EXACT_NIB,1.0
8796746726986,C002667,8796746726986,EXACT_NIB,1.0
5231335862685,C001879,5231335862685,EXACT_NIB,1.0
6824051665451,C003442,6824051665451,EXACT_NIB,1.0
2132588076129,C002980,2132588076129,EXACT_NIB,1.0
3535423653755,C004014,3535423653755,EXACT_NIB,1.0
7066320162907,C002350,7066320162907,EXACT_NIB,1.0
7403344505665,C003796,7403344505665,EXACT_NIB,1.0
8179217174773,C001976,8179217174773,EXACT_NIB,1.0
3463184761240,C000925,3463184761240,EXACT_NIB,1.0
0268117758917,C004060,0268117758917,EXACT_NIB,1.0
3356588043416,C003019,3356588043416,EXACT_NIB,1.0
0344096617718,C001136,0344096617718,EXACT_NIB,1.0
3910657351745,C000236,3910657351745,EXACT_NIB,1.0
2749033122239,C002240,2749033122239,EXACT_NIB,1.0
8828105925121,C001086,8828105925121,EXACT_NIB,1.0
9627718698683,C003751,9627718698683,EXACT_NIB,1.0
6844351086838,C002676,6844351086838,EXACT_NIB,1.0
7358727299335,C003156,7358727299335,EXACT_NIB,1.0
0826565293675,C000457,0826565293675,EXACT_NIB,1.0
7649737805342,C000822,7649737805342,EXACT_NIB,1.0
1004924601285,C003939,1004924601285,EXACT_NIB,1.0
8197354425247,C001376,8197354425247,EXACT_NIB,1.0
7086382988524,C000160,7086382988524,EXACT_NIB,1.0
2392788447909,C003829,2392788447909,EXACT_NIB,1.0
9377533594095,C004233,9377533594095,EXACT_NIB,1.0
7500956148801,C003725,7500956148801,EXACT_NIB,1.0
0252986707660,C000126,0252986707660,EXACT_NIB,1.0
5054447132475,C003597,5054447132475,EXACT_NIB,1.0
0276327223736,C003763,0276327223736,EXACT_NIB,1.0
7831269223966,C002888,7831269223966,EXACT_NIB,1.0
7696972900643,C003673,7696972900643,EXACT_NIB,1.0
4421065100460,C004594,4421065100460,EXACT_NIB,1.0
7579015508806,C004312,7579015508806,EXACT_NIB,1.0
4054649859017,C000577,4054649859017,EXACT_NIB,1.0
8162667141682,C004505,8162667141682,EXACT_NIB,1.0
9396856218501,C003662,9396856218501,EXACT_NIB,1.0
3928866898010,C000916,3928866898010,EXACT_NIB,1.0
7883584341765,C004035,7883584341765,EXACT_NIB,1.0
9916764032391,C002132,9916764032391,EXACT_NIB,1.0
9386948424959,C000237,9386948424959,EXACT_NIB,1.0
0345446843210,C001895,0345446843210,EXACT_NIB,1.0
1229439715010,C000049,1229439715010,EXACT_NIB,1.0
6938102102518,C000045,6938102102518,EXACT_NIB,1.0
9959241971665,C001079,9959241971665,EXACT_NIB,1.0
6607025076660,C000061,6607025076660,EXACT_NIB,1.0
3345958295656,C000350,3345958295656,EXACT_NIB,1.0
4678544587717,C002035,4678544587717,EXACT_NIB,1.0
9553945345238,C004416,9553945345238,EXACT_NIB,1.0
0910036675808,C004620,0910036675808,EXACT_NIB,1.0
5153121413829,C002816,5153121413829,EXACT_NIB,1.0
4423701415510,C002135,4423701415510,EXACT_NIB,1.0
8546413728112,C000598,8546413728112,EXACT_NIB,1.0
8674715203519,C004333,8674715203519,EXACT_NIB,1.0
2808475401726,C004684,2808475401726,EXACT_NIB,1.0
3263890219947,C004820,3263890219947,EXACT_NIB,1.0
1660191090488,C000275,1660191090488,EXACT_NIB,1.0
3273317841826,C004252,3273317841826,EXACT_NIB,1.0
6407205158533,C004894,6407205158533,EXACT_NIB,1.0
7259673475317,C000277,7259673475317,EXACT_NIB,1.0
5590461007923,C004515,5590461007923,EXACT_NIB,1.0
3928532025461,C003185,3928532025461,EXACT_NIB,1.0
0501476427896,C003632,0501476427896,EXACT_NIB,1.0
5564199039709,C000026,5564199039709,EXACT_NIB,1.0
1887223530336,C000482,1887223530336,EXACT_NIB,1.0
7064108091072,C000944,7064108091072,EXACT_NIB,1.0
9538377929574,C004121,9538377929574,EXACT_NIB,1.0
7417060225255,C001481,7417060225255,EXACT_NIB,1.0
1915879200868,C003360,1915879200868,EXACT_NIB,1.0
7854138870305,C003128,7854138870305,EXACT_NIB,1.0
2594373591815,C004064,2594373591815,EXACT_NIB,1.0
5953322273938,C003643,5953322273938,EXACT_NIB,1.0
3605028164098,C001366,3605028164098,EXACT_NIB,1.0
3686632663416,C001080,3686632663416,EXACT_NIB,1.0
2812371067287,C004542,2812371067287,EXACT_NIB,1.0
9464743671369,C002837,9464743671369,EXACT_NIB,1.0
7961990979896,C004388,7961990979896,EXACT_NIB,1.0
1927054874870,C003283,1927054874870,EXACT_NIB,1.0
0941844462042,C000152,0941844462042,EXACT_NIB,1.0
8747155899254,C004421,8747155899254,EXACT_NIB,1.0
9938677496499,C000239,9938677496499,EXACT_NIB,1.0
5577543729541,C002261,5577543729541,EXACT_NIB,1.0
9632595327877,C003307,9632595327877,EXACT_NIB,1.0
3432406424295,C002604,3432406424295,EXACT_NIB,1.0
8012063357599,C001260,8012063357599,EXACT_NIB,1.0
3678377701436,C002108,3678377701436,EXACT_NIB,1.0
9470281623659,C002000,9470281623659,EXACT_NIB,1.0
3736230576207,C003118,3736230576207,EXACT_NIB,1.0
0666178088644,C001521,0666178088644,EXACT_NIB,1.0
2241250383412,C000685,2241250383412,EXACT_NIB,1.0
7959709321418,C000891,7959709321418,EXACT_NIB,1.0
6589884386844,C000658,6589884386844,EXACT_NIB,1.0
2730140850708,C000910,2730140850708,EXACT_NIB,1.0
5993178587873,C000251,5993178587873,EXACT_NIB,1.0
5588348564327,C001071,5588348564327,EXACT_NIB,1.0
6780664315890,C003068,6780664315890,EXACT_NIB,1.0
5636300433590,C000492,5636300433590,EXACT_NIB,1.0
6609656999880,C000092,6609656999880,EXACT_NIB,1.0
0506413836702,C004107,0506413836702,EXACT_NIB,1.0
6145018187850,C004293,6145018187850,EXACT_NIB,1.0
0531340266502,C002949,0531340266502,EXACT_NIB,1.0
7142432111902,C002365,7142432111902,EXACT_NIB,1.0
0906053088684,C004617,0906053088684,EXACT_NIB,1.0
2506668606734,C003259,2506668606734,EXACT_NIB,1.0
1202241756168,C004045,1202241756168,EXACT_NIB,1.0
0000886346739,C002629,0000886346739,EXACT_NIB,1.0
8607177545075,C003793,8607177545075,EXACT_NIB,1.0
2427810830007,C000337,2427810830007,EXACT_NIB,1.0
7123933065335,C001759,7123933065335,EXACT_NIB,1.0
0184293359847,C001640,0184293359847,EXACT_NIB,1.0
4409079772781,C000495,4409079772781,EXACT_NIB,1.0
0762914304913,C002523,0762914304913,EXACT_NIB,1.0
0140809912503,C004198,0140809912503,EXACT_NIB,1.0
7415507576449,C000869,7415507576449,EXACT_NIB,1.0
1078187109685,C004310,1078187109685,EXACT_NIB,1.0
6015008585491,C003355,6015008585491,EXACT_NIB,1.0
3478536988164,C003308,3478536988164,EXACT_NIB,1.0
8514120119067,C004260,8514120119067,EXACT_NIB,1.0
8149188243675,C001626,8149188243675,EXACT_NIB,1.0
3056413953767,C003315,3056413953767,EXACT_NIB,1.0
2429981194412,C004477,2429981194412,EXACT_NIB,1.0
6782360842296,C002884,6782360842296,EXACT_NIB,1.0
0622417486006,C002003,0622417486006,EXACT_NIB,1.0
4072524082416,C003758,4072524082416,EXACT_NIB,1.0
3274307667400,C001806,3274307667400,EXACT_NIB,1.0
1246488078899,C002573,1246488078899,EXACT_NIB,1.0
0725093330206,C002892,0725093330206,EXACT_NIB,1.0
1670214929078,C004723,1670214929078,EXACT_NIB,1.0
7359728046674,C001254,7359728046674,EXACT_NIB,1.0
5414238614509,C004057,5414238614509,EXACT_NIB,1.0
7738345365359,C003029,7738345365359,EXACT_NIB,1.0
4849186146288,C000851,4849186146288,EXACT_NIB,1.0
6296558174244,C001967,6296558174244,EXACT_NIB,1.0
2678224909342,C001206,2678224909342,EXACT_NIB,1.0
2798405827345,C004537,2798405827345,EXACT_NIB,1.0
7920623145968,C004586,7920623145968,EXACT_NIB,1.0
6941513985532,C000695,6941513985532,EXACT_NIB,1.0
4773920244407,C002946,4773920244407,EXACT_NIB,1.0
8395570160161,C001865,8395570160161,EXACT_NIB,1.0
0545444328309,C000154,0545444328309,EXACT_NIB,1.0
2110231038086,C001539,2110231038086,EXACT_NIB,1.0
0130996622906,C003851,0130996622906,EXACT_NIB,1.0
1364689068878,C000084,1364689068878,EXACT_NIB,1.0
3330773753474,C002230,3330773753474,EXACT_NIB,1.0
9992570992861,C001016,9992570992861,EXACT_NIB,1.0
7495035449253,C000254,7495035449253,EXACT_NIB,1.0
1629885774483,C001576,1629885774483,EXACT_NIB,1.0
0666064064627,C001995,0666064064627,EXACT_NIB,1.0
7980893246095,C000963,7980893246095,EXACT_NIB,1.0
9726793468145,C000905,9726793468145,EXACT_NIB,1.0
8116680964860,C001513,8116680964860,EXACT_NIB,1.0
0733777312688,C000014,0733777312688,EXACT_NIB,1.0
3400267161727,C003880,3400267161727,EXACT_NIB,1.0
8319180438430,C002689,8319180438430,EXACT_NIB,1.0
0706720007816,C004123,0706720007816,EXACT_NIB,1.0
7531779105372,C003104,7531779105372,EXACT_NIB,1.0
5928265509348,C002529,5928265509348,EXACT_NIB,1.0
0021005809982,C001056,0021005809982,EXACT_NIB,1.0
4722053970774,C001446,4722053970774,EXACT_NIB,1.0
0228540402616,C001464,0228540402616,EXACT_NIB,1.0
0858752193269,C004737,0858752193269,EXACT_NIB,1.0
2040324044012,C004263,2040324044012,EXACT_NIB,1.0
2151970962731,C000284,2151970962731,EXACT_NIB,1.0
0505379538164,C002782,0505379538164,EXACT_NIB,1.0
5969838457202,C000843,5969838457202,EXACT_NIB,1.0
1844490295026,C000819,1844490295026,EXACT_NIB,1.0
0684577590175,C000583,0684577590175,EXACT_NIB,1.0
1305972533249,C003845,1305972533249,EXACT_NIB,1.0
5837490797796,C004674,5837490797796,EXACT_NIB,1.0
2050682122355,C000062,2050682122355,EXACT_NIB,1.0
8532662528716,C001448,8532662528716,EXACT_NIB,1.0
6273752090641,C000324,6273752090641,EXACT_NIB,1.0
5362917148541,C004545,5362917148541,EXACT_NIB,1.0
4267302209941,C001699,4267302209941,EXACT_NIB,1.0
5166406413367,C000341,5166406413367,EXACT_NIB,1.0
5073535324449,C000107,5073535324449,EXACT_NIB,1.0
6018357841708,C000858,6018357841708,EXACT_NIB,1.0
4523649411002,C004018,4523649411002,EXACT_NIB,1.0
0329342335519,C001955,0329342335519,EXACT_NIB,1.0
9195639386516,C003557,9195639386516,EXACT_NIB,1.0
9886453868451,C001855,9886453868451,EXACT_NIB,1.0
6077004093045,C002180,6077004093045,EXACT_NIB,1.0
2045315703390,C001638,2045315703390,EXACT_NIB,1.0
6474682122797,C000528,6474682122797,EXACT_NIB,1.0
1442381454032,C003760,1442381454032,EXACT_NIB,1.0
2396042445025,C000382,2396042445025,EXACT_NIB,1.0
5761867706672,C004346,5761867706672,EXACT_NIB,1.0
6089706493759,C002958,6089706493759,EXACT_NIB,1.0
4612939002512,C004250,4612939002512,EXACT_NIB,1.0
0372766397599,C003491,0372766397599,EXACT_NIB,1.0
8073046374753,C002255,8073046374753,EXACT_NIB,1.0
4495718134102,C004912,4495718134102,EXACT_NIB,1.0
3642209470544,C000507,3642209470544,EXACT_NIB,1.0
8250851154947,C003944,8250851154947,EXACT_NIB,1.0
2590073971307,C002013,2590073971307,EXACT_NIB,1.0
9087577774462,C003631,9087577774462,EXACT_NIB,1.0
8879470551694,C002900,8879470551694,EXACT_NIB,1.0
5887138111844,C002630,5887138111844,EXACT_NIB,1.0
0757196861767,C001068,0757196861767,EXACT_NIB,1.0
7952331432417,C002077,7952331432417,EXACT_NIB,1.0
2733450563538,C003808,2733450563538,EXACT_NIB,1.0
6220334742463,C001259,6220334742463,EXACT_NIB,1.0
6978292216995,C002596,6978292216995,EXACT_NIB,1.0
6328396775729,C003312,6328396775729,EXACT_NIB,1.0
4869384137078,C000043,4869384137078,EXACT_NIB,1.0
4741253137956,C001788,4741253137956,EXACT_NIB,1.0
7552303350123,C000648,7552303350123,EXACT_NIB,1.0
2621074144301,C004678,2621074144301,EXACT_NIB,1.0
5474329955755,C002251,5474329955755,EXACT_NIB,1.0
8781841476238,C002669,8781841476238,EXACT_NIB,1.0
1636172967178,C002278,1636172967178,EXACT_NIB,1.0
1733016548765,C004435,1733016548765,EXACT_NIB,1.0
3943586213184,C000578,3943586213184,EXACT_NIB,1.0
0442416607299,C002320,0442416607299,EXACT_NIB,1.0
7781341452448,C003040,7781341452448,EXACT_NIB,1.0
8447936561156,C001149,8447936561156,EXACT_NIB,1.0
4557663940819,C003139,4557663940819,EXACT_NIB,1.0
6365675696542,C003222,6365675696542,EXACT_NIB,1.0
5174192581476,C000576,5174192581476,EXACT_NIB,1.0
4029363409412,C004772,4029363409412,EXACT_NIB,1.0
6981987809270,C000872,6981987809270,EXACT_NIB,1.0
9663309235654,C003945,9663309235654,EXACT_NIB,1.0
6325431074279,C004176,6325431074279,EXACT_NIB,1.0
0823696269022,C001535,0823696269022,EXACT_NIB,1.0
9924662576013,C003507,9924662576013,EXACT_NIB,1.0
7605878917639,C004283,7605878917639,EXACT_NIB,1.0
5932525002921,C003998,5932525002921,EXACT_NIB,1.0
6204485157919,C000116,6204485157919,EXACT_NIB,1.0
2126788861015,C003331,2126788861015,EXACT_NIB,1.0
3849368063585,C002786,3849368063585,EXACT_NIB,1.0
1162611713223,C001943,1162611713223,EXACT_NIB,1.0
5611527277382,C001159,5611527277382,EXACT_NIB,1.0
1628335689058,C001696,1628335689058,EXACT_NIB,1.0
5839340835442,C003884,5839340835442,EXACT_NIB,1.0
4300283066862,C003364,4300283066862,EXACT_NIB,1.0
1257804737198,C002514,1257804737198,EXACT_NIB,1.0
4210014996117,C003857,4210014996117,EXACT_NIB,1.0
1559428434795,C000994,1559428434795,EXACT_NIB,1.0
3621178643447,C003023,3621178643447,EXACT_NIB,1.0
1184487890529,C001819,1184487890529,EXACT_NIB,1.0
2474517123685,C000579,2474517123685,EXACT_NIB,1.0
0000000000000,C002968,0000000000000,EXACT_NPWP,1.0
0000000000000,C001418,0000000000000,EXACT_NPWP,1.0
0000000000000,C003216,0000000000000,EXACT_NPWP,1.0
0000000000000,C003726,0000000000000,EXACT_NPWP,1.0
0000000000000,C003075,0000000000000,EXACT_NPWP,1.0
0000000000000,C000266,0000000000000,EXACT_NPWP,1.0
0000000000000,C003177,0000000000000,EXACT_NPWP,1.0
0000000000000,C002176,0000000000000,EXACT_NPWP,1.0
0000000000000,C003519,0000000000000,EXACT_NPWP,1.0
0000000000000,C003992,0000000000000,EXACT_NPWP,1.0
0000000000000,C002520,0000000000000,EXACT_NPWP,1.0
0000000000000,C002882,0000000000000,EXACT_NPWP,1.0
0000000000000,C004391,0000000000000,EXACT_NPWP,1.0
0000000000000,C001146,0000000000000,EXACT_NPWP,1.0
0000000000000,C000738,0000000000000,EXACT_NPWP,1.0
0000000000000,C002192,0000000000000,EXACT_NPWP,1.0
0000000000000,C002714,0000000000000,EXACT_NPWP,1.0
0000000000000,C003854,0000000000000,EXACT_NPWP,1.0
0000000000000,C001072,0000000000000,EXACT_NPWP,1.0
0000000000000,C000723,0000000000000,EXACT_NPWP,1.0
0000000000000,C000355,0000000000000,EXACT_NPWP,1.0
0000000000000,C001936,0000000000000,EXACT_NPWP,1.0
0000000000000,C000827,0000000000000,EXACT_NPWP,1.0
0000000000000,C004717,0000000000000,EXACT_NPWP,1.0
0000000000000,C002555,0000000000000,EXACT_NPWP,1.0
0000000000000,C003690,0000000000000,EXACT_NPWP,1.0
0000000000000,C002125,0000000000000,EXACT_NPWP,1.0
0000000000000,C003416,0000000000000,EXACT_NPWP,1.0
0000000000000,C003373,0000000000000,EXACT_NPWP,1.0
0000000000000,C004153,0000000000000,EXACT_NPWP,1.0
0000000000000,C001255,0000000000000,EXACT_NPWP,1.0
0000000000000,C004741,0000000000000,EXACT_NPWP,1.0
0000000000000,C002931,0000000000000,EXACT_NPWP,1.0
0000000000000,C003405,0000000000000,EXACT_NPWP,1.0
0000000000000,C000323,0000000000000,EXACT_NPWP,1.0
0000000000000,C003923,0000000000000,EXACT_NPWP,1.0
0000000000000,C003348,0000000000000,EXACT_NPWP,1.0
0000000000000,C002679,0000000000000,EXACT_NPWP,1.0
0000000000000,C003362,0000000000000,EXACT_NPWP,1.0
0000000000000,C004937,0000000000000,EXACT_NPWP,1.0
0000000000000,C003341,0000000000000,EXACT_NPWP,1.0
0000000000000,C002677,0000000000000,EXACT_NPWP,1.0
0000000000000,C002515,0000000000000,EXACT_NPWP,1.0
0000000000000,C002105,0000000000000,EXACT_NPWP,1.0
0000000000000,C003000,0000000000000,EXACT_NPWP,1.0
0000000000000,C003091,0000000000000,EXACT_NPWP,1.0
0000000000000,C003007,0000000000000,EXACT_NPWP,1.0
0000000000000,C001281,0000000000000,EXACT_NPWP,1.0
0000000000000,C000845,0000000000000,EXACT_NPWP,1.0
0000000000000,C004424,0000000000000,EXACT_NPWP,1.0
0000000000000,C001059,0000000000000,EXACT_NPWP,1.0
0000000000000,C002554,0000000000000,EXACT_NPWP,1.0
0000000000000,C003528,0000000000000,EXACT_NPWP,1.0
0000000000000,C000710,0000000000000,EXACT_NPWP,1.0
0000000000000,C003013,0000000000000,EXACT_NPWP,1.0
0000000000000,C000055,0000000000000,EXACT_NPWP,1.0
0000000000000,C000406,0000000000000,EXACT_NPWP,1.0
0000000000000,C004271,0000000000000,EXACT_NPWP,1.0
0000000000000,C004592,0000000000000,EXACT_NPWP,1.0
0000000000000,C004546,0000000000000,EXACT_NPWP,1.0
0000000000000,C001673,0000000000000,EXACT_NPWP,1.0
0000000000000,C000624,0000000000000,EXACT_NPWP,1.0
0000000000000,C004158,0000000000000,EXACT_NPWP,1.0
0000000000000,C004657,0000000000000,EXACT_NPWP,1.0
0000000000000,C001668,0000000000000,EXACT_NPWP,1.0
0000000000000,C004526,0000000000000,EXACT_NPWP,1.0
0000000000000,C001021,0000000000000,EXACT_NPWP,1.0
0000000000000,C003073,0000000000000,EXACT_NPWP,1.0
0000000000000,C002769,0000000000000,EXACT_NPWP,1.0
0000000000000,C003012,0000000000000,EXACT_NPWP,1.0
0000000000000,C003432,0000000000000,EXACT_NPWP,1.0
0000000000000,C001991,0000000000000,EXACT_NPWP,1.0
0000000000000,C004028,0000000000000,EXACT_NPWP,1.0
0000000000000,C003535,0000000000000,EXACT_NPWP,1.0
0000000000000,C000915,0000000000000,EXACT_NPWP,1.0
0000000000000,C002725,0000000000000,EXACT_NPWP,1.0
0000000000000,C000746,0000000000000,EXACT_NPWP,1.0
0000000000000,C002439,0000000000000,EXACT_NPWP,1.0
0000000000000,C004445,0000000000000,EXACT_NPWP,1.0
0000000000000,C003003,0000000000000,EXACT_NPWP,1.0
0000000000000,C004660,0000000000000,EXACT_NPWP,1.0
0000000000000,C000039,0000000000000,EXACT_NPWP,1.0
0000000000000,C003608,0000000000000,EXACT_NPWP,1.0
0000000000000,C004631,0000000000000,EXACT_NPWP,1.0
0000000000000,C003931,0000000000000,EXACT_NPWP,1.0
0000000000000,C002883,0000000000000,EXACT_NPWP,1.0
0000000000000,C004790,0000000000000,EXACT_NPWP,1.0
0000000000000,C002111,0000000000000,EXACT_NPWP,1.0
0000000000000,C000633,0000000000000,EXACT_NPWP,1.0
0000000000000,C002386,0000000000000,EXACT_NPWP,1.0
0000000000000,C002045,0000000000000,EXACT_NPWP,1.0
0000000000000,C004396,0000000000000,EXACT_NPWP,1.0
0000000000000,C004709,0000000000000,EXACT_NPWP,1.0
0000000000000,C004852,0000000000000,EXACT_NPWP,1.0
0000000000000,C000364,0000000000000,EXACT_NPWP,1.0
0000000000000,C001777,0000000000000,EXACT_NPWP,1.0
0000000000000,C001034,0000000000000,EXACT_NPWP,1.0
0000000000000,C000086,0000000000000,EXACT_NPWP,1.0
0000000000000,C000032,0000000000000,EXACT_NPWP,1.0
0000000000000,C000063,0000000000000,EXACT_NPWP,1.0
0000000000000,C002004,0000000000000,EXACT_NPWP,1.0
0000000000000,C000759,0000000000000,EXACT_NPWP,1.0
0000000000000,C001905,0000000000000,EXACT_NPWP,1.0
0000000000000,C003858,0000000000000,EXACT_NPWP,1.0
0000000000000,C002328,0000000000000,EXACT_NPWP,1.0
0000000000000,C002622,0000000000000,EXACT_NPWP,1.0
0000000000000,C000410,0000000000000,EXACT_NPWP,1.0
0000000000000,C001081,0000000000000,EXACT_NPWP,1.0
0000000000000,C004129,0000000000000,EXACT_NPWP,1.0
0000000000000,C000117,0000000000000,EXACT_NPWP,1.0
0000000000000,C001009,0000000000000,EXACT_NPWP,1.0
0000000000000,C000465,0000000000000,EXACT_NPWP,1.0
0000000000000,C004914,0000000000000,EXACT_NPWP,1.0
0000000000000,C003980,0000000000000,EXACT_NPWP,1.0
0000000000000,C003371,0000000000000,EXACT_NPWP,1.0
0000000000000,C003438,0000000000000,EXACT_NPWP,1.0
0000000000000,C000388,0000000000000,EXACT_NPWP,1.0
0000000000000,C000765,0000000000000,EXACT_NPWP,1.0
0000000000000,C002382,0000000000000,EXACT_NPWP,1.0
0000000000000,C000509,0000000000000,EXACT_NPWP,1.0
0000000000000,C000392,0000000000000,EXACT_NPWP,1.0
0000000000000,C001123,0000000000000,EXACT_NPWP,1.0
0000000000000,C003591,0000000000000,EXACT_NPWP,1.0
0000000000000,C002841,0000000000000,EXACT_NPWP,1.0
0000000000000,C002401,0000000000000,EXACT_NPWP,1.0
0000000000000,C001653,0000000000000,EXACT_NPWP,1.0
0000000000000,C001881,0000000000000,EXACT_NPWP,1.0
0000000000000,C003313,0000000000000,EXACT_NPWP,1.0
0000000000000,C001484,0000000000000,EXACT_NPWP,1.0
0000000000000,C004675,0000000000000,EXACT_NPWP,1.0
0000000000000,C000784,0000000000000,EXACT_NPWP,1.0
0000000000000,C002307,0000000000000,EXACT_NPWP,1.0
0000000000000,C004845,0000000000000,EXACT_NPWP,1.0
0000000000000,C001267,0000000000000,EXACT_NPWP,1.0
0000000000000,C003286,0000000000000,EXACT_NPWP,1.0
0000000000000,C001811,0000000000000,EXACT_NPWP,1.0
0000000000000,C004453,0000000000000,EXACT_NPWP,1.0
0000000000000,C002987,0000000000000,EXACT_NPWP,1.0
0000000000000,C001067,0000000000000,EXACT_NPWP,1.0
0000000000000,C000569,0000000000000,EXACT_NPWP,1.0
0000000000000,C000074,0000000000000,EXACT_NPWP,1.0
0000000000000,C003135,0000000000000,EXACT_NPWP,1.0
0000000000000,C003651,0000000000000,EXACT_NPWP,1.0
0000000000000,C004685,0000000000000,EXACT_NPWP,1.0
0000000000000,C001725,0000000000000,EXACT_NPWP,1.0
0000000000000,C002410,0000000000000,EXACT_NPWP,1.0
0000000000000,C001829,0000000000000,EXACT_NPWP,1.0
0000000000000,C004051,0000000000000,EXACT_NPWP,1.0
0000000000000,C000708,0000000000000,EXACT_NPWP,1.0
0000000000000,C001736,0000000000000,EXACT_NPWP,1.0
0000000000000,C001091,0000000000000,EXACT_NPWP,1.0
0000000000000,C003052,0000000000000,EXACT_NPWP,1.0
0000000000000,C003194,0000000000000,EXACT_NPWP,1.0
0000000000000,C003108,0000000000000,EXACT_NPWP,1.0
0000000000000,C000048,0000000000000,EXACT_NPWP,1.0
0000000000000,C003490,0000000000000,EXACT_NPWP,1.0
0000000000000,C002735,0000000000000,EXACT_NPWP,1.0
0000000000000,C000151,0000000000000,EXACT_NPWP,1.0
0000000000000,C002237,0000000000000,EXACT_NPWP,1.0
0000000000000,C004834,0000000000000,EXACT_NPWP,1.0
0000000000000,C004773,0000000000000,EXACT_NPWP,1.0
0000000000000,C001348,0000000000000,EXACT_NPWP,1.0
0000000000000,C002846,0000000000000,EXACT_NPWP,1.0
0000000000000,C001122,0000000000000,EXACT_NPWP,1.0
0000000000000,C000379,0000000000000,EXACT_NPWP,1.0
0000000000000,C000331,0000000000000,EXACT_NPWP,1.0
0000000000000,C003078,0000000000000,EXACT_NPWP,1.0
0000000000000,C001087,0000000000000,EXACT_NPWP,1.0
0000000000000,C004381,0000000000000,EXACT_NPWP,1.0
0000000000000,C000720,0000000000000,EXACT_NPWP,1.0
0000000000000,C000113,0000000000000,EXACT_NPWP,1.0
0000000000000,C000445,0000000000000,EXACT_NPWP,1.0
0000000000000,C002290,0000000000000,EXACT_NPWP,1.0
0000000000000,C003623,0000000000000,EXACT_NPWP,1.0
0000000000000,C000143,0000000000000,EXACT_NPWP,1.0
0000000000000,C001002,0000000000000,EXACT_NPWP,1.0
0000000000000,C002291,0000000000000,EXACT_NPWP,1.0
0000000000000,C004253,0000000000000,EXACT_NPWP,1.0
0000000000000,C001881,0000000000000,EXACT_NPWP,1.0
0000000000000,C002045,0000000000000,EXACT_NPWP,1.0
0000000000000,C004396,0000000000000,EXACT_NPWP,1.0
0000000000000,C001009,0000000000000,EXACT_NPWP,1.0
0000000000000,C003194,0000000000000,EXACT_NPWP,1.0
0000000000000,C003108,0000000000000,EXACT_NPWP,1.0
0000000000000,C004675,0000000000000,EXACT_NPWP,1.0
0000000000000,C000784,0000000000000,EXACT_NPWP,1.0
0000000000000,C003623,0000000000000,EXACT_NPWP,1.0
0000000000000,C000143,0000000000000,EXACT_NPWP,1.0
0000000000000,C001348,0000000000000,EXACT_NPWP,1.0
0000000000000,C002520,0000000000000,EXACT_NPWP,1.0
0000000000000,C003007,0000000000000,EXACT_NPWP,1.0
0000000000000,C001281,0000000000000,EXACT_NPWP,1.0
0000000000000,C001936,0000000000000,EXACT_NPWP,1.0
0000000000000,C000827,0000000000000,EXACT_NPWP,1.0
0000000000000,C003858,0000000000000,EXACT_NPWP,1.0
0000000000000,C002328,0000000000000,EXACT_NPWP,1.0
0000000000000,C000569,0000000000000,EXACT_NPWP,1.0
0000000000000,C000074,0000000000000,EXACT_NPWP,1.0
0000000000000,C000509,0000000000000,EXACT_NPWP,1.0
0000000000000,C001484,0000000000000,EXACT_NPWP,1.0
0000000000000,C001122,0000000000000,EXACT_NPWP,1.0
0000000000000,C000379,0000000000000,EXACT_NPWP,1.0
0000000000000,C003726,0000000000000,EXACT_NPWP,1.0
0000000000000,C003286,0000000000000,EXACT_NPWP,1.0
0000000000000,C001777,0000000000000,EXACT_NPWP,1.0
5320928353424,C002151,0000000000000,FUZZY_REVIEW,0.77
0527810558000,C002151,0000000000000,FUZZY_REVIEW,0.7499
6726579372187,C004803,0000000000000,FUZZY_REVIEW,0.7388
8428143519419,C002151,0000000000000,FUZZY_REVIEW,0.732
2816896006688,C003080,0000000000000,FUZZY_REVIEW,0.728
2296069138217,C003642,0000000000000,FUZZY_REVIEW,0.7133
1235433606203,C000662,0000000000000,FUZZY_REVIEW,0.7111
0926322399821,C003252,0000000000000,FUZZY_REVIEW,0.7077
8758525724925,C002793,0000000000000,FUZZY_REVIEW,0.7057
