no_dok_ekspor,tgl_dok_ekspor,nama_perusahaan,npwp_perusahaan,alamat_perusahaan,nama_barang,hs_code_2d,kode_pelabuhan_ekspor,nama_pelabuhan_ekspor,berat_barang_ton,negara_tujuan,kode_negara_tujuan,nama_kapal,flag_anomali_tonase,flag_anomali_kapal,flag_anomali_kombinasi,selisih_hari_kapal,pt_hs_count,pel_hs_count,hs_neg_count
00696512,2026-01-01 18:00:00,Perum Saptono Mustofa,513542784980841,"Gg. Jend. Sudirman No. 9, Kotamobagu, KS 65266",Mesin & Peralatan Elektrik,85,IDBEL,Belawan,41082.85,Singapura,SG,MV BAKIANTO 65,0,0,0,,16,54,63
00949495,2026-01-02 12:00:00,PT Sirait Damanik,983930103105183,"Gg. Jend. Sudirman No. 61, Tangerang Selatan, PB 70132",Bahan Bakar Mineral (Batubara/Minyak),27,IDTPE,Tanjung Perak,10805.67,Singapura,SG,MV BAKIANTO 65,0,1,0,0.75,20,68,69
00352540,2026-01-06 02:00:00,Perum Sinaga,701543039117182,"Jl. S. Parman No. 95, Purwokerto, Kalimantan Timur 44058",Bahan Bakar Mineral (Batubara/Minyak),27,IDBEL,Belawan,6249.4,Singapura,SG,MV BAKIANTO 65,0,0,0,3.5833333333333335,18,80,69
00901580,2026-01-06 17:00:00,PT Sirait Damanik,983930103105183,"Gang Ciumbuleuit No. 225, Meulaboh, ST 11964",Mesin & Peralatan Elektrik,85,IDBEL,Belawan,1310.78,India,IN,MV BAKIANTO 65,0,1,0,0.625,13,54,57
00162920,2026-01-07 23:00:00,UD Putra Tbk,346247510799118,"Jl. Sukajadi No. 5, Probolinggo, Kalimantan Selatan 61537",Sereal/Beras,10,IDTPE,Tanjung Perak,11662.95,Singapura,SG,MV BAKIANTO 65,0,1,0,1.25,18,66,49
00996831,2026-01-11 06:00:00,UD Putra Tbk,346247510799118,"Gang Veteran No. 7, Cimahi, JK 34043",Mesin & Peralatan Elektrik,85,IDKBU,Kotabaru,1479.69,Singapura,SG,MV BAKIANTO 65,0,0,0,3.2916666666666665,14,66,63
00878174,2026-01-12 04:00:00,PD Saputra Uyainah (Persero) Tbk,503056413953767,"Gg. Kapten Muslihat No. 1, Pekanbaru, PB 78725",Lemak & Minyak Hewani/Nabati (CPO),15,IDTPP,Tanjung Priok,35195.21,Singapura,SG,MV BAKIANTO 65,0,1,0,0.9166666666666666,18,57,66
00674535,2026-01-12 08:00:00,PD Pudjiastuti Marbun,489638346578713,"Gg. Siliwangi No. 3, Singkawang, Lampung 38347",Lemak & Minyak Hewani/Nabati (CPO),15,IDTPE,Tanjung Perak,37478.14,China,CN,MV BAKIANTO 65,0,1,0,0.16666666666666666,15,65,61
00980837,2026-01-15 19:00:00,PT Yulianti,801326773602606,"Jalan Rajawali Barat No. 41, Balikpapan, SG 34910",Lemak & Minyak Hewani/Nabati (CPO),15,IDTPP,Tanjung Priok,29594.72,Singapura,SG,MV BAKIANTO 65,0,0,0,3.4583333333333335,20,57,66
00876234,2026-01-16 10:00:00,PT Waskita,513338726247317,"Gg. Moch. Ramdan No. 281, Tual, BB 53110",Bahan Bakar Mineral (Batubara/Minyak),27,IDBEL,Belawan,5638.95,China,CN,MV BAKIANTO 65,0,1,0,0.625,14,80,75
00953031,2026-01-19 04:00:00,CV Zulaika Anggraini,916697848018451,"Jl. Otto Iskandardinata No. 01, Tidore Kepulauan, Kepulauan Riau 52893",Mesin & Peralatan Elektrik,85,IDBEL,Belawan,33980.14,Singapura,SG,MV BAKIANTO 65,0,0,0,2.75,20,54,63
00161397,2026-01-19 05:00:00,PD Suwarno Tbk,872343098050097,"Jl. Waringin No. 011, Palu, KR 09712",Bahan Bakar Mineral (Batubara/Minyak),27,IDTPP,Tanjung Priok,36611.3,India,IN,MV BAKIANTO 65,0,1,0,0.041666666666666664,21,75,85
00527952,2026-01-19 21:00:00,PT Melani Hutapea,219136193990916,"Jalan Dipenogoro No. 865, Cilegon, Papua Barat 12796",Bahan Bakar Mineral (Batubara/Minyak),27,IDBEL,Belawan,22276.96,India,IN,MV BAKIANTO 65,0,1,0,0.6666666666666666,9,80,85
00105924,2026-01-21 05:00:00,PT Waskita,513338726247317,"Gang Antapani Lama No. 43, Kupang, BA 61572",Sereal/Beras,10,IDBEL,Belawan,23055.94,Singapura,SG,MV BAKIANTO 65,0,1,0,1.3333333333333333,19,58,49
00258911,2026-01-21 18:00:00,UD Putra Tbk,346247510799118,"Gang Cikutra Timur No. 09, Metro, SS 89030",Bahan Bakar Mineral (Batubara/Minyak),27,IDBEL,Belawan,15870.16,Singapura,SG,MV BAKIANTO 65,0,1,0,0.5416666666666666,20,80,69
00615889,2026-01-23 08:00:00,PD Prabowo (Persero) Tbk,997376311656670,"Jalan Joyoboyo No. 08, Sorong, Sulawesi Utara 63369",Lemak & Minyak Hewani/Nabati (CPO),15,IDTPE,Tanjung Perak,3550.05,China,CN,MV BAKIANTO 65,0,1,0,1.5833333333333333,15,65,61
00310077,2026-01-27 15:00:00,PD Pudjiastuti Marbun,489638346578713,"Gang Asia Afrika No. 3, Surabaya, BB 50566",Mesin & Peralatan Elektrik,85,IDBEL,Belawan,31608.39,Jepang,JP,MV BAKIANTO 65,0,0,0,4.291666666666667,22,54,48
00517888,2026-01-29 00:00:00,PD Prabowo (Persero) Tbk,997376311656670,"Jl. Sukabumi No. 1, Cirebon, SS 23179",Bahan Bakar Mineral (Batubara/Minyak),27,IDBEL,Belawan,16653.89,China,CN,MV BAKIANTO 65,0,1,0,1.375,12,80,75
00377261,2026-01-29 09:00:00,PT Yulianti,801326773602606,"Jalan KH Amin Jasuta No. 9, Singkawang, Bengkulu 80778",Lemak & Minyak Hewani/Nabati (CPO),15,IDBEL,Belawan,30611.17,Singapura,SG,MV BAKIANTO 65,0,1,0,0.375,20,66,66
00161254,2026-01-29 11:00:00,PD Suwarno Tbk,872343098050097,"Jalan Waringin No. 7, Banda Aceh, DKI Jakarta 36349",Sereal/Beras,10,IDTPP,Tanjung Priok,13585.92,India,IN,MV BAKIANTO 65,0,1,0,0.08333333333333333,14,53,64
00610767,2026-01-30 01:00:00,PT Waskita,513338726247317,"Jalan Medokan Ayu No. 61, Malang, Nusa Tenggara Timur 50333",Mesin & Peralatan Elektrik,85,IDTPE,Tanjung Perak,9016.93,China,CN,MV BAKIANTO 65,0,1,0,0.5833333333333334,13,66,70
00674110,2026-02-01 10:00:00,Perum Saptono Mustofa,513542784980841,"Jl. Kapten Muslihat No. 5, Kotamobagu, Sulawesi Utara 91624",Bahan Bakar Mineral (Batubara/Minyak),27,IDBEL,Belawan,18913.46,Singapura,SG,MV BAKIANTO 65,0,0,0,2.375,24,80,69
00743674,2026-02-01 14:00:00,PD Saputra Uyainah (Persero) Tbk,503056413953767,"Jalan Dipenogoro No. 780, Yogyakarta, Riau 14921",Bahan Bakar Mineral (Batubara/Minyak),27,IDTPE,Tanjung Perak,36010.81,Singapura,SG,MV BAKIANTO 65,0,1,0,0.16666666666666666,18,68,69
00634461,2026-02-02 16:00:00,UD Mandala Prayoga,884969653287101,"Gang Setiabudhi No. 91, Binjai, SG 26016",Lemak & Minyak Hewani/Nabati (CPO),15,IDKBU,Kotabaru,36891.33,Jepang,JP,MV BAKIANTO 65,0,1,0,1.0833333333333333,18,46,56
00733699,2026-02-06 21:00:00,PD Manullang Tbk,048281489325288,"Jl. Raya Ujungberung No. 826, Mojokerto, SU 18981",Lemak & Minyak Hewani/Nabati (CPO),15,IDTPE,Tanjung Perak,27864.79,Singapura,SG,MV BAKIANTO 65,0,0,0,4.208333333333333,24,65,66
00416406,2026-02-13 04:00:00,PD Saputra Uyainah (Persero) Tbk,503056413953767,"Gang Medokan Ayu No. 9, Palembang, Kalimantan Timur 43962",Lemak & Minyak Hewani/Nabati (CPO),15,IDTPE,Tanjung Perak,42604.44,China,CN,MV BAKIANTO 65,0,0,0,6.291666666666667,18,65,61
00179485,2026-02-13 15:00:00,PT Yulianti,801326773602606,"Jalan Wonoayu No. 842, Tarakan, JT 31059",Mesin & Peralatan Elektrik,85,IDBEL,Belawan,2730.2,China,CN,MV BAKIANTO 65,0,1,0,0.4583333333333333,15,54,70
00178635,2026-02-14 06:00:00,PD Pudjiastuti Marbun,489638346578713,"Jalan Kiaracondong No. 089, Parepare, Jambi 01401",Mesin & Peralatan Elektrik,85,IDKBU,Kotabaru,46238.95,China,CN,MV BAKIANTO 65,0,1,0,0.625,22,66,70
00302119,2026-02-19 10:00:00,PD Manullang Tbk,048281489325288,"Jl. Dipenogoro No. 2, Lubuklinggau, MA 51895",Sereal/Beras,10,IDTPE,Tanjung Perak,40318.6,India,IN,MV BAKIANTO 65,0,0,0,5.166666666666667,20,66,64
00682140,2026-02-21 07:00:00,Perum Saptono Mustofa,513542784980841,"Jalan Rajiman No. 20, Tanjungpinang, MA 76504",Sereal/Beras,10,IDTPP,Tanjung Priok,17756.41,China,CN,MV BAKIANTO 65,0,1,0,1.875,25,53,61
00965997,2026-02-21 19:00:00,PD Suwarno Tbk,872343098050097,"Jl. Ciwastra No. 943, Solok, Bali 84473",Bahan Bakar Mineral (Batubara/Minyak),27,IDTPE,Tanjung Perak,33345.43,India,IN,MV BAKIANTO 65,0,1,0,0.5,21,68,85
00156948,2026-02-24 21:00:00,PD Manullang Tbk,048281489325288,"Gang Setiabudhi No. 5, Lhokseumawe, SN 60606",Lemak & Minyak Hewani/Nabati (CPO),15,IDBEL,Belawan,7768.87,Singapura,SG,MV BAKIANTO 65,0,0,0,3.0833333333333335,24,66,66
00735391,2026-02-28 16:00:00,PD Manullang Tbk,048281489325288,"Jalan Erlangga No. 3, Kota Administrasi Jakarta Timur, Kalimantan Selatan 20904",Mesin & Peralatan Elektrik,85,IDTPP,Tanjung Priok,47071.0,Singapura,SG,MV BAKIANTO 65,0,0,0,3.7916666666666665,16,52,63
00646965,2026-02-28 18:00:00,PT Sirait Damanik,983930103105183,"Jalan Pasirkoja No. 3, Denpasar, Sumatera Utara 51292",Sereal/Beras,10,IDTPE,Tanjung Perak,9718.04,China,CN,MV BAKIANTO 65,0,1,0,0.08333333333333333,18,66,61
00553861,2026-03-01 08:00:00,PD Suwarno Tbk,872343098050097,"Gang Wonoayu No. 759, Yogyakarta, KS 20603",Lemak & Minyak Hewani/Nabati (CPO),15,IDTPE,Tanjung Perak,7286.5,China,CN,MV BAKIANTO 65,0,1,0,0.5833333333333334,14,65,61
00361184,2026-03-01 18:00:00,PD Pudjiastuti Marbun,489638346578713,"Jalan Ciwastra No. 71, Kotamobagu, SG 73864",Bahan Bakar Mineral (Batubara/Minyak),27,IDTPP,Tanjung Priok,20821.26,India,IN,MV BAKIANTO 65,0,1,0,0.4166666666666667,21,75,85
00739955,2026-03-01 19:00:00,PT Waskita,513338726247317,"Gg. Soekarno Hatta No. 79, Malang, BA 14611",Mesin & Peralatan Elektrik,85,IDTPP,Tanjung Priok,23438.43,China,CN,MV BAKIANTO 65,0,1,0,0.041666666666666664,13,52,70
00508864,2026-01-01 16:00:00,PD Saputra Uyainah (Persero) Tbk,503056413953767,"Jalan Tubagus Ismail No. 3, Kota Administrasi Jakarta Timur, GO 82496",Lemak & Minyak Hewani/Nabati (CPO),15,IDBEL,Belawan,25229.74,Singapura,SG,MV BAKIJAN 55,0,0,0,,18,66,66
00567623,2026-01-02 05:00:00,Perum Sinaga,701543039117182,"Gang Soekarno Hatta No. 568, Sorong, Sulawesi Selatan 62590",Lemak & Minyak Hewani/Nabati (CPO),15,IDTPP,Tanjung Priok,44546.86,Singapura,SG,MV BAKIJAN 55,0,1,0,0.5416666666666666,16,57,66
00438537,2026-01-02 07:00:00,PD Saputra Uyainah (Persero) Tbk,503056413953767,"Gg. Tubagus Ismail No. 8, Makassar, Kalimantan Barat 33978",Sereal/Beras,10,IDTPE,Tanjung Perak,16619.97,Jepang,JP,MV BAKIJAN 55,0,1,0,0.08333333333333333,15,66,58
00589785,2026-01-03 18:00:00,PT Waskita,513338726247317,"Gang Gegerkalong Hilir No. 689, Cimahi, DI Yogyakarta 44789",Mesin & Peralatan Elektrik,85,IDTPP,Tanjung Priok,45353.05,Jepang,JP,MV BAKIJAN 55,0,1,0,1.4583333333333333,13,52,48
00567277,2026-01-05 21:00:00,Perum Saptono Mustofa,513542784980841,"Jalan K.H. Wahid Hasyim No. 293, Pekanbaru, SG 43448",Bahan Bakar Mineral (Batubara/Minyak),27,IDKBU,Kotabaru,33203.59,China,CN,MV BAKIJAN 55,0,0,0,2.125,24,72,75
00408022,2026-01-07 13:00:00,Perum Saptono Mustofa,513542784980841,"Gg. Rajawali Timur No. 7, Singkawang, Sulawesi Barat 02908",Bahan Bakar Mineral (Batubara/Minyak),27,IDTPP,Tanjung Priok,16790.22,Singapura,SG,MV BAKIJAN 55,0,1,0,1.6666666666666667,24,75,69
00335216,2026-01-07 15:00:00,PD Saputra Uyainah (Persero) Tbk,503056413953767,"Gg. HOS. Cokroaminoto No. 244, Pasuruan, Kalimantan Selatan 10291",Bahan Bakar Mineral (Batubara/Minyak),27,IDKBU,Kotabaru,5391.96,India,IN,MV BAKIJAN 55,0,1,0,0.08333333333333333,18,72,85
00726192,2026-01-07 20:00:00,PD Prabowo (Persero) Tbk,997376311656670,"Jl. HOS. Cokroaminoto No. 599, Metro, KT 18637",Sereal/Beras,10,IDKBU,Kotabaru,7188.2,Singapura,SG,MV BAKIJAN 55,0,1,0,0.20833333333333334,16,56,49
00940139,2026-01-09 09:00:00,CV Zulaika Anggraini,916697848018451,"Gg. Astana Anyar No. 504, Medan, Sulawesi Selatan 38692",Lemak & Minyak Hewani/Nabati (CPO),15,IDBEL,Belawan,29932.03,Singapura,SG,MV BAKIJAN 55,0,1,0,1.5416666666666667,11,66,66
00946231,2026-01-15 21:00:00,UD Putra Tbk,346247510799118,"Gang Ahmad Dahlan No. 68, Pontianak, Sulawesi Tenggara 99648",Lemak & Minyak Hewani/Nabati (CPO),15,IDTPP,Tanjung Priok,34422.99,China,CN,MV BAKIJAN 55,0,0,0,6.5,21,57,61
00323755,2026-01-17 08:00:00,PT Pradipta (Persero) Tbk,647525534192832,"Jalan Cikapayang No. 7, Medan, Bali 44471",Lemak & Minyak Hewani/Nabati (CPO),27,IDTPE,Tanjung Perak,46030.87,Jepang,JP,MV BAKIJAN 55,0,1,0,1.4583333333333333,60,68,66
00304650,2026-01-18 16:00:00,PD Manullang Tbk,048281489325288,"Gang Medokan Ayu No. 65, Meulaboh, JA 91901",Lemak & Minyak Hewani/Nabati (CPO),15,IDKBU,Kotabaru,12122.52,Jepang,JP,MV BAKIJAN 55,0,1,0,1.3333333333333333,24,46,56
00786483,2026-01-19 02:00:00,PD Saputra Uyainah (Persero) Tbk,503056413953767,"Gang Setiabudhi No. 470, Palu, BB 38856",Mesin & Peralatan Elektrik,85,IDBEL,Belawan,13213.36,India,IN,MV BAKIJAN 55,0,1,0,0.4166666666666667,16,54,57
00790389,2026-01-23 11:00:00,PD Saputra Uyainah (Persero) Tbk,503056413953767,"Gang Tebet Barat Dalam No. 9, Sawahlunto, GO 85899",Sereal/Beras,10,IDTPE,Tanjung Perak,46490.1,Jepang,JP,MV BAKIJAN 55,0,0,0,4.375,15,66,58
00275334,2026-01-24 08:00:00,CV Zulaika Anggraini,916697848018451,"Jl. Kutisari Selatan No. 92, Tarakan, Kalimantan Barat 70908",Bahan Bakar Mineral (Batubara/Minyak),27,IDTPE,Tanjung Perak,40006.9,Jepang,JP,MV BAKIJAN 55,0,1,0,0.875,16,68,66
00656307,2026-01-31 01:00:00,PT Melani Hutapea,219136193990916,"Jl. Jakarta No. 5, Semarang, DI Yogyakarta 63031",Lemak & Minyak Hewani/Nabati (CPO),15,IDBEL,Belawan,3080.69,Jepang,JP,MV BAKIJAN 55,0,0,0,6.708333333333333,17,66,56
00332515,2026-01-31 23:00:00,Perum Sinaga,701543039117182,"Gg. Dipatiukur No. 943, Blitar, LA 62607",Sereal/Beras,10,IDTPE,Tanjung Perak,30321.44,India,IN,MV BAKIJAN 55,0,1,0,0.9166666666666666,8,66,64
00400708,2026-02-02 10:00:00,PT Melani Hutapea,219136193990916,"Gg. Raya Ujungberung No. 735, Makassar, KR 80831",Sereal/Beras,10,IDTPP,Tanjung Priok,20077.82,India,IN,MV BAKIJAN 55,0,1,0,1.4583333333333333,21,53,64
00583795,2026-02-02 20:00:00,PT Yulianti,801326773602606,"Gg. Siliwangi No. 312, Singkawang, Bengkulu 18472",Mesin & Peralatan Elektrik,85,IDTPP,Tanjung Priok,6674.66,Jepang,JP,MV BAKIJAN 55,0,1,0,0.4166666666666667,15,52,48
00273802,2026-02-03 06:00:00,PT Yulianti,801326773602606,"Gg. HOS. Cokroaminoto No. 73, Kotamobagu, SR 30098",Lemak & Minyak Hewani/Nabati (CPO),15,IDBEL,Belawan,1028.62,Jepang,JP,MV BAKIJAN 55,0,1,0,0.4166666666666667,20,66,56
00324518,2026-02-03 10:00:00,PD Suwarno Tbk,872343098050097,"Gg. Pacuan Kuda No. 1, Bogor, Papua 43263",Lemak & Minyak Hewani/Nabati (CPO),15,IDKBU,Kotabaru,43030.1,Jepang,JP,MV BAKIJAN 55,0,1,0,0.16666666666666666,14,46,56
00443800,2026-02-06 07:00:00,PD Saputra Uyainah (Persero) Tbk,503056413953767,"Gang Otto Iskandardinata No. 0, Depok, SS 41270",Sereal/Beras,10,IDKBU,Kotabaru,15690.18,Jepang,JP,MV BAKIJAN 55,0,0,0,2.875,15,56,58
00344699,2026-02-06 17:00:00,Perum Saptono Mustofa,513542784980841,"Jl. Sukajadi No. 8, Bontang, JB 17819",Bahan Bakar Mineral (Batubara/Minyak),27,IDTPP,Tanjung Priok,14439.85,India,IN,MV BAKIJAN 55,0,1,0,0.4166666666666667,24,75,85
00410692,2026-02-10 01:00:00,PD Manullang Tbk,048281489325288,"Gg. M.T Haryono No. 27, Batam, Sumatera Barat 30232",Sereal/Beras,10,IDTPE,Tanjung Perak,22984.44,Singapura,SG,MV BAKIJAN 55,0,0,0,3.3333333333333335,20,66,49
00514310,2026-02-10 18:00:00,PT Pradipta (Persero) Tbk,647525534192832,"Gang Tebet Barat Dalam No. 33, Palangkaraya, Sumatera Utara 19013",Sereal/Beras,27,IDTPE,Tanjung Perak,36959.89,China,CN,MV BAKIJAN 55,0,1,0,0.7083333333333334,60,68,75
00791078,2026-02-11 00:00:00,PT Yulianti,801326773602606,"Jl. Sadang Serang No. 131, Tebingtinggi, Jawa Timur 68155",Sereal/Beras,10,IDTPP,Tanjung Priok,34752.52,Jepang,JP,MV BAKIJAN 55,0,1,0,0.25,13,53,58
00897216,2026-02-11 05:00:00,PT Sirait Damanik,983930103105183,"Gg. Cihampelas No. 122, Metro, BT 48422",Bahan Bakar Mineral (Batubara/Minyak),27,IDTPE,Tanjung Perak,13914.17,India,IN,MV BAKIJAN 55,0,1,0,0.20833333333333334,20,68,85
00595336,2026-02-11 21:00:00,UD Mandala Prayoga,884969653287101,"Gang Rajiman No. 90, Tegal, SG 18636",Mesin & Peralatan Elektrik,85,IDTPE,Tanjung Perak,30268.13,China,CN,MV BAKIJAN 55,0,1,0,0.6666666666666666,20,66,70
00700391,2026-02-15 07:00:00,PD Manullang Tbk,048281489325288,"Gang Otto Iskandardinata No. 910, Dumai, DKI Jakarta 11063",Lemak & Minyak Hewani/Nabati (CPO),15,IDTPP,Tanjung Priok,38284.62,China,CN,MV BAKIJAN 55,0,0,0,3.4166666666666665,24,57,61
00518287,2026-02-19 22:00:00,PD Prabowo (Persero) Tbk,997376311656670,"Jalan Ciwastra No. 2, Kotamobagu, SB 22489",Sereal/Beras,10,IDTPE,Tanjung Perak,17639.78,China,CN,MV BAKIJAN 55,0,0,0,4.625,16,66,61
00551431,2026-02-20 02:00:00,Perum Saptono Mustofa,513542784980841,"Gang Jamika No. 6, Bogor, JK 34785",Lemak & Minyak Hewani/Nabati (CPO),15,IDKBU,Kotabaru,17412.84,India,IN,MV BAKIJAN 55,0,1,0,0.16666666666666666,15,46,51
00313430,2026-02-23 11:00:00,PT Pradipta (Persero) Tbk,647525534192832,"Gang Gardujati No. 05, Solok, SG 16136",Mesin & Peralatan Elektrik,27,IDTPP,Tanjung Priok,5262.44,China,CN,MV BAKIJAN 55,0,0,0,3.375,60,75,75
00319545,2026-02-26 08:00:00,UD Putra Tbk,346247510799118,"Gg. Laswi No. 17, Bekasi, Kalimantan Selatan 46990",Mesin & Peralatan Elektrik,85,IDKBU,Kotabaru,8061.12,Singapura,SG,MV BAKIJAN 55,0,0,0,2.875,14,66,63
00483734,2026-02-26 17:00:00,PD Suwarno Tbk,872343098050097,"Gang Kapten Muslihat No. 7, Bontang, Jawa Tengah 19646",Lemak & Minyak Hewani/Nabati (CPO),15,IDKBU,Kotabaru,36545.92,Singapura,SG,MV BAKIJAN 55,0,1,0,0.375,14,46,66
00363991,2026-03-01 03:00:00,PT Melani Hutapea,219136193990916,"Gang Lembong No. 8, Metro, PA 03758",Lemak & Minyak Hewani/Nabati (CPO),15,IDKBU,Kotabaru,24765.62,India,IN,MV BAKIJAN 55,0,0,0,2.4166666666666665,17,46,51
00181804,2026-01-01 13:00:00,PD Saputra Uyainah (Persero) Tbk,503056413953767,"Jl. Antapani Lama No. 867, Tanjungpinang, Jawa Tengah 07202",Lemak & Minyak Hewani/Nabati (CPO),15,IDTPE,Tanjung Perak,18448.49,India,IN,MV CAHYONO 51,0,0,0,,18,65,51
00183867,2026-01-02 13:00:00,UD Mandala Prayoga,884969653287101,"Jl. Yos Sudarso No. 1, Bandar Lampung, Lampung 65915",Lemak & Minyak Hewani/Nabati (CPO),15,IDKBU,Kotabaru,12915.98,China,CN,MV CAHYONO 51,0,1,0,1.0,18,46,61
00651002,2026-01-03 19:00:00,PD Saputra Uyainah (Persero) Tbk,503056413953767,"Jalan Kapten Muslihat No. 2, Bengkulu, SU 48251",Bahan Bakar Mineral (Batubara/Minyak),27,IDBEL,Belawan,29624.66,China,CN,MV CAHYONO 51,0,1,0,1.25,18,80,75
00274272,2026-01-05 18:00:00,UD Putra Tbk,346247510799118,"Jalan Astana Anyar No. 471, Sawahlunto, SU 47158",Bahan Bakar Mineral (Batubara/Minyak),27,IDBEL,Belawan,4088.43,Jepang,JP,MV CAHYONO 51,0,1,0,1.9583333333333333,20,80,66
00711633,2026-01-08 05:00:00,PT Yulianti,801326773602606,"Gg. Raya Setiabudhi No. 39, Denpasar, KS 33343",Bahan Bakar Mineral (Batubara/Minyak),27,IDTPP,Tanjung Priok,47986.46,Jepang,JP,MV CAHYONO 51,0,0,0,2.4583333333333335,15,75,66
00737653,2026-01-10 01:00:00,UD Mandala Prayoga,884969653287101,"Jl. Otto Iskandardinata No. 856, Palu, BT 51844",Bahan Bakar Mineral (Batubara/Minyak),27,IDBEL,Belawan,19410.59,Jepang,JP,MV CAHYONO 51,0,1,0,1.8333333333333333,15,80,66
00517838,2026-01-10 05:00:00,PT Waskita,513338726247317,"Jalan BKR No. 195, Binjai, SR 64505",Lemak & Minyak Hewani/Nabati (CPO),15,IDKBU,Kotabaru,40572.81,India,IN,MV CAHYONO 51,0,1,0,0.16666666666666666,15,46,51
00777616,2026-01-10 18:00:00,CV Zulaika Anggraini,916697848018451,"Jl. Pacuan Kuda No. 732, Kupang, Kalimantan Utara 97768",Bahan Bakar Mineral (Batubara/Minyak),27,IDTPP,Tanjung Priok,17206.64,China,CN,MV CAHYONO 51,0,1,0,0.5416666666666666,16,75,75
00252198,2026-01-11 06:00:00,PT Waskita,513338726247317,"Jalan H.J Maemunah No. 12, Jambi, GO 41011",Sereal/Beras,10,IDBEL,Belawan,13035.89,Singapura,SG,MV CAHYONO 51,0,1,0,0.5,19,58,49
00651282,2026-01-12 16:00:00,CV Zulaika Anggraini,916697848018451,"Jalan R.E Martadinata No. 242, Banjarmasin, JI 99471",Sereal/Beras,10,IDTPP,Tanjung Priok,45667.97,Jepang,JP,MV CAHYONO 51,0,1,0,1.4166666666666667,12,53,58
00433072,2026-01-12 16:00:00,PD Manullang Tbk,048281489325288,"Jalan Astana Anyar No. 95, Padang Sidempuan, Papua 49025",Mesin & Peralatan Elektrik,85,IDBEL,Belawan,5691.9,Jepang,JP,MV CAHYONO 51,0,1,0,0.0,16,54,48
00811373,2026-01-14 13:00:00,PD Manullang Tbk,048281489325288,"Gg. Kutisari Selatan No. 3, Bima, JB 06596",Lemak & Minyak Hewani/Nabati (CPO),15,IDTPP,Tanjung Priok,39468.84,Singapura,SG,MV CAHYONO 51,0,1,0,1.875,24,57,66
00148363,2026-01-14 16:00:00,Perum Saptono Mustofa,513542784980841,"Jl. Sadang Serang No. 621, Makassar, SU 62962",Lemak & Minyak Hewani/Nabati (CPO),15,IDTPP,Tanjung Priok,14047.79,Jepang,JP,MV CAHYONO 51,0,1,0,0.125,15,57,56
00859253,2026-01-16 16:00:00,CV Zulaika Anggraini,916697848018451,"Gang Ronggowarsito No. 158, Pangkalpinang, Sumatera Barat 86342",Lemak & Minyak Hewani/Nabati (CPO),15,IDBEL,Belawan,30411.2,Jepang,JP,MV CAHYONO 51,0,0,0,2.0,11,66,56
00589283,2026-01-16 18:00:00,UD Mandala Prayoga,884969653287101,"Gang Kebonjati No. 0, Bogor, SS 99605",Bahan Bakar Mineral (Batubara/Minyak),27,IDTPE,Tanjung Perak,9571.45,China,CN,MV CAHYONO 51,0,1,0,0.08333333333333333,15,68,75
00892483,2026-01-16 19:00:00,PD Pudjiastuti Marbun,489638346578713,"Gg. Astana Anyar No. 563, Cilegon, Gorontalo 07337",Sereal/Beras,10,IDTPP,Tanjung Priok,4196.84,China,CN,MV CAHYONO 51,0,1,0,0.041666666666666664,17,53,61
00389924,2026-01-20 13:00:00,PT Yulianti,801326773602606,"Gg. Suniaraja No. 920, Pariaman, BT 62718",Bahan Bakar Mineral (Batubara/Minyak),27,IDKBU,Kotabaru,31594.84,India,IN,MV CAHYONO 51,0,0,0,3.75,15,72,85
00486428,2026-01-20 23:00:00,Perum Sinaga,701543039117182,"Jl. Waringin No. 62, Bandung, Sulawesi Barat 53654",Bahan Bakar Mineral (Batubara/Minyak),27,IDTPP,Tanjung Priok,16352.89,India,IN,MV CAHYONO 51,0,1,0,0.4166666666666667,18,75,85
00333393,2026-01-21 09:00:00,PD Saputra Uyainah (Persero) Tbk,503056413953767,"Gang Ir. H. Djuanda No. 765, Cirebon, Kepulauan Bangka Belitung 20957",Mesin & Peralatan Elektrik,85,IDTPE,Tanjung Perak,4741.51,Singapura,SG,MV CAHYONO 51,0,1,0,0.4166666666666667,16,66,63
00767087,2026-01-21 09:00:00,CV Zulaika Anggraini,916697848018451,"Jalan Pacuan Kuda No. 26, Semarang, Kalimantan Selatan 51342",Mesin & Peralatan Elektrik,85,IDKBU,Kotabaru,4981.64,Jepang,JP,MV CAHYONO 51,0,1,0,0.0,20,66,48
00839168,2026-01-21 12:00:00,UD Putra Tbk,346247510799118,"Gang M.H Thamrin No. 65, Denpasar, SN 97384",Sereal/Beras,10,IDKBU,Kotabaru,47141.66,China,CN,MV CAHYONO 51,0,1,0,0.125,18,56,61
00980975,2026-01-22 20:00:00,PD Prabowo (Persero) Tbk,997376311656670,"Jl. Kiaracondong No. 234, Palembang, Gorontalo 14161",Lemak & Minyak Hewani/Nabati (CPO),15,IDBEL,Belawan,4253.93,China,CN,MV CAHYONO 51,0,1,0,1.3333333333333333,15,66,61
00943095,2026-01-23 02:00:00,PT Yulianti,801326773602606,"Gg. Merdeka No. 11, Pontianak, MA 18594",Mesin & Peralatan Elektrik,85,IDKBU,Kotabaru,16166.35,China,CN,MV CAHYONO 51,0,1,0,0.25,15,66,70
00795885,2026-01-25 00:00:00,PD Manullang Tbk,048281489325288,"Jalan Ciwastra No. 166, Padang, NB 55973",Mesin & Peralatan Elektrik,85,IDBEL,Belawan,4861.88,China,CN,MV CAHYONO 51,0,1,0,1.9166666666666667,16,54,70
00799576,2026-01-29 09:00:00,PT Waskita,513338726247317,"Gg. Kiaracondong No. 305, Pekanbaru, Riau 40345",Bahan Bakar Mineral (Batubara/Minyak),27,IDTPE,Tanjung Perak,725.82,Jepang,JP,MV CAHYONO 51,0,0,0,4.375,14,68,66
00176056,2026-01-30 04:00:00,PT Pradipta (Persero) Tbk,647525534192832,"Gang Abdul Muis No. 754, Bau-Bau, Kepulauan Riau 65328",Sereal/Beras,27,IDTPE,Tanjung Perak,17569.84,India,IN,MV CAHYONO 51,0,1,0,0.7916666666666666,60,68,85
00944136,2026-02-02 22:00:00,PD Prabowo (Persero) Tbk,997376311656670,"Jl. BKR No. 62, Pangkalpinang, Riau 72565",Mesin & Peralatan Elektrik,85,IDTPE,Tanjung Perak,26887.46,Singapura,SG,MV CAHYONO 51,0,0,0,3.75,19,66,63
00481616,2026-02-03 00:00:00,UD Putra Tbk,346247510799118,"Gg. Rungkut Industri No. 859, Palu, Sulawesi Tenggara 14754",Mesin & Peralatan Elektrik,85,IDTPE,Tanjung Perak,36819.87,Singapura,SG,MV CAHYONO 51,0,1,0,0.08333333333333333,14,66,63
00150508,2026-02-06 00:00:00,PD Suwarno Tbk,872343098050097,"Gang Cikutra Timur No. 0, Parepare, Banten 62265",Bahan Bakar Mineral (Batubara/Minyak),27,IDTPP,Tanjung Priok,17234.47,Singapura,SG,MV CAHYONO 51,0,0,0,3.0,21,75,69
00623704,2026-02-07 05:00:00,PT Pradipta (Persero) Tbk,647525534192832,"Gang Gardujati No. 810, Cirebon, BT 17310",Bahan Bakar Mineral (Batubara/Minyak),27,IDKBU,Kotabaru,48233.01,Jepang,JP,MV CAHYONO 51,0,1,0,1.2083333333333333,60,72,66
00584121,2026-02-08 06:00:00,PT Pradipta (Persero) Tbk,647525534192832,"Jalan Moch. Ramdan No. 9, Subulussalam, PB 48058",Sereal/Beras,27,IDTPE,Tanjung Perak,6606.87,Singapura,SG,MV CAHYONO 51,0,1,0,1.0416666666666667,60,68,69
00788062,2026-02-08 18:00:00,Perum Sinaga,701543039117182,"Gg. Cihampelas No. 433, Malang, BB 00676",Lemak & Minyak Hewani/Nabati (CPO),15,IDBEL,Belawan,47014.25,India,IN,MV CAHYONO 51,0,1,0,0.5,16,66,51
00780463,2026-02-08 23:00:00,Perum Sinaga,701543039117182,"Jl. M.T Haryono No. 832, Banjarbaru, SS 38815",Lemak & Minyak Hewani/Nabati (CPO),15,IDTPP,Tanjung Priok,10303.78,China,CN,MV CAHYONO 51,0,1,0,0.20833333333333334,16,57,61
00177465,2026-02-10 21:00:00,PT Pradipta (Persero) Tbk,647525534192832,"Jalan Indragiri No. 4, Gorontalo, Sumatera Barat 76945",Bahan Bakar Mineral (Batubara/Minyak),27,IDKBU,Kotabaru,34997.18,India,IN,MV CAHYONO 51,0,1,0,1.9166666666666667,60,72,85
00799453,2026-02-10 22:00:00,PD Saputra Uyainah (Persero) Tbk,503056413953767,"Jl. Pacuan Kuda No. 963, Kota Administrasi Jakarta Selatan, SU 72742",Mesin & Peralatan Elektrik,85,IDTPE,Tanjung Perak,1938.2,Jepang,JP,MV CAHYONO 51,0,1,0,0.041666666666666664,16,66,48
00889873,2026-02-11 03:00:00,UD Putra Tbk,346247510799118,"Gg. Stasiun Wonokromo No. 52, Sukabumi, SN 05423",Bahan Bakar Mineral (Batubara/Minyak),27,IDTPE,Tanjung Perak,38625.79,India,IN,MV CAHYONO 51,0,1,0,0.20833333333333334,20,68,85
00749638,2026-02-11 20:00:00,Perum Saptono Mustofa,513542784980841,"Jalan Medokan Ayu No. 59, Binjai, Jawa Timur 82965",Sereal/Beras,10,IDTPP,Tanjung Priok,25889.17,China,CN,MV CAHYONO 51,0,1,0,0.7083333333333334,25,53,61
00329023,2026-02-12 02:00:00,Perum Saptono Mustofa,513542784980841,"Gg. Tebet Barat Dalam No. 626, Bandar Lampung, LA 39735",Bahan Bakar Mineral (Batubara/Minyak),27,IDBEL,Belawan,20651.75,Jepang,JP,MV CAHYONO 51,0,1,0,0.25,24,80,66
00769637,2026-02-12 12:00:00,PT Waskita,513338726247317,"Jl. KH Amin Jasuta No. 7, Tanjungbalai, KS 81721",Bahan Bakar Mineral (Batubara/Minyak),27,IDTPE,Tanjung Perak,2783.42,Jepang,JP,MV CAHYONO 51,0,1,0,0.4166666666666667,14,68,66
00988793,2026-02-13 00:00:00,Perum Saptono Mustofa,513542784980841,"Jl. M.H Thamrin No. 6, Padang, BB 36103",Bahan Bakar Mineral (Batubara/Minyak),27,IDKBU,Kotabaru,24394.11,China,CN,MV CAHYONO 51,0,1,0,0.5,24,72,75
00255697,2026-02-15 20:00:00,Perum Saptono Mustofa,513542784980841,"Gg. Veteran No. 752, Bogor, Kalimantan Utara 43260",Mesin & Peralatan Elektrik,85,IDTPE,Tanjung Perak,29964.99,Jepang,JP,MV CAHYONO 51,0,0,0,2.8333333333333335,16,66,48
00117123,2026-02-16 22:00:00,PD Prabowo (Persero) Tbk,997376311656670,"Gang Pasteur No. 6, Gorontalo, KI 73634",Bahan Bakar Mineral (Batubara/Minyak),27,IDKBU,Kotabaru,25578.49,India,IN,MV CAHYONO 51,0,1,0,1.0833333333333333,12,72,85
00517821,2026-02-17 22:00:00,PD Prabowo (Persero) Tbk,997376311656670,"Jalan Rumah Sakit No. 1, Purwokerto, JK 79833",Lemak & Minyak Hewani/Nabati (CPO),15,IDTPP,Tanjung Priok,45194.58,China,CN,MV CAHYONO 51,0,1,0,1.0,15,57,61
00123128,2026-02-20 22:00:00,PD Prabowo (Persero) Tbk,997376311656670,"Gang Rungkut Industri No. 9, Ambon, BB 46528",Lemak & Minyak Hewani/Nabati (CPO),15,IDKBU,Kotabaru,19075.27,China,CN,MV CAHYONO 51,0,0,0,3.0,15,46,61
00552779,2026-02-23 08:00:00,UD Mandala Prayoga,884969653287101,"Jalan Pasir Koja No. 397, Manado, JB 14913",Lemak & Minyak Hewani/Nabati (CPO),15,IDBEL,Belawan,42500.92,Jepang,JP,MV CAHYONO 51,0,0,0,2.4166666666666665,18,66,56
00399553,2026-01-02 11:00:00,PT Melani Hutapea,219136193990916,"Jalan PHH. Mustofa No. 8, Kota Administrasi Jakarta Utara, KI 11508",Mesin & Peralatan Elektrik,85,IDBEL,Belawan,11085.0,Singapura,SG,MV CANDRAKANTA 18,0,0,0,,19,54,63
00920356,2026-01-03 21:00:00,UD Putra Tbk,346247510799118,"Gg. Gegerkalong Hilir No. 510, Banjarbaru, Jawa Timur 67066",Lemak & Minyak Hewani/Nabati (CPO),15,IDBEL,Belawan,19747.66,Jepang,JP,MV CANDRAKANTA 18,0,1,0,1.4166666666666667,21,66,56
00243369,2026-01-11 15:00:00,PT Waskita,513338726247317,"Gang Kapten Muslihat No. 23, Gorontalo, Kepulauan Bangka Belitung 51773",Lemak & Minyak Hewani/Nabati (CPO),15,IDTPE,Tanjung Perak,46762.97,China,CN,MV CANDRAKANTA 18,0,0,0,7.75,15,65,61
00394592,2026-01-12 02:00:00,PT Waskita,513338726247317,"Jl. Cikutra Timur No. 695, Ternate, Jawa Tengah 90833",Lemak & Minyak Hewani/Nabati (CPO),15,IDKBU,Kotabaru,43080.4,Singapura,SG,MV CANDRAKANTA 18,0,1,0,0.4583333333333333,15,46,66
00747043,2026-01-16 22:00:00,PT Pradipta (Persero) Tbk,647525534192832,"Gang Soekarno Hatta No. 47, Bontang, Jawa Tengah 04432",Lemak & Minyak Hewani/Nabati (CPO),27,IDTPP,Tanjung Priok,6936.12,China,CN,MV CANDRAKANTA 18,0,0,0,4.833333333333333,60,75,75
00796795,2026-01-17 02:00:00,UD Putra Tbk,346247510799118,"Gg. Lembong No. 95, Sabang, DI Yogyakarta 49383",Bahan Bakar Mineral (Batubara/Minyak),27,IDKBU,Kotabaru,24057.47,Jepang,JP,MV CANDRAKANTA 18,0,1,0,0.16666666666666666,20,72,66
00945114,2026-01-19 06:00:00,PD Manullang Tbk,048281489325288,"Jl. S. Parman No. 58, Pagaralam, AC 40848",Lemak & Minyak Hewani/Nabati (CPO),15,IDKBU,Kotabaru,19238.96,China,CN,MV CANDRAKANTA 18,0,0,0,2.1666666666666665,24,46,61
00287496,2026-01-21 18:00:00,Perum Saptono Mustofa,513542784980841,"Jalan Kutai No. 632, Jambi, SS 13745",Sereal/Beras,10,IDTPE,Tanjung Perak,31203.02,Jepang,JP,MV CANDRAKANTA 18,0,0,0,2.5,25,66,58
00330626,2026-01-25 15:00:00,PD Prabowo (Persero) Tbk,997376311656670,"Jl. H.J Maemunah No. 546, Pangkalpinang, NB 89547",Mesin & Peralatan Elektrik,85,IDBEL,Belawan,9721.68,India,IN,MV CANDRAKANTA 18,0,0,0,3.875,19,54,57
00833536,2026-01-27 13:00:00,Perum Sinaga,701543039117182,"Gang Raya Ujungberung No. 401, Tarakan, MA 99106",Sereal/Beras,10,IDBEL,Belawan,26899.86,Jepang,JP,MV CANDRAKANTA 18,0,1,0,1.9166666666666667,8,58,58
00985221,2026-01-27 18:00:00,PD Pudjiastuti Marbun,489638346578713,"Gang Ciwastra No. 814, Blitar, KR 40192",Sereal/Beras,10,IDTPE,Tanjung Perak,25705.05,Jepang,JP,MV CANDRAKANTA 18,0,1,0,0.20833333333333334,17,66,58
00224668,2026-01-29 20:00:00,PD Prabowo (Persero) Tbk,997376311656670,"Gg. Abdul Muis No. 01, Prabumulih, Sulawesi Barat 84907",Sereal/Beras,10,IDKBU,Kotabaru,44445.59,China,CN,MV CANDRAKANTA 18,0,0,0,2.0833333333333335,16,56,61
00849723,2026-01-29 23:00:00,UD Mandala Prayoga,884969653287101,"Gang Raya Setiabudhi No. 18, Yogyakarta, Kalimantan Tengah 47411",Mesin & Peralatan Elektrik,85,IDKBU,Kotabaru,31330.83,Jepang,JP,MV CANDRAKANTA 18,0,1,0,0.125,20,66,48
00537867,2026-01-31 02:00:00,Perum Saptono Mustofa,513542784980841,"Jl. Kendalsari No. 009, Balikpapan, KR 47692",Sereal/Beras,10,IDTPP,Tanjung Priok,30370.76,China,CN,MV CANDRAKANTA 18,0,1,0,1.125,25,53,61
00502702,2026-01-31 18:00:00,PD Suwarno Tbk,872343098050097,"Jalan Surapati No. 461, Kota Administrasi Jakarta Timur, Bengkulu 11901",Bahan Bakar Mineral (Batubara/Minyak),27,IDBEL,Belawan,15251.0,India,IN,MV CANDRAKANTA 18,0,1,0,0.6666666666666666,21,80,85
00633335,2026-01-31 18:00:00,PD Manullang Tbk,048281489325288,"Jl. Yos Sudarso No. 265, Banjar, Sulawesi Barat 11987",Mesin & Peralatan Elektrik,85,IDBEL,Belawan,29114.36,India,IN,MV CANDRAKANTA 18,0,1,0,0.0,16,54,57
00801944,2026-02-07 14:00:00,PT Melani Hutapea,219136193990916,"Gang Soekarno Hatta No. 891, Tual, SB 80898",Sereal/Beras,10,IDBEL,Belawan,24186.85,China,CN,MV CANDRAKANTA 18,0,0,0,6.833333333333333,21,58,61
00163637,2026-02-09 11:00:00,UD Putra Tbk,346247510799118,"Jl. Soekarno Hatta No. 7, Tual, SN 24809",Mesin & Peralatan Elektrik,85,IDKBU,Kotabaru,27619.42,Singapura,SG,MV CANDRAKANTA 18,0,1,0,1.875,14,66,63
00150446,2026-02-12 02:00:00,PT Pradipta (Persero) Tbk,647525534192832,"Gg. Rajawali Barat No. 68, Pasuruan, KI 67065",Lemak & Minyak Hewani/Nabati (CPO),27,IDTPE,Tanjung Perak,883.73,China,CN,MV CANDRAKANTA 18,0,0,0,2.625,60,68,75
00135969,2026-02-13 22:00:00,CV Zulaika Anggraini,916697848018451,"Jl. Pelajar Pejuang No. 018, Tangerang, JK 37599",Sereal/Beras,10,IDTPP,Tanjung Priok,39042.77,India,IN,MV CANDRAKANTA 18,0,1,0,1.8333333333333333,12,53,64
00164987,2026-02-17 14:00:00,CV Zulaika Anggraini,916697848018451,"Gg. Gegerkalong Hilir No. 69, Lhokseumawe, BE 66552",Mesin & Peralatan Elektrik,85,IDBEL,Belawan,8154.07,Jepang,JP,MV CANDRAKANTA 18,0,0,0,3.6666666666666665,20,54,48
00852819,2026-02-18 00:00:00,PD Prabowo (Persero) Tbk,997376311656670,"Jl. Astana Anyar No. 309, Kendari, JB 19374",Bahan Bakar Mineral (Batubara/Minyak),27,IDKBU,Kotabaru,30805.39,Jepang,JP,MV CANDRAKANTA 18,0,1,0,0.4166666666666667,12,72,66
00223222,2026-02-18 08:00:00,PD Pudjiastuti Marbun,489638346578713,"Gg. BKR No. 178, Pariaman, SS 35784",Bahan Bakar Mineral (Batubara/Minyak),27,IDTPP,Tanjung Priok,26644.62,Singapura,SG,MV CANDRAKANTA 18,0,1,0,0.3333333333333333,21,75,69
00231339,2026-02-20 20:00:00,PD Manullang Tbk,048281489325288,"Gg. Setiabudhi No. 245, Kediri, Kepulauan Bangka Belitung 19693",Sereal/Beras,10,IDTPP,Tanjung Priok,27373.11,Singapura,SG,MV CANDRAKANTA 18,0,0,0,2.5,20,53,49
00125996,2026-02-21 05:00:00,UD Mandala Prayoga,884969653287101,"Gg. Ir. H. Djuanda No. 0, Padang Sidempuan, Sulawesi Barat 74231",Sereal/Beras,10,IDBEL,Belawan,36416.99,China,CN,MV CANDRAKANTA 18,0,1,0,0.375,16,58,61
00173756,2026-02-26 00:00:00,PD Pudjiastuti Marbun,489638346578713,"Jalan Erlangga No. 580, Madiun, Sulawesi Barat 21286",Bahan Bakar Mineral (Batubara/Minyak),27,IDTPE,Tanjung Perak,22142.28,Jepang,JP,MV CANDRAKANTA 18,0,0,0,4.791666666666667,21,68,66
00301250,2026-02-28 13:00:00,PT Sirait Damanik,983930103105183,"Jalan H.J Maemunah No. 2, Pontianak, Sumatera Utara 47617",Bahan Bakar Mineral (Batubara/Minyak),27,IDTPP,Tanjung Priok,25917.9,India,IN,MV CANDRAKANTA 18,0,0,0,2.5416666666666665,20,75,85
00762365,2026-01-01 15:00:00,PT Sirait Damanik,983930103105183,"Jalan Jakarta No. 7, Sorong, JK 32288",Lemak & Minyak Hewani/Nabati (CPO),15,IDKBU,Kotabaru,8105.97,Jepang,JP,MV CENGKAL 48,0,0,0,,15,46,56
00795066,2026-01-02 01:00:00,UD Mandala Prayoga,884969653287101,"Jalan Abdul Muis No. 62, Sibolga, Jambi 35797",Bahan Bakar Mineral (Batubara/Minyak),27,IDBEL,Belawan,25599.47,Singapura,SG,MV CENGKAL 48,0,1,0,0.4166666666666667,15,80,69
00804433,2026-01-10 11:00:00,PD Saputra Uyainah (Persero) Tbk,503056413953767,"Jl. Gegerkalong Hilir No. 2, Lhokseumawe, JB 21611",Bahan Bakar Mineral (Batubara/Minyak),27,IDBEL,Belawan,47978.04,India,IN,MV CENGKAL 48,0,0,0,8.416666666666666,18,80,85
00228913,2026-01-11 20:00:00,PD Manullang Tbk,048281489325288,"Gg. Ronggowarsito No. 372, Binjai, DKI Jakarta 59574",Bahan Bakar Mineral (Batubara/Minyak),27,IDTPE,Tanjung Perak,6934.43,India,IN,MV CENGKAL 48,0,1,0,1.375,12,68,85
00564192,2026-01-13 13:00:00,Perum Saptono Mustofa,513542784980841,"Jalan Stasiun Wonokromo No. 2, Sabang, SB 56856",Lemak & Minyak Hewani/Nabati (CPO),15,IDBEL,Belawan,14608.02,Singapura,SG,MV CENGKAL 48,0,1,0,1.7083333333333333,15,66,66
00732035,2026-01-13 18:00:00,PT Waskita,513338726247317,"Jl. Medokan Ayu No. 352, Tarakan, Sulawesi Tengah 12552",Lemak & Minyak Hewani/Nabati (CPO),15,IDBEL,Belawan,4077.85,India,IN,MV CENGKAL 48,0,1,0,0.20833333333333334,15,66,51
00634025,2026-01-14 02:00:00,PD Pudjiastuti Marbun,489638346578713,"Jalan Erlangga No. 11, Palangkaraya, SB 12415",Bahan Bakar Mineral (Batubara/Minyak),27,IDTPE,Tanjung Perak,13761.66,Singapura,SG,MV CENGKAL 48,0,1,0,0.3333333333333333,21,68,69
00853369,2026-01-14 08:00:00,PD Suwarno Tbk,872343098050097,"Jl. Peta No. 22, Bandar Lampung, BT 57784",Bahan Bakar Mineral (Batubara/Minyak),27,IDBEL,Belawan,33410.55,China,CN,MV CENGKAL 48,0,1,0,0.25,21,80,75
00894272,2026-01-14 20:00:00,PD Pudjiastuti Marbun,489638346578713,"Jalan Tubagus Ismail No. 01, Sungai Penuh, Maluku Utara 89935",Sereal/Beras,10,IDKBU,Kotabaru,24049.12,India,IN,MV CENGKAL 48,0,1,0,0.5,17,56,64
00551309,2026-01-15 22:00:00,PT Yulianti,801326773602606,"Jalan Medokan Ayu No. 182, Pasuruan, Kalimantan Utara 26978",Lemak & Minyak Hewani/Nabati (CPO),15,IDKBU,Kotabaru,30388.47,Singapura,SG,MV CENGKAL 48,0,1,0,1.0833333333333333,20,46,66
00261195,2026-01-17 16:00:00,PT Melani Hutapea,219136193990916,"Gang Pasteur No. 14, Pangkalpinang, KU 85258",Bahan Bakar Mineral (Batubara/Minyak),27,IDKBU,Kotabaru,31793.85,Jepang,JP,MV CENGKAL 48,0,1,0,1.75,9,72,66
00373601,2026-01-17 18:00:00,PD Pudjiastuti Marbun,489638346578713,"Gg. Tubagus Ismail No. 7, Surabaya, RI 71545",Mesin & Peralatan Elektrik,85,IDBEL,Belawan,33954.78,Singapura,SG,MV CENGKAL 48,0,1,0,0.08333333333333333,22,54,63
00944336,2026-01-22 05:00:00,PT Melani Hutapea,219136193990916,"Gang Ciwastra No. 7, Bogor, BT 09376",Sereal/Beras,10,IDBEL,Belawan,29013.66,Singapura,SG,MV CENGKAL 48,0,0,0,4.458333333333333,21,58,49
00326377,2026-01-23 08:00:00,UD Mandala Prayoga,884969653287101,"Gang Kebonjati No. 25, Parepare, KU 05597",Sereal/Beras,10,IDTPE,Tanjung Perak,21740.34,Jepang,JP,MV CENGKAL 48,0,1,0,1.125,16,66,58
00329231,2026-01-28 10:00:00,PD Pudjiastuti Marbun,489638346578713,"Jl. Asia Afrika No. 45, Cirebon, SS 15619",Bahan Bakar Mineral (Batubara/Minyak),27,IDKBU,Kotabaru,41856.49,China,CN,MV CENGKAL 48,0,0,0,5.083333333333333,21,72,75
00513215,2026-01-29 09:00:00,PD Manullang Tbk,048281489325288,"Gang Cempaka No. 3, Tanjungbalai, PB 24077",Lemak & Minyak Hewani/Nabati (CPO),15,IDKBU,Kotabaru,5455.18,India,IN,MV CENGKAL 48,0,1,0,0.9583333333333334,24,46,51
00118548,2026-01-31 13:00:00,PD Saputra Uyainah (Persero) Tbk,503056413953767,"Jl. Cempaka No. 450, Pematangsiantar, MA 97374",Bahan Bakar Mineral (Batubara/Minyak),27,IDKBU,Kotabaru,8792.5,India,IN,MV CENGKAL 48,0,0,0,2.1666666666666665,18,72,85
00309455,2026-02-04 05:00:00,PT Waskita,513338726247317,"Gang BKR No. 2, Bitung, Sulawesi Barat 15940",Bahan Bakar Mineral (Batubara/Minyak),27,IDKBU,Kotabaru,30438.45,Singapura,SG,MV CENGKAL 48,0,0,0,3.6666666666666665,14,72,69
00188422,2026-02-05 00:00:00,UD Putra Tbk,346247510799118,"Gang Abdul Muis No. 32, Cilegon, Kepulauan Riau 54152",Bahan Bakar Mineral (Batubara/Minyak),27,IDKBU,Kotabaru,42478.06,Singapura,SG,MV CENGKAL 48,0,1,0,0.7916666666666666,20,72,69
00169349,2026-02-10 02:00:00,PD Suwarno Tbk,872343098050097,"Jl. Soekarno Hatta No. 85, Banjarbaru, JA 49075",Mesin & Peralatan Elektrik,85,IDTPP,Tanjung Priok,22973.37,India,IN,MV CENGKAL 48,0,0,0,5.083333333333333,22,52,57
00167011,2026-02-12 19:00:00,PD Prabowo (Persero) Tbk,997376311656670,"Gg. Rungkut Industri No. 7, Cirebon, SU 05092",Mesin & Peralatan Elektrik,85,IDTPP,Tanjung Priok,35709.8,China,CN,MV CENGKAL 48,0,0,0,2.7083333333333335,19,52,70
00606143,2026-02-15 00:00:00,UD Mandala Prayoga,884969653287101,"Jalan Siliwangi No. 39, Bogor, Sulawesi Tenggara 65803",Sereal/Beras,10,IDKBU,Kotabaru,38931.72,India,IN,MV CENGKAL 48,0,0,0,2.2083333333333335,16,56,64
00331186,2026-02-18 08:00:00,PD Suwarno Tbk,872343098050097,"Gang M.H Thamrin No. 57, Lhokseumawe, BB 13518",Mesin & Peralatan Elektrik,85,IDKBU,Kotabaru,46858.57,India,IN,MV CENGKAL 48,0,0,0,3.3333333333333335,22,66,57
00329004,2026-02-19 20:00:00,PD Prabowo (Persero) Tbk,997376311656670,"Jl. Astana Anyar No. 3, Magelang, KR 45868",Bahan Bakar Mineral (Batubara/Minyak),27,IDTPE,Tanjung Perak,44408.31,Singapura,SG,MV CENGKAL 48,0,1,0,1.5,12,68,69
00361606,2026-02-20 15:00:00,PT Pradipta (Persero) Tbk,647525534192832,"Jalan PHH. Mustofa No. 05, Tasikmalaya, Sumatera Selatan 61124",Sereal/Beras,27,IDBEL,Belawan,35634.24,Singapura,SG,MV CENGKAL 48,0,1,0,0.7916666666666666,60,80,69
00410660,2026-02-21 22:00:00,PD Manullang Tbk,048281489325288,"Jl. Cempaka No. 94, Tanjungbalai, BB 43671",Bahan Bakar Mineral (Batubara/Minyak),27,IDBEL,Belawan,48608.61,Singapura,SG,MV CENGKAL 48,0,1,0,1.2916666666666667,12,80,69
00207257,2026-02-21 23:00:00,PD Suwarno Tbk,872343098050097,"Gang Cikutra Timur No. 8, Pagaralam, Kalimantan Tengah 14846",Sereal/Beras,10,IDTPE,Tanjung Perak,44166.07,Singapura,SG,MV CENGKAL 48,0,1,0,0.041666666666666664,14,66,49
00163168,2026-01-01 07:00:00,PT Melani Hutapea,219136193990916,"Gang KH Amin Jasuta No. 6, Pekanbaru, Lampung 06810",Sereal/Beras,10,IDTPP,Tanjung Priok,4081.52,Jepang,JP,MV DAGEL 60,0,0,0,,21,53,58
00737545,2026-01-05 05:00:00,CV Zulaika Anggraini,916697848018451,"Jl. Ahmad Yani No. 9, Prabumulih, JA 97887",Lemak & Minyak Hewani/Nabati (CPO),15,IDTPP,Tanjung Priok,25653.27,Jepang,JP,MV DAGEL 60,0,0,0,3.9166666666666665,11,57,56
00789781,2026-01-09 11:00:00,PD Saputra Uyainah (Persero) Tbk,503056413953767,"Jalan Soekarno Hatta No. 16, Tebingtinggi, BA 49930",Bahan Bakar Mineral (Batubara/Minyak),27,IDKBU,Kotabaru,8869.1,Singapura,SG,MV DAGEL 60,0,0,0,4.25,18,72,69
00549494,2026-01-09 21:00:00,Perum Saptono Mustofa,513542784980841,"Gang Joyoboyo No. 08, Batu, JT 50272",Mesin & Peralatan Elektrik,85,IDBEL,Belawan,40897.28,Jepang,JP,MV DAGEL 60,0,1,0,0.4166666666666667,16,54,48
00950537,2026-01-11 11:00:00,PD Prabowo (Persero) Tbk,997376311656670,"Gg. Ahmad Dahlan No. 205, Salatiga, NB 73214",Bahan Bakar Mineral (Batubara/Minyak),27,IDKBU,Kotabaru,10093.24,India,IN,MV DAGEL 60,0,1,0,1.5833333333333333,12,72,85
00125951,2026-01-17 10:00:00,UD Mandala Prayoga,884969653287101,"Gang Waringin No. 2, Surabaya, PA 55629",Sereal/Beras,10,IDBEL,Belawan,7411.6,India,IN,MV DAGEL 60,0,0,0,5.958333333333333,16,58,64
00897487,2026-01-19 01:00:00,UD Putra Tbk,346247510799118,"Gg. Jend. Sudirman No. 4, Pematangsiantar, Sulawesi Selatan 03131",Lemak & Minyak Hewani/Nabati (CPO),15,IDTPE,Tanjung Perak,41735.91,Singapura,SG,MV DAGEL 60,0,1,0,1.625,21,65,66
00960950,2026-01-19 16:00:00,PT Yulianti,801326773602606,"Jl. Ciumbuleuit No. 0, Tebingtinggi, SB 21267",Mesin & Peralatan Elektrik,85,IDTPE,Tanjung Perak,13844.98,India,IN,MV DAGEL 60,0,1,0,0.625,15,66,57
00202891,2026-01-25 00:00:00,Perum Sinaga,701543039117182,"Gang Asia Afrika No. 81, Tomohon, Jawa Tengah 18779",Lemak & Minyak Hewani/Nabati (CPO),15,IDTPP,Tanjung Priok,4983.22,Jepang,JP,MV DAGEL 60,0,0,0,5.333333333333333,16,57,56
00940277,2026-01-29 15:00:00,Perum Sinaga,701543039117182,"Jl. Rajiman No. 0, Solok, Banten 20204",Mesin & Peralatan Elektrik,85,IDTPE,Tanjung Perak,14962.61,India,IN,MV DAGEL 60,0,0,0,4.625,13,66,57
00173887,2026-01-30 07:00:00,PD Suwarno Tbk,872343098050097,"Jalan Medokan Ayu No. 99, Bengkulu, PB 93350",Sereal/Beras,10,IDKBU,Kotabaru,24456.64,India,IN,MV DAGEL 60,0,1,0,0.6666666666666666,14,56,64
00442455,2026-01-31 15:00:00,PT Melani Hutapea,219136193990916,"Gg. Ahmad Yani No. 295, Subulussalam, Gorontalo 25135",Lemak & Minyak Hewani/Nabati (CPO),15,IDTPE,Tanjung Perak,33266.0,India,IN,MV DAGEL 60,0,1,0,1.3333333333333333,17,65,51
00777768,2026-02-05 09:00:00,PD Suwarno Tbk,872343098050097,"Jl. Cikutra Barat No. 5, Bontang, Banten 51016",Mesin & Peralatan Elektrik,85,IDKBU,Kotabaru,4068.51,China,CN,MV DAGEL 60,0,0,0,4.75,22,66,70
00208181,2026-02-08 08:00:00,PD Saputra Uyainah (Persero) Tbk,503056413953767,"Jalan Rungkut Industri No. 0, Pematangsiantar, Sulawesi Barat 08637",Bahan Bakar Mineral (Batubara/Minyak),27,IDTPE,Tanjung Perak,22999.88,Jepang,JP,MV DAGEL 60,0,0,0,2.9583333333333335,18,68,66
00413375,2026-02-08 16:00:00,CV Zulaika Anggraini,916697848018451,"Gang Kutisari Selatan No. 30, Prabumulih, Lampung 53042",Mesin & Peralatan Elektrik,85,IDTPE,Tanjung Perak,21752.5,Singapura,SG,MV DAGEL 60,0,1,0,0.3333333333333333,20,66,63
00682829,2026-02-11 03:00:00,PT Yulianti,801326773602606,"Gang Cempaka No. 773, Tangerang, PB 60917",Sereal/Beras,10,IDTPP,Tanjung Priok,28396.59,China,CN,MV DAGEL 60,0,0,0,2.4583333333333335,13,53,61
00133117,2026-02-11 22:00:00,PD Suwarno Tbk,872343098050097,"Gang Kebonjati No. 59, Yogyakarta, MA 59792",Bahan Bakar Mineral (Batubara/Minyak),27,IDKBU,Kotabaru,13772.05,China,CN,MV DAGEL 60,0,1,0,0.7916666666666666,21,72,75
00984273,2026-02-12 06:00:00,PT Pradipta (Persero) Tbk,647525534192832,"Gang Cihampelas No. 16, Malang, KI 54722",Sereal/Beras,27,IDTPP,Tanjung Priok,20509.94,Jepang,JP,MV DAGEL 60,0,1,0,0.3333333333333333,60,75,66
00369687,2026-02-15 01:00:00,CV Zulaika Anggraini,916697848018451,"Gang K.H. Wahid Hasyim No. 642, Kediri, JK 92487",Bahan Bakar Mineral (Batubara/Minyak),27,IDKBU,Kotabaru,962.89,China,CN,MV DAGEL 60,0,0,0,2.7916666666666665,16,72,75
00820327,2026-02-15 09:00:00,PT Pradipta (Persero) Tbk,647525534192832,"Gg. Setiabudhi No. 0, Kota Administrasi Jakarta Pusat, JB 48821",Bahan Bakar Mineral (Batubara/Minyak),27,IDTPE,Tanjung Perak,10547.14,India,IN,MV DAGEL 60,0,1,0,0.3333333333333333,60,68,85
00443966,2026-02-17 19:00:00,PT Sirait Damanik,983930103105183,"Jalan Jamika No. 2, Serang, SU 92250",Sereal/Beras,10,IDBEL,Belawan,45028.96,China,CN,MV DAGEL 60,0,0,0,2.4166666666666665,18,58,61
00899516,2026-02-19 06:00:00,PT Melani Hutapea,219136193990916,"Jl. Rungkut Industri No. 127, Tomohon, Sulawesi Tengah 52717",Mesin & Peralatan Elektrik,85,IDTPP,Tanjung Priok,11946.98,Singapura,SG,MV DAGEL 60,0,1,0,1.4583333333333333,19,52,63
00695834,2026-02-20 05:00:00,PD Suwarno Tbk,872343098050097,"Gg. Wonoayu No. 3, Sawahlunto, Jawa Tengah 74740",Mesin & Peralatan Elektrik,85,IDBEL,Belawan,28377.03,India,IN,MV DAGEL 60,0,1,0,0.9583333333333334,22,54,57
00137883,2026-02-22 07:00:00,PT Melani Hutapea,219136193990916,"Gg. Kutisari Selatan No. 631, Depok, BA 47786",Lemak & Minyak Hewani/Nabati (CPO),15,IDBEL,Belawan,45968.83,China,CN,MV DAGEL 60,0,0,0,2.0833333333333335,17,66,61
00910346,2026-02-22 22:00:00,PD Saputra Uyainah (Persero) Tbk,503056413953767,"Jl. Rumah Sakit No. 742, Ternate, NB 93296",Mesin & Peralatan Elektrik,85,IDKBU,Kotabaru,41486.75,China,CN,MV DAGEL 60,0,1,0,0.625,16,66,70
00142223,2026-02-25 11:00:00,PD Manullang Tbk,048281489325288,"Jl. Abdul Muis No. 23, Tarakan, Jawa Tengah 38750",Bahan Bakar Mineral (Batubara/Minyak),27,IDTPE,Tanjung Perak,40102.73,China,CN,MV DAGEL 60,0,0,0,2.5416666666666665,12,68,75
00152754,2026-02-26 04:00:00,PD Manullang Tbk,048281489325288,"Gang Dipatiukur No. 182, Tanjungbalai, Sumatera Barat 23164",Mesin & Peralatan Elektrik,85,IDBEL,Belawan,14086.54,Singapura,SG,MV DAGEL 60,0,1,0,0.7083333333333334,16,54,63
00213837,2026-03-01 18:00:00,PD Pudjiastuti Marbun,489638346578713,"Jalan S. Parman No. 647, Singkawang, NT 50090",Mesin & Peralatan Elektrik,85,IDTPE,Tanjung Perak,20477.75,Jepang,JP,MV DAGEL 60,0,0,0,3.5833333333333335,22,66,48
00149082,2026-03-01 23:00:00,PD Saputra Uyainah (Persero) Tbk,503056413953767,"Gg. Kutisari Selatan No. 306, Kota Administrasi Jakarta Timur, NB 76094",Sereal/Beras,10,IDTPE,Tanjung Perak,48878.72,China,CN,MV DAGEL 60,0,1,0,0.20833333333333334,15,66,61
00395602,2026-01-03 03:00:00,PT Melani Hutapea,219136193990916,"Jalan Pasir Koja No. 1, Bitung, PB 01347",Lemak & Minyak Hewani/Nabati (CPO),15,IDTPP,Tanjung Priok,38275.45,China,CN,MV DAMU 41,0,0,0,,17,57,61
00467472,2026-01-05 05:00:00,UD Putra Tbk,346247510799118,"Jalan Sadang Serang No. 473, Medan, Jawa Timur 11223",Sereal/Beras,10,IDKBU,Kotabaru,35768.64,India,IN,MV DAMU 41,0,0,0,2.0833333333333335,18,56,64
00881196,2026-01-05 09:00:00,PD Saputra Uyainah (Persero) Tbk,503056413953767,"Gang Rawamangun No. 7, Gorontalo, SG 60321",Lemak & Minyak Hewani/Nabati (CPO),15,IDBEL,Belawan,25792.3,Singapura,SG,MV DAMU 41,0,1,0,0.16666666666666666,18,66,66
00677537,2026-01-09 13:00:00,PD Suwarno Tbk,872343098050097,"Gg. Medokan Ayu No. 05, Tomohon, SN 86323",Sereal/Beras,10,IDBEL,Belawan,16475.34,India,IN,MV DAMU 41,0,0,0,4.166666666666667,14,58,64
00769736,2026-01-09 17:00:00,CV Zulaika Anggraini,916697848018451,"Gg. Kutisari Selatan No. 0, Tasikmalaya, JT 60953",Mesin & Peralatan Elektrik,85,IDTPP,Tanjung Priok,1896.31,India,IN,MV DAMU 41,0,1,0,0.16666666666666666,20,52,57
00693650,2026-01-11 22:00:00,PT Sirait Damanik,983930103105183,"Jalan Yos Sudarso No. 1, Kotamobagu, BB 49639",Bahan Bakar Mineral (Batubara/Minyak),27,IDTPP,Tanjung Priok,10328.62,Jepang,JP,MV DAMU 41,0,0,0,2.2083333333333335,20,75,66
00497715,2026-01-12 21:00:00,Perum Saptono Mustofa,513542784980841,"Jl. Tebet Barat Dalam No. 33, Bandar Lampung, BT 79176",Lemak & Minyak Hewani/Nabati (CPO),15,IDKBU,Kotabaru,29016.92,Singapura,SG,MV DAMU 41,0,1,0,0.9583333333333334,15,46,66
00781412,2026-01-15 01:00:00,PD Saputra Uyainah (Persero) Tbk,503056413953767,"Jalan HOS. Cokroaminoto No. 7, Pekalongan, Nusa Tenggara Timur 56766",Mesin & Peralatan Elektrik,85,IDTPP,Tanjung Priok,32694.64,Jepang,JP,MV DAMU 41,0,0,0,2.1666666666666665,16,52,48
00950257,2026-01-17 08:00:00,Perum Sinaga,701543039117182,"Jl. HOS. Cokroaminoto No. 4, Tegal, MU 34283",Bahan Bakar Mineral (Batubara/Minyak),27,IDKBU,Kotabaru,37378.84,Singapura,SG,MV DAMU 41,0,0,0,2.2916666666666665,18,72,69
00127491,2026-01-18 22:00:00,PD Pudjiastuti Marbun,489638346578713,"Gang Suryakencana No. 8, Kediri, Kalimantan Timur 14111",Sereal/Beras,10,IDBEL,Belawan,7432.86,China,CN,MV DAMU 41,0,1,0,1.5833333333333333,17,58,61
00358520,2026-01-22 21:00:00,PD Saputra Uyainah (Persero) Tbk,503056413953767,"Gang M.T Haryono No. 12, Pagaralam, PA 89286",Mesin & Peralatan Elektrik,85,IDKBU,Kotabaru,9213.92,Singapura,SG,MV DAMU 41,0,0,0,3.9583333333333335,16,66,63
00408505,2026-01-23 04:00:00,PD Suwarno Tbk,872343098050097,"Gg. Rajawali Barat No. 0, Binjai, Sulawesi Tengah 99704",Lemak & Minyak Hewani/Nabati (CPO),15,IDBEL,Belawan,46536.76,Singapura,SG,MV DAMU 41,0,1,0,0.2916666666666667,14,66,66
00650603,2026-01-27 23:00:00,PD Prabowo (Persero) Tbk,997376311656670,"Gg. Kendalsari No. 57, Pagaralam, Riau 96569",Mesin & Peralatan Elektrik,85,IDTPP,Tanjung Priok,16722.05,India,IN,MV DAMU 41,0,0,0,4.791666666666667,19,52,57
00407430,2026-01-31 19:00:00,PD Suwarno Tbk,872343098050097,"Gang Dipatiukur No. 59, Malang, SU 20962",Lemak & Minyak Hewani/Nabati (CPO),15,IDKBU,Kotabaru,6178.55,China,CN,MV DAMU 41,0,0,0,3.8333333333333335,14,46,61
00183232,2026-01-31 19:00:00,PT Melani Hutapea,219136193990916,"Jl. Bangka Raya No. 2, Semarang, JB 63203",Mesin & Peralatan Elektrik,85,IDKBU,Kotabaru,21431.96,Singapura,SG,MV DAMU 41,0,1,0,0.0,19,66,63
00709116,2026-02-04 01:00:00,PT Melani Hutapea,219136193990916,"Jl. Tebet Barat Dalam No. 691, Mataram, BB 84347",Sereal/Beras,10,IDTPP,Tanjung Priok,36066.35,Jepang,JP,MV DAMU 41,0,0,0,3.25,21,53,58
00125682,2026-02-05 21:00:00,PD Suwarno Tbk,872343098050097,"Gg. Stasiun Wonokromo No. 34, Tarakan, KT 57584",Mesin & Peralatan Elektrik,85,IDBEL,Belawan,40241.62,Jepang,JP,MV DAMU 41,0,1,0,1.8333333333333333,22,54,48
00549582,2026-02-06 12:00:00,PD Prabowo (Persero) Tbk,997376311656670,"Gang Rungkut Industri No. 476, Surabaya, BA 28326",Mesin & Peralatan Elektrik,85,IDKBU,Kotabaru,15447.2,Singapura,SG,MV DAMU 41,0,1,0,0.625,19,66,63
00318141,2026-02-08 20:00:00,UD Mandala Prayoga,884969653287101,"Jl. Cikutra Timur No. 88, Solok, Jawa Timur 50213",Mesin & Peralatan Elektrik,85,IDTPE,Tanjung Perak,12907.81,India,IN,MV DAMU 41,0,0,0,2.3333333333333335,20,66,57
00108890,2026-02-09 05:00:00,PT Melani Hutapea,219136193990916,"Gg. Soekarno Hatta No. 65, Bima, Kalimantan Tengah 83389",Sereal/Beras,10,IDTPE,Tanjung Perak,4981.02,India,IN,MV DAMU 41,0,1,0,0.375,21,66,64
00490351,2026-02-09 06:00:00,PD Prabowo (Persero) Tbk,997376311656670,"Jl. PHH. Mustofa No. 5, Binjai, JT 37730",Sereal/Beras,10,IDKBU,Kotabaru,37578.91,China,CN,MV DAMU 41,0,1,0,0.041666666666666664,16,56,61
00467296,2026-02-09 16:00:00,UD Mandala Prayoga,884969653287101,"Gang Pasirkoja No. 770, Balikpapan, Sulawesi Tenggara 57836",Mesin & Peralatan Elektrik,85,IDTPP,Tanjung Priok,45199.33,India,IN,MV DAMU 41,0,1,0,0.4166666666666667,20,52,57
00789334,2026-02-10 10:00:00,PD Pudjiastuti Marbun,489638346578713,"Gg. Joyoboyo No. 0, Kota Administrasi Jakarta Selatan, DKI Jakarta 86227",Bahan Bakar Mineral (Batubara/Minyak),27,IDKBU,Kotabaru,38316.81,Jepang,JP,MV DAMU 41,0,1,0,0.75,21,72,66
00615045,2026-02-11 14:00:00,Perum Saptono Mustofa,513542784980841,"Jalan Stasiun Wonokromo No. 8, Kota Administrasi Jakarta Barat, DI Yogyakarta 65911",Sereal/Beras,10,IDKBU,Kotabaru,25165.08,Singapura,SG,MV DAMU 41,0,1,0,1.1666666666666667,25,56,49
00455285,2026-02-12 03:00:00,PD Prabowo (Persero) Tbk,997376311656670,"Jalan Astana Anyar No. 93, Kota Administrasi Jakarta Utara, BE 85932",Lemak & Minyak Hewani/Nabati (CPO),15,IDTPE,Tanjung Perak,39391.39,India,IN,MV DAMU 41,0,1,0,0.5416666666666666,15,65,51
00794252,2026-02-13 02:00:00,PD Prabowo (Persero) Tbk,997376311656670,"Jl. Dipatiukur No. 66, Banjarmasin, Aceh 17659",Mesin & Peralatan Elektrik,85,IDTPE,Tanjung Perak,4916.25,India,IN,MV DAMU 41,0,1,0,0.9583333333333334,19,66,57
00834815,2026-02-16 17:00:00,PD Pudjiastuti Marbun,489638346578713,"Jalan Rajawali Barat No. 359, Kediri, ST 12229",Sereal/Beras,10,IDTPE,Tanjung Perak,5976.26,China,CN,MV DAMU 41,0,0,0,3.625,17,66,61
00992198,2026-02-19 14:00:00,UD Mandala Prayoga,884969653287101,"Jl. Waringin No. 876, Bitung, Maluku 72384",Bahan Bakar Mineral (Batubara/Minyak),27,IDBEL,Belawan,44710.37,India,IN,MV DAMU 41,0,0,0,2.875,15,80,85
00242894,2026-02-26 16:00:00,PT Melani Hutapea,219136193990916,"Gg. Ciwastra No. 16, Cilegon, Maluku Utara 98670",Mesin & Peralatan Elektrik,85,IDKBU,Kotabaru,13278.52,China,CN,MV DAMU 41,0,0,0,7.083333333333333,19,66,70
00149236,2026-02-26 18:00:00,PT Waskita,513338726247317,"Gg. M.T Haryono No. 67, Pontianak, Sulawesi Utara 76015",Lemak & Minyak Hewani/Nabati (CPO),15,IDKBU,Kotabaru,38473.9,Singapura,SG,MV DAMU 41,0,1,0,0.08333333333333333,15,46,66
00464058,2026-02-27 10:00:00,PT Yulianti,801326773602606,"Gg. Erlangga No. 6, Padang, LA 96003",Mesin & Peralatan Elektrik,85,IDKBU,Kotabaru,4119.49,China,CN,MV DAMU 41,0,1,0,0.6666666666666666,15,66,70
00227873,2026-03-02 01:00:00,UD Putra Tbk,346247510799118,"Gang Pasirkoja No. 490, Tomohon, Gorontalo 58693",Lemak & Minyak Hewani/Nabati (CPO),15,IDTPE,Tanjung Perak,15283.88,India,IN,MV DAMU 41,0,0,0,2.625,21,65,51
00801949,2026-03-02 02:00:00,PD Manullang Tbk,048281489325288,"Gg. Kutisari Selatan No. 824, Langsa, KI 50488",Lemak & Minyak Hewani/Nabati (CPO),15,IDTPP,Tanjung Priok,2733.63,China,CN,MV DAMU 41,0,1,0,0.041666666666666664,24,57,61
00340900,2026-03-02 15:00:00,PD Saputra Uyainah (Persero) Tbk,503056413953767,"Jalan Setiabudhi No. 7, Tangerang, Lampung 08106",Lemak & Minyak Hewani/Nabati (CPO),15,IDKBU,Kotabaru,7866.41,Singapura,SG,MV DAMU 41,0,1,0,0.5416666666666666,18,46,66
00506671,2026-01-09 08:00:00,PD Saputra Uyainah (Persero) Tbk,503056413953767,"Gg. Pasir Koja No. 1, Tomohon, JK 78539",Mesin & Peralatan Elektrik,85,IDBEL,Belawan,45999.2,Jepang,JP,MV DRAJAT 56,0,0,0,,16,54,48
00144953,2026-01-11 19:00:00,PD Pudjiastuti Marbun,489638346578713,"Jalan Jend. Sudirman No. 87, Denpasar, Sulawesi Selatan 17565",Mesin & Peralatan Elektrik,85,IDBEL,Belawan,21335.69,China,CN,MV DRAJAT 56,0,0,0,2.4583333333333335,22,54,70
00914917,2026-01-13 18:00:00,UD Putra Tbk,346247510799118,"Gang Jend. Sudirman No. 710, Tanjungpinang, KS 18751",Mesin & Peralatan Elektrik,85,IDTPP,Tanjung Priok,33404.79,China,CN,MV DRAJAT 56,0,1,0,1.9583333333333333,14,52,70
00971435,2026-01-14 22:00:00,PD Prabowo (Persero) Tbk,997376311656670,"Jl. Lembong No. 84, Yogyakarta, Sumatera Utara 14939",Bahan Bakar Mineral (Batubara/Minyak),27,IDKBU,Kotabaru,24675.11,Singapura,SG,MV DRAJAT 56,0,1,0,1.1666666666666667,12,72,69
00116423,2026-01-15 17:00:00,PD Manullang Tbk,048281489325288,"Gg. Kendalsari No. 57, Bukittinggi, SG 32426",Sereal/Beras,10,IDTPE,Tanjung Perak,22914.47,China,CN,MV DRAJAT 56,0,1,0,0.7916666666666666,20,66,61
00650827,2026-01-17 03:00:00,UD Putra Tbk,346247510799118,"Jalan Sukabumi No. 765, Palopo, KI 63757",Bahan Bakar Mineral (Batubara/Minyak),27,IDBEL,Belawan,1886.15,Jepang,JP,MV DRAJAT 56,0,1,0,1.4166666666666667,20,80,66
00113000,2026-01-17 06:00:00,PT Pradipta (Persero) Tbk,647525534192832,"Jalan Jend. Sudirman No. 0, Tasikmalaya, SB 45608",Mesin & Peralatan Elektrik,27,IDKBU,Kotabaru,3289.17,China,CN,MV DRAJAT 56,0,1,0,0.125,60,72,75
00861625,2026-01-18 02:00:00,PT Waskita,513338726247317,"Jl. Abdul Muis No. 94, Pekanbaru, SG 07401",Sereal/Beras,10,IDBEL,Belawan,4225.29,India,IN,MV DRAJAT 56,0,1,0,0.8333333333333334,19,58,64
00773180,2026-01-21 18:00:00,PT Sirait Damanik,983930103105183,"Jl. Peta No. 97, Prabumulih, Aceh 62456",Bahan Bakar Mineral (Batubara/Minyak),27,IDTPP,Tanjung Priok,15680.56,Singapura,SG,MV DRAJAT 56,0,0,0,3.6666666666666665,20,75,69
00272856,2026-01-23 17:00:00,Perum Saptono Mustofa,513542784980841,"Gang Rajawali Barat No. 036, Medan, SU 31441",Mesin & Peralatan Elektrik,85,IDTPP,Tanjung Priok,38362.39,India,IN,MV DRAJAT 56,0,1,0,1.9583333333333333,16,52,57
00545751,2026-01-24 01:00:00,PT Waskita,513338726247317,"Gg. Monginsidi No. 2, Purwokerto, PB 25922",Lemak & Minyak Hewani/Nabati (CPO),15,IDTPE,Tanjung Perak,521.54,China,CN,MV DRAJAT 56,0,1,0,0.3333333333333333,15,65,61
00254532,2026-01-25 09:00:00,PD Manullang Tbk,048281489325288,"Gang Peta No. 9, Tasikmalaya, Papua Barat 15893",Sereal/Beras,10,IDKBU,Kotabaru,16598.79,India,IN,MV DRAJAT 56,0,1,0,1.3333333333333333,20,56,64
00745976,2026-01-28 12:00:00,UD Putra Tbk,346247510799118,"Jl. Suniaraja No. 0, Gorontalo, MA 24451",Bahan Bakar Mineral (Batubara/Minyak),27,IDTPE,Tanjung Perak,31264.23,China,CN,MV DRAJAT 56,0,0,0,3.125,20,68,75
00617156,2026-01-28 15:00:00,PD Prabowo (Persero) Tbk,997376311656670,"Jalan Antapani Lama No. 3, Batu, Bengkulu 72405",Bahan Bakar Mineral (Batubara/Minyak),27,IDBEL,Belawan,24757.24,Jepang,JP,MV DRAJAT 56,0,1,0,0.125,12,80,66
00727869,2026-01-29 10:00:00,PT Sirait Damanik,983930103105183,"Gg. Moch. Toha No. 977, Palembang, JK 38498",Lemak & Minyak Hewani/Nabati (CPO),15,IDBEL,Belawan,38308.6,Jepang,JP,MV DRAJAT 56,0,1,0,0.7916666666666666,15,66,56
00105082,2026-02-03 06:00:00,PD Manullang Tbk,048281489325288,"Gg. Merdeka No. 2, Payakumbuh, BA 96531",Mesin & Peralatan Elektrik,85,IDTPP,Tanjung Priok,31186.5,India,IN,MV DRAJAT 56,0,0,0,4.833333333333333,16,52,57
00493923,2026-02-03 23:00:00,CV Zulaika Anggraini,916697848018451,"Jalan PHH. Mustofa No. 9, Madiun, KI 03824",Lemak & Minyak Hewani/Nabati (CPO),15,IDTPE,Tanjung Perak,27857.34,China,CN,MV DRAJAT 56,0,1,0,0.7083333333333334,11,65,61
00521184,2026-02-07 00:00:00,PT Melani Hutapea,219136193990916,"Jalan Pasirkoja No. 7, Serang, PB 91557",Lemak & Minyak Hewani/Nabati (CPO),15,IDTPE,Tanjung Perak,9103.44,Jepang,JP,MV DRAJAT 56,0,0,0,3.0416666666666665,17,65,56
00646483,2026-02-07 00:00:00,PT Yulianti,801326773602606,"Jl. KH Amin Jasuta No. 48, Palembang, LA 72156",Lemak & Minyak Hewani/Nabati (CPO),15,IDBEL,Belawan,29833.72,India,IN,MV DRAJAT 56,0,1,0,0.0,20,66,51
00922076,2026-02-07 11:00:00,UD Putra Tbk,346247510799118,"Jalan M.H Thamrin No. 26, Madiun, BE 53424",Sereal/Beras,10,IDTPP,Tanjung Priok,16986.02,India,IN,MV DRAJAT 56,0,1,0,0.4583333333333333,18,53,64
00189433,2026-02-12 03:00:00,PT Sirait Damanik,983930103105183,"Gg. Tubagus Ismail No. 1, Batu, GO 67243",Bahan Bakar Mineral (Batubara/Minyak),27,IDBEL,Belawan,12316.43,Jepang,JP,MV DRAJAT 56,0,0,0,4.666666666666667,20,80,66
00887627,2026-02-14 09:00:00,PD Manullang Tbk,048281489325288,"Gang Rajawali Barat No. 2, Cimahi, BB 75402",Sereal/Beras,10,IDBEL,Belawan,43430.06,Jepang,JP,MV DRAJAT 56,0,0,0,2.25,20,58,58
00168188,2026-02-15 16:00:00,UD Mandala Prayoga,884969653287101,"Gg. HOS. Cokroaminoto No. 63, Tarakan, SN 11800",Lemak & Minyak Hewani/Nabati (CPO),15,IDBEL,Belawan,44201.92,Jepang,JP,MV DRAJAT 56,0,1,0,1.2916666666666667,18,66,56
00990997,2026-02-16 01:00:00,PT Yulianti,801326773602606,"Gang Sukajadi No. 49, Bekasi, SN 92661",Bahan Bakar Mineral (Batubara/Minyak),27,IDTPP,Tanjung Priok,2166.05,Singapura,SG,MV DRAJAT 56,0,1,0,0.375,15,75,69
00317990,2026-02-19 01:00:00,PD Pudjiastuti Marbun,489638346578713,"Jalan W.R. Supratman No. 1, Ambon, Kalimantan Tengah 12938",Bahan Bakar Mineral (Batubara/Minyak),27,IDTPE,Tanjung Perak,37671.19,China,CN,MV DRAJAT 56,0,0,0,3.0,21,68,75
00585425,2026-02-19 05:00:00,PT Sirait Damanik,983930103105183,"Jl. BKR No. 02, Blitar, SS 65268",Lemak & Minyak Hewani/Nabati (CPO),15,IDKBU,Kotabaru,29113.63,Jepang,JP,MV DRAJAT 56,0,1,0,0.16666666666666666,15,46,56
00146184,2026-02-19 14:00:00,Perum Sinaga,701543039117182,"Jl. R.E Martadinata No. 18, Bontang, Aceh 03662",Bahan Bakar Mineral (Batubara/Minyak),27,IDBEL,Belawan,7921.46,Singapura,SG,MV DRAJAT 56,0,1,0,0.375,18,80,69
00516180,2026-02-19 15:00:00,CV Zulaika Anggraini,916697848018451,"Jalan Cihampelas No. 451, Sawahlunto, JK 90326",Sereal/Beras,10,IDTPP,Tanjung Priok,5896.68,China,CN,MV DRAJAT 56,0,1,0,0.041666666666666664,12,53,61
00390508,2026-02-20 18:00:00,Perum Saptono Mustofa,513542784980841,"Jalan Ciumbuleuit No. 13, Bengkulu, KI 33839",Mesin & Peralatan Elektrik,85,IDKBU,Kotabaru,45766.59,Jepang,JP,MV DRAJAT 56,0,1,0,1.125,16,66,48
00694851,2026-02-22 22:00:00,UD Putra Tbk,346247510799118,"Gang Cihampelas No. 2, Ternate, Gorontalo 43223",Bahan Bakar Mineral (Batubara/Minyak),27,IDTPE,Tanjung Perak,3220.05,India,IN,MV DRAJAT 56,0,0,0,2.1666666666666665,20,68,85
00174915,2026-02-25 21:00:00,PD Prabowo (Persero) Tbk,997376311656670,"Gg. HOS. Cokroaminoto No. 7, Bukittinggi, KS 08576",Sereal/Beras,10,IDKBU,Kotabaru,41745.71,India,IN,MV DRAJAT 56,0,0,0,2.9583333333333335,16,56,64
00998103,2026-02-28 20:00:00,PT Yulianti,801326773602606,"Gang Laswi No. 2, Banda Aceh, Kalimantan Utara 29922",Bahan Bakar Mineral (Batubara/Minyak),10,IDTPP,Tanjung Priok,33156.64,Greenland,GL,MV DRAJAT 56,0,0,1,2.9583333333333335,13,53,1
00426869,2026-01-01 00:00:00,PD Suwarno Tbk,872343098050097,"Jl. KH Amin Jasuta No. 14, Cimahi, KS 19212",Sereal/Beras,10,IDKBU,Kotabaru,25681.65,India,IN,MV GALANG 12,0,0,0,,14,56,64
00613125,2026-01-03 08:00:00,PT Melani Hutapea,219136193990916,"Jl. W.R. Supratman No. 33, Batam, Nusa Tenggara Barat 77959",Bahan Bakar Mineral (Batubara/Minyak),27,IDKBU,Kotabaru,24295.54,China,CN,MV GALANG 12,0,0,0,2.3333333333333335,9,72,75
00690650,2026-01-06 04:00:00,PT Pradipta (Persero) Tbk,647525534192832,"Jalan Kutisari Selatan No. 82, Gorontalo, Riau 61880",Bahan Bakar Mineral (Batubara/Minyak),27,IDKBU,Kotabaru,17520.67,Jepang,JP,MV GALANG 12,0,0,0,2.8333333333333335,60,72,66
00560838,2026-01-06 09:00:00,PT Yulianti,801326773602606,"Jl. Cikutra Timur No. 67, Yogyakarta, SR 25177",Bahan Bakar Mineral (Batubara/Minyak),27,IDTPP,Tanjung Priok,14483.72,China,CN,MV GALANG 12,0,1,0,0.20833333333333334,15,75,75
00947908,2026-01-06 20:00:00,PD Manullang Tbk,048281489325288,"Jalan Kapten Muslihat No. 57, Tual, Jawa Barat 65290",Sereal/Beras,10,IDBEL,Belawan,23458.54,Singapura,SG,MV GALANG 12,0,1,0,0.4583333333333333,20,58,49
00329334,2026-01-06 20:00:00,UD Mandala Prayoga,884969653287101,"Gg. Jend. A. Yani No. 4, Padangpanjang, Jawa Timur 32514",Mesin & Peralatan Elektrik,85,IDTPP,Tanjung Priok,39391.76,China,CN,MV GALANG 12,0,1,0,0.0,20,52,70
00166621,2026-01-09 18:00:00,CV Zulaika Anggraini,916697848018451,"Gang Kutai No. 1, Metro, Kalimantan Timur 55779",Sereal/Beras,10,IDTPP,Tanjung Priok,41475.35,Jepang,JP,MV GALANG 12,0,0,0,2.9166666666666665,12,53,58
00750272,2026-01-15 12:00:00,PD Manullang Tbk,048281489325288,"Jl. Antapani Lama No. 1, Samarinda, SB 18114",Mesin & Peralatan Elektrik,85,IDTPP,Tanjung Priok,31481.39,China,CN,MV GALANG 12,0,0,0,5.75,16,52,70
00168264,2026-01-16 09:00:00,UD Mandala Prayoga,884969653287101,"Gg. Antapani Lama No. 369, Padangpanjang, Jawa Tengah 89430",Bahan Bakar Mineral (Batubara/Minyak),27,IDTPP,Tanjung Priok,40642.04,India,IN,MV GALANG 12,0,1,0,0.875,15,75,85
00792393,2026-01-17 02:00:00,PD Saputra Uyainah (Persero) Tbk,503056413953767,"Jl. S. Parman No. 6, Balikpapan, JT 96394",Bahan Bakar Mineral (Batubara/Minyak),27,IDBEL,Belawan,24427.1,Singapura,SG,MV GALANG 12,0,1,0,0.7083333333333334,18,80,69
00795717,2026-01-19 13:00:00,PT Sirait Damanik,983930103105183,"Jalan Gedebage Selatan No. 20, Tanjungpinang, Sulawesi Tengah 10704",Bahan Bakar Mineral (Batubara/Minyak),27,IDTPP,Tanjung Priok,26368.57,China,CN,MV GALANG 12,0,0,0,2.4583333333333335,20,75,75
00790135,2026-01-21 19:00:00,UD Putra Tbk,346247510799118,"Jl. W.R. Supratman No. 5, Tangerang, Sulawesi Selatan 49451",Sereal/Beras,10,IDBEL,Belawan,9846.3,China,CN,MV GALANG 12,0,0,0,2.25,18,58,61
00269363,2026-01-25 23:00:00,PT Waskita,513338726247317,"Gg. Pelajar Pejuang No. 961, Kota Administrasi Jakarta Selatan, Papua Barat 67146",Mesin & Peralatan Elektrik,85,IDKBU,Kotabaru,13375.66,India,IN,MV GALANG 12,0,0,0,4.166666666666667,13,66,57
00993089,2026-01-27 11:00:00,PT Pradipta (Persero) Tbk,647525534192832,"Gg. Ahmad Dahlan No. 46, Cirebon, Papua 23728",Lemak & Minyak Hewani/Nabati (CPO),27,IDTPE,Tanjung Perak,11540.27,Singapura,SG,MV GALANG 12,0,1,0,1.5,60,68,69
00311596,2026-02-01 11:00:00,PT Waskita,513338726247317,"Jl. Pasteur No. 4, Malang, Aceh 29612",Bahan Bakar Mineral (Batubara/Minyak),27,IDTPP,Tanjung Priok,11550.58,Jepang,JP,MV GALANG 12,0,0,0,5.0,14,75,66
00112742,2026-02-02 21:00:00,UD Putra Tbk,346247510799118,"Jl. Bangka Raya No. 789, Tarakan, Kalimantan Barat 64969",Lemak & Minyak Hewani/Nabati (CPO),15,IDTPP,Tanjung Priok,38678.28,Singapura,SG,MV GALANG 12,0,1,0,1.4166666666666667,21,57,66
00520854,2026-02-05 06:00:00,PD Pudjiastuti Marbun,489638346578713,"Gang Jayawijaya No. 1, Tangerang Selatan, Sulawesi Tengah 33351",Mesin & Peralatan Elektrik,85,IDKBU,Kotabaru,3514.82,Singapura,SG,MV GALANG 12,0,0,0,2.375,22,66,63
00266192,2026-02-08 01:00:00,PT Pradipta (Persero) Tbk,647525534192832,"Jalan Laswi No. 2, Bogor, MA 62925",Lemak & Minyak Hewani/Nabati (CPO),27,IDTPP,Tanjung Priok,12802.7,India,IN,MV GALANG 12,0,0,0,2.7916666666666665,60,75,85
00708979,2026-02-11 21:00:00,PT Waskita,513338726247317,"Jalan Pasir Koja No. 5, Pariaman, RI 03816",Lemak & Minyak Hewani/Nabati (CPO),15,IDKBU,Kotabaru,19495.65,Singapura,SG,MV GALANG 12,0,0,0,3.8333333333333335,15,46,66
00453022,2026-02-12 01:00:00,PT Pradipta (Persero) Tbk,647525534192832,"Jalan Pacuan Kuda No. 850, Cilegon, Nusa Tenggara Timur 78637",Bahan Bakar Mineral (Batubara/Minyak),27,IDKBU,Kotabaru,48230.8,Singapura,SG,MV GALANG 12,0,1,0,0.16666666666666666,60,72,69
00828389,2026-02-13 03:00:00,PD Saputra Uyainah (Persero) Tbk,503056413953767,"Gg. Veteran No. 54, Pangkalpinang, Jambi 09991",Lemak & Minyak Hewani/Nabati (CPO),15,IDTPE,Tanjung Perak,14571.25,India,IN,MV GALANG 12,0,1,0,1.0833333333333333,18,65,51
00166126,2026-02-13 15:00:00,Perum Saptono Mustofa,513542784980841,"Gang Yos Sudarso No. 9, Bandung, Sumatera Barat 78997",Bahan Bakar Mineral (Batubara/Minyak),27,IDKBU,Kotabaru,12257.17,Jepang,JP,MV GALANG 12,0,1,0,0.5,24,72,66
00825864,2026-02-16 13:00:00,PT Melani Hutapea,219136193990916,"Gang Kebonjati No. 15, Semarang, Sumatera Utara 47281",Mesin & Peralatan Elektrik,85,IDKBU,Kotabaru,37962.29,China,CN,MV GALANG 12,0,0,0,2.9166666666666665,19,66,70
00795673,2026-02-18 03:00:00,PD Pudjiastuti Marbun,489638346578713,"Jl. Laswi No. 7, Kota Administrasi Jakarta Barat, Sulawesi Tengah 27819",Bahan Bakar Mineral (Batubara/Minyak),27,IDKBU,Kotabaru,44256.82,Jepang,JP,MV GALANG 12,0,1,0,1.5833333333333333,21,72,66
00686711,2026-02-18 21:00:00,Perum Saptono Mustofa,513542784980841,"Gang Cikutra Timur No. 48, Yogyakarta, Aceh 55699",Bahan Bakar Mineral (Batubara/Minyak),27,IDKBU,Kotabaru,48829.7,Singapura,SG,MV GALANG 12,0,1,0,0.75,24,72,69
00851838,2026-02-19 18:00:00,Perum Saptono Mustofa,513542784980841,"Gg. Pelajar Pejuang No. 31, Sungai Penuh, SU 46136",Sereal/Beras,10,IDKBU,Kotabaru,27069.42,Singapura,SG,MV GALANG 12,0,1,0,0.875,25,56,49
00576804,2026-02-20 14:00:00,PT Melani Hutapea,219136193990916,"Gg. KH Amin Jasuta No. 94, Bengkulu, Kalimantan Barat 43251",Lemak & Minyak Hewani/Nabati (CPO),15,IDTPP,Tanjung Priok,25220.97,China,CN,MV GALANG 12,0,1,0,0.8333333333333334,17,57,61
00639071,2026-02-21 19:00:00,PT Pradipta (Persero) Tbk,647525534192832,"Gg. Indragiri No. 3, Madiun, NT 86401",Sereal/Beras,27,IDBEL,Belawan,36412.87,Jepang,JP,MV GALANG 12,0,1,0,1.2083333333333333,60,80,66
00567303,2026-02-24 21:00:00,PD Suwarno Tbk,872343098050097,"Jl. Pacuan Kuda No. 524, Pekalongan, SS 62207",Bahan Bakar Mineral (Batubara/Minyak),27,IDTPP,Tanjung Priok,39878.33,Jepang,JP,MV GALANG 12,0,0,0,3.0833333333333335,21,75,66
00606401,2026-02-25 11:00:00,PT Pradipta (Persero) Tbk,647525534192832,"Gg. Wonoayu No. 1, Bekasi, JK 42585",Lemak & Minyak Hewani/Nabati (CPO),27,IDTPP,Tanjung Priok,31113.68,India,IN,MV GALANG 12,0,1,0,0.5833333333333334,60,75,85
00946310,2026-02-25 18:00:00,UD Putra Tbk,346247510799118,"Jl. Dipatiukur No. 580, Kota Administrasi Jakarta Selatan, BT 04145",Mesin & Peralatan Elektrik,85,IDKBU,Kotabaru,30658.72,Jepang,JP,MV GALANG 12,0,1,0,0.2916666666666667,14,66,48
00317986,2026-02-27 13:00:00,PT Pradipta (Persero) Tbk,647525534192832,"Gang Suryakencana No. 2, Madiun, KS 52654",Bahan Bakar Mineral (Batubara/Minyak),27,IDTPP,Tanjung Priok,48684.61,China,CN,MV GALANG 12,0,1,0,1.7916666666666667,60,75,75
00716024,2026-02-28 06:00:00,PT Pradipta (Persero) Tbk,647525534192832,"Jalan Raya Ujungberung No. 86, Binjai, GO 22580",Bahan Bakar Mineral (Batubara/Minyak),27,IDTPE,Tanjung Perak,3907.86,Jepang,JP,MV GALANG 12,0,1,0,0.7083333333333334,60,68,66
00219130,2026-01-01 15:00:00,PT Waskita,513338726247317,"Jalan Erlangga No. 49, Subulussalam, PA 37098",Mesin & Peralatan Elektrik,85,IDTPE,Tanjung Perak,7449.05,China,CN,MV GASTI 55,0,0,0,,13,66,70
00662369,2026-01-02 14:00:00,PD Saputra Uyainah (Persero) Tbk,503056413953767,"Gg. Asia Afrika No. 5, Ternate, MU 39769",Mesin & Peralatan Elektrik,85,IDTPE,Tanjung Perak,27505.05,Singapura,SG,MV GASTI 55,0,1,0,0.9583333333333334,16,66,63
00176983,2026-01-05 20:00:00,PT Waskita,513338726247317,"Gang Antapani Lama No. 8, Bitung, BT 99688",Sereal/Beras,10,IDTPP,Tanjung Priok,16310.05,India,IN,MV GASTI 55,0,0,0,3.25,19,53,64
00955926,2026-01-06 03:00:00,PT Sirait Damanik,983930103105183,"Jalan H.J Maemunah No. 9, Banjar, NT 77402",Mesin & Peralatan Elektrik,85,IDTPE,Tanjung Perak,39148.06,Singapura,SG,MV GASTI 55,0,1,0,0.2916666666666667,13,66,63
00357537,2026-01-07 10:00:00,UD Putra Tbk,346247510799118,"Gg. Cempaka No. 515, Banjarmasin, Riau 31713",Lemak & Minyak Hewani/Nabati (CPO),15,IDBEL,Belawan,45651.32,China,CN,MV GASTI 55,0,1,0,1.2916666666666667,21,66,61
00884316,2026-01-08 00:00:00,Perum Saptono Mustofa,513542784980841,"Gang Raya Setiabudhi No. 701, Padang Sidempuan, BT 19948",Lemak & Minyak Hewani/Nabati (CPO),15,IDTPE,Tanjung Perak,21504.02,China,CN,MV GASTI 55,0,1,0,0.5833333333333334,15,65,61
00356555,2026-01-15 08:00:00,PD Suwarno Tbk,872343098050097,"Jalan Ir. H. Djuanda No. 83, Pematangsiantar, BB 73522",Sereal/Beras,10,IDTPE,Tanjung Perak,37395.74,Singapura,SG,MV GASTI 55,0,0,0,7.333333333333333,14,66,49
00442249,2026-01-20 08:00:00,PT Pradipta (Persero) Tbk,647525534192832,"Gg. Medokan Ayu No. 6, Tarakan, Papua 65535",Mesin & Peralatan Elektrik,27,IDBEL,Belawan,13187.79,China,CN,MV GASTI 55,0,0,0,5.0,60,80,75
00603674,2026-01-20 16:00:00,PT Waskita,513338726247317,"Gang Rawamangun No. 94, Kota Administrasi Jakarta Barat, JK 73799",Lemak & Minyak Hewani/Nabati (CPO),15,IDTPP,Tanjung Priok,14853.7,China,CN,MV GASTI 55,0,1,0,0.3333333333333333,15,57,61
00370340,2026-01-24 18:00:00,PD Prabowo (Persero) Tbk,997376311656670,"Jl. M.T Haryono No. 270, Serang, Kalimantan Tengah 59626",Mesin & Peralatan Elektrik,85,IDKBU,Kotabaru,10719.07,China,CN,MV GASTI 55,0,0,0,4.083333333333333,19,66,70
00949316,2026-01-28 08:00:00,Perum Saptono Mustofa,513542784980841,"Gg. Pacuan Kuda No. 9, Bengkulu, SS 85193",Mesin & Peralatan Elektrik,85,IDBEL,Belawan,12765.33,India,IN,MV GASTI 55,0,0,0,3.5833333333333335,16,54,57
00962964,2026-01-28 21:00:00,UD Putra Tbk,346247510799118,"Jl. Gedebage Selatan No. 314, Binjai, ST 18878",Sereal/Beras,10,IDTPE,Tanjung Perak,35918.14,Singapura,SG,MV GASTI 55,0,1,0,0.5416666666666666,18,66,49
00632124,2026-01-29 18:00:00,PT Pradipta (Persero) Tbk,647525534192832,"Jl. Kendalsari No. 862, Kota Administrasi Jakarta Barat, Kalimantan Barat 07151",Bahan Bakar Mineral (Batubara/Minyak),27,IDBEL,Belawan,46272.92,Jepang,JP,MV GASTI 55,0,1,0,0.875,60,80,66
00947220,2026-01-31 02:00:00,Perum Sinaga,701543039117182,"Jl. Antapani Lama No. 515, Dumai, Jawa Tengah 41595",Lemak & Minyak Hewani/Nabati (CPO),15,IDKBU,Kotabaru,2392.52,Jepang,JP,MV GASTI 55,0,1,0,1.3333333333333333,16,46,56
00483753,2026-02-01 14:00:00,CV Zulaika Anggraini,916697848018451,"Jalan Rajawali Barat No. 8, Purwokerto, Kalimantan Barat 67474",Mesin & Peralatan Elektrik,85,IDKBU,Kotabaru,31799.11,China,CN,MV GASTI 55,0,1,0,1.5,20,66,70
00811535,2026-02-02 23:00:00,Perum Saptono Mustofa,513542784980841,"Jalan K.H. Wahid Hasyim No. 28, Parepare, Sulawesi Barat 70412",Lemak & Minyak Hewani/Nabati (CPO),15,IDBEL,Belawan,19697.18,India,IN,MV GASTI 55,0,1,0,1.375,15,66,51
00664843,2026-02-03 05:00:00,CV Zulaika Anggraini,916697848018451,"Gg. Gedebage Selatan No. 705, Probolinggo, Kepulauan Riau 90552",Bahan Bakar Mineral (Batubara/Minyak),27,IDTPP,Tanjung Priok,32107.17,China,CN,MV GASTI 55,0,1,0,0.25,16,75,75
00295137,2026-02-16 20:00:00,Perum Sinaga,701543039117182,"Jl. Jayawijaya No. 34, Medan, Nusa Tenggara Barat 38300",Bahan Bakar Mineral (Batubara/Minyak),27,IDBEL,Belawan,3459.35,India,IN,MV GASTI 55,0,0,0,13.625,18,80,85
00662810,2026-02-17 12:00:00,PT Pradipta (Persero) Tbk,647525534192832,"Jl. Sadang Serang No. 9, Madiun, Bali 77358",Mesin & Peralatan Elektrik,27,IDTPP,Tanjung Priok,28180.47,Jepang,JP,MV GASTI 55,0,1,0,0.6666666666666666,60,75,66
00998223,2026-02-17 18:00:00,Perum Saptono Mustofa,513542784980841,"Gang Jend. A. Yani No. 17, Kota Administrasi Jakarta Barat, KT 11602",Bahan Bakar Mineral (Batubara/Minyak),27,IDKBU,Kotabaru,27077.05,China,CN,MV GASTI 55,0,1,0,0.25,24,72,75
00715702,2026-02-19 13:00:00,PD Prabowo (Persero) Tbk,997376311656670,"Gang PHH. Mustofa No. 786, Palangkaraya, JK 25577",Mesin & Peralatan Elektrik,85,IDTPE,Tanjung Perak,20357.86,Jepang,JP,MV GASTI 55,0,1,0,1.7916666666666667,19,66,48
00296988,2026-02-21 10:00:00,PT Melani Hutapea,219136193990916,"Jl. Soekarno Hatta No. 129, Tomohon, Jawa Tengah 34064",Bahan Bakar Mineral (Batubara/Minyak),27,IDTPE,Tanjung Perak,15969.88,India,IN,MV GASTI 55,0,1,0,1.875,9,68,85
00482749,2026-02-22 03:00:00,PD Manullang Tbk,048281489325288,"Jalan Ahmad Dahlan No. 64, Binjai, GO 42241",Lemak & Minyak Hewani/Nabati (CPO),15,IDKBU,Kotabaru,11255.96,China,CN,MV GASTI 55,0,1,0,0.7083333333333334,24,46,61
00552560,2026-02-28 21:00:00,UD Putra Tbk,346247510799118,"Jl. Cikutra Barat No. 8, Banjarbaru, Kalimantan Timur 00332",Sereal/Beras,10,IDTPP,Tanjung Priok,24749.89,Jepang,JP,MV GASTI 55,0,0,0,6.75,18,53,58
00875267,2026-03-02 13:00:00,UD Putra Tbk,346247510799118,"Gang Otto Iskandardinata No. 54, Kendari, Riau 67548",Mesin & Peralatan Elektrik,85,IDTPP,Tanjung Priok,27142.48,China,CN,MV GASTI 55,0,1,0,1.6666666666666667,14,52,70
00694274,2026-01-02 03:00:00,Perum Sinaga,701543039117182,"Jl. Otto Iskandardinata No. 15, Serang, NT 20175",Sereal/Beras,10,IDTPE,Tanjung Perak,23948.77,Jepang,JP,MV HARJO 85,0,0,0,,8,66,58
00905501,2026-01-05 20:00:00,PT Sirait Damanik,983930103105183,"Jl. HOS. Cokroaminoto No. 965, Lubuklinggau, JB 41389",Sereal/Beras,10,IDTPE,Tanjung Perak,30217.6,China,CN,MV HARJO 85,0,0,0,3.7083333333333335,18,66,61
00394255,2026-01-07 04:00:00,CV Zulaika Anggraini,916697848018451,"Jl. Suniaraja No. 6, Banjarbaru, ST 51066",Bahan Bakar Mineral (Batubara/Minyak),27,IDTPP,Tanjung Priok,27768.05,Singapura,SG,MV HARJO 85,0,1,0,1.3333333333333333,16,75,69
00939927,2026-01-07 05:00:00,UD Putra Tbk,346247510799118,"Jl. Joyoboyo No. 845, Pariaman, Sulawesi Tengah 32002",Lemak & Minyak Hewani/Nabati (CPO),15,IDTPE,Tanjung Perak,16728.54,Singapura,SG,MV HARJO 85,0,1,0,0.041666666666666664,21,65,66
00466272,2026-01-08 06:00:00,PT Sirait Damanik,983930103105183,"Jl. Cikapayang No. 207, Cilegon, SG 17075",Mesin & Peralatan Elektrik,85,IDKBU,Kotabaru,36339.18,China,CN,MV HARJO 85,0,1,0,1.0416666666666667,13,66,70
00997412,2026-01-08 07:00:00,PT Sirait Damanik,983930103105183,"Gang Moch. Toha No. 174, Padang, SS 14593",Bahan Bakar Mineral (Batubara/Minyak),27,IDTPP,Tanjung Priok,19448.92,Singapura,SG,MV HARJO 85,0,1,0,0.041666666666666664,20,75,69
00693152,2026-01-12 15:00:00,Perum Sinaga,701543039117182,"Gg. Rawamangun No. 755, Tangerang, BB 90216",Lemak & Minyak Hewani/Nabati (CPO),15,IDTPP,Tanjung Priok,17373.25,China,CN,MV HARJO 85,0,0,0,4.333333333333333,16,57,61
00230442,2026-01-13 21:00:00,Perum Sinaga,701543039117182,"Gang Tubagus Ismail No. 52, Madiun, Sulawesi Barat 43878",Bahan Bakar Mineral (Batubara/Minyak),27,IDBEL,Belawan,16275.52,India,IN,MV HARJO 85,0,1,0,1.25,18,80,85
00695000,2026-01-15 08:00:00,PT Yulianti,801326773602606,"Jalan Pasirkoja No. 1, Bandar Lampung, PB 29333",Mesin & Peralatan Elektrik,85,IDKBU,Kotabaru,7196.28,Jepang,JP,MV HARJO 85,0,1,0,1.4583333333333333,15,66,48
00221770,2026-01-15 18:00:00,Perum Sinaga,701543039117182,"Jalan Rawamangun No. 473, Bengkulu, BE 69632",Bahan Bakar Mineral (Batubara/Minyak),27,IDTPP,Tanjung Priok,47371.98,Jepang,JP,MV HARJO 85,0,1,0,0.4166666666666667,18,75,66
00917799,2026-01-19 21:00:00,PD Suwarno Tbk,872343098050097,"Jl. Soekarno Hatta No. 58, Singkawang, Riau 32730",Bahan Bakar Mineral (Batubara/Minyak),27,IDKBU,Kotabaru,39199.0,India,IN,MV HARJO 85,0,0,0,4.125,21,72,85
00141905,2026-01-24 16:00:00,PD Saputra Uyainah (Persero) Tbk,503056413953767,"Jalan Raya Ujungberung No. 9, Sawahlunto, RI 00231",Bahan Bakar Mineral (Batubara/Minyak),27,IDTPP,Tanjung Priok,33361.4,China,CN,MV HARJO 85,0,0,0,4.791666666666667,18,75,75
00464185,2026-01-26 22:00:00,PD Saputra Uyainah (Persero) Tbk,503056413953767,"Gg. Medokan Ayu No. 8, Pontianak, Kalimantan Barat 55696",Mesin & Peralatan Elektrik,85,IDBEL,Belawan,45096.26,India,IN,MV HARJO 85,0,0,0,2.25,16,54,57
00293142,2026-01-28 00:00:00,PT Waskita,513338726247317,"Gang Sadang Serang No. 178, Jambi, Jawa Tengah 84868",Sereal/Beras,10,IDTPE,Tanjung Perak,9453.06,India,IN,MV HARJO 85,0,1,0,1.0833333333333333,19,66,64
00997896,2026-02-01 14:00:00,Perum Saptono Mustofa,513542784980841,"Gang BKR No. 2, Bontang, KT 90960",Bahan Bakar Mineral (Batubara/Minyak),27,IDTPP,Tanjung Priok,9646.77,India,IN,MV HARJO 85,0,0,0,4.583333333333333,24,75,85
00720690,2026-02-03 12:00:00,PD Suwarno Tbk,872343098050097,"Gang Kapten Muslihat No. 18, Balikpapan, Sulawesi Barat 16572",Lemak & Minyak Hewani/Nabati (CPO),15,IDTPP,Tanjung Priok,10599.12,China,CN,MV HARJO 85,0,1,0,1.9166666666666667,14,57,61
00500520,2026-02-04 00:00:00,PT Sirait Damanik,983930103105183,"Jalan Yos Sudarso No. 50, Tanjungpinang, SU 81699",Lemak & Minyak Hewani/Nabati (CPO),15,IDKBU,Kotabaru,24216.41,Jepang,JP,MV HARJO 85,0,1,0,0.5,15,46,56
00324062,2026-02-05 06:00:00,PT Yulianti,801326773602606,"Gg. Pasir Koja No. 43, Tomohon, Kepulauan Bangka Belitung 44566",Lemak & Minyak Hewani/Nabati (CPO),15,IDKBU,Kotabaru,48879.91,Jepang,JP,MV HARJO 85,0,1,0,1.25,20,46,56
00885787,2026-02-05 14:00:00,UD Putra Tbk,346247510799118,"Jl. Kiaracondong No. 1, Yogyakarta, GO 28178",Mesin & Peralatan Elektrik,85,IDBEL,Belawan,38306.92,China,CN,MV HARJO 85,0,1,0,0.3333333333333333,14,54,70
00916440,2026-02-05 22:00:00,Perum Saptono Mustofa,513542784980841,"Jl. M.H Thamrin No. 3, Cimahi, MU 13971",Bahan Bakar Mineral (Batubara/Minyak),27,IDBEL,Belawan,37434.61,India,IN,MV HARJO 85,0,1,0,0.3333333333333333,24,80,85
00882658,2026-02-15 04:00:00,PD Prabowo (Persero) Tbk,997376311656670,"Gang K.H. Wahid Hasyim No. 805, Bontang, Papua 82841",Mesin & Peralatan Elektrik,85,IDKBU,Kotabaru,21012.87,India,IN,MV HARJO 85,0,0,0,9.25,19,66,57
00611642,2026-02-15 19:00:00,PT Pradipta (Persero) Tbk,647525534192832,"Gang Rajiman No. 20, Tangerang Selatan, Nusa Tenggara Timur 43840",Bahan Bakar Mineral (Batubara/Minyak),27,IDTPE,Tanjung Perak,2394.03,India,IN,MV HARJO 85,0,1,0,0.625,60,68,85
00273392,2026-02-17 03:00:00,PD Saputra Uyainah (Persero) Tbk,503056413953767,"Jl. Kiaracondong No. 470, Jayapura, Jawa Barat 13546",Lemak & Minyak Hewani/Nabati (CPO),15,IDTPP,Tanjung Priok,41756.51,China,CN,MV HARJO 85,0,1,0,1.3333333333333333,18,57,61
00383419,2026-02-17 17:00:00,UD Mandala Prayoga,884969653287101,"Jl. Dipenogoro No. 840, Pekanbaru, Kalimantan Tengah 07659",Bahan Bakar Mineral (Batubara/Minyak),27,IDKBU,Kotabaru,27403.2,China,CN,MV HARJO 85,0,1,0,0.5833333333333334,15,72,75
00433800,2026-02-17 20:00:00,PD Suwarno Tbk,872343098050097,"Jl. Surapati No. 19, Bukittinggi, JT 13186",Bahan Bakar Mineral (Batubara/Minyak),27,IDKBU,Kotabaru,27869.57,China,CN,MV HARJO 85,0,1,0,0.125,21,72,75
00497917,2026-02-19 03:00:00,UD Putra Tbk,346247510799118,"Gang KH Amin Jasuta No. 59, Salatiga, KT 84577",Bahan Bakar Mineral (Batubara/Minyak),27,IDKBU,Kotabaru,10486.65,Singapura,SG,MV HARJO 85,0,1,0,1.2916666666666667,20,72,69
00379627,2026-02-21 15:00:00,PT Sirait Damanik,983930103105183,"Gang Gedebage Selatan No. 315, Cirebon, Aceh 50637",Bahan Bakar Mineral (Batubara/Minyak),27,IDTPE,Tanjung Perak,48688.57,Singapura,SG,MV HARJO 85,0,0,0,2.5,20,68,69
00506219,2026-02-23 02:00:00,PT Melani Hutapea,219136193990916,"Jl. Astana Anyar No. 723, Sorong, Kalimantan Selatan 47276",Bahan Bakar Mineral (Batubara/Minyak),27,IDBEL,Belawan,8900.69,China,CN,MV HARJO 85,0,1,0,1.4583333333333333,9,80,75
00915839,2026-02-23 04:00:00,PT Sirait Damanik,983930103105183,"Jalan Pasteur No. 1, Magelang, SN 81491",Mesin & Peralatan Elektrik,85,IDBEL,Belawan,23777.75,India,IN,MV HARJO 85,0,1,0,0.08333333333333333,13,54,57
00787761,2026-02-25 02:00:00,PD Pudjiastuti Marbun,489638346578713,"Jalan Cikapayang No. 064, Subulussalam, KB 21461",Sereal/Beras,10,IDBEL,Belawan,38215.25,Jepang,JP,MV HARJO 85,0,1,0,1.9166666666666667,17,58,58
00185343,2026-02-25 14:00:00,PD Saputra Uyainah (Persero) Tbk,503056413953767,"Jalan Moch. Toha No. 7, Sungai Penuh, BT 87304",Mesin & Peralatan Elektrik,85,IDKBU,Kotabaru,5068.36,Jepang,JP,MV HARJO 85,0,1,0,0.5,16,66,48
00929723,2026-02-26 16:00:00,PD Pudjiastuti Marbun,489638346578713,"Jalan W.R. Supratman No. 3, Madiun, SN 92906",Bahan Bakar Mineral (Batubara/Minyak),27,IDTPE,Tanjung Perak,15116.49,Jepang,JP,MV HARJO 85,0,1,0,1.0833333333333333,21,68,66
00578651,2026-02-28 06:00:00,CV Zulaika Anggraini,916697848018451,"Gang Moch. Toha No. 0, Banda Aceh, AC 42608",Mesin & Peralatan Elektrik,85,IDKBU,Kotabaru,28576.5,China,CN,MV HARJO 85,0,1,0,1.5833333333333333,20,66,70
00611804,2026-02-28 20:00:00,PT Sirait Damanik,983930103105183,"Jalan Rajiman No. 9, Makassar, JK 12294",Sereal/Beras,10,IDTPE,Tanjung Perak,35980.05,India,IN,MV HARJO 85,0,1,0,0.5833333333333334,18,66,64
00972256,2026-03-01 00:00:00,PT Waskita,513338726247317,"Gang Raya Setiabudhi No. 8, Sukabumi, Kalimantan Selatan 40388",Mesin & Peralatan Elektrik,85,IDTPE,Tanjung Perak,38646.17,Singapura,SG,MV HARJO 85,0,1,0,0.16666666666666666,13,66,63
00639744,2026-01-01 07:00:00,PD Prabowo (Persero) Tbk,997376311656670,"Gg. Jend. A. Yani No. 042, Manado, Kalimantan Barat 08370",Sereal/Beras,10,IDTPP,Tanjung Priok,24520.41,China,CN,MV INDAH 11,0,0,0,,16,53,61
00405141,2026-01-01 23:00:00,Perum Saptono Mustofa,513542784980841,"Gg. Rungkut Industri No. 9, Serang, Kalimantan Timur 05172",Sereal/Beras,10,IDKBU,Kotabaru,10110.42,China,CN,MV INDAH 11,0,1,0,0.6666666666666666,25,56,61
00191672,2026-01-08 15:00:00,PT Sirait Damanik,983930103105183,"Jl. Kutisari Selatan No. 559, Tidore Kepulauan, KU 32123",Sereal/Beras,10,IDBEL,Belawan,34345.46,China,CN,MV INDAH 11,0,0,0,6.666666666666667,18,58,61
00403241,2026-01-11 05:00:00,UD Mandala Prayoga,884969653287101,"Jl. Jamika No. 19, Tual, Bengkulu 52812",Mesin & Peralatan Elektrik,85,IDTPE,Tanjung Perak,43412.42,Singapura,SG,MV INDAH 11,0,0,0,2.5833333333333335,20,66,63
00496453,2026-01-11 07:00:00,PD Suwarno Tbk,872343098050097,"Jalan Rajawali Barat No. 4, Depok, Sumatera Barat 66270",Mesin & Peralatan Elektrik,85,IDBEL,Belawan,30384.27,China,CN,MV INDAH 11,0,1,0,0.08333333333333333,22,54,70
00910955,2026-01-11 17:00:00,PT Pradipta (Persero) Tbk,647525534192832,"Jalan KH Amin Jasuta No. 223, Pekanbaru, KS 74419",Bahan Bakar Mineral (Batubara/Minyak),27,IDTPE,Tanjung Perak,2431.73,India,IN,MV INDAH 11,0,1,0,0.4166666666666667,60,68,85
00374249,2026-01-13 11:00:00,Perum Saptono Mustofa,513542784980841,"Jalan Ahmad Yani No. 784, Pasuruan, BT 03930",Mesin & Peralatan Elektrik,85,IDTPE,Tanjung Perak,28727.76,China,CN,MV INDAH 11,0,1,0,1.75,16,66,70
00761475,2026-01-17 09:00:00,PD Prabowo (Persero) Tbk,997376311656670,"Jalan Rungkut Industri No. 2, Singkawang, MU 69495",Sereal/Beras,10,IDBEL,Belawan,7064.22,Jepang,JP,MV INDAH 11,0,0,0,3.9166666666666665,16,58,58
00979470,2026-01-18 12:00:00,PT Sirait Damanik,983930103105183,"Gg. Cikutra Timur No. 852, Tangerang Selatan, Riau 84494",Sereal/Beras,10,IDKBU,Kotabaru,41315.17,Jepang,JP,MV INDAH 11,0,1,0,1.125,18,56,58
00259460,2026-01-20 12:00:00,Perum Saptono Mustofa,513542784980841,"Jalan Surapati No. 34, Singkawang, JI 29596",Bahan Bakar Mineral (Batubara/Minyak),27,IDBEL,Belawan,12386.95,India,IN,MV INDAH 11,0,0,0,2.0,24,80,85
00193652,2026-01-24 14:00:00,PD Suwarno Tbk,872343098050097,"Jalan Gardujati No. 402, Padangpanjang, NB 23741",Mesin & Peralatan Elektrik,85,IDTPP,Tanjung Priok,18200.0,Singapura,SG,MV INDAH 11,0,0,0,4.083333333333333,22,52,63
00506181,2026-01-25 22:00:00,PT Waskita,513338726247317,"Jl. Kutai No. 511, Bontang, Sulawesi Barat 58273",Lemak & Minyak Hewani/Nabati (CPO),15,IDBEL,Belawan,43015.3,India,IN,MV INDAH 11,0,1,0,1.3333333333333333,15,66,51
00172120,2026-01-26 02:00:00,PD Saputra Uyainah (Persero) Tbk,503056413953767,"Jalan Jamika No. 347, Palopo, NB 55884",Sereal/Beras,10,IDTPP,Tanjung Priok,35437.47,Singapura,SG,MV INDAH 11,0,1,0,0.16666666666666666,15,53,49
00781961,2026-01-30 13:00:00,PD Manullang Tbk,048281489325288,"Jl. Cikutra Timur No. 35, Serang, RI 36749",Lemak & Minyak Hewani/Nabati (CPO),15,IDTPP,Tanjung Priok,2955.47,Singapura,SG,MV INDAH 11,0,0,0,4.458333333333333,24,57,66
00354869,2026-02-03 22:00:00,Perum Sinaga,701543039117182,"Gang Antapani Lama No. 673, Pontianak, SS 61702",Mesin & Peralatan Elektrik,85,IDTPP,Tanjung Priok,48553.93,Jepang,JP,MV INDAH 11,0,0,0,4.375,13,52,48
00383907,2026-02-05 07:00:00,PD Pudjiastuti Marbun,489638346578713,"Jl. Rajawali Timur No. 642, Bogor, Maluku Utara 33432",Mesin & Peralatan Elektrik,85,IDKBU,Kotabaru,34025.0,Jepang,JP,MV INDAH 11,0,1,0,1.375,22,66,48
00795014,2026-02-05 18:00:00,PD Pudjiastuti Marbun,489638346578713,"Gg. Tubagus Ismail No. 78, Bandar Lampung, ST 08115",Bahan Bakar Mineral (Batubara/Minyak),27,IDKBU,Kotabaru,39117.71,Jepang,JP,MV INDAH 11,0,1,0,0.4583333333333333,21,72,66
00405458,2026-02-08 00:00:00,PT Sirait Damanik,983930103105183,"Gang Lembong No. 45, Pontianak, AC 42101",Bahan Bakar Mineral (Batubara/Minyak),27,IDKBU,Kotabaru,12570.63,India,IN,MV INDAH 11,0,0,0,2.25,20,72,85
00539959,2026-02-10 18:00:00,Perum Sinaga,701543039117182,"Jl. Ir. H. Djuanda No. 72, Cilegon, Bengkulu 56504",Bahan Bakar Mineral (Batubara/Minyak),27,IDKBU,Kotabaru,7532.5,China,CN,MV INDAH 11,0,0,0,2.75,18,72,75
00767895,2026-02-10 20:00:00,CV Zulaika Anggraini,916697848018451,"Gg. Kutai No. 744, Kediri, BB 40830",Bahan Bakar Mineral (Batubara/Minyak),27,IDTPP,Tanjung Priok,47620.29,Jepang,JP,MV INDAH 11,0,1,0,0.08333333333333333,16,75,66
00680842,2026-02-11 00:00:00,UD Putra Tbk,346247510799118,"Jl. Tubagus Ismail No. 4, Cirebon, Sulawesi Tenggara 32648",Lemak & Minyak Hewani/Nabati (CPO),15,IDTPP,Tanjung Priok,41182.55,Jepang,JP,MV INDAH 11,0,1,0,0.16666666666666666,21,57,56
00649129,2026-02-14 04:00:00,PD Saputra Uyainah (Persero) Tbk,503056413953767,"Gg. Kebonjati No. 609, Bekasi, Bengkulu 68433",Sereal/Beras,10,IDTPP,Tanjung Priok,25996.99,China,CN,MV INDAH 11,0,0,0,3.1666666666666665,15,53,61
00429171,2026-02-14 22:00:00,PD Pudjiastuti Marbun,489638346578713,"Jalan Indragiri No. 216, Pekalongan, Papua Barat 93465",Mesin & Peralatan Elektrik,85,IDTPE,Tanjung Perak,45070.81,China,CN,MV INDAH 11,0,1,0,0.75,22,66,70
00415046,2026-02-15 11:00:00,PT Pradipta (Persero) Tbk,647525534192832,"Jalan Soekarno Hatta No. 67, Makassar, Kalimantan Barat 75841",Lemak & Minyak Hewani/Nabati (CPO),27,IDTPP,Tanjung Priok,10979.94,Jepang,JP,MV INDAH 11,0,1,0,0.5416666666666666,60,75,66
00924968,2026-02-16 20:00:00,PT Waskita,513338726247317,"Gang Jayawijaya No. 4, Kediri, SS 28950",Lemak & Minyak Hewani/Nabati (CPO),15,IDBEL,Belawan,49202.45,India,IN,MV INDAH 11,0,1,0,1.375,15,66,51
00721141,2026-02-20 19:00:00,PD Manullang Tbk,048281489325288,"Gang Cihampelas No. 364, Bima, Jawa Timur 19562",Mesin & Peralatan Elektrik,85,IDTPE,Tanjung Perak,17790.86,Singapura,SG,MV INDAH 11,0,0,0,3.9583333333333335,16,66,63
00608767,2026-02-21 10:00:00,PT Pradipta (Persero) Tbk,647525534192832,"Gg. Jamika No. 3, Tangerang, Nusa Tenggara Barat 21850",Sereal/Beras,27,IDBEL,Belawan,5320.54,Jepang,JP,MV INDAH 11,0,1,0,0.625,60,80,66
00676834,2026-02-21 17:00:00,Perum Saptono Mustofa,513542784980841,"Gang Indragiri No. 766, Sukabumi, Maluku 70526",Sereal/Beras,10,IDKBU,Kotabaru,8818.56,Singapura,SG,MV INDAH 11,0,1,0,0.2916666666666667,25,56,49
00436161,2026-02-22 08:00:00,PT Sirait Damanik,983930103105183,"Jalan Kapten Muslihat No. 23, Banjarbaru, BB 02767",Mesin & Peralatan Elektrik,85,IDTPE,Tanjung Perak,28957.73,Singapura,SG,MV INDAH 11,0,1,0,0.625,13,66,63
00654547,2026-02-22 10:00:00,Perum Saptono Mustofa,513542784980841,"Gang Joyoboyo No. 238, Bontang, KI 16491",Sereal/Beras,10,IDKBU,Kotabaru,12267.88,Jepang,JP,MV INDAH 11,0,1,0,0.08333333333333333,25,56,58
00624061,2026-02-23 15:00:00,PD Manullang Tbk,048281489325288,"Jl. Soekarno Hatta No. 110, Solok, JT 05147",Sereal/Beras,10,IDTPP,Tanjung Priok,46347.64,Singapura,SG,MV INDAH 11,0,1,0,1.2083333333333333,20,53,49
00825865,2026-02-27 04:00:00,PT Pradipta (Persero) Tbk,647525534192832,"Gg. Gardujati No. 455, Denpasar, Kalimantan Tengah 30448",Lemak & Minyak Hewani/Nabati (CPO),27,IDBEL,Belawan,10982.43,Singapura,SG,MV INDAH 11,0,0,0,3.5416666666666665,60,80,69
00865910,2026-02-28 10:00:00,PT Yulianti,801326773602606,"Jalan Rawamangun No. 7, Manado, AC 54510",Mesin & Peralatan Elektrik,85,IDKBU,Kotabaru,42192.48,China,CN,MV INDAH 11,0,1,0,1.25,15,66,70
00417517,2026-01-01 11:00:00,UD Mandala Prayoga,884969653287101,"Jalan Gardujati No. 072, Bandar Lampung, Sulawesi Utara 54181",Lemak & Minyak Hewani/Nabati (CPO),15,IDKBU,Kotabaru,18039.06,Jepang,JP,MV IRFAN 69,0,0,0,,18,46,56
00735267,2026-01-02 04:00:00,UD Mandala Prayoga,884969653287101,"Gang Gedebage Selatan No. 32, Bekasi, GO 87180",Mesin & Peralatan Elektrik,85,IDBEL,Belawan,44115.39,China,CN,MV IRFAN 69,0,1,0,0.7083333333333334,20,54,70
00911152,2026-01-02 21:00:00,PT Yulianti,801326773602606,"Jl. Rajawali Timur No. 1, Bengkulu, SG 24214",Sereal/Beras,10,IDKBU,Kotabaru,23704.19,China,CN,MV IRFAN 69,0,1,0,0.7083333333333334,13,56,61
00822605,2026-01-06 19:00:00,UD Putra Tbk,346247510799118,"Gang KH Amin Jasuta No. 77, Cilegon, JT 77288",Bahan Bakar Mineral (Batubara/Minyak),27,IDKBU,Kotabaru,36436.24,China,CN,MV IRFAN 69,0,0,0,3.9166666666666665,20,72,75
00576032,2026-01-11 11:00:00,UD Putra Tbk,346247510799118,"Jalan Sukabumi No. 1, Pasuruan, DKI Jakarta 38780",Sereal/Beras,10,IDKBU,Kotabaru,33803.91,India,IN,MV IRFAN 69,0,0,0,4.666666666666667,18,56,64
00402904,2026-01-13 21:00:00,PT Yulianti,801326773602606,"Jl. Dipatiukur No. 34, Banjarbaru, Riau 94215",Bahan Bakar Mineral (Batubara/Minyak),27,IDTPE,Tanjung Perak,48520.84,Jepang,JP,MV IRFAN 69,0,0,0,2.4166666666666665,15,68,66
00708910,2026-01-16 18:00:00,PT Waskita,513338726247317,"Jl. Ronggowarsito No. 7, Lhokseumawe, NB 23084",Sereal/Beras,10,IDKBU,Kotabaru,46128.44,Jepang,JP,MV IRFAN 69,0,0,0,2.875,19,56,58
00854998,2026-01-17 18:00:00,PD Pudjiastuti Marbun,489638346578713,"Jl. Merdeka No. 721, Padang Sidempuan, RI 95413",Mesin & Peralatan Elektrik,85,IDTPE,Tanjung Perak,46939.95,Singapura,SG,MV IRFAN 69,0,1,0,1.0,22,66,63
00161478,2026-01-19 01:00:00,PD Saputra Uyainah (Persero) Tbk,503056413953767,"Jl. Jakarta No. 91, Manado, Sumatera Barat 90833",Bahan Bakar Mineral (Batubara/Minyak),27,IDTPP,Tanjung Priok,40285.88,India,IN,MV IRFAN 69,0,1,0,1.2916666666666667,18,75,85
00959411,2026-01-22 05:00:00,PT Sirait Damanik,983930103105183,"Jalan Jayawijaya No. 73, Sabang, BA 19236",Mesin & Peralatan Elektrik,85,IDTPE,Tanjung Perak,26298.76,India,IN,MV IRFAN 69,0,0,0,3.1666666666666665,13,66,57
00236837,2026-01-26 09:00:00,UD Putra Tbk,346247510799118,"Gg. Jamika No. 710, Cirebon, DKI Jakarta 67232",Bahan Bakar Mineral (Batubara/Minyak),27,IDTPP,Tanjung Priok,2866.78,China,CN,MV IRFAN 69,0,0,0,4.166666666666667,20,75,75
00479057,2026-01-29 13:00:00,PD Manullang Tbk,048281489325288,"Jl. Rawamangun No. 1, Singkawang, Sulawesi Barat 05583",Lemak & Minyak Hewani/Nabati (CPO),15,IDBEL,Belawan,12659.7,India,IN,MV IRFAN 69,0,0,0,3.1666666666666665,24,66,51
00675866,2026-01-29 20:00:00,PT Sirait Damanik,983930103105183,"Gg. Pelajar Pejuang No. 9, Prabumulih, BE 91872",Sereal/Beras,10,IDBEL,Belawan,46721.29,Singapura,SG,MV IRFAN 69,0,1,0,0.2916666666666667,18,58,49
00598164,2026-01-30 23:00:00,PT Waskita,513338726247317,"Jl. Kapten Muslihat No. 348, Lhokseumawe, PA 83760",Lemak & Minyak Hewani/Nabati (CPO),15,IDTPE,Tanjung Perak,47226.88,Singapura,SG,MV IRFAN 69,0,1,0,1.125,15,65,66
00233074,2026-02-03 10:00:00,PD Pudjiastuti Marbun,489638346578713,"Jl. Setiabudhi No. 1, Meulaboh, AC 66183",Bahan Bakar Mineral (Batubara/Minyak),27,IDTPE,Tanjung Perak,25890.55,Singapura,SG,MV IRFAN 69,0,0,0,3.4583333333333335,21,68,69
00172165,2026-02-04 20:00:00,PT Sirait Damanik,983930103105183,"Gang Antapani Lama No. 9, Binjai, SR 29991",Mesin & Peralatan Elektrik,85,IDTPP,Tanjung Priok,26036.17,Singapura,SG,MV IRFAN 69,0,1,0,1.4166666666666667,13,52,63
00181889,2026-02-04 23:00:00,PD Manullang Tbk,048281489325288,"Gang Pelajar Pejuang No. 79, Tegal, Sumatera Utara 01550",Mesin & Peralatan Elektrik,85,IDBEL,Belawan,26146.0,India,IN,MV IRFAN 69,0,1,0,0.125,16,54,57
00863000,2026-02-05 04:00:00,PD Suwarno Tbk,872343098050097,"Jl. Stasiun Wonokromo No. 214, Cilegon, RI 36715",Bahan Bakar Mineral (Batubara/Minyak),27,IDTPP,Tanjung Priok,18023.18,China,CN,MV IRFAN 69,0,1,0,0.20833333333333334,21,75,75
00579628,2026-02-07 04:00:00,PD Suwarno Tbk,872343098050097,"Jalan Rajawali Barat No. 41, Pekalongan, PA 58512",Bahan Bakar Mineral (Batubara/Minyak),27,IDTPE,Tanjung Perak,2623.68,Singapura,SG,MV IRFAN 69,0,0,0,2.0,21,68,69
00221555,2026-02-15 08:00:00,UD Putra Tbk,346247510799118,"Gang Otto Iskandardinata No. 6, Pekanbaru, KR 71147",Bahan Bakar Mineral (Batubara/Minyak),27,IDTPE,Tanjung Perak,14745.24,Jepang,JP,MV IRFAN 69,0,0,0,8.166666666666666,20,68,66
00726313,2026-02-20 11:00:00,PT Sirait Damanik,983930103105183,"Jl. M.H Thamrin No. 48, Pagaralam, SU 26732",Bahan Bakar Mineral (Batubara/Minyak),27,IDTPE,Tanjung Perak,1289.75,India,IN,MV IRFAN 69,0,0,0,5.125,20,68,85
00986307,2026-02-21 10:00:00,Perum Sinaga,701543039117182,"Jl. Sukabumi No. 04, Bontang, Bali 17911",Sereal/Beras,10,IDBEL,Belawan,49530.16,Jepang,JP,MV IRFAN 69,0,1,0,0.9583333333333334,8,58,58
00240636,2026-02-22 12:00:00,PD Manullang Tbk,048281489325288,"Jl. Antapani Lama No. 67, Samarinda, Sumatera Selatan 36241",Sereal/Beras,10,IDTPE,Tanjung Perak,25574.42,India,IN,MV IRFAN 69,0,1,0,1.0833333333333333,20,66,64
00157014,2026-02-24 16:00:00,PD Manullang Tbk,048281489325288,"Gang Sukabumi No. 37, Serang, AC 07231",Lemak & Minyak Hewani/Nabati (CPO),15,IDTPP,Tanjung Priok,23652.79,Singapura,SG,MV IRFAN 69,0,0,0,2.1666666666666665,24,57,66
00798046,2026-02-24 19:00:00,PT Melani Hutapea,219136193990916,"Gg. Sukabumi No. 38, Padang Sidempuan, JA 17182",Lemak & Minyak Hewani/Nabati (CPO),15,IDTPP,Tanjung Priok,40298.13,China,CN,MV IRFAN 69,0,1,0,0.125,17,57,61
00830182,2026-02-25 22:00:00,CV Zulaika Anggraini,916697848018451,"Jl. Sadang Serang No. 25, Dumai, BE 62481",Bahan Bakar Mineral (Batubara/Minyak),27,IDTPE,Tanjung Perak,16858.71,Singapura,SG,MV IRFAN 69,0,1,0,1.125,16,68,69
00512495,2026-02-28 23:00:00,PD Suwarno Tbk,872343098050097,"Jl. Antapani Lama No. 032, Madiun, AC 75396",Sereal/Beras,10,IDBEL,Belawan,8105.31,India,IN,MV IRFAN 69,0,0,0,3.0416666666666665,14,58,64
00573714,2026-03-01 10:00:00,UD Putra Tbk,346247510799118,"Jalan Wonoayu No. 417, Cirebon, KS 97167",Bahan Bakar Mineral (Batubara/Minyak),27,IDTPP,Tanjung Priok,12822.51,China,CN,MV IRFAN 69,0,1,0,0.4583333333333333,20,75,75
00880413,2026-03-01 14:00:00,Perum Saptono Mustofa,513542784980841,"Gang Bangka Raya No. 49, Pematangsiantar, Maluku Utara 25728",Sereal/Beras,10,IDTPP,Tanjung Priok,41354.63,Singapura,SG,MV IRFAN 69,0,1,0,0.16666666666666666,25,53,49
00192960,2026-03-02 17:00:00,CV Zulaika Anggraini,916697848018451,"Jalan Otto Iskandardinata No. 20, Pagaralam, NB 23567",Lemak & Minyak Hewani/Nabati (CPO),15,IDTPE,Tanjung Perak,6346.8,Singapura,SG,MV IRFAN 69,0,1,0,1.125,11,65,66
00553864,2026-03-02 22:00:00,PT Waskita,513338726247317,"Gang Laswi No. 1, Bandar Lampung, BA 41321",Mesin & Peralatan Elektrik,85,IDKBU,Kotabaru,18749.15,Jepang,JP,MV IRFAN 69,0,1,0,0.20833333333333334,13,66,48
00597476,2026-01-01 01:00:00,PT Melani Hutapea,219136193990916,"Gg. Jamika No. 5, Palu, Sumatera Selatan 50618",Sereal/Beras,10,IDTPP,Tanjung Priok,38854.89,Singapura,SG,MV JAGA 61,0,0,0,,21,53,49
00377691,2026-01-01 06:00:00,PT Waskita,513338726247317,"Jl. Pacuan Kuda No. 5, Sukabumi, Banten 56101",Lemak & Minyak Hewani/Nabati (CPO),15,IDBEL,Belawan,44347.51,China,CN,MV JAGA 61,0,1,0,0.20833333333333334,15,66,61
00341642,2026-01-06 07:00:00,PT Sirait Damanik,983930103105183,"Gg. Ciwastra No. 4, Tasikmalaya, YO 42626",Bahan Bakar Mineral (Batubara/Minyak),27,IDBEL,Belawan,18554.04,Jepang,JP,MV JAGA 61,0,0,0,5.041666666666667,20,80,66
00791262,2026-01-09 04:00:00,Perum Sinaga,701543039117182,"Jalan Ir. H. Djuanda No. 513, Denpasar, JI 99390",Lemak & Minyak Hewani/Nabati (CPO),15,IDTPE,Tanjung Perak,2210.15,Jepang,JP,MV JAGA 61,0,0,0,2.875,16,65,56
00739207,2026-01-10 13:00:00,UD Putra Tbk,346247510799118,"Jalan Surapati No. 38, Tanjungpinang, NT 34108",Sereal/Beras,10,IDBEL,Belawan,41451.09,Singapura,SG,MV JAGA 61,0,1,0,1.375,18,58,49
00997068,2026-01-11 01:00:00,Perum Saptono Mustofa,513542784980841,"Gang R.E Martadinata No. 073, Magelang, Gorontalo 89394",Bahan Bakar Mineral (Batubara/Minyak),27,IDTPP,Tanjung Priok,13204.25,India,IN,MV JAGA 61,0,1,0,0.5,24,75,85
00436844,2026-01-13 04:00:00,PT Melani Hutapea,219136193990916,"Jalan Rumah Sakit No. 08, Purwokerto, Papua Barat 31779",Mesin & Peralatan Elektrik,85,IDKBU,Kotabaru,3914.93,China,CN,MV JAGA 61,0,0,0,2.125,19,66,70
00279279,2026-01-14 07:00:00,PT Melani Hutapea,219136193990916,"Gg. Cikutra Barat No. 66, Padangpanjang, Sulawesi Utara 55143",Sereal/Beras,10,IDTPE,Tanjung Perak,35723.05,Jepang,JP,MV JAGA 61,0,1,0,1.125,21,66,58
00446034,2026-01-15 01:00:00,Perum Sinaga,701543039117182,"Jalan Cikutra Barat No. 96, Banda Aceh, PB 70336",Mesin & Peralatan Elektrik,85,IDKBU,Kotabaru,15684.83,India,IN,MV JAGA 61,0,1,0,0.75,13,66,57
00697138,2026-01-18 04:00:00,PD Saputra Uyainah (Persero) Tbk,503056413953767,"Gang M.H Thamrin No. 1, Kota Administrasi Jakarta Timur, PA 78361",Mesin & Peralatan Elektrik,85,IDBEL,Belawan,879.81,Singapura,SG,MV JAGA 61,0,0,0,3.125,16,54,63
00833677,2026-01-18 18:00:00,PT Melani Hutapea,219136193990916,"Gang Rawamangun No. 6, Tangerang Selatan, BA 57972",Sereal/Beras,10,IDBEL,Belawan,3527.82,Singapura,SG,MV JAGA 61,0,1,0,0.5833333333333334,21,58,49
00380448,2026-01-19 11:00:00,UD Putra Tbk,346247510799118,"Jalan Jayawijaya No. 52, Jayapura, Sumatera Barat 29420",Mesin & Peralatan Elektrik,85,IDTPP,Tanjung Priok,36155.9,Singapura,SG,MV JAGA 61,0,1,0,0.7083333333333334,14,52,63
00854210,2026-01-23 04:00:00,PT Yulianti,801326773602606,"Jalan Bangka Raya No. 883, Palangkaraya, YO 95148",Bahan Bakar Mineral (Batubara/Minyak),27,IDKBU,Kotabaru,43992.02,Singapura,SG,MV JAGA 61,0,0,0,3.7083333333333335,15,72,69
00820744,2026-01-23 21:00:00,PD Manullang Tbk,048281489325288,"Jl. KH Amin Jasuta No. 341, Salatiga, Sulawesi Utara 05140",Bahan Bakar Mineral (Batubara/Minyak),27,IDTPE,Tanjung Perak,15772.03,India,IN,MV JAGA 61,0,1,0,0.7083333333333334,12,68,85
00457274,2026-01-24 01:00:00,UD Putra Tbk,346247510799118,"Jalan Stasiun Wonokromo No. 735, Sabang, Sumatera Utara 02155",Mesin & Peralatan Elektrik,85,IDTPP,Tanjung Priok,43579.25,China,CN,MV JAGA 61,0,1,0,0.16666666666666666,14,52,70
00838393,2026-01-24 15:00:00,UD Putra Tbk,346247510799118,"Gg. Gardujati No. 672, Bogor, Sulawesi Barat 04164",Lemak & Minyak Hewani/Nabati (CPO),15,IDTPE,Tanjung Perak,12762.3,Jepang,JP,MV JAGA 61,0,1,0,0.5833333333333334,21,65,56
00488915,2026-01-26 04:00:00,PD Prabowo (Persero) Tbk,997376311656670,"Jalan Kapten Muslihat No. 41, Pontianak, KU 70241",Mesin & Peralatan Elektrik,85,IDTPP,Tanjung Priok,1320.82,India,IN,MV JAGA 61,0,1,0,1.5416666666666667,19,52,57
00825251,2026-01-29 06:00:00,PT Yulianti,801326773602606,"Gg. Bangka Raya No. 53, Banjarbaru, Sumatera Barat 04611",Lemak & Minyak Hewani/Nabati (CPO),15,IDBEL,Belawan,13243.77,Singapura,SG,MV JAGA 61,0,0,0,3.0833333333333335,20,66,66
00580236,2026-02-05 09:00:00,PD Prabowo (Persero) Tbk,997376311656670,"Jalan W.R. Supratman No. 6, Tanjungpinang, Gorontalo 73180",Mesin & Peralatan Elektrik,85,IDTPE,Tanjung Perak,3844.71,India,IN,MV JAGA 61,0,0,0,7.125,19,66,57
00308117,2026-02-08 18:00:00,PT Sirait Damanik,983930103105183,"Jalan Ahmad Yani No. 204, Kupang, JT 53693",Lemak & Minyak Hewani/Nabati (CPO),15,IDTPE,Tanjung Perak,47358.49,Jepang,JP,MV JAGA 61,0,0,0,3.375,15,65,56
00716167,2026-02-08 21:00:00,Perum Saptono Mustofa,513542784980841,"Gang Tubagus Ismail No. 67, Bandung, Kalimantan Barat 62996",Mesin & Peralatan Elektrik,85,IDBEL,Belawan,47389.28,Jepang,JP,MV JAGA 61,0,1,0,0.125,16,54,48
00667815,2026-02-12 04:00:00,PT Sirait Damanik,983930103105183,"Gang M.H Thamrin No. 206, Gorontalo, Jawa Barat 18297",Mesin & Peralatan Elektrik,85,IDKBU,Kotabaru,32593.01,Jepang,JP,MV JAGA 61,0,0,0,3.2916666666666665,13,66,48
00534814,2026-02-13 02:00:00,PD Pudjiastuti Marbun,489638346578713,"Jl. Kapten Muslihat No. 710, Metro, SU 72095",Lemak & Minyak Hewani/Nabati (CPO),15,IDKBU,Kotabaru,12908.66,China,CN,MV JAGA 61,0,1,0,0.9166666666666666,15,46,61
00892376,2026-02-15 15:00:00,CV Zulaika Anggraini,916697848018451,"Jalan Indragiri No. 984, Tebingtinggi, Nusa Tenggara Barat 99136",Mesin & Peralatan Elektrik,85,IDTPE,Tanjung Perak,11806.42,China,CN,MV JAGA 61,0,0,0,2.5416666666666665,20,66,70
00324585,2026-02-16 10:00:00,PT Waskita,513338726247317,"Jl. Peta No. 342, Purwokerto, Kalimantan Utara 30241",Sereal/Beras,10,IDBEL,Belawan,39368.76,Jepang,JP,MV JAGA 61,0,1,0,0.7916666666666666,19,58,58
00782239,2026-02-17 03:00:00,Perum Saptono Mustofa,513542784980841,"Jalan Sukabumi No. 4, Serang, Bengkulu 00167",Mesin & Peralatan Elektrik,85,IDTPE,Tanjung Perak,42356.13,India,IN,MV JAGA 61,0,1,0,0.7083333333333334,16,66,57
00669841,2026-02-23 19:00:00,PD Prabowo (Persero) Tbk,997376311656670,"Jl. Abdul Muis No. 75, Bima, JB 26788",Lemak & Minyak Hewani/Nabati (CPO),15,IDTPP,Tanjung Priok,48269.06,Jepang,JP,MV JAGA 61,0,0,0,6.666666666666667,15,57,56
00148543,2026-02-25 17:00:00,CV Zulaika Anggraini,916697848018451,"Gang Rawamangun No. 72, Padang, LA 85721",Lemak & Minyak Hewani/Nabati (CPO),15,IDTPE,Tanjung Perak,34430.11,China,CN,MV JAGA 61,0,1,0,1.9166666666666667,11,65,61
00747856,2026-02-26 19:00:00,Perum Saptono Mustofa,513542784980841,"Jalan Erlangga No. 56, Tomohon, SR 17080",Sereal/Beras,10,IDTPP,Tanjung Priok,44500.56,China,CN,MV JAGA 61,0,1,0,1.0833333333333333,25,53,61
00964432,2026-02-28 13:00:00,PD Suwarno Tbk,872343098050097,"Gang Siliwangi No. 9, Palopo, Sumatera Selatan 90847",Sereal/Beras,10,IDBEL,Belawan,14073.02,China,CN,MV JAGA 61,0,1,0,1.75,14,58,61
00844209,2026-03-01 04:00:00,PT Yulianti,801326773602606,"Jl. Kiaracondong No. 541, Bandar Lampung, Sulawesi Utara 09543",Lemak & Minyak Hewani/Nabati (CPO),15,IDTPP,Tanjung Priok,46968.96,Jepang,JP,MV JAGA 61,0,1,0,0.625,20,57,56
00876265,2026-03-01 06:00:00,PT Waskita,513338726247317,"Jalan Sukajadi No. 968, Tanjungpinang, JK 50305",Sereal/Beras,10,IDTPP,Tanjung Priok,7346.61,India,IN,MV JAGA 61,0,1,0,0.08333333333333333,19,53,64
00725843,2026-01-02 07:00:00,PD Saputra Uyainah (Persero) Tbk,503056413953767,"Gg. Jakarta No. 0, Surakarta, PB 25690",Lemak & Minyak Hewani/Nabati (CPO),15,IDBEL,Belawan,1639.7,Jepang,JP,MV KALA 57,0,0,0,,18,66,56
00222268,2026-01-04 22:00:00,Perum Sinaga,701543039117182,"Jl. Ahmad Dahlan No. 056, Bandar Lampung, PA 23972",Mesin & Peralatan Elektrik,85,IDTPE,Tanjung Perak,10639.38,India,IN,MV KALA 57,0,0,0,2.625,13,66,57
00538960,2026-01-05 13:00:00,PT Melani Hutapea,219136193990916,"Jl. Indragiri No. 12, Bontang, SR 18839",Mesin & Peralatan Elektrik,85,IDKBU,Kotabaru,25116.7,China,CN,MV KALA 57,0,1,0,0.625,19,66,70
00112109,2026-01-05 22:00:00,PD Saputra Uyainah (Persero) Tbk,503056413953767,"Gang Kendalsari No. 47, Yogyakarta, BE 31499",Lemak & Minyak Hewani/Nabati (CPO),15,IDTPE,Tanjung Perak,16718.87,Singapura,SG,MV KALA 57,0,1,0,0.375,18,65,66
00139274,2026-01-06 07:00:00,UD Putra Tbk,346247510799118,"Gang Sukajadi No. 55, Surakarta, RI 83333",Sereal/Beras,10,IDTPE,Tanjung Perak,24691.17,Jepang,JP,MV KALA 57,0,1,0,0.375,18,66,58
00157573,2026-01-07 19:00:00,PD Pudjiastuti Marbun,489638346578713,"Jl. Waringin No. 644, Tomohon, Nusa Tenggara Timur 18579",Mesin & Peralatan Elektrik,85,IDBEL,Belawan,8163.77,India,IN,MV KALA 57,0,1,0,1.5,22,54,57
00501532,2026-01-08 06:00:00,UD Mandala Prayoga,884969653287101,"Gg. Gardujati No. 20, Bandung, SG 98640",Bahan Bakar Mineral (Batubara/Minyak),27,IDKBU,Kotabaru,4404.62,China,CN,MV KALA 57,0,1,0,0.4583333333333333,15,72,75
00321517,2026-01-09 06:00:00,UD Putra Tbk,346247510799118,"Jl. Tubagus Ismail No. 82, Sorong, KS 70216",Mesin & Peralatan Elektrik,85,IDTPE,Tanjung Perak,47532.86,Jepang,JP,MV KALA 57,0,1,0,1.0,14,66,48
00901338,2026-01-11 14:00:00,PD Manullang Tbk,048281489325288,"Jalan W.R. Supratman No. 65, Kotamobagu, Nusa Tenggara Timur 47813",Bahan Bakar Mineral (Batubara/Minyak),27,IDKBU,Kotabaru,22137.36,Jepang,JP,MV KALA 57,0,0,0,2.3333333333333335,12,72,66
00301296,2026-01-12 00:00:00,PD Saputra Uyainah (Persero) Tbk,503056413953767,"Gg. Cikutra Barat No. 02, Sorong, SU 66845",Lemak & Minyak Hewani/Nabati (CPO),15,IDBEL,Belawan,36793.53,China,CN,MV KALA 57,0,1,0,0.4166666666666667,18,66,61
00720108,2026-01-14 12:00:00,PD Pudjiastuti Marbun,489638346578713,"Gg. Jend. Sudirman No. 020, Kendari, MU 24026",Bahan Bakar Mineral (Batubara/Minyak),27,IDKBU,Kotabaru,929.49,Singapura,SG,MV KALA 57,0,0,0,2.5,21,72,69
00101793,2026-01-14 13:00:00,PD Prabowo (Persero) Tbk,997376311656670,"Gg. Kutai No. 60, Gorontalo, KR 91825",Mesin & Peralatan Elektrik,85,IDTPE,Tanjung Perak,19485.19,Singapura,SG,MV KALA 57,0,1,0,0.041666666666666664,19,66,63
00800264,2026-01-14 15:00:00,PD Saputra Uyainah (Persero) Tbk,503056413953767,"Gg. Gegerkalong Hilir No. 450, Gorontalo, Kalimantan Utara 58692",Lemak & Minyak Hewani/Nabati (CPO),15,IDBEL,Belawan,30825.37,Singapura,SG,MV KALA 57,0,1,0,0.08333333333333333,18,66,66
00467477,2026-01-14 23:00:00,PT Melani Hutapea,219136193990916,"Jl. Jend. A. Yani No. 8, Padang Sidempuan, Aceh 93783",Sereal/Beras,10,IDTPE,Tanjung Perak,40801.81,Jepang,JP,MV KALA 57,0,1,0,0.3333333333333333,21,66,58
00277019,2026-01-16 06:00:00,Perum Saptono Mustofa,513542784980841,"Gg. Abdul Muis No. 14, Dumai, GO 32417",Lemak & Minyak Hewani/Nabati (CPO),15,IDTPP,Tanjung Priok,46687.12,India,IN,MV KALA 57,0,1,0,1.2916666666666667,15,57,51
00820433,2026-01-20 06:00:00,PD Suwarno Tbk,872343098050097,"Jalan H.J Maemunah No. 651, Padangpanjang, Bali 01424",Mesin & Peralatan Elektrik,85,IDTPE,Tanjung Perak,15871.54,China,CN,MV KALA 57,0,0,0,4.0,22,66,70
00803117,2026-01-21 20:00:00,PD Manullang Tbk,048281489325288,"Gg. Indragiri No. 430, Manado, KU 66144",Mesin & Peralatan Elektrik,85,IDTPE,Tanjung Perak,15290.04,India,IN,MV KALA 57,0,1,0,1.5833333333333333,16,66,57
00205201,2026-01-22 12:00:00,Perum Saptono Mustofa,513542784980841,"Gang Ronggowarsito No. 144, Manado, KU 11703",Sereal/Beras,10,IDBEL,Belawan,12936.13,India,IN,MV KALA 57,0,1,0,0.6666666666666666,25,58,64
00537781,2026-01-22 14:00:00,UD Putra Tbk,346247510799118,"Gang Wonoayu No. 111, Singkawang, SR 79817",Lemak & Minyak Hewani/Nabati (CPO),15,IDTPP,Tanjung Priok,32732.13,India,IN,MV KALA 57,0,1,0,0.08333333333333333,21,57,51
00836970,2026-01-22 21:00:00,PD Manullang Tbk,048281489325288,"Jalan Yos Sudarso No. 80, Sukabumi, Riau 81372",Lemak & Minyak Hewani/Nabati (CPO),15,IDTPE,Tanjung Perak,41005.31,Singapura,SG,MV KALA 57,0,1,0,0.2916666666666667,24,65,66
00580501,2026-01-31 01:00:00,CV Zulaika Anggraini,916697848018451,"Jl. Suniaraja No. 4, Pagaralam, RI 88924",Sereal/Beras,10,IDKBU,Kotabaru,46222.64,India,IN,MV KALA 57,0,0,0,8.166666666666666,12,56,64
00992797,2026-02-05 14:00:00,PD Pudjiastuti Marbun,489638346578713,"Gg. Dr. Djunjunan No. 159, Bandar Lampung, KU 28113",Bahan Bakar Mineral (Batubara/Minyak),27,IDBEL,Belawan,48537.69,Singapura,SG,MV KALA 57,0,0,0,5.541666666666667,21,80,69
00678343,2026-02-08 11:00:00,PT Waskita,513338726247317,"Gg. Moch. Ramdan No. 60, Bontang, Kalimantan Utara 69434",Bahan Bakar Mineral (Batubara/Minyak),27,IDKBU,Kotabaru,10221.29,India,IN,MV KALA 57,0,0,0,2.875,14,72,85
00199893,2026-02-08 22:00:00,PT Waskita,513338726247317,"Gang Ciumbuleuit No. 4, Kota Administrasi Jakarta Timur, NB 81223",Bahan Bakar Mineral (Batubara/Minyak),27,IDBEL,Belawan,24717.77,Singapura,SG,MV KALA 57,0,1,0,0.4583333333333333,14,80,69
00841914,2026-02-13 19:00:00,PD Prabowo (Persero) Tbk,997376311656670,"Jl. Abdul Muis No. 79, Kupang, Banten 44713",Bahan Bakar Mineral (Batubara/Minyak),27,IDBEL,Belawan,21746.65,India,IN,MV KALA 57,0,0,0,4.875,12,80,85
00351195,2026-02-15 04:00:00,Perum Saptono Mustofa,513542784980841,"Gg. Ahmad Dahlan No. 60, Bogor, KS 69725",Bahan Bakar Mineral (Batubara/Minyak),27,IDTPE,Tanjung Perak,10743.73,Singapura,SG,MV KALA 57,0,1,0,1.375,24,68,69
00378374,2026-02-16 17:00:00,PT Pradipta (Persero) Tbk,647525534192832,"Gang Raya Ujungberung No. 267, Cirebon, NT 92644",Bahan Bakar Mineral (Batubara/Minyak),27,IDBEL,Belawan,20205.69,India,IN,MV KALA 57,0,1,0,1.5416666666666667,60,80,85
00577183,2026-02-17 01:00:00,PT Sirait Damanik,983930103105183,"Gang Joyoboyo No. 741, Tasikmalaya, Banten 17223",Bahan Bakar Mineral (Batubara/Minyak),27,IDTPE,Tanjung Perak,27633.74,China,CN,MV KALA 57,0,1,0,0.3333333333333333,20,68,75
00972710,2026-02-17 02:00:00,PD Pudjiastuti Marbun,489638346578713,"Jl. Kebonjati No. 28, Tebingtinggi, Gorontalo 87592",Lemak & Minyak Hewani/Nabati (CPO),15,IDTPP,Tanjung Priok,45425.4,Singapura,SG,MV KALA 57,0,1,0,0.041666666666666664,15,57,66
00476519,2026-02-19 15:00:00,UD Mandala Prayoga,884969653287101,"Gg. Jakarta No. 2, Bau-Bau, BE 21722",Sereal/Beras,10,IDKBU,Kotabaru,37584.69,India,IN,MV KALA 57,0,0,0,2.5416666666666665,16,56,64
00167640,2026-02-22 11:00:00,PT Sirait Damanik,983930103105183,"Gg. Kendalsari No. 331, Serang, Banten 90306",Sereal/Beras,10,IDKBU,Kotabaru,35865.8,India,IN,MV KALA 57,0,0,0,2.8333333333333335,18,56,64
00488145,2026-02-24 03:00:00,Perum Saptono Mustofa,513542784980841,"Jl. Pasteur No. 044, Sukabumi, BT 00159",Lemak & Minyak Hewani/Nabati (CPO),15,IDBEL,Belawan,44032.38,Jepang,JP,MV KALA 57,0,1,0,1.6666666666666667,15,66,56
00700865,2026-02-24 08:00:00,PD Manullang Tbk,048281489325288,"Gang Sukajadi No. 1, Padangpanjang, SN 04719",Sereal/Beras,10,IDBEL,Belawan,15244.77,Jepang,JP,MV KALA 57,0,1,0,0.20833333333333334,20,58,58
00183692,2026-02-24 10:00:00,Perum Sinaga,701543039117182,"Jl. Pacuan Kuda No. 2, Magelang, Sulawesi Selatan 36226",Lemak & Minyak Hewani/Nabati (CPO),15,IDTPE,Tanjung Perak,22602.32,Singapura,SG,MV KALA 57,0,1,0,0.08333333333333333,16,65,66
00907673,2026-02-26 04:00:00,Perum Saptono Mustofa,513542784980841,"Gang HOS. Cokroaminoto No. 149, Bitung, Sumatera Utara 18433",Mesin & Peralatan Elektrik,85,IDKBU,Kotabaru,31847.51,India,IN,MV KALA 57,0,1,0,1.75,16,66,57
00494498,2026-03-02 01:00:00,CV Zulaika Anggraini,916697848018451,"Jalan Kutisari Selatan No. 450, Padang Sidempuan, JK 35743",Mesin & Peralatan Elektrik,85,IDBEL,Belawan,20949.42,Singapura,SG,MV KALA 57,0,0,0,3.875,20,54,63
00843790,2026-03-02 08:00:00,UD Putra Tbk,346247510799118,"Jl. Otto Iskandardinata No. 764, Kota Administrasi Jakarta Utara, Lampung 31538",Bahan Bakar Mineral (Batubara/Minyak),27,IDTPE,Tanjung Perak,9995.74,Jepang,JP,MV KALA 57,0,1,0,0.2916666666666667,20,68,66
00249662,2026-01-01 03:00:00,UD Mandala Prayoga,884969653287101,"Jalan Ahmad Yani No. 3, Purwokerto, LA 68784",Bahan Bakar Mineral (Batubara/Minyak),27,IDKBU,Kotabaru,44995.15,India,IN,MV KARSANA 20,0,0,0,,15,72,85
00312469,2026-01-05 05:00:00,PT Pradipta (Persero) Tbk,647525534192832,"Gg. Pelajar Pejuang No. 132, Tebingtinggi, SU 06734",Sereal/Beras,27,IDBEL,Belawan,9103.28,Singapura,SG,MV KARSANA 20,0,0,0,4.083333333333333,60,80,69
00146131,2026-01-05 14:00:00,PT Pradipta (Persero) Tbk,647525534192832,"Gg. Lembong No. 82, Denpasar, Kalimantan Timur 31290",Lemak & Minyak Hewani/Nabati (CPO),27,IDKBU,Kotabaru,37999.04,China,CN,MV KARSANA 20,0,1,0,0.375,60,72,75
00654510,2026-01-06 01:00:00,Perum Sinaga,701543039117182,"Gg. Erlangga No. 450, Tual, Aceh 00152",Lemak & Minyak Hewani/Nabati (CPO),15,IDBEL,Belawan,7912.05,China,CN,MV KARSANA 20,0,1,0,0.4583333333333333,16,66,61
00954073,2026-01-06 12:00:00,PT Sirait Damanik,983930103105183,"Jl. Suryakencana No. 76, Langsa, PA 41220",Lemak & Minyak Hewani/Nabati (CPO),15,IDKBU,Kotabaru,34767.51,India,IN,MV KARSANA 20,0,1,0,0.4583333333333333,15,46,51
00443432,2026-01-07 08:00:00,PD Saputra Uyainah (Persero) Tbk,503056413953767,"Gang Erlangga No. 1, Pekalongan, Jawa Barat 19906",Bahan Bakar Mineral (Batubara/Minyak),27,IDTPE,Tanjung Perak,31388.92,Singapura,SG,MV KARSANA 20,0,1,0,0.8333333333333334,18,68,69
00892197,2026-01-08 03:00:00,PT Yulianti,801326773602606,"Jalan Moch. Toha No. 32, Sorong, MU 04177",Lemak & Minyak Hewani/Nabati (CPO),15,IDTPE,Tanjung Perak,11106.37,India,IN,MV KARSANA 20,0,1,0,0.7916666666666666,20,65,51
00305290,2026-01-09 08:00:00,PT Sirait Damanik,983930103105183,"Gang Rumah Sakit No. 817, Bekasi, Sulawesi Tenggara 74773",Sereal/Beras,10,IDTPP,Tanjung Priok,15074.17,Singapura,SG,MV KARSANA 20,0,1,0,1.2083333333333333,18,53,49
00584463,2026-01-11 03:00:00,PD Pudjiastuti Marbun,489638346578713,"Gg. Joyoboyo No. 73, Cirebon, Jambi 29016",Lemak & Minyak Hewani/Nabati (CPO),15,IDTPP,Tanjung Priok,28002.85,Singapura,SG,MV KARSANA 20,0,1,0,1.7916666666666667,15,57,66
00281591,2026-01-12 17:00:00,Perum Saptono Mustofa,513542784980841,"Jalan Surapati No. 6, Jambi, KB 51460",Sereal/Beras,10,IDBEL,Belawan,27792.64,China,CN,MV KARSANA 20,0,1,0,1.5833333333333333,25,58,61
00281789,2026-01-15 21:00:00,PD Prabowo (Persero) Tbk,997376311656670,"Gg. Dipenogoro No. 85, Sorong, Bali 55618",Mesin & Peralatan Elektrik,85,IDBEL,Belawan,8921.61,China,CN,MV KARSANA 20,0,0,0,3.1666666666666665,19,54,70
00923685,2026-01-16 07:00:00,PT Yulianti,801326773602606,"Jl. Dipenogoro No. 0, Payakumbuh, BA 69524",Sereal/Beras,10,IDTPE,Tanjung Perak,25177.04,India,IN,MV KARSANA 20,0,1,0,0.4166666666666667,13,66,64
00734263,2026-01-18 07:00:00,PD Manullang Tbk,048281489325288,"Jl. Jakarta No. 735, Lhokseumawe, SB 70512",Sereal/Beras,10,IDKBU,Kotabaru,23865.68,Jepang,JP,MV KARSANA 20,0,0,0,2.0,20,56,58
00218327,2026-01-20 00:00:00,UD Mandala Prayoga,884969653287101,"Gang R.E Martadinata No. 14, Makassar, KB 57871",Bahan Bakar Mineral (Batubara/Minyak),27,IDTPP,Tanjung Priok,48727.1,Singapura,SG,MV KARSANA 20,0,1,0,1.7083333333333333,15,75,69
00538778,2026-01-22 02:00:00,UD Mandala Prayoga,884969653287101,"Jalan Ciumbuleuit No. 2, Tegal, KT 24912",Bahan Bakar Mineral (Batubara/Minyak),27,IDTPP,Tanjung Priok,35242.75,China,CN,MV KARSANA 20,0,0,0,2.0833333333333335,15,75,75
00711799,2026-01-24 17:00:00,PD Pudjiastuti Marbun,489638346578713,"Jl. Lembong No. 4, Sawahlunto, AC 58867",Mesin & Peralatan Elektrik,85,IDKBU,Kotabaru,3440.25,India,IN,MV KARSANA 20,0,0,0,2.625,22,66,57
00797260,2026-01-24 20:00:00,PT Sirait Damanik,983930103105183,"Jalan R.E Martadinata No. 23, Metro, Aceh 36730",Lemak & Minyak Hewani/Nabati (CPO),15,IDTPE,Tanjung Perak,10264.5,Jepang,JP,MV KARSANA 20,0,1,0,0.125,15,65,56
00891069,2026-01-26 03:00:00,PD Suwarno Tbk,872343098050097,"Jl. Waringin No. 45, Sorong, Banten 47435",Mesin & Peralatan Elektrik,85,IDKBU,Kotabaru,37537.92,China,CN,MV KARSANA 20,0,1,0,1.2916666666666667,22,66,70
00917477,2026-01-28 14:00:00,UD Putra Tbk,346247510799118,"Jl. Yos Sudarso No. 934, Manado, Sulawesi Barat 20873",Lemak & Minyak Hewani/Nabati (CPO),15,IDTPP,Tanjung Priok,48536.18,Singapura,SG,MV KARSANA 20,0,0,0,2.4583333333333335,21,57,66
00385219,2026-02-04 04:00:00,PT Pradipta (Persero) Tbk,647525534192832,"Jl. Bangka Raya No. 0, Pematangsiantar, JT 22535",Bahan Bakar Mineral (Batubara/Minyak),27,IDTPE,Tanjung Perak,43755.14,India,IN,MV KARSANA 20,0,0,0,6.583333333333333,60,68,85
00599620,2026-02-09 22:00:00,PT Melani Hutapea,219136193990916,"Gg. Tubagus Ismail No. 385, Sorong, Sulawesi Tengah 34824",Sereal/Beras,10,IDTPE,Tanjung Perak,43409.31,Singapura,SG,MV KARSANA 20,0,0,0,5.75,21,66,49
00200952,2026-02-12 13:00:00,UD Mandala Prayoga,884969653287101,"Gang Cikapayang No. 758, Tasikmalaya, Papua 11305",Mesin & Peralatan Elektrik,85,IDTPE,Tanjung Perak,35898.64,India,IN,MV KARSANA 20,0,0,0,2.625,20,66,57
00459575,2026-02-15 18:00:00,PD Manullang Tbk,048281489325288,"Gang Ronggowarsito No. 00, Tegal, PA 58300",Bahan Bakar Mineral (Batubara/Minyak),27,IDTPE,Tanjung Perak,31835.18,Jepang,JP,MV KARSANA 20,0,0,0,3.2083333333333335,12,68,66
00699057,2026-02-20 03:00:00,UD Putra Tbk,346247510799118,"Jl. S. Parman No. 674, Tebingtinggi, Kalimantan Selatan 62934",Bahan Bakar Mineral (Batubara/Minyak),27,IDTPE,Tanjung Perak,3536.36,India,IN,MV KARSANA 20,0,0,0,4.375,20,68,85
00199639,2026-02-21 11:00:00,PT Pradipta (Persero) Tbk,647525534192832,"Gang W.R. Supratman No. 1, Tasikmalaya, Sulawesi Tengah 15921",Bahan Bakar Mineral (Batubara/Minyak),27,IDKBU,Kotabaru,48181.33,India,IN,MV KARSANA 20,0,1,0,1.3333333333333333,60,72,85
00559559,2026-02-24 02:00:00,PT Pradipta (Persero) Tbk,647525534192832,"Gg. Erlangga No. 7, Jayapura, Kalimantan Tengah 44762",Lemak & Minyak Hewani/Nabati (CPO),27,IDKBU,Kotabaru,36218.53,India,IN,MV KARSANA 20,0,0,0,2.625,60,72,85
00233629,2026-02-26 14:00:00,PD Manullang Tbk,048281489325288,"Jalan Abdul Muis No. 5, Padang Sidempuan, Sulawesi Selatan 32663",Lemak & Minyak Hewani/Nabati (CPO),15,IDTPE,Tanjung Perak,36004.04,Singapura,SG,MV KARSANA 20,0,0,0,2.5,24,65,66
00255966,2026-02-28 01:00:00,PT Waskita,513338726247317,"Jl. Sukajadi No. 1, Tual, Banten 07964",Sereal/Beras,10,IDKBU,Kotabaru,16263.52,Jepang,JP,MV KARSANA 20,0,1,0,1.4583333333333333,19,56,58
00301374,2026-02-28 18:00:00,Perum Saptono Mustofa,513542784980841,"Gg. Cikutra Timur No. 068, Meulaboh, YO 48198",Sereal/Beras,10,IDTPE,Tanjung Perak,1205.95,India,IN,MV KARSANA 20,0,1,0,0.7083333333333334,25,66,64
00697745,2026-03-02 22:00:00,Perum Saptono Mustofa,513542784980841,"Gang Jamika No. 945, Madiun, BB 14707",Sereal/Beras,10,IDKBU,Kotabaru,43676.88,Singapura,SG,MV KARSANA 20,0,0,0,2.1666666666666665,25,56,49
00984601,2026-01-06 19:00:00,Perum Saptono Mustofa,513542784980841,"Gg. BKR No. 5, Sibolga, Nusa Tenggara Barat 93059",Sereal/Beras,10,IDBEL,Belawan,39018.72,India,IN,MV KEZIA 20,0,0,0,,25,58,64
00651636,2026-01-10 15:00:00,PT Melani Hutapea,219136193990916,"Gang Kiaracondong No. 270, Padangpanjang, SB 88574",Lemak & Minyak Hewani/Nabati (CPO),15,IDBEL,Belawan,16799.37,India,IN,MV KEZIA 20,0,0,0,3.8333333333333335,17,66,51
00578514,2026-01-11 12:00:00,PD Manullang Tbk,048281489325288,"Gg. Sadang Serang No. 758, Kota Administrasi Jakarta Pusat, KR 49835",Bahan Bakar Mineral (Batubara/Minyak),27,IDKBU,Kotabaru,30389.93,Singapura,SG,MV KEZIA 20,0,1,0,0.875,12,72,69
00438160,2026-01-12 20:00:00,PT Waskita,513338726247317,"Gang Abdul Muis No. 71, Bengkulu, Sumatera Utara 92778",Sereal/Beras,10,IDTPP,Tanjung Priok,13751.58,Jepang,JP,MV KEZIA 20,0,1,0,1.3333333333333333,19,53,58
00879159,2026-01-15 01:00:00,PD Prabowo (Persero) Tbk,997376311656670,"Gang Rajawali Barat No. 6, Salatiga, Bengkulu 33412",Mesin & Peralatan Elektrik,85,IDTPP,Tanjung Priok,17291.8,Singapura,SG,MV KEZIA 20,0,0,0,2.2083333333333335,19,52,63
00311895,2026-01-18 09:00:00,PT Waskita,513338726247317,"Jl. Pasirkoja No. 869, Tebingtinggi, Lampung 37977",Sereal/Beras,10,IDTPE,Tanjung Perak,25967.72,Jepang,JP,MV KEZIA 20,0,0,0,3.3333333333333335,19,66,58
00350301,2026-01-20 13:00:00,CV Zulaika Anggraini,916697848018451,"Jalan Gegerkalong Hilir No. 467, Sibolga, MA 87430",Sereal/Beras,10,IDBEL,Belawan,4695.33,Jepang,JP,MV KEZIA 20,0,0,0,2.1666666666666665,12,58,58
00626651,2026-01-20 17:00:00,PD Prabowo (Persero) Tbk,997376311656670,"Jalan Dipatiukur No. 7, Blitar, Sumatera Utara 77113",Mesin & Peralatan Elektrik,85,IDBEL,Belawan,36522.14,Singapura,SG,MV KEZIA 20,0,1,0,0.16666666666666666,19,54,63
00764983,2026-01-20 17:00:00,PD Manullang Tbk,048281489325288,"Gang Cihampelas No. 6, Bandar Lampung, Banten 04365",Bahan Bakar Mineral (Batubara/Minyak),27,IDTPP,Tanjung Priok,48018.13,Singapura,SG,MV KEZIA 20,0,1,0,0.0,12,75,69
00721829,2026-01-21 11:00:00,Perum Saptono Mustofa,513542784980841,"Gg. Laswi No. 40, Depok, Jambi 39363",Bahan Bakar Mineral (Batubara/Minyak),27,IDTPP,Tanjung Priok,33758.03,Singapura,SG,MV KEZIA 20,0,1,0,0.75,24,75,69
00159657,2026-01-25 17:00:00,PT Waskita,513338726247317,"Jalan HOS. Cokroaminoto No. 8, Lhokseumawe, BA 93751",Lemak & Minyak Hewani/Nabati (CPO),15,IDTPP,Tanjung Priok,12932.11,Singapura,SG,MV KEZIA 20,0,0,0,4.25,15,57,66
00458738,2026-01-27 12:00:00,PD Prabowo (Persero) Tbk,997376311656670,"Jl. Rajiman No. 1, Kendari, Sulawesi Tengah 63531",Bahan Bakar Mineral (Batubara/Minyak),27,IDBEL,Belawan,17840.41,Jepang,JP,MV KEZIA 20,0,1,0,1.7916666666666667,12,80,66
00932835,2026-01-29 09:00:00,PT Melani Hutapea,219136193990916,"Jl. Ciwastra No. 783, Semarang, SU 19267",Mesin & Peralatan Elektrik,85,IDBEL,Belawan,31192.0,India,IN,MV KEZIA 20,0,1,0,1.875,19,54,57
00680745,2026-01-30 06:00:00,PD Suwarno Tbk,872343098050097,"Gg. Pacuan Kuda No. 136, Langsa, KB 17647",Sereal/Beras,10,IDTPE,Tanjung Perak,48847.46,China,CN,MV KEZIA 20,0,1,0,0.875,14,66,61
00573617,2026-01-30 11:00:00,PT Pradipta (Persero) Tbk,647525534192832,"Jl. Jayawijaya No. 402, Bogor, Kepulauan Riau 33810",Sereal/Beras,27,IDBEL,Belawan,15745.93,India,IN,MV KEZIA 20,0,1,0,0.20833333333333334,60,80,85
00727481,2026-01-31 07:00:00,Perum Sinaga,701543039117182,"Jalan Raya Setiabudhi No. 51, Pagaralam, Kepulauan Bangka Belitung 86959",Lemak & Minyak Hewani/Nabati (CPO),15,IDKBU,Kotabaru,29215.36,Singapura,SG,MV KEZIA 20,0,1,0,0.8333333333333334,16,46,66
00206040,2026-02-02 01:00:00,PT Melani Hutapea,219136193990916,"Jl. Wonoayu No. 88, Pangkalpinang, Kalimantan Tengah 03127",Mesin & Peralatan Elektrik,85,IDKBU,Kotabaru,42728.06,India,IN,MV KEZIA 20,0,1,0,1.75,19,66,57
00120124,2026-02-06 00:00:00,PD Suwarno Tbk,872343098050097,"Gg. S. Parman No. 88, Balikpapan, KB 00915",Sereal/Beras,10,IDKBU,Kotabaru,18825.63,Singapura,SG,MV KEZIA 20,0,0,0,3.9583333333333335,14,56,49
00603216,2026-02-06 05:00:00,UD Putra Tbk,346247510799118,"Gang HOS. Cokroaminoto No. 9, Cirebon, Kalimantan Selatan 03070",Mesin & Peralatan Elektrik,85,IDTPE,Tanjung Perak,6210.22,India,IN,MV KEZIA 20,0,1,0,0.20833333333333334,14,66,57
00807438,2026-02-08 03:00:00,PD Pudjiastuti Marbun,489638346578713,"Jalan Rawamangun No. 5, Salatiga, Papua Barat 51502",Mesin & Peralatan Elektrik,85,IDTPE,Tanjung Perak,9910.48,China,CN,MV KEZIA 20,0,1,0,1.9166666666666667,22,66,70
00426077,2026-02-11 12:00:00,PT Yulianti,801326773602606,"Gg. Joyoboyo No. 266, Banjarmasin, Gorontalo 72018",Sereal/Beras,10,IDBEL,Belawan,6108.68,India,IN,MV KEZIA 20,0,0,0,3.375,13,58,64
00482052,2026-02-13 19:00:00,Perum Saptono Mustofa,513542784980841,"Gg. Kendalsari No. 40, Surakarta, RI 82029",Sereal/Beras,10,IDBEL,Belawan,46675.76,China,CN,MV KEZIA 20,0,0,0,2.2916666666666665,25,58,61
00567346,2026-02-14 01:00:00,PT Sirait Damanik,983930103105183,"Jl. Cihampelas No. 3, Tarakan, Sulawesi Tengah 18954",Sereal/Beras,10,IDTPE,Tanjung Perak,6172.07,Jepang,JP,MV KEZIA 20,0,1,0,0.25,18,66,58
00405063,2026-02-14 12:00:00,UD Mandala Prayoga,884969653287101,"Gg. Indragiri No. 0, Bogor, Maluku Utara 73377",Lemak & Minyak Hewani/Nabati (CPO),15,IDTPP,Tanjung Priok,49309.26,India,IN,MV KEZIA 20,0,1,0,0.4583333333333333,18,57,51
00842790,2026-02-14 23:00:00,UD Putra Tbk,346247510799118,"Jalan Cikutra Timur No. 5, Tebingtinggi, Kepulauan Riau 09762",Lemak & Minyak Hewani/Nabati (CPO),15,IDKBU,Kotabaru,38340.97,Jepang,JP,MV KEZIA 20,0,1,0,0.4583333333333333,21,46,56
00651911,2026-02-15 10:00:00,PT Pradipta (Persero) Tbk,647525534192832,"Gg. Gegerkalong Hilir No. 0, Surakarta, Jambi 56049",Sereal/Beras,27,IDBEL,Belawan,35330.22,China,CN,MV KEZIA 20,0,1,0,0.4583333333333333,60,80,75
00401227,2026-02-16 05:00:00,Perum Sinaga,701543039117182,"Gang Kendalsari No. 8, Purwokerto, Sulawesi Tengah 77434",Bahan Bakar Mineral (Batubara/Minyak),27,IDKBU,Kotabaru,44157.48,China,CN,MV KEZIA 20,0,1,0,0.7916666666666666,18,72,75
00169860,2026-02-17 07:00:00,PD Prabowo (Persero) Tbk,997376311656670,"Gang Peta No. 89, Salatiga, Sumatera Barat 00170",Mesin & Peralatan Elektrik,85,IDTPE,Tanjung Perak,47024.3,India,IN,MV KEZIA 20,0,1,0,1.0833333333333333,19,66,57
00737095,2026-02-23 18:00:00,CV Zulaika Anggraini,916697848018451,"Gg. Pasteur No. 3, Banjarmasin, MU 56676",Bahan Bakar Mineral (Batubara/Minyak),27,IDBEL,Belawan,19626.92,Jepang,JP,MV KEZIA 20,0,0,0,6.458333333333333,16,80,66
00530189,2026-02-23 22:00:00,UD Mandala Prayoga,884969653287101,"Jalan Erlangga No. 9, Bandung, DKI Jakarta 55616",Lemak & Minyak Hewani/Nabati (CPO),15,IDTPP,Tanjung Priok,4415.6,China,CN,MV KEZIA 20,0,1,0,0.16666666666666666,18,57,61
00249516,2026-02-25 16:00:00,PD Manullang Tbk,048281489325288,"Gang Cikapayang No. 0, Yogyakarta, Papua Barat 35331",Bahan Bakar Mineral (Batubara/Minyak),27,IDTPP,Tanjung Priok,15147.21,India,IN,MV KEZIA 20,0,1,0,1.75,12,75,85
00944582,2026-02-28 10:00:00,Perum Saptono Mustofa,513542784980841,"Gg. Merdeka No. 5, Sungai Penuh, KS 92323",Bahan Bakar Mineral (Batubara/Minyak),27,IDTPE,Tanjung Perak,49554.36,India,IN,MV KEZIA 20,0,0,0,2.75,24,68,85
00166039,2026-03-02 07:00:00,PT Pradipta (Persero) Tbk,647525534192832,"Gg. Jakarta No. 117, Tual, Banten 59579",Sereal/Beras,27,IDBEL,Belawan,4025.34,Jepang,JP,MV KEZIA 20,0,1,0,1.875,60,80,66
00640814,2026-01-03 22:00:00,UD Mandala Prayoga,884969653287101,"Gang Yos Sudarso No. 1, Solok, Gorontalo 30021",Mesin & Peralatan Elektrik,85,IDBEL,Belawan,29827.33,India,IN,MV LANGGENG 87,0,0,0,,20,54,57
00509965,2026-01-05 07:00:00,PD Prabowo (Persero) Tbk,997376311656670,"Gang Suryakencana No. 454, Yogyakarta, DKI Jakarta 80262",Bahan Bakar Mineral (Batubara/Minyak),27,IDKBU,Kotabaru,45465.51,China,CN,MV LANGGENG 87,0,1,0,1.375,12,72,75
00611343,2026-01-14 12:00:00,PT Pradipta (Persero) Tbk,647525534192832,"Jl. Suniaraja No. 341, Sungai Penuh, Kalimantan Tengah 06153",Bahan Bakar Mineral (Batubara/Minyak),27,IDKBU,Kotabaru,24510.88,China,CN,MV LANGGENG 87,0,0,0,9.208333333333334,60,72,75
00643324,2026-01-14 18:00:00,PT Sirait Damanik,983930103105183,"Gang PHH. Mustofa No. 640, Sibolga, Sumatera Barat 39533",Lemak & Minyak Hewani/Nabati (CPO),15,IDTPE,Tanjung Perak,26659.75,Singapura,SG,MV LANGGENG 87,0,1,0,0.25,15,65,66
00267091,2026-01-21 03:00:00,PD Manullang Tbk,048281489325288,"Gang Wonoayu No. 15, Denpasar, Jambi 67467",Lemak & Minyak Hewani/Nabati (CPO),15,IDTPP,Tanjung Priok,41795.31,India,IN,MV LANGGENG 87,0,0,0,6.375,24,57,51
00702345,2026-01-22 23:00:00,PD Suwarno Tbk,872343098050097,"Jalan Cikutra Barat No. 767, Gorontalo, NB 55562",Mesin & Peralatan Elektrik,85,IDTPP,Tanjung Priok,12150.2,Jepang,JP,MV LANGGENG 87,0,1,0,1.8333333333333333,22,52,48
00135228,2026-01-23 15:00:00,PT Waskita,513338726247317,"Jalan Cikutra Timur No. 1, Jayapura, Riau 61347",Sereal/Beras,10,IDBEL,Belawan,32444.44,Jepang,JP,MV LANGGENG 87,0,1,0,0.6666666666666666,19,58,58
00738738,2026-01-24 08:00:00,UD Mandala Prayoga,884969653287101,"Gg. Kiaracondong No. 9, Banjarbaru, SG 16451",Bahan Bakar Mineral (Batubara/Minyak),27,IDBEL,Belawan,38552.95,Singapura,SG,MV LANGGENG 87,0,1,0,0.7083333333333334,15,80,69
00753510,2026-01-25 01:00:00,UD Mandala Prayoga,884969653287101,"Gang Jamika No. 402, Bitung, NB 79980",Lemak & Minyak Hewani/Nabati (CPO),15,IDTPP,Tanjung Priok,31324.84,Singapura,SG,MV LANGGENG 87,0,1,0,0.7083333333333334,18,57,66
00456885,2026-01-25 17:00:00,Perum Saptono Mustofa,513542784980841,"Gg. Gedebage Selatan No. 1, Batam, Nusa Tenggara Barat 55423",Sereal/Beras,10,IDBEL,Belawan,47868.0,India,IN,MV LANGGENG 87,0,1,0,0.6666666666666666,25,58,64
00308347,2026-01-29 00:00:00,PT Yulianti,801326773602606,"Gang Raya Setiabudhi No. 55, Kota Administrasi Jakarta Timur, Kalimantan Timur 32912",Sereal/Beras,10,IDBEL,Belawan,8946.33,Singapura,SG,MV LANGGENG 87,0,0,0,3.2916666666666665,13,58,49
00619652,2026-01-29 19:00:00,PT Waskita,513338726247317,"Jl. Sentot Alibasa No. 8, Malang, Aceh 44694",Sereal/Beras,10,IDKBU,Kotabaru,44397.58,India,IN,MV LANGGENG 87,0,1,0,0.7916666666666666,19,56,64
00880958,2026-01-30 13:00:00,PD Pudjiastuti Marbun,489638346578713,"Jalan R.E Martadinata No. 0, Bekasi, Kepulauan Riau 11363",Lemak & Minyak Hewani/Nabati (CPO),15,IDBEL,Belawan,19406.3,China,CN,MV LANGGENG 87,0,1,0,0.75,15,66,61
00538385,2026-02-01 06:00:00,PT Melani Hutapea,219136193990916,"Gg. Rajiman No. 32, Banda Aceh, KI 23098",Bahan Bakar Mineral (Batubara/Minyak),27,IDKBU,Kotabaru,13110.86,India,IN,MV LANGGENG 87,0,1,0,1.7083333333333333,9,72,85
00840413,2026-02-02 01:00:00,PT Sirait Damanik,983930103105183,"Jl. KH Amin Jasuta No. 41, Sibolga, SB 99625",Mesin & Peralatan Elektrik,85,IDBEL,Belawan,43356.51,India,IN,MV LANGGENG 87,0,1,0,0.7916666666666666,13,54,57
00697358,2026-02-09 10:00:00,CV Zulaika Anggraini,916697848018451,"Jl. K.H. Wahid Hasyim No. 62, Kota Administrasi Jakarta Barat, YO 55251",Lemak & Minyak Hewani/Nabati (CPO),15,IDBEL,Belawan,15960.4,India,IN,MV LANGGENG 87,0,0,0,7.375,11,66,51
00874111,2026-02-12 21:00:00,PD Pudjiastuti Marbun,489638346578713,"Jalan R.E Martadinata No. 51, Madiun, LA 79627",Sereal/Beras,10,IDTPE,Tanjung Perak,29017.54,Jepang,JP,MV LANGGENG 87,0,0,0,3.4583333333333335,17,66,58
00602846,2026-02-14 08:00:00,Perum Saptono Mustofa,513542784980841,"Gg. Rajiman No. 22, Jayapura, BT 04633",Lemak & Minyak Hewani/Nabati (CPO),15,IDBEL,Belawan,33989.48,China,CN,MV LANGGENG 87,0,1,0,1.4583333333333333,15,66,61
00737522,2026-02-15 16:00:00,PD Prabowo (Persero) Tbk,997376311656670,"Gang H.J Maemunah No. 254, Pangkalpinang, KB 79799",Lemak & Minyak Hewani/Nabati (CPO),15,IDKBU,Kotabaru,35832.46,Singapura,SG,MV LANGGENG 87,0,1,0,1.3333333333333333,15,46,66
00179379,2026-02-16 10:00:00,CV Zulaika Anggraini,916697848018451,"Gang Rajawali Barat No. 000, Prabumulih, Papua Barat 87066",Sereal/Beras,10,IDTPE,Tanjung Perak,30750.2,China,CN,MV LANGGENG 87,0,1,0,0.75,12,66,61
00893098,2026-02-16 22:00:00,UD Mandala Prayoga,884969653287101,"Gg. Gedebage Selatan No. 97, Bekasi, Nusa Tenggara Barat 91149",Sereal/Beras,10,IDTPP,Tanjung Priok,47212.98,China,CN,MV LANGGENG 87,0,1,0,0.5,16,53,61
00820923,2026-02-17 23:00:00,UD Putra Tbk,346247510799118,"Gg. Gedebage Selatan No. 27, Kediri, PB 11554",Sereal/Beras,10,IDTPP,Tanjung Priok,22779.98,India,IN,MV LANGGENG 87,0,1,0,1.0416666666666667,18,53,64
00321574,2026-02-18 13:00:00,UD Mandala Prayoga,884969653287101,"Gang Surapati No. 15, Lubuklinggau, Kepulauan Bangka Belitung 27111",Sereal/Beras,10,IDTPP,Tanjung Priok,27770.79,China,CN,MV LANGGENG 87,0,1,0,0.5833333333333334,16,53,61
00655287,2026-02-19 17:00:00,UD Putra Tbk,346247510799118,"Gang Medokan Ayu No. 25, Tomohon, LA 26355",Sereal/Beras,10,IDBEL,Belawan,25063.42,Jepang,JP,MV LANGGENG 87,0,1,0,1.1666666666666667,18,58,58
00606788,2026-02-20 15:00:00,PD Saputra Uyainah (Persero) Tbk,503056413953767,"Gg. W.R. Supratman No. 655, Kota Administrasi Jakarta Utara, ST 92931",Sereal/Beras,10,IDKBU,Kotabaru,40634.55,Singapura,SG,MV LANGGENG 87,0,1,0,0.9166666666666666,15,56,49
00885061,2026-02-21 22:00:00,PD Suwarno Tbk,872343098050097,"Gang Jayawijaya No. 5, Kota Administrasi Jakarta Selatan, PA 71753",Lemak & Minyak Hewani/Nabati (CPO),15,IDTPP,Tanjung Priok,9490.31,India,IN,MV LANGGENG 87,0,1,0,1.2916666666666667,14,57,51
00990979,2026-02-26 16:00:00,PD Saputra Uyainah (Persero) Tbk,503056413953767,"Jl. Ahmad Yani No. 51, Tanjungbalai, JK 84781",Lemak & Minyak Hewani/Nabati (CPO),15,IDTPE,Tanjung Perak,14503.43,Singapura,SG,MV LANGGENG 87,0,0,0,4.75,18,65,66
00560512,2026-02-26 18:00:00,PD Saputra Uyainah (Persero) Tbk,503056413953767,"Jalan Kutisari Selatan No. 5, Pagaralam, NB 08424",Bahan Bakar Mineral (Batubara/Minyak),27,IDBEL,Belawan,44673.23,India,IN,MV LANGGENG 87,0,1,0,0.08333333333333333,18,80,85
00395077,2026-02-26 21:00:00,PT Yulianti,801326773602606,"Jl. Rajawali Timur No. 325, Payakumbuh, Papua Barat 76927",Sereal/Beras,10,IDTPP,Tanjung Priok,24655.47,Jepang,JP,MV LANGGENG 87,0,1,0,0.125,13,53,58
00455211,2026-01-01 00:00:00,CV Zulaika Anggraini,916697848018451,"Gang Cikapayang No. 06, Cilegon, BE 78436",Bahan Bakar Mineral (Batubara/Minyak),27,IDTPE,Tanjung Perak,28800.79,China,CN,MV MALIK 51,0,0,0,,16,68,75
00841782,2026-01-03 11:00:00,PT Pradipta (Persero) Tbk,983930103105183,"Jalan Gegerkalong Hilir No. 3, Tual, Kalimantan Tengah 35290",Sereal/Beras,10,IDKBU,Kotabaru,1944.3,India,IN,MV MALIK 51,0,0,1,2.4583333333333335,1,56,64
00614591,2026-01-06 19:00:00,UD Putra Tbk,346247510799118,"Jl. Suryakencana No. 44, Padang, PB 99353",Lemak & Minyak Hewani/Nabati (CPO),15,IDKBU,Kotabaru,24003.75,Jepang,JP,MV MALIK 51,0,0,0,3.3333333333333335,21,46,56
00131438,2026-01-08 23:00:00,PD Suwarno Tbk,872343098050097,"Gang Sentot Alibasa No. 404, Malang, ST 73384",Mesin & Peralatan Elektrik,85,IDTPE,Tanjung Perak,7335.51,Jepang,JP,MV MALIK 51,0,0,0,2.1666666666666665,22,66,48
00376188,2026-01-09 10:00:00,CV Zulaika Anggraini,916697848018451,"Gg. Ciwastra No. 6, Sorong, Jawa Tengah 51168",Mesin & Peralatan Elektrik,85,IDKBU,Kotabaru,5112.52,China,CN,MV MALIK 51,0,1,0,0.4583333333333333,20,66,70
00122061,2026-01-11 15:00:00,UD Mandala Prayoga,884969653287101,"Jalan Rungkut Industri No. 71, Batu, BB 75374",Mesin & Peralatan Elektrik,85,IDBEL,Belawan,42918.56,Singapura,SG,MV MALIK 51,0,0,0,2.2083333333333335,20,54,63
00445098,2026-01-11 21:00:00,PT Waskita,513338726247317,"Jalan Laswi No. 35, Kota Administrasi Jakarta Utara, NB 32593",Sereal/Beras,10,IDBEL,Belawan,45481.32,India,IN,MV MALIK 51,0,1,0,0.25,19,58,64
00812745,2026-01-12 04:00:00,PT Pradipta (Persero) Tbk,647525534192832,"Jl. Asia Afrika No. 32, Binjai, LA 41036",Bahan Bakar Mineral (Batubara/Minyak),27,IDBEL,Belawan,26997.42,China,CN,MV MALIK 51,0,1,0,0.2916666666666667,60,80,75
00710380,2026-01-12 12:00:00,PT Yulianti,801326773602606,"Gang Pasir Koja No. 8, Surakarta, KB 82973",Lemak & Minyak Hewani/Nabati (CPO),15,IDTPE,Tanjung Perak,45857.76,India,IN,MV MALIK 51,0,1,0,0.3333333333333333,20,65,51
00107332,2026-01-15 10:00:00,PT Melani Hutapea,219136193990916,"Gang Soekarno Hatta No. 56, Prabumulih, KR 77225",Bahan Bakar Mineral (Batubara/Minyak),27,IDTPE,Tanjung Perak,44783.48,China,CN,MV MALIK 51,0,0,0,2.9166666666666665,9,68,75
00252657,2026-01-17 00:00:00,PD Prabowo (Persero) Tbk,997376311656670,"Jalan Kapten Muslihat No. 961, Kediri, KS 42605",Lemak & Minyak Hewani/Nabati (CPO),15,IDTPE,Tanjung Perak,27608.55,Jepang,JP,MV MALIK 51,0,1,0,1.5833333333333333,15,65,56
00723175,2026-01-17 01:00:00,Perum Saptono Mustofa,513542784980841,"Gg. Sukajadi No. 539, Palangkaraya, Nusa Tenggara Barat 21971",Mesin & Peralatan Elektrik,85,IDTPP,Tanjung Priok,29942.69,India,IN,MV MALIK 51,0,1,0,0.041666666666666664,16,52,57
00428047,2026-01-17 19:00:00,PT Sirait Damanik,983930103105183,"Jalan Erlangga No. 20, Sukabumi, Lampung 49297",Bahan Bakar Mineral (Batubara/Minyak),27,IDTPE,Tanjung Perak,38890.71,India,IN,MV MALIK 51,0,1,0,0.75,20,68,85
00877206,2026-01-18 14:00:00,PD Prabowo (Persero) Tbk,997376311656670,"Gang Abdul Muis No. 30, Surabaya, JB 47951",Sereal/Beras,10,IDKBU,Kotabaru,10224.2,India,IN,MV MALIK 51,0,1,0,0.7916666666666666,16,56,64
00742016,2026-01-20 05:00:00,PT Melani Hutapea,219136193990916,"Gg. Pacuan Kuda No. 9, Tarakan, SG 75784",Sereal/Beras,10,IDKBU,Kotabaru,47691.62,China,CN,MV MALIK 51,0,1,0,1.625,21,56,61
00435551,2026-01-20 10:00:00,CV Zulaika Anggraini,916697848018451,"Jl. K.H. Wahid Hasyim No. 1, Lubuklinggau, BA 03571",Mesin & Peralatan Elektrik,85,IDTPP,Tanjung Priok,27511.15,Jepang,JP,MV MALIK 51,0,1,0,0.20833333333333334,20,52,48
00754326,2026-01-22 01:00:00,PD Manullang Tbk,048281489325288,"Jl. Gegerkalong Hilir No. 040, Mojokerto, BB 88044",Lemak & Minyak Hewani/Nabati (CPO),15,IDBEL,Belawan,25553.84,India,IN,MV MALIK 51,0,1,0,1.625,24,66,51
00700783,2026-01-22 20:00:00,PT Pradipta (Persero) Tbk,647525534192832,"Jl. Moch. Toha No. 5, Meulaboh, BT 75571",Lemak & Minyak Hewani/Nabati (CPO),27,IDBEL,Belawan,26612.81,Jepang,JP,MV MALIK 51,0,1,0,0.7916666666666666,60,80,66
00633110,2026-01-23 05:00:00,PD Pudjiastuti Marbun,489638346578713,"Gg. Jend. Sudirman No. 4, Bima, SN 56981",Sereal/Beras,10,IDKBU,Kotabaru,21071.45,China,CN,MV MALIK 51,0,1,0,0.375,17,56,61
00559292,2026-01-23 05:00:00,CV Zulaika Anggraini,916697848018451,"Jalan M.T Haryono No. 638, Padang, Kepulauan Riau 21269",Bahan Bakar Mineral (Batubara/Minyak),27,IDBEL,Belawan,46446.98,Jepang,JP,MV MALIK 51,0,1,0,0.0,16,80,66
00452699,2026-01-24 05:00:00,UD Putra Tbk,346247510799118,"Gang K.H. Wahid Hasyim No. 7, Jayapura, MA 70866",Lemak & Minyak Hewani/Nabati (CPO),15,IDKBU,Kotabaru,28461.18,China,CN,MV MALIK 51,0,1,0,1.0,21,46,61
00730526,2026-01-24 19:00:00,UD Putra Tbk,346247510799118,"Gg. Tebet Barat Dalam No. 61, Denpasar, Riau 28975",Mesin & Peralatan Elektrik,85,IDTPP,Tanjung Priok,26238.07,Singapura,SG,MV MALIK 51,0,1,0,0.5833333333333334,14,52,63
00548839,2026-01-27 19:00:00,PD Saputra Uyainah (Persero) Tbk,503056413953767,"Gang Rungkut Industri No. 763, Prabumulih, KU 92944",Bahan Bakar Mineral (Batubara/Minyak),27,IDKBU,Kotabaru,4242.6,India,IN,MV MALIK 51,0,0,0,3.0,18,72,85
00114232,2026-01-28 02:00:00,Perum Sinaga,701543039117182,"Gg. Soekarno Hatta No. 85, Dumai, Sumatera Selatan 80002",Mesin & Peralatan Elektrik,85,IDBEL,Belawan,38082.44,Singapura,SG,MV MALIK 51,0,1,0,0.2916666666666667,13,54,63
00658350,2026-01-30 07:00:00,PD Saputra Uyainah (Persero) Tbk,503056413953767,"Jl. Pacuan Kuda No. 833, Bengkulu, SR 71208",Mesin & Peralatan Elektrik,85,IDTPE,Tanjung Perak,21128.28,Singapura,SG,MV MALIK 51,0,0,0,2.2083333333333335,16,66,63
00724232,2026-02-02 10:00:00,UD Mandala Prayoga,884969653287101,"Gang Rajiman No. 4, Sukabumi, Papua Barat 56527",Mesin & Peralatan Elektrik,85,IDKBU,Kotabaru,21065.34,Singapura,SG,MV MALIK 51,0,0,0,3.125,20,66,63
00548600,2026-02-06 00:00:00,UD Putra Tbk,346247510799118,"Jl. Dipatiukur No. 2, Surabaya, Kalimantan Barat 24471",Sereal/Beras,10,IDTPP,Tanjung Priok,33648.75,Jepang,JP,MV MALIK 51,0,0,0,3.5833333333333335,18,53,58
00460280,2026-02-09 08:00:00,CV Zulaika Anggraini,916697848018451,"Jl. Raya Ujungberung No. 135, Pekanbaru, Bengkulu 42067",Bahan Bakar Mineral (Batubara/Minyak),27,IDKBU,Kotabaru,15704.84,India,IN,MV MALIK 51,0,0,0,3.3333333333333335,16,72,85
00216941,2026-02-11 07:00:00,PD Manullang Tbk,048281489325288,"Gang Gardujati No. 082, Mataram, PA 34396",Sereal/Beras,10,IDTPE,Tanjung Perak,45264.35,China,CN,MV MALIK 51,0,1,0,1.9583333333333333,20,66,61
00440000,2026-02-14 21:00:00,PD Saputra Uyainah (Persero) Tbk,503056413953767,"Jalan Dipenogoro No. 882, Serang, Banten 07053",Lemak & Minyak Hewani/Nabati (CPO),15,IDTPP,Tanjung Priok,20086.62,India,IN,MV MALIK 51,0,0,0,3.5833333333333335,18,57,51
00263443,2026-02-15 09:00:00,UD Putra Tbk,346247510799118,"Jl. Raya Setiabudhi No. 341, Medan, Jawa Tengah 69296",Lemak & Minyak Hewani/Nabati (CPO),15,IDKBU,Kotabaru,34475.79,India,IN,MV MALIK 51,0,1,0,0.5,21,46,51
00951616,2026-02-20 01:00:00,PD Prabowo (Persero) Tbk,997376311656670,"Gang Cihampelas No. 35, Bengkulu, Jawa Timur 13361",Mesin & Peralatan Elektrik,85,IDTPP,Tanjung Priok,23549.97,Singapura,SG,MV MALIK 51,0,0,0,4.666666666666667,19,52,63
00964973,2026-02-21 12:00:00,PT Melani Hutapea,219136193990916,"Gang PHH. Mustofa No. 20, Tegal, BB 79290",Mesin & Peralatan Elektrik,85,IDKBU,Kotabaru,39869.01,India,IN,MV MALIK 51,0,1,0,1.4583333333333333,19,66,57
00771942,2026-02-22 00:00:00,Perum Saptono Mustofa,513542784980841,"Gang Cihampelas No. 8, Padang, Kalimantan Selatan 46249",Mesin & Peralatan Elektrik,85,IDTPE,Tanjung Perak,37115.26,China,CN,MV MALIK 51,0,1,0,0.5,16,66,70
00164960,2026-02-28 03:00:00,PD Manullang Tbk,048281489325288,"Gang R.E Martadinata No. 02, Parepare, Bengkulu 60166",Sereal/Beras,10,IDKBU,Kotabaru,40500.5,China,CN,MV MALIK 51,0,0,0,6.125,20,56,61
00412662,2026-01-01 05:00:00,PD Suwarno Tbk,872343098050097,"Gang Sadang Serang No. 521, Pontianak, SS 55231",Lemak & Minyak Hewani/Nabati (CPO),15,IDKBU,Kotabaru,46458.19,Singapura,SG,MV MAMAN 74,0,0,0,,14,46,66
00941361,2026-01-01 07:00:00,PT Melani Hutapea,219136193990916,"Jl. Suniaraja No. 292, Pematangsiantar, Sulawesi Utara 43474",Sereal/Beras,10,IDTPE,Tanjung Perak,49639.27,Singapura,SG,MV MAMAN 74,0,1,0,0.08333333333333333,21,66,49
00449533,2026-01-02 16:00:00,Perum Sinaga,701543039117182,"Gg. K.H. Wahid Hasyim No. 513, Gorontalo, Aceh 63140",Bahan Bakar Mineral (Batubara/Minyak),27,IDBEL,Belawan,36147.69,China,CN,MV MAMAN 74,0,1,0,1.375,18,80,75
00711025,2026-01-03 09:00:00,PD Manullang Tbk,048281489325288,"Jalan Jend. Sudirman No. 9, Ternate, Sulawesi Utara 03731",Mesin & Peralatan Elektrik,85,IDTPE,Tanjung Perak,2053.56,China,CN,MV MAMAN 74,0,1,0,0.7083333333333334,16,66,70
00435702,2026-01-06 14:00:00,CV Zulaika Anggraini,916697848018451,"Gang Jakarta No. 00, Malang, LA 80774",Mesin & Peralatan Elektrik,85,IDTPE,Tanjung Perak,34667.04,China,CN,MV MAMAN 74,0,0,0,3.2083333333333335,20,66,70
00891468,2026-01-06 17:00:00,PD Prabowo (Persero) Tbk,997376311656670,"Jl. Sukajadi No. 5, Kupang, SN 98931",Lemak & Minyak Hewani/Nabati (CPO),15,IDTPE,Tanjung Perak,34453.52,Singapura,SG,MV MAMAN 74,0,1,0,0.125,15,65,66
00757104,2026-01-11 07:00:00,UD Putra Tbk,346247510799118,"Gang Rawamangun No. 72, Ternate, PB 02562",Lemak & Minyak Hewani/Nabati (CPO),15,IDBEL,Belawan,41977.18,India,IN,MV MAMAN 74,0,0,0,4.583333333333333,21,66,51
00163301,2026-01-11 15:00:00,PD Pudjiastuti Marbun,489638346578713,"Jalan Pacuan Kuda No. 9, Bau-Bau, Maluku Utara 90705",Mesin & Peralatan Elektrik,85,IDTPE,Tanjung Perak,17356.11,Jepang,JP,MV MAMAN 74,0,1,0,0.3333333333333333,22,66,48
00745728,2026-01-13 09:00:00,PT Waskita,513338726247317,"Jalan Cikutra Barat No. 5, Bandar Lampung, Bengkulu 61526",Bahan Bakar Mineral (Batubara/Minyak),27,IDTPE,Tanjung Perak,47981.31,India,IN,MV MAMAN 74,0,1,0,1.75,14,68,85
00372534,2026-01-13 14:00:00,PT Waskita,513338726247317,"Jl. M.H Thamrin No. 449, Tasikmalaya, Nusa Tenggara Barat 48740",Mesin & Peralatan Elektrik,85,IDBEL,Belawan,21047.26,Singapura,SG,MV MAMAN 74,0,1,0,0.20833333333333334,13,54,63
00880996,2026-01-15 03:00:00,UD Putra Tbk,346247510799118,"Jl. Otto Iskandardinata No. 73, Banjar, Maluku Utara 16484",Sereal/Beras,10,IDTPE,Tanjung Perak,5987.8,China,CN,MV MAMAN 74,0,1,0,1.5416666666666667,18,66,61
00125003,2026-01-16 21:00:00,PT Waskita,513338726247317,"Jl. Cikapayang No. 5, Gorontalo, SN 59701",Sereal/Beras,10,IDKBU,Kotabaru,40176.18,India,IN,MV MAMAN 74,0,1,0,1.75,19,56,64
00205320,2026-01-16 23:00:00,Perum Sinaga,701543039117182,"Gg. PHH. Mustofa No. 107, Cilegon, SG 77262",Mesin & Peralatan Elektrik,85,IDTPE,Tanjung Perak,22871.45,Jepang,JP,MV MAMAN 74,0,1,0,0.08333333333333333,13,66,48
00360830,2026-01-18 04:00:00,PD Suwarno Tbk,872343098050097,"Jl. Medokan Ayu No. 3, Lhokseumawe, AC 13171",Bahan Bakar Mineral (Batubara/Minyak),27,IDTPP,Tanjung Priok,22374.31,India,IN,MV MAMAN 74,0,1,0,1.2083333333333333,21,75,85
00335803,2026-01-18 13:00:00,Perum Sinaga,701543039117182,"Gg. Tebet Barat Dalam No. 20, Tangerang, GO 78112",Bahan Bakar Mineral (Batubara/Minyak),27,IDBEL,Belawan,45790.77,China,CN,MV MAMAN 74,0,1,0,0.375,18,80,75
00876623,2026-01-19 04:00:00,PT Waskita,513338726247317,"Jalan Stasiun Wonokromo No. 6, Kota Administrasi Jakarta Pusat, JT 19254",Sereal/Beras,10,IDBEL,Belawan,47301.43,Singapura,SG,MV MAMAN 74,0,1,0,0.625,19,58,49
00340733,2026-01-22 00:00:00,PD Manullang Tbk,048281489325288,"Jl. Waringin No. 68, Bogor, Aceh 77425",Lemak & Minyak Hewani/Nabati (CPO),15,IDBEL,Belawan,41990.67,Jepang,JP,MV MAMAN 74,0,0,0,2.8333333333333335,24,66,56
00171820,2026-01-26 23:00:00,PT Sirait Damanik,983930103105183,"Gang S. Parman No. 1, Tarakan, LA 95137",Bahan Bakar Mineral (Batubara/Minyak),27,IDTPP,Tanjung Priok,15362.8,India,IN,MV MAMAN 74,0,0,0,4.958333333333333,20,75,85
00372670,2026-01-28 04:00:00,PT Yulianti,801326773602606,"Gang Joyoboyo No. 797, Semarang, SN 20878",Bahan Bakar Mineral (Batubara/Minyak),27,IDBEL,Belawan,37854.38,Singapura,SG,MV MAMAN 74,0,1,0,1.2083333333333333,15,80,69
00681419,2026-01-28 11:00:00,Perum Sinaga,701543039117182,"Jalan Pasteur No. 679, Parepare, SN 51221",Bahan Bakar Mineral (Batubara/Minyak),27,IDTPE,Tanjung Perak,40142.47,Singapura,SG,MV MAMAN 74,0,1,0,0.2916666666666667,18,68,69
00785231,2026-01-28 19:00:00,PD Manullang Tbk,048281489325288,"Gang Cikutra Timur No. 3, Meulaboh, SU 98554",Lemak & Minyak Hewani/Nabati (CPO),15,IDBEL,Belawan,26633.02,India,IN,MV MAMAN 74,0,1,0,0.3333333333333333,24,66,51
00692202,2026-01-30 22:00:00,PD Pudjiastuti Marbun,489638346578713,"Jalan Sadang Serang No. 26, Kotamobagu, Maluku 70462",Lemak & Minyak Hewani/Nabati (CPO),15,IDTPP,Tanjung Priok,15112.46,Singapura,SG,MV MAMAN 74,0,0,0,2.125,15,57,66
00546201,2026-02-03 19:00:00,PD Suwarno Tbk,872343098050097,"Gg. Raya Setiabudhi No. 8, Banjarbaru, NT 97413",Mesin & Peralatan Elektrik,85,IDTPE,Tanjung Perak,42621.04,China,CN,MV MAMAN 74,0,0,0,3.875,22,66,70
00793778,2026-02-04 01:00:00,PD Saputra Uyainah (Persero) Tbk,503056413953767,"Gang Sukabumi No. 7, Tomohon, Nusa Tenggara Barat 79071",Lemak & Minyak Hewani/Nabati (CPO),15,IDBEL,Belawan,15675.55,Jepang,JP,MV MAMAN 74,0,1,0,0.25,18,66,56
00816627,2026-02-06 03:00:00,PD Pudjiastuti Marbun,489638346578713,"Jalan Pacuan Kuda No. 913, Palembang, MU 26368",Bahan Bakar Mineral (Batubara/Minyak),27,IDBEL,Belawan,4110.89,Singapura,SG,MV MAMAN 74,0,0,0,2.0833333333333335,21,80,69
00333805,2026-02-08 00:00:00,PD Saputra Uyainah (Persero) Tbk,503056413953767,"Gang Rajiman No. 91, Bandung, JA 92364",Bahan Bakar Mineral (Batubara/Minyak),27,IDTPP,Tanjung Priok,17125.26,Singapura,SG,MV MAMAN 74,0,1,0,1.875,18,75,69
00220240,2026-02-09 11:00:00,PD Suwarno Tbk,872343098050097,"Jalan Antapani Lama No. 22, Jayapura, Kepulauan Bangka Belitung 46657",Bahan Bakar Mineral (Batubara/Minyak),27,IDKBU,Kotabaru,24349.42,India,IN,MV MAMAN 74,0,1,0,1.4583333333333333,21,72,85
00460621,2026-02-12 13:00:00,PD Prabowo (Persero) Tbk,997376311656670,"Jalan KH Amin Jasuta No. 4, Sorong, MA 82992",Sereal/Beras,10,IDTPE,Tanjung Perak,11406.96,Singapura,SG,MV MAMAN 74,0,0,0,3.0833333333333335,16,66,49
00734236,2026-02-12 20:00:00,PT Melani Hutapea,219136193990916,"Jalan Ahmad Yani No. 51, Cimahi, Banten 96498",Mesin & Peralatan Elektrik,85,IDTPE,Tanjung Perak,16515.67,Jepang,JP,MV MAMAN 74,0,1,0,0.2916666666666667,19,66,48
00730712,2026-02-13 01:00:00,PT Melani Hutapea,219136193990916,"Gang HOS. Cokroaminoto No. 50, Sukabumi, Lampung 35533",Sereal/Beras,10,IDTPP,Tanjung Priok,42395.0,India,IN,MV MAMAN 74,0,1,0,0.20833333333333334,21,53,64
00293213,2026-02-13 19:00:00,PD Prabowo (Persero) Tbk,997376311656670,"Gang Jamika No. 707, Ambon, KI 79337",Sereal/Beras,10,IDKBU,Kotabaru,39542.25,China,CN,MV MAMAN 74,0,1,0,0.75,16,56,61
00264127,2026-02-13 22:00:00,PT Melani Hutapea,219136193990916,"Jalan Otto Iskandardinata No. 66, Subulussalam, Gorontalo 44856",Sereal/Beras,10,IDTPE,Tanjung Perak,2337.67,China,CN,MV MAMAN 74,0,1,0,0.125,21,66,61
00191312,2026-02-18 01:00:00,PT Yulianti,801326773602606,"Jl. HOS. Cokroaminoto No. 141, Surabaya, NB 96222",Bahan Bakar Mineral (Batubara/Minyak),27,IDTPP,Tanjung Priok,3558.76,China,CN,MV MAMAN 74,0,0,0,4.125,15,75,75
00146582,2026-02-22 13:00:00,PD Suwarno Tbk,872343098050097,"Gang Ahmad Dahlan No. 669, Kendari, SR 48355",Mesin & Peralatan Elektrik,85,IDBEL,Belawan,6017.8,China,CN,MV MAMAN 74,0,0,0,4.5,22,54,70
00371702,2026-02-26 07:00:00,UD Mandala Prayoga,884969653287101,"Gg. Pacuan Kuda No. 35, Palu, MU 37651",Bahan Bakar Mineral (Batubara/Minyak),27,IDTPP,Tanjung Priok,14014.68,India,IN,MV MAMAN 74,0,0,0,3.75,15,75,85
00409951,2026-03-02 01:00:00,PD Manullang Tbk,048281489325288,"Gg. Pelajar Pejuang No. 607, Semarang, Sulawesi Tenggara 43734",Bahan Bakar Mineral (Batubara/Minyak),27,IDBEL,Belawan,2120.02,Singapura,SG,MV MAMAN 74,0,0,0,3.75,12,80,69
00995997,2026-01-02 05:00:00,CV Zulaika Anggraini,916697848018451,"Gang Kutai No. 785, Lubuklinggau, SN 34257",Lemak & Minyak Hewani/Nabati (CPO),15,IDTPE,Tanjung Perak,1366.03,India,IN,MV MUNI 18,0,0,0,,11,65,51
00429078,2026-01-02 09:00:00,PD Manullang Tbk,048281489325288,"Gang Veteran No. 04, Batam, BA 85695",Mesin & Peralatan Elektrik,85,IDTPP,Tanjung Priok,553.33,Singapura,SG,MV MUNI 18,0,1,0,0.16666666666666666,16,52,63
00774240,2026-01-02 11:00:00,PD Pudjiastuti Marbun,489638346578713,"Gg. Pasteur No. 4, Malang, Kalimantan Tengah 02891",Sereal/Beras,10,IDKBU,Kotabaru,12217.32,Jepang,JP,MV MUNI 18,0,1,0,0.08333333333333333,17,56,58
00272388,2026-01-06 01:00:00,PT Pradipta (Persero) Tbk,647525534192832,"Gang Peta No. 88, Cilegon, Kalimantan Selatan 40758",Bahan Bakar Mineral (Batubara/Minyak),27,IDBEL,Belawan,40764.94,Jepang,JP,MV MUNI 18,0,0,0,3.5833333333333335,60,80,66
00928624,2026-01-08 22:00:00,PD Manullang Tbk,048281489325288,"Gang Kapten Muslihat No. 46, Ambon, SR 00258",Sereal/Beras,10,IDTPE,Tanjung Perak,30025.42,India,IN,MV MUNI 18,0,0,0,2.875,20,66,64
00162936,2026-01-09 07:00:00,PT Yulianti,801326773602606,"Jalan Erlangga No. 9, Padangpanjang, Sulawesi Utara 39187",Sereal/Beras,10,IDTPE,Tanjung Perak,48601.8,Singapura,SG,MV MUNI 18,0,1,0,0.375,13,66,49
00436515,2026-01-12 22:00:00,PT Melani Hutapea,219136193990916,"Jalan Bangka Raya No. 20, Padang Sidempuan, KI 25366",Lemak & Minyak Hewani/Nabati (CPO),15,IDBEL,Belawan,27897.37,China,CN,MV MUNI 18,0,0,0,3.625,17,66,61
00294919,2026-01-13 07:00:00,PD Pudjiastuti Marbun,489638346578713,"Jalan Moch. Ramdan No. 5, Binjai, Maluku Utara 86863",Sereal/Beras,10,IDKBU,Kotabaru,1550.78,Jepang,JP,MV MUNI 18,0,1,0,0.375,17,56,58
00764567,2026-01-15 02:00:00,Perum Sinaga,701543039117182,"Gg. Moch. Toha No. 6, Singkawang, RI 96262",Mesin & Peralatan Elektrik,85,IDBEL,Belawan,9343.86,Jepang,JP,MV MUNI 18,0,1,0,1.7916666666666667,13,54,48
00613615,2026-01-15 09:00:00,PD Pudjiastuti Marbun,489638346578713,"Gg. Raya Ujungberung No. 09, Manado, BT 32181",Lemak & Minyak Hewani/Nabati (CPO),15,IDKBU,Kotabaru,11672.37,Singapura,SG,MV MUNI 18,0,1,0,0.2916666666666667,15,46,66
00893703,2026-01-15 15:00:00,PD Prabowo (Persero) Tbk,997376311656670,"Gang Rawamangun No. 183, Bogor, Sulawesi Utara 22091",Sereal/Beras,10,IDBEL,Belawan,47480.78,Singapura,SG,MV MUNI 18,0,1,0,0.25,16,58,49
00345698,2026-01-17 16:00:00,PD Prabowo (Persero) Tbk,997376311656670,"Gg. Pacuan Kuda No. 6, Salatiga, BE 08186",Mesin & Peralatan Elektrik,85,IDBEL,Belawan,6421.86,China,CN,MV MUNI 18,0,0,0,2.0416666666666665,19,54,70
00505835,2026-01-20 09:00:00,PD Saputra Uyainah (Persero) Tbk,503056413953767,"Gang Pasir Koja No. 140, Meulaboh, NB 44271",Mesin & Peralatan Elektrik,85,IDTPE,Tanjung Perak,19209.06,Singapura,SG,MV MUNI 18,0,0,0,2.7083333333333335,16,66,63
00489396,2026-01-22 05:00:00,PD Manullang Tbk,048281489325288,"Jl. Cikutra Timur No. 9, Singkawang, Jawa Timur 53269",Lemak & Minyak Hewani/Nabati (CPO),15,IDTPE,Tanjung Perak,13310.29,Singapura,SG,MV MUNI 18,0,1,0,1.8333333333333333,24,65,66
00590474,2026-01-22 13:00:00,PD Suwarno Tbk,872343098050097,"Gang Rawamangun No. 120, Mataram, Maluku Utara 11002",Sereal/Beras,10,IDBEL,Belawan,7605.09,Singapura,SG,MV MUNI 18,0,1,0,0.3333333333333333,14,58,49
00833231,2026-01-25 17:00:00,PD Pudjiastuti Marbun,489638346578713,"Gang Pacuan Kuda No. 016, Cirebon, Sumatera Utara 08317",Bahan Bakar Mineral (Batubara/Minyak),27,IDTPE,Tanjung Perak,31060.83,India,IN,MV MUNI 18,0,0,0,3.1666666666666665,21,68,85
00595459,2026-01-26 18:00:00,PD Pudjiastuti Marbun,489638346578713,"Gang Moch. Ramdan No. 502, Bitung, PB 73607",Sereal/Beras,10,IDTPE,Tanjung Perak,47456.3,Singapura,SG,MV MUNI 18,0,1,0,1.0416666666666667,17,66,49
00821223,2026-01-26 22:00:00,Perum Sinaga,701543039117182,"Gg. Stasiun Wonokromo No. 65, Dumai, BT 73095",Mesin & Peralatan Elektrik,85,IDBEL,Belawan,8053.61,Singapura,SG,MV MUNI 18,0,1,0,0.16666666666666666,13,54,63
00422174,2026-01-31 09:00:00,PD Manullang Tbk,048281489325288,"Jl. Tubagus Ismail No. 817, Jayapura, Lampung 30091",Sereal/Beras,10,IDTPP,Tanjung Priok,11842.8,Jepang,JP,MV MUNI 18,0,0,0,4.458333333333333,20,53,58
00684839,2026-02-01 06:00:00,PT Yulianti,801326773602606,"Jl. Tubagus Ismail No. 8, Tanjungpinang, MU 33945",Mesin & Peralatan Elektrik,85,IDTPE,Tanjung Perak,8686.27,Jepang,JP,MV MUNI 18,0,1,0,0.875,15,66,48
00421070,2026-02-02 23:00:00,UD Mandala Prayoga,884969653287101,"Jl. Pacuan Kuda No. 6, Parepare, SB 49160",Lemak & Minyak Hewani/Nabati (CPO),15,IDTPE,Tanjung Perak,4519.08,India,IN,MV MUNI 18,0,1,0,1.7083333333333333,18,65,51
00156967,2026-02-03 03:00:00,PT Pradipta (Persero) Tbk,647525534192832,"Gang Cikutra Timur No. 43, Sungai Penuh, Papua Barat 04502",Bahan Bakar Mineral (Batubara/Minyak),27,IDBEL,Belawan,37377.65,Singapura,SG,MV MUNI 18,0,1,0,0.16666666666666666,60,80,69
00644746,2026-02-04 00:00:00,Perum Saptono Mustofa,513542784980841,"Gg. BKR No. 17, Probolinggo, JK 31765",Mesin & Peralatan Elektrik,85,IDTPP,Tanjung Priok,17742.38,China,CN,MV MUNI 18,0,1,0,0.875,16,52,70
00196354,2026-02-05 10:00:00,PD Suwarno Tbk,872343098050097,"Jalan Ahmad Dahlan No. 850, Bandung, SS 87495",Bahan Bakar Mineral (Batubara/Minyak),27,IDKBU,Kotabaru,49818.24,Jepang,JP,MV MUNI 18,0,1,0,1.4166666666666667,21,72,66
00217291,2026-02-05 18:00:00,PD Prabowo (Persero) Tbk,997376311656670,"Gg. Pasirkoja No. 17, Kendari, Kalimantan Tengah 96292",Sereal/Beras,10,IDTPE,Tanjung Perak,803.73,India,IN,MV MUNI 18,0,1,0,0.3333333333333333,16,66,64
00271110,2026-02-06 03:00:00,PD Suwarno Tbk,872343098050097,"Jalan HOS. Cokroaminoto No. 8, Palangkaraya, KT 54743",Lemak & Minyak Hewani/Nabati (CPO),15,IDTPE,Tanjung Perak,15150.85,India,IN,MV MUNI 18,0,1,0,0.375,14,65,51
00286107,2026-02-07 20:00:00,Perum Saptono Mustofa,513542784980841,"Gang Rungkut Industri No. 0, Madiun, Gorontalo 62983",Mesin & Peralatan Elektrik,85,IDTPE,Tanjung Perak,18706.68,China,CN,MV MUNI 18,0,1,0,1.7083333333333333,16,66,70
00586869,2026-02-15 01:00:00,PT Melani Hutapea,219136193990916,"Jalan BKR No. 8, Singkawang, Jawa Timur 53021",Mesin & Peralatan Elektrik,85,IDBEL,Belawan,16867.9,China,CN,MV MUNI 18,0,0,0,7.208333333333333,19,54,70
00120102,2026-02-15 19:00:00,PD Manullang Tbk,048281489325288,"Gang Laswi No. 033, Singkawang, JT 27051",Sereal/Beras,10,IDTPE,Tanjung Perak,24397.19,India,IN,MV MUNI 18,0,1,0,0.75,20,66,64
00651789,2026-02-15 23:00:00,Perum Sinaga,701543039117182,"Jl. Sukajadi No. 526, Kotamobagu, SN 81579",Bahan Bakar Mineral (Batubara/Minyak),27,IDKBU,Kotabaru,24712.32,China,CN,MV MUNI 18,0,1,0,0.16666666666666666,18,72,75
00587822,2026-02-16 19:00:00,PT Yulianti,801326773602606,"Gg. Pacuan Kuda No. 86, Bandung, GO 42462",Lemak & Minyak Hewani/Nabati (CPO),15,IDBEL,Belawan,14197.73,Jepang,JP,MV MUNI 18,0,1,0,0.8333333333333334,20,66,56
00821749,2026-02-19 05:00:00,PD Pudjiastuti Marbun,489638346578713,"Jl. Dr. Djunjunan No. 3, Pekanbaru, Sumatera Selatan 36902",Mesin & Peralatan Elektrik,85,IDTPP,Tanjung Priok,3576.11,China,CN,MV MUNI 18,0,0,0,2.4166666666666665,22,52,70
00952317,2026-02-20 04:00:00,PT Melani Hutapea,219136193990916,"Jl. Jayawijaya No. 6, Banda Aceh, SU 84086",Lemak & Minyak Hewani/Nabati (CPO),15,IDTPE,Tanjung Perak,40688.14,Singapura,SG,MV MUNI 18,0,1,0,0.9583333333333334,17,65,66
00774787,2026-02-21 03:00:00,PT Waskita,513338726247317,"Jl. Pasirkoja No. 1, Banda Aceh, Sumatera Selatan 99693",Sereal/Beras,10,IDTPE,Tanjung Perak,5163.39,Jepang,JP,MV MUNI 18,0,1,0,0.9583333333333334,19,66,58
00300106,2026-02-21 09:00:00,PT Sirait Damanik,983930103105183,"Jalan Gegerkalong Hilir No. 83, Batu, Riau 60715",Sereal/Beras,10,IDBEL,Belawan,21948.38,Singapura,SG,MV MUNI 18,0,1,0,0.25,18,58,49
00664491,2026-02-22 02:00:00,PD Prabowo (Persero) Tbk,997376311656670,"Gg. Sadang Serang No. 7, Bandung, Jawa Barat 27857",Bahan Bakar Mineral (Batubara/Minyak),27,IDBEL,Belawan,36225.03,China,CN,MV MUNI 18,0,1,0,0.7083333333333334,12,80,75
00380657,2026-02-25 09:00:00,PT Yulianti,801326773602606,"Jalan Ronggowarsito No. 720, Sukabumi, SB 38821",Lemak & Minyak Hewani/Nabati (CPO),15,IDTPP,Tanjung Priok,45487.68,China,CN,MV MUNI 18,0,0,0,3.2916666666666665,20,57,61
00582775,2026-02-28 09:00:00,Perum Sinaga,701543039117182,"Gang Cihampelas No. 440, Sorong, Kalimantan Utara 41662",Sereal/Beras,10,IDTPP,Tanjung Priok,18528.57,Jepang,JP,MV MUNI 18,0,0,0,3.0,8,53,58
00319385,2026-01-01 02:00:00,PT Sirait Damanik,983930103105183,"Jalan Pasteur No. 8, Tidore Kepulauan, RI 19134",Lemak & Minyak Hewani/Nabati (CPO),15,IDTPE,Tanjung Perak,44337.2,Jepang,JP,MV NASIM 58,0,0,0,,15,65,56
00982003,2026-01-01 08:00:00,PT Waskita,513338726247317,"Jalan S. Parman No. 57, Bekasi, Maluku Utara 24150",Mesin & Peralatan Elektrik,85,IDTPE,Tanjung Perak,23068.73,Singapura,SG,MV NASIM 58,0,1,0,0.25,13,66,63
00215852,2026-01-02 11:00:00,PT Sirait Damanik,983930103105183,"Jalan Pasir Koja No. 7, Surakarta, JB 15399",Sereal/Beras,10,IDBEL,Belawan,40864.52,China,CN,MV NASIM 58,0,1,0,1.125,18,58,61
00772377,2026-01-06 21:00:00,PD Pudjiastuti Marbun,489638346578713,"Jalan Raya Ujungberung No. 996, Kediri, RI 80741",Bahan Bakar Mineral (Batubara/Minyak),27,IDKBU,Kotabaru,6477.7,India,IN,MV NASIM 58,0,0,0,4.416666666666667,21,72,85
00289609,2026-01-09 10:00:00,PD Prabowo (Persero) Tbk,997376311656670,"Gang Otto Iskandardinata No. 1, Tebingtinggi, JB 19818",Sereal/Beras,10,IDTPP,Tanjung Priok,12439.63,Jepang,JP,MV NASIM 58,0,0,0,2.5416666666666665,16,53,58
00524087,2026-01-09 11:00:00,PD Pudjiastuti Marbun,489638346578713,"Gg. Pasirkoja No. 0, Blitar, ST 03368",Sereal/Beras,10,IDKBU,Kotabaru,24957.85,Singapura,SG,MV NASIM 58,0,1,0,0.041666666666666664,17,56,49
00417460,2026-01-09 12:00:00,PT Waskita,513338726247317,"Jl. Cihampelas No. 13, Tual, MA 94570",Bahan Bakar Mineral (Batubara/Minyak),27,IDTPE,Tanjung Perak,31726.86,China,CN,MV NASIM 58,0,1,0,0.041666666666666664,14,68,75
00506088,2026-01-09 15:00:00,Perum Saptono Mustofa,513542784980841,"Gang BKR No. 284, Pasuruan, SN 46719",Bahan Bakar Mineral (Batubara/Minyak),27,IDTPE,Tanjung Perak,22790.02,India,IN,MV NASIM 58,0,1,0,0.125,24,68,85
00303656,2026-01-09 16:00:00,PD Pudjiastuti Marbun,489638346578713,"Jl. Pasteur No. 442, Tanjungbalai, Lampung 80571",Sereal/Beras,10,IDTPE,Tanjung Perak,4441.69,India,IN,MV NASIM 58,0,1,0,0.041666666666666664,17,66,64
00654055,2026-01-12 16:00:00,PT Pradipta (Persero) Tbk,647525534192832,"Gang H.J Maemunah No. 2, Langsa, Sumatera Barat 49251",Mesin & Peralatan Elektrik,27,IDTPE,Tanjung Perak,20771.95,Jepang,JP,MV NASIM 58,0,0,0,3.0,60,68,66
00292777,2026-01-18 03:00:00,PT Waskita,513338726247317,"Jalan Ir. H. Djuanda No. 08, Tual, SU 21053",Mesin & Peralatan Elektrik,85,IDTPE,Tanjung Perak,18124.19,Jepang,JP,MV NASIM 58,0,0,0,5.458333333333333,13,66,48
00357282,2026-01-18 07:00:00,PD Pudjiastuti Marbun,489638346578713,"Gg. Sadang Serang No. 9, Tebingtinggi, Banten 57676",Sereal/Beras,10,IDTPP,Tanjung Priok,38920.19,China,CN,MV NASIM 58,0,1,0,0.16666666666666666,17,53,61
00596570,2026-01-20 04:00:00,UD Mandala Prayoga,884969653287101,"Gg. Joyoboyo No. 81, Sukabumi, Sulawesi Barat 17957",Sereal/Beras,10,IDBEL,Belawan,19508.24,Singapura,SG,MV NASIM 58,0,1,0,1.875,16,58,49
00358578,2026-01-20 20:00:00,Perum Sinaga,701543039117182,"Gang Sukabumi No. 83, Parepare, JB 86562",Bahan Bakar Mineral (Batubara/Minyak),27,IDBEL,Belawan,33855.46,Singapura,SG,MV NASIM 58,0,1,0,0.6666666666666666,18,80,69
00374022,2026-01-21 00:00:00,UD Mandala Prayoga,884969653287101,"Jl. KH Amin Jasuta No. 50, Kota Administrasi Jakarta Utara, Jambi 30097",Sereal/Beras,10,IDKBU,Kotabaru,3656.57,India,IN,MV NASIM 58,0,1,0,0.16666666666666666,16,56,64
00775176,2026-01-24 06:00:00,PT Yulianti,801326773602606,"Gang Suryakencana No. 056, Dumai, Nusa Tenggara Barat 23850",Mesin & Peralatan Elektrik,85,IDTPP,Tanjung Priok,27470.14,Jepang,JP,MV NASIM 58,0,0,0,3.25,15,52,48
00991898,2026-01-24 21:00:00,PD Prabowo (Persero) Tbk,997376311656670,"Gang Jakarta No. 046, Surabaya, SU 99261",Lemak & Minyak Hewani/Nabati (CPO),15,IDTPE,Tanjung Perak,36740.25,India,IN,MV NASIM 58,0,1,0,0.625,15,65,51
00851075,2026-01-26 02:00:00,Perum Saptono Mustofa,513542784980841,"Gang Sentot Alibasa No. 6, Pariaman, Kalimantan Timur 71040",Sereal/Beras,10,IDKBU,Kotabaru,24531.1,China,CN,MV NASIM 58,0,1,0,1.2083333333333333,25,56,61
00390729,2026-01-27 09:00:00,PT Melani Hutapea,219136193990916,"Gg. Raya Setiabudhi No. 474, Tarakan, SG 29250",Sereal/Beras,10,IDTPE,Tanjung Perak,39788.41,China,CN,MV NASIM 58,0,1,0,1.2916666666666667,21,66,61
00586805,2026-01-28 03:00:00,PT Sirait Damanik,983930103105183,"Jalan K.H. Wahid Hasyim No. 55, Pagaralam, Sulawesi Utara 95236",Lemak & Minyak Hewani/Nabati (CPO),15,IDBEL,Belawan,47105.13,Jepang,JP,MV NASIM 58,0,1,0,0.75,15,66,56
00616877,2026-01-29 16:00:00,PD Pudjiastuti Marbun,489638346578713,"Gang S. Parman No. 7, Bau-Bau, BT 59401",Sereal/Beras,10,IDTPP,Tanjung Priok,708.45,Singapura,SG,MV NASIM 58,0,1,0,1.5416666666666667,17,53,49
00111681,2026-02-02 13:00:00,PD Manullang Tbk,048281489325288,"Gg. Kutisari Selatan No. 09, Sukabumi, DI Yogyakarta 06955",Mesin & Peralatan Elektrik,85,IDBEL,Belawan,565.34,Jepang,JP,MV NASIM 58,0,0,0,3.875,16,54,48
00151684,2026-02-04 22:00:00,PD Suwarno Tbk,872343098050097,"Jl. Jend. Sudirman No. 806, Pangkalpinang, Lampung 51870",Bahan Bakar Mineral (Batubara/Minyak),27,IDBEL,Belawan,16216.56,China,CN,MV NASIM 58,0,0,0,2.375,21,80,75
00704435,2026-02-05 09:00:00,PD Suwarno Tbk,872343098050097,"Jalan M.T Haryono No. 4, Sungai Penuh, KR 31224",Mesin & Peralatan Elektrik,85,IDTPP,Tanjung Priok,21841.58,China,CN,MV NASIM 58,0,1,0,0.4583333333333333,22,52,70
00872111,2026-02-06 01:00:00,PD Suwarno Tbk,872343098050097,"Jalan Monginsidi No. 04, Kota Administrasi Jakarta Timur, PA 56350",Lemak & Minyak Hewani/Nabati (CPO),15,IDBEL,Belawan,43327.04,India,IN,MV NASIM 58,0,1,0,0.6666666666666666,14,66,51
00609956,2026-02-11 18:00:00,PT Yulianti,801326773602606,"Gang HOS. Cokroaminoto No. 5, Pangkalpinang, Sulawesi Tengah 47812",Bahan Bakar Mineral (Batubara/Minyak),27,IDBEL,Belawan,33406.36,India,IN,MV NASIM 58,0,0,0,5.708333333333333,15,80,85
00951382,2026-02-12 10:00:00,PD Suwarno Tbk,872343098050097,"Gang Asia Afrika No. 505, Padang, Jambi 87829",Mesin & Peralatan Elektrik,85,IDKBU,Kotabaru,42212.79,China,CN,MV NASIM 58,0,1,0,0.6666666666666666,22,66,70
00975861,2026-02-14 11:00:00,PT Melani Hutapea,219136193990916,"Gang Veteran No. 534, Subulussalam, Jawa Timur 16873",Lemak & Minyak Hewani/Nabati (CPO),15,IDKBU,Kotabaru,5263.91,China,CN,MV NASIM 58,0,0,0,2.0416666666666665,17,46,61
00601232,2026-02-15 14:00:00,PT Pradipta (Persero) Tbk,647525534192832,"Gang Raya Ujungberung No. 69, Depok, Sulawesi Tengah 67850",Sereal/Beras,27,IDTPP,Tanjung Priok,17097.25,China,CN,MV NASIM 58,0,1,0,1.125,60,75,75
00449014,2026-02-17 03:00:00,PD Saputra Uyainah (Persero) Tbk,503056413953767,"Jalan PHH. Mustofa No. 580, Tarakan, Nusa Tenggara Timur 40369",Sereal/Beras,10,IDKBU,Kotabaru,23404.39,Jepang,JP,MV NASIM 58,0,1,0,1.5416666666666667,15,56,58
00954271,2026-02-18 11:00:00,PT Waskita,513338726247317,"Gang Waringin No. 83, Bitung, Bali 19237",Bahan Bakar Mineral (Batubara/Minyak),27,IDTPP,Tanjung Priok,19606.97,China,CN,MV NASIM 58,0,1,0,1.3333333333333333,14,75,75
00688278,2026-02-21 06:00:00,Perum Sinaga,701543039117182,"Gg. Ciwastra No. 30, Bengkulu, NB 20472",Lemak & Minyak Hewani/Nabati (CPO),15,IDTPE,Tanjung Perak,20869.76,India,IN,MV NASIM 58,0,0,0,2.7916666666666665,16,65,51
00398691,2026-02-21 08:00:00,PD Suwarno Tbk,872343098050097,"Jl. Surapati No. 1, Sabang, YO 87696",Lemak & Minyak Hewani/Nabati (CPO),15,IDTPP,Tanjung Priok,2550.82,Singapura,SG,MV NASIM 58,0,1,0,0.08333333333333333,14,57,66
00539437,2026-02-22 18:00:00,PT Yulianti,801326773602606,"Gg. PHH. Mustofa No. 0, Pangkalpinang, ST 81298",Bahan Bakar Mineral (Batubara/Minyak),27,IDTPP,Tanjung Priok,34165.67,Jepang,JP,MV NASIM 58,0,1,0,1.4166666666666667,15,75,66
00124237,2026-02-23 02:00:00,PD Suwarno Tbk,872343098050097,"Jl. Jend. Sudirman No. 7, Parepare, BB 21970",Lemak & Minyak Hewani/Nabati (CPO),15,IDBEL,Belawan,48484.15,Jepang,JP,MV NASIM 58,0,1,0,0.3333333333333333,14,66,56
00557983,2026-02-23 12:00:00,Perum Sinaga,701543039117182,"Jl. Cikutra Barat No. 169, Salatiga, ST 96590",Lemak & Minyak Hewani/Nabati (CPO),15,IDBEL,Belawan,3224.9,China,CN,MV NASIM 58,0,1,0,0.4166666666666667,16,66,61
00440022,2026-02-24 12:00:00,UD Mandala Prayoga,884969653287101,"Gang Cihampelas No. 886, Sabang, Papua Barat 34764",Lemak & Minyak Hewani/Nabati (CPO),15,IDKBU,Kotabaru,9804.86,India,IN,MV NASIM 58,0,1,0,1.0,18,46,51
00158349,2026-02-25 10:00:00,PD Suwarno Tbk,872343098050097,"Gg. Kebonjati No. 57, Pekalongan, KI 97246",Mesin & Peralatan Elektrik,85,IDTPE,Tanjung Perak,43208.83,Singapura,SG,MV NASIM 58,0,1,0,0.9166666666666666,22,66,63
00877010,2026-02-27 11:00:00,PT Waskita,513338726247317,"Gang Abdul Muis No. 49, Bukittinggi, ST 55886",Bahan Bakar Mineral (Batubara/Minyak),27,IDKBU,Kotabaru,22195.0,Jepang,JP,MV NASIM 58,0,0,0,2.0416666666666665,14,72,66
00744271,2026-03-01 08:00:00,PD Saputra Uyainah (Persero) Tbk,503056413953767,"Gg. Sukabumi No. 250, Tangerang Selatan, Sulawesi Barat 12312",Mesin & Peralatan Elektrik,85,IDKBU,Kotabaru,25515.33,China,CN,MV NASIM 58,0,1,0,1.875,16,66,70
00415988,2026-03-01 12:00:00,PD Suwarno Tbk,872343098050097,"Jl. Sentot Alibasa No. 24, Bontang, SR 33021",Bahan Bakar Mineral (Batubara/Minyak),27,IDKBU,Kotabaru,44985.88,India,IN,MV NASIM 58,0,1,0,0.16666666666666666,21,72,85
00554988,2026-03-01 21:00:00,PD Pudjiastuti Marbun,489638346578713,"Jl. Pelajar Pejuang No. 72, Singkawang, Kalimantan Utara 76870",Bahan Bakar Mineral (Batubara/Minyak),27,IDTPP,Tanjung Priok,12069.52,China,CN,MV NASIM 58,0,1,0,0.375,21,75,75
00544322,2026-01-02 10:00:00,CV Zulaika Anggraini,916697848018451,"Jl. Indragiri No. 5, Palangkaraya, SG 41072",Mesin & Peralatan Elektrik,85,IDTPE,Tanjung Perak,31151.01,Jepang,JP,MV NOVA 88,0,0,0,,20,66,48
00160337,2026-01-07 00:00:00,UD Mandala Prayoga,884969653287101,"Gang Rungkut Industri No. 521, Cimahi, Riau 35564",Lemak & Minyak Hewani/Nabati (CPO),15,IDTPE,Tanjung Perak,34764.44,India,IN,MV NOVA 88,0,0,0,4.583333333333333,18,65,51
00174604,2026-01-07 02:00:00,PT Yulianti,801326773602606,"Gg. Otto Iskandardinata No. 227, Kota Administrasi Jakarta Barat, AC 63745",Lemak & Minyak Hewani/Nabati (CPO),15,IDTPP,Tanjung Priok,49654.66,Jepang,JP,MV NOVA 88,0,1,0,0.08333333333333333,20,57,56
00643752,2026-01-08 14:00:00,PT Sirait Damanik,983930103105183,"Gang Otto Iskandardinata No. 8, Semarang, Jawa Tengah 17964",Sereal/Beras,10,IDTPE,Tanjung Perak,599.66,Jepang,JP,MV NOVA 88,0,1,0,1.5,18,66,58
00539138,2026-01-08 18:00:00,PT Yulianti,801326773602606,"Gang Ronggowarsito No. 74, Lubuklinggau, KS 92056",Mesin & Peralatan Elektrik,85,IDKBU,Kotabaru,32237.45,India,IN,MV NOVA 88,0,1,0,0.16666666666666666,15,66,57
00188777,2026-01-09 22:00:00,CV Zulaika Anggraini,916697848018451,"Jl. Moch. Toha No. 984, Kota Administrasi Jakarta Timur, Riau 56793",Lemak & Minyak Hewani/Nabati (CPO),15,IDTPP,Tanjung Priok,30591.11,China,CN,MV NOVA 88,0,1,0,1.1666666666666667,11,57,61
00723554,2026-01-12 07:00:00,CV Zulaika Anggraini,916697848018451,"Gang Abdul Muis No. 693, Tanjungbalai, Jawa Barat 91320",Sereal/Beras,10,IDTPE,Tanjung Perak,29365.71,China,CN,MV NOVA 88,0,0,0,2.375,12,66,61
00231057,2026-01-12 15:00:00,PT Pradipta (Persero) Tbk,647525534192832,"Jalan Ciumbuleuit No. 7, Pekanbaru, DI Yogyakarta 35956",Lemak & Minyak Hewani/Nabati (CPO),27,IDTPE,Tanjung Perak,32855.97,Singapura,SG,MV NOVA 88,0,1,0,0.3333333333333333,60,68,69
00306394,2026-01-21 16:00:00,CV Zulaika Anggraini,916697848018451,"Gang Kendalsari No. 4, Salatiga, PA 62053",Bahan Bakar Mineral (Batubara/Minyak),27,IDBEL,Belawan,37833.21,India,IN,MV NOVA 88,0,0,0,9.041666666666666,16,80,85
00364752,2026-01-22 09:00:00,PT Pradipta (Persero) Tbk,647525534192832,"Gang Cikutra Timur No. 24, Kota Administrasi Jakarta Selatan, Sumatera Barat 32290",Lemak & Minyak Hewani/Nabati (CPO),27,IDKBU,Kotabaru,42852.58,India,IN,MV NOVA 88,0,1,0,0.7083333333333334,60,72,85
00564876,2026-01-22 20:00:00,PD Manullang Tbk,048281489325288,"Jl. Erlangga No. 76, Makassar, Bali 85931",Sereal/Beras,10,IDBEL,Belawan,24141.42,China,CN,MV NOVA 88,0,1,0,0.4583333333333333,20,58,61
00961041,2026-01-24 09:00:00,PD Suwarno Tbk,872343098050097,"Gang Kapten Muslihat No. 086, Pagaralam, Sulawesi Utara 66184",Mesin & Peralatan Elektrik,85,IDBEL,Belawan,18476.19,Singapura,SG,MV NOVA 88,0,1,0,1.5416666666666667,22,54,63
00625309,2026-01-27 22:00:00,PD Prabowo (Persero) Tbk,997376311656670,"Jalan Siliwangi No. 910, Sungai Penuh, SB 70586",Sereal/Beras,10,IDTPP,Tanjung Priok,35442.4,Singapura,SG,MV NOVA 88,0,0,0,3.5416666666666665,16,53,49
00593079,2026-02-01 16:00:00,UD Mandala Prayoga,884969653287101,"Gang Dipenogoro No. 48, Sibolga, Kepulauan Riau 47604",Mesin & Peralatan Elektrik,85,IDTPE,Tanjung Perak,43764.38,India,IN,MV NOVA 88,0,0,0,4.75,20,66,57
00447455,2026-02-02 06:00:00,Perum Saptono Mustofa,513542784980841,"Jl. Cikapayang No. 6, Tomohon, Sumatera Selatan 36462",Lemak & Minyak Hewani/Nabati (CPO),15,IDBEL,Belawan,1963.88,China,CN,MV NOVA 88,0,1,0,0.5833333333333334,15,66,61
00923885,2026-02-03 08:00:00,PT Sirait Damanik,983930103105183,"Gang PHH. Mustofa No. 2, Padangpanjang, PB 99468",Lemak & Minyak Hewani/Nabati (CPO),15,IDTPE,Tanjung Perak,11211.86,China,CN,MV NOVA 88,0,1,0,1.0833333333333333,15,65,61
00843137,2026-02-05 03:00:00,Perum Sinaga,701543039117182,"Gg. Soekarno Hatta No. 191, Serang, Jawa Timur 25213",Lemak & Minyak Hewani/Nabati (CPO),15,IDTPE,Tanjung Perak,3829.79,Singapura,SG,MV NOVA 88,0,1,0,1.7916666666666667,16,65,66
00540456,2026-02-06 09:00:00,CV Zulaika Anggraini,916697848018451,"Jl. Siliwangi No. 3, Dumai, JB 70589",Bahan Bakar Mineral (Batubara/Minyak),27,IDTPP,Tanjung Priok,46246.44,Jepang,JP,MV NOVA 88,0,1,0,1.25,16,75,66
00784522,2026-02-09 01:00:00,CV Zulaika Anggraini,916697848018451,"Gg. Pelajar Pejuang No. 9, Bengkulu, Kalimantan Selatan 35240",Mesin & Peralatan Elektrik,85,IDTPP,Tanjung Priok,12047.14,Singapura,SG,MV NOVA 88,0,0,0,2.6666666666666665,20,52,63
00802891,2026-02-11 17:00:00,PD Suwarno Tbk,872343098050097,"Jalan Gardujati No. 57, Mataram, PA 81832",Sereal/Beras,10,IDTPP,Tanjung Priok,25505.62,India,IN,MV NOVA 88,0,0,0,2.6666666666666665,14,53,64
00507824,2026-02-14 06:00:00,PD Suwarno Tbk,872343098050097,"Gg. Moch. Ramdan No. 373, Tebingtinggi, Sulawesi Tenggara 15366",Mesin & Peralatan Elektrik,85,IDBEL,Belawan,43923.64,China,CN,MV NOVA 88,0,0,0,2.5416666666666665,22,54,70
00697564,2026-02-15 14:00:00,UD Putra Tbk,346247510799118,"Jl. Siliwangi No. 26, Mataram, Kalimantan Barat 10910",Lemak & Minyak Hewani/Nabati (CPO),15,IDTPP,Tanjung Priok,32888.39,Jepang,JP,MV NOVA 88,0,1,0,1.3333333333333333,21,57,56
00355021,2026-02-16 20:00:00,PT Melani Hutapea,219136193990916,"Gg. Veteran No. 52, Lhokseumawe, Maluku Utara 02290",Lemak & Minyak Hewani/Nabati (CPO),15,IDBEL,Belawan,9073.71,Singapura,SG,MV NOVA 88,0,1,0,1.25,17,66,66
00740599,2026-02-19 00:00:00,CV Zulaika Anggraini,916697848018451,"Jl. Gegerkalong Hilir No. 312, Batam, Jawa Tengah 11005",Bahan Bakar Mineral (Batubara/Minyak),27,IDTPP,Tanjung Priok,23707.51,India,IN,MV NOVA 88,0,0,0,2.1666666666666665,16,75,85
00696904,2026-02-19 17:00:00,PD Manullang Tbk,048281489325288,"Jalan PHH. Mustofa No. 18, Bukittinggi, JI 18962",Lemak & Minyak Hewani/Nabati (CPO),15,IDBEL,Belawan,25110.89,India,IN,MV NOVA 88,0,1,0,0.7083333333333334,24,66,51
00297743,2026-02-23 17:00:00,PT Melani Hutapea,219136193990916,"Jalan Kapten Muslihat No. 12, Lubuklinggau, JA 62779",Mesin & Peralatan Elektrik,85,IDKBU,Kotabaru,31962.35,Jepang,JP,MV NOVA 88,0,0,0,4.0,19,66,48
00601790,2026-02-23 22:00:00,PT Waskita,513338726247317,"Jl. M.T Haryono No. 4, Samarinda, MA 53344",Lemak & Minyak Hewani/Nabati (CPO),15,IDTPP,Tanjung Priok,19003.11,India,IN,MV NOVA 88,0,1,0,0.20833333333333334,15,57,51
00398932,2026-02-25 23:00:00,PD Saputra Uyainah (Persero) Tbk,503056413953767,"Gang Wonoayu No. 2, Mataram, SS 51687",Lemak & Minyak Hewani/Nabati (CPO),15,IDTPE,Tanjung Perak,8379.18,China,CN,MV NOVA 88,0,0,0,2.0416666666666665,18,65,61
00869428,2026-02-26 21:00:00,Perum Saptono Mustofa,513542784980841,"Jalan Sentot Alibasa No. 9, Samarinda, KB 55877",Lemak & Minyak Hewani/Nabati (CPO),15,IDTPE,Tanjung Perak,26522.05,India,IN,MV NOVA 88,0,1,0,0.9166666666666666,15,65,51
00414700,2026-01-01 04:00:00,UD Putra Tbk,346247510799118,"Jl. Indragiri No. 5, Banjar, Nusa Tenggara Timur 27722",Bahan Bakar Mineral (Batubara/Minyak),27,IDTPE,Tanjung Perak,32929.93,China,CN,MV NYOMAN 74,0,0,0,,20,68,75
00377341,2026-01-01 05:00:00,PT Pradipta (Persero) Tbk,647525534192832,"Jalan Gegerkalong Hilir No. 253, Pasuruan, JT 66711",Mesin & Peralatan Elektrik,27,IDKBU,Kotabaru,20918.25,India,IN,MV NYOMAN 74,0,1,0,0.041666666666666664,60,72,85
00413884,2026-01-02 17:00:00,PT Melani Hutapea,219136193990916,"Gg. Ronggowarsito No. 4, Kendari, SU 36704",Mesin & Peralatan Elektrik,85,IDKBU,Kotabaru,9596.1,Singapura,SG,MV NYOMAN 74,0,1,0,1.5,19,66,63
00589041,2026-01-03 22:00:00,Perum Saptono Mustofa,513542784980841,"Jalan Jamika No. 78, Palangkaraya, DKI Jakarta 75060",Mesin & Peralatan Elektrik,85,IDTPP,Tanjung Priok,5594.25,Singapura,SG,MV NYOMAN 74,0,1,0,1.2083333333333333,16,52,63
00459893,2026-01-04 19:00:00,UD Mandala Prayoga,884969653287101,"Jalan Sukabumi No. 2, Sibolga, Jambi 63319",Lemak & Minyak Hewani/Nabati (CPO),15,IDTPP,Tanjung Priok,12470.32,China,CN,MV NYOMAN 74,0,1,0,0.875,18,57,61
00694559,2026-01-06 07:00:00,Perum Saptono Mustofa,513542784980841,"Jalan Pacuan Kuda No. 4, Samarinda, Riau 94544",Sereal/Beras,10,IDTPE,Tanjung Perak,12923.59,India,IN,MV NYOMAN 74,0,1,0,1.5,25,66,64
00409848,2026-01-07 19:00:00,PT Pradipta (Persero) Tbk,647525534192832,"Gg. W.R. Supratman No. 0, Bengkulu, KI 11842",Sereal/Beras,27,IDBEL,Belawan,38991.97,China,CN,MV NYOMAN 74,0,1,0,1.5,60,80,75
00534513,2026-01-08 02:00:00,PT Sirait Damanik,983930103105183,"Gang Kutisari Selatan No. 0, Pariaman, Lampung 71639",Bahan Bakar Mineral (Batubara/Minyak),27,IDBEL,Belawan,20376.93,China,CN,MV NYOMAN 74,0,1,0,0.2916666666666667,20,80,75
00628284,2026-01-14 17:00:00,Perum Saptono Mustofa,513542784980841,"Gang Indragiri No. 2, Parepare, MA 45089",Bahan Bakar Mineral (Batubara/Minyak),27,IDBEL,Belawan,49824.94,Jepang,JP,MV NYOMAN 74,0,0,0,6.625,24,80,66
00442924,2026-01-15 13:00:00,PD Pudjiastuti Marbun,489638346578713,"Gg. Rajawali Timur No. 586, Kota Administrasi Jakarta Selatan, SN 92435",Mesin & Peralatan Elektrik,85,IDKBU,Kotabaru,35370.73,Singapura,SG,MV NYOMAN 74,0,1,0,0.8333333333333334,22,66,63
00955891,2026-01-18 18:00:00,PD Saputra Uyainah (Persero) Tbk,503056413953767,"Gg. Wonoayu No. 362, Tanjungbalai, SG 56620",Sereal/Beras,10,IDBEL,Belawan,26736.66,China,CN,MV NYOMAN 74,0,0,0,3.2083333333333335,15,58,61
00889806,2026-01-21 02:00:00,PT Yulianti,801326773602606,"Jalan Setiabudhi No. 526, Probolinggo, Kepulauan Bangka Belitung 91122",Sereal/Beras,10,IDTPE,Tanjung Perak,807.22,Singapura,SG,MV NYOMAN 74,0,0,0,2.3333333333333335,13,66,49
00537314,2026-01-23 09:00:00,UD Mandala Prayoga,884969653287101,"Gg. Rajiman No. 3, Subulussalam, BT 76392",Sereal/Beras,10,IDTPE,Tanjung Perak,6202.81,Jepang,JP,MV NYOMAN 74,0,0,0,2.2916666666666665,16,66,58
00890648,2026-01-25 06:00:00,PT Yulianti,801326773602606,"Jl. Cempaka No. 61, Blitar, SU 11730",Lemak & Minyak Hewani/Nabati (CPO),15,IDKBU,Kotabaru,28672.65,Jepang,JP,MV NYOMAN 74,0,1,0,1.875,20,46,56
00692442,2026-01-28 14:00:00,PT Waskita,513338726247317,"Jalan Merdeka No. 468, Lubuklinggau, AC 35190",Mesin & Peralatan Elektrik,85,IDTPP,Tanjung Priok,15509.39,China,CN,MV NYOMAN 74,0,0,0,3.3333333333333335,13,52,70
00717564,2026-01-31 02:00:00,Perum Sinaga,701543039117182,"Jl. Suniaraja No. 9, Batam, Jawa Tengah 63761",Mesin & Peralatan Elektrik,85,IDKBU,Kotabaru,5472.23,China,CN,MV NYOMAN 74,0,0,0,2.5,13,66,70
00413940,2026-02-04 04:00:00,PD Saputra Uyainah (Persero) Tbk,503056413953767,"Jalan Ahmad Dahlan No. 02, Sungai Penuh, JT 74596",Bahan Bakar Mineral (Batubara/Minyak),27,IDTPP,Tanjung Priok,11162.29,China,CN,MV NYOMAN 74,0,0,0,4.083333333333333,18,75,75
00888610,2026-02-04 22:00:00,CV Zulaika Anggraini,916697848018451,"Gg. Gardujati No. 21, Bima, LA 19515",Mesin & Peralatan Elektrik,85,IDTPE,Tanjung Perak,20383.03,Jepang,JP,MV NYOMAN 74,0,1,0,0.75,20,66,48
00486768,2026-02-08 07:00:00,Perum Saptono Mustofa,513542784980841,"Gg. Cempaka No. 8, Mataram, Papua 66590",Mesin & Peralatan Elektrik,85,IDTPP,Tanjung Priok,2120.99,China,CN,MV NYOMAN 74,0,0,0,3.375,16,52,70
00640230,2026-02-08 21:00:00,PT Yulianti,801326773602606,"Jl. Pasir Koja No. 428, Tidore Kepulauan, BT 05376",Lemak & Minyak Hewani/Nabati (CPO),15,IDTPE,Tanjung Perak,32711.98,Jepang,JP,MV NYOMAN 74,0,1,0,0.5833333333333334,20,65,56
00320522,2026-02-09 17:00:00,PT Melani Hutapea,219136193990916,"Jl. KH Amin Jasuta No. 7, Makassar, Riau 60041",Mesin & Peralatan Elektrik,85,IDTPE,Tanjung Perak,35270.79,Singapura,SG,MV NYOMAN 74,0,1,0,0.8333333333333334,19,66,63
00288255,2026-02-10 05:00:00,UD Putra Tbk,346247510799118,"Gg. Cikutra Timur No. 45, Kota Administrasi Jakarta Selatan, MA 28309",Sereal/Beras,10,IDBEL,Belawan,14118.28,India,IN,MV NYOMAN 74,0,1,0,0.5,18,58,64
00912195,2026-02-12 19:00:00,PD Saputra Uyainah (Persero) Tbk,503056413953767,"Jalan Rawamangun No. 0, Bandung, Lampung 43333",Sereal/Beras,10,IDKBU,Kotabaru,20680.27,Singapura,SG,MV NYOMAN 74,0,0,0,2.5833333333333335,15,56,49
00260750,2026-02-14 03:00:00,Perum Saptono Mustofa,513542784980841,"Jalan Stasiun Wonokromo No. 742, Lubuklinggau, ST 50723",Sereal/Beras,10,IDBEL,Belawan,41084.14,Jepang,JP,MV NYOMAN 74,0,1,0,1.3333333333333333,25,58,58
00473224,2026-02-15 06:00:00,UD Mandala Prayoga,884969653287101,"Jalan Suryakencana No. 63, Pariaman, BT 02497",Lemak & Minyak Hewani/Nabati (CPO),15,IDKBU,Kotabaru,37002.8,China,CN,MV NYOMAN 74,0,1,0,1.125,18,46,61
00803284,2026-02-16 10:00:00,PD Saputra Uyainah (Persero) Tbk,503056413953767,"Jl. Sadang Serang No. 2, Pematangsiantar, SN 70369",Mesin & Peralatan Elektrik,85,IDKBU,Kotabaru,30196.31,China,CN,MV NYOMAN 74,0,1,0,1.1666666666666667,16,66,70
00946739,2026-02-17 07:00:00,PD Manullang Tbk,048281489325288,"Jalan Laswi No. 857, Pekanbaru, JA 00666",Lemak & Minyak Hewani/Nabati (CPO),15,IDTPE,Tanjung Perak,42366.28,China,CN,MV NYOMAN 74,0,1,0,0.875,24,65,61
00112973,2026-02-18 14:00:00,PT Waskita,513338726247317,"Jalan Moch. Ramdan No. 843, Denpasar, Jawa Timur 91365",Bahan Bakar Mineral (Batubara/Minyak),27,IDTPE,Tanjung Perak,8154.61,India,IN,MV NYOMAN 74,0,1,0,1.2916666666666667,14,68,85
00700721,2026-02-18 21:00:00,CV Zulaika Anggraini,916697848018451,"Jalan KH Amin Jasuta No. 9, Yogyakarta, ST 98270",Mesin & Peralatan Elektrik,85,IDBEL,Belawan,15249.93,India,IN,MV NYOMAN 74,0,1,0,0.2916666666666667,20,54,57
00897903,2026-02-20 12:00:00,Perum Sinaga,701543039117182,"Jl. Siliwangi No. 207, Lhokseumawe, Riau 49500",Sereal/Beras,10,IDTPP,Tanjung Priok,24434.72,China,CN,MV NYOMAN 74,0,1,0,1.625,8,53,61
00670286,2026-02-21 14:00:00,PT Sirait Damanik,983930103105183,"Jl. Soekarno Hatta No. 66, Palembang, KS 36533",Mesin & Peralatan Elektrik,85,IDKBU,Kotabaru,6591.77,China,CN,MV NYOMAN 74,0,1,0,1.0833333333333333,13,66,70
00475198,2026-02-24 07:00:00,PT Melani Hutapea,219136193990916,"Gg. M.H Thamrin No. 7, Medan, SU 49562",Lemak & Minyak Hewani/Nabati (CPO),15,IDBEL,Belawan,10315.4,Singapura,SG,MV NYOMAN 74,0,0,0,2.7083333333333335,17,66,66
00888147,2026-02-25 15:00:00,PD Saputra Uyainah (Persero) Tbk,503056413953767,"Gg. Rajawali Timur No. 74, Bitung, Jawa Barat 09407",Mesin & Peralatan Elektrik,85,IDKBU,Kotabaru,39862.32,Singapura,SG,MV NYOMAN 74,0,1,0,1.3333333333333333,16,66,63
00260796,2026-02-26 00:00:00,UD Mandala Prayoga,884969653287101,"Gang Jakarta No. 259, Sorong, MA 98515",Sereal/Beras,10,IDBEL,Belawan,35864.68,Jepang,JP,MV NYOMAN 74,0,1,0,0.375,16,58,58
00958111,2026-02-26 14:00:00,PD Pudjiastuti Marbun,489638346578713,"Gang Soekarno Hatta No. 4, Mojokerto, Jawa Tengah 18749",Bahan Bakar Mineral (Batubara/Minyak),27,IDTPP,Tanjung Priok,32876.04,Jepang,JP,MV NYOMAN 74,0,1,0,0.5833333333333334,21,75,66
00372289,2026-02-28 17:00:00,PD Pudjiastuti Marbun,489638346578713,"Jalan Monginsidi No. 79, Sabang, SG 06403",Mesin & Peralatan Elektrik,85,IDTPP,Tanjung Priok,20232.25,India,IN,MV NYOMAN 74,0,0,0,2.125,22,52,57
00408531,2026-01-01 14:00:00,PD Manullang Tbk,048281489325288,"Gg. Moch. Toha No. 26, Batu, ST 96886",Sereal/Beras,10,IDBEL,Belawan,28548.32,India,IN,MV PRABA 86,0,0,0,,20,58,64
00452693,2026-01-03 08:00:00,PD Pudjiastuti Marbun,489638346578713,"Gg. Kutisari Selatan No. 02, Sibolga, SU 02687",Bahan Bakar Mineral (Batubara/Minyak),27,IDTPP,Tanjung Priok,45796.29,India,IN,MV PRABA 86,0,1,0,1.75,21,75,85
00799715,2026-01-05 18:00:00,PT Sirait Damanik,983930103105183,"Gang Rumah Sakit No. 49, Serang, BT 28403",Mesin & Peralatan Elektrik,85,IDBEL,Belawan,27838.36,China,CN,MV PRABA 86,0,0,0,2.4166666666666665,13,54,70
00263725,2026-01-12 05:00:00,PD Saputra Uyainah (Persero) Tbk,503056413953767,"Gang Bangka Raya No. 858, Padangpanjang, Sulawesi Utara 46861",Bahan Bakar Mineral (Batubara/Minyak),27,IDBEL,Belawan,7857.54,China,CN,MV PRABA 86,0,0,0,6.458333333333333,18,80,75
00590547,2026-01-13 02:00:00,Perum Saptono Mustofa,513542784980841,"Jl. Sentot Alibasa No. 699, Purwokerto, Sulawesi Utara 40107",Bahan Bakar Mineral (Batubara/Minyak),27,IDKBU,Kotabaru,37456.71,India,IN,MV PRABA 86,0,1,0,0.875,24,72,85
00574609,2026-01-14 17:00:00,PD Prabowo (Persero) Tbk,997376311656670,"Jl. Tubagus Ismail No. 631, Sawahlunto, SB 62397",Bahan Bakar Mineral (Batubara/Minyak),27,IDTPP,Tanjung Priok,34097.27,Jepang,JP,MV PRABA 86,0,1,0,1.625,12,75,66
00637207,2026-01-16 13:00:00,CV Zulaika Anggraini,916697848018451,"Gang M.H Thamrin No. 826, Bontang, KI 35892",Mesin & Peralatan Elektrik,85,IDBEL,Belawan,4458.62,China,CN,MV PRABA 86,0,1,0,1.8333333333333333,20,54,70
00160361,2026-01-19 12:00:00,PD Manullang Tbk,048281489325288,"Gg. Jayawijaya No. 17, Sukabumi, KS 80634",Lemak & Minyak Hewani/Nabati (CPO),15,IDTPE,Tanjung Perak,20273.96,China,CN,MV PRABA 86,0,0,0,2.9583333333333335,24,65,61
00609747,2026-01-21 04:00:00,PT Sirait Damanik,983930103105183,"Jl. KH Amin Jasuta No. 26, Pasuruan, BB 86520",Mesin & Peralatan Elektrik,85,IDTPP,Tanjung Priok,27140.49,Singapura,SG,MV PRABA 86,0,1,0,1.6666666666666667,13,52,63
00466058,2026-01-23 01:00:00,PT Pradipta (Persero) Tbk,647525534192832,"Jalan Veteran No. 838, Metro, Nusa Tenggara Timur 87598",Sereal/Beras,27,IDBEL,Belawan,40355.47,India,IN,MV PRABA 86,0,1,0,1.875,60,80,85
00858075,2026-01-24 05:00:00,PD Pudjiastuti Marbun,489638346578713,"Gang Medokan Ayu No. 256, Batu, DKI Jakarta 53554",Mesin & Peralatan Elektrik,85,IDTPE,Tanjung Perak,41589.74,India,IN,MV PRABA 86,0,1,0,1.1666666666666667,22,66,57
00243091,2026-01-26 05:00:00,PT Sirait Damanik,983930103105183,"Jalan Wonoayu No. 0, Semarang, BA 62720",Bahan Bakar Mineral (Batubara/Minyak),27,IDTPP,Tanjung Priok,-450.0,Jepang,JP,MV PRABA 86,1,0,0,2.0,20,75,66
00520007,2026-01-26 08:00:00,PD Pudjiastuti Marbun,489638346578713,"Gg. Merdeka No. 562, Tegal, PB 63926",Lemak & Minyak Hewani/Nabati (CPO),15,IDTPE,Tanjung Perak,47577.43,Jepang,JP,MV PRABA 86,0,1,0,0.125,15,65,56
00838686,2026-01-29 12:00:00,UD Mandala Prayoga,884969653287101,"Gang Kendalsari No. 1, Bogor, YO 94281",Lemak & Minyak Hewani/Nabati (CPO),15,IDBEL,Belawan,21025.99,Jepang,JP,MV PRABA 86,0,0,0,3.1666666666666665,18,66,56
00587933,2026-02-01 02:00:00,PT Yulianti,801326773602606,"Jl. Veteran No. 58, Padangpanjang, BE 66909",Mesin & Peralatan Elektrik,85,IDKBU,Kotabaru,45839.01,India,IN,MV PRABA 86,0,0,0,2.5833333333333335,15,66,57
00277565,2026-02-04 02:00:00,PD Pudjiastuti Marbun,489638346578713,"Jalan Jamika No. 4, Manado, SR 70027",Lemak & Minyak Hewani/Nabati (CPO),15,IDBEL,Belawan,31680.04,Jepang,JP,MV PRABA 86,0,0,0,3.0,15,66,56
00222464,2026-02-04 12:00:00,PD Pudjiastuti Marbun,489638346578713,"Jl. Gegerkalong Hilir No. 11, Bukittinggi, GO 31555",Lemak & Minyak Hewani/Nabati (CPO),15,IDKBU,Kotabaru,22523.06,China,CN,MV PRABA 86,0,1,0,0.4166666666666667,15,46,61
00324876,2026-02-07 16:00:00,Perum Saptono Mustofa,513542784980841,"Gg. Jayawijaya No. 69, Dumai, Kalimantan Tengah 49465",Lemak & Minyak Hewani/Nabati (CPO),15,IDTPP,Tanjung Priok,36866.16,China,CN,MV PRABA 86,0,0,0,3.1666666666666665,15,57,61
00380394,2026-02-09 23:00:00,PT Pradipta (Persero) Tbk,647525534192832,"Jalan Sentot Alibasa No. 21, Kota Administrasi Jakarta Utara, SB 32449",Sereal/Beras,27,IDBEL,Belawan,30566.09,Jepang,JP,MV PRABA 86,0,0,0,2.2916666666666665,60,80,66
00967566,2026-02-10 08:00:00,Perum Saptono Mustofa,513542784980841,"Gg. Otto Iskandardinata No. 666, Purwokerto, Bengkulu 43973",Lemak & Minyak Hewani/Nabati (CPO),15,IDBEL,Belawan,14639.57,China,CN,MV PRABA 86,0,1,0,0.375,15,66,61
00287081,2026-02-14 09:00:00,PT Pradipta (Persero) Tbk,647525534192832,"Jalan KH Amin Jasuta No. 0, Kota Administrasi Jakarta Utara, NT 57919",Bahan Bakar Mineral (Batubara/Minyak),27,IDKBU,Kotabaru,18088.91,Singapura,SG,MV PRABA 86,0,0,0,4.041666666666667,60,72,69
00660187,2026-02-15 14:00:00,CV Zulaika Anggraini,916697848018451,"Gang Cihampelas No. 279, Palu, DKI Jakarta 52111",Mesin & Peralatan Elektrik,85,IDTPP,Tanjung Priok,11947.67,Jepang,JP,MV PRABA 86,0,1,0,1.2083333333333333,20,52,48
00345886,2026-02-15 20:00:00,PT Melani Hutapea,219136193990916,"Gang Wonoayu No. 52, Denpasar, JK 16800",Sereal/Beras,10,IDKBU,Kotabaru,38912.68,Jepang,JP,MV PRABA 86,0,1,0,0.25,21,56,58
00187053,2026-02-18 06:00:00,UD Mandala Prayoga,884969653287101,"Jl. Kutai No. 1, Bitung, KU 99660",Sereal/Beras,10,IDBEL,Belawan,4305.21,Jepang,JP,MV PRABA 86,0,0,0,2.4166666666666665,16,58,58
00837793,2026-02-18 14:00:00,UD Mandala Prayoga,884969653287101,"Jl. Gegerkalong Hilir No. 684, Mataram, ST 61768",Mesin & Peralatan Elektrik,85,IDKBU,Kotabaru,18197.01,Jepang,JP,MV PRABA 86,0,1,0,0.3333333333333333,20,66,48
00419335,2026-02-19 03:00:00,PD Suwarno Tbk,872343098050097,"Gang Kiaracondong No. 77, Probolinggo, Nusa Tenggara Barat 06167",Mesin & Peralatan Elektrik,85,IDTPE,Tanjung Perak,39348.57,China,CN,MV PRABA 86,0,1,0,0.5416666666666666,22,66,70
00261756,2026-02-19 16:00:00,PD Suwarno Tbk,872343098050097,"Gang Monginsidi No. 225, Palu, JB 46176",Bahan Bakar Mineral (Batubara/Minyak),27,IDTPP,Tanjung Priok,3341.03,Singapura,SG,MV PRABA 86,0,1,0,0.5416666666666666,21,75,69
00230611,2026-02-20 11:00:00,PT Yulianti,801326773602606,"Gang Joyoboyo No. 59, Pasuruan, GO 57852",Bahan Bakar Mineral (Batubara/Minyak),27,IDBEL,Belawan,2872.22,Jepang,JP,MV PRABA 86,0,1,0,0.7916666666666666,15,80,66
00955330,2026-02-23 21:00:00,PT Pradipta (Persero) Tbk,647525534192832,"Jl. Soekarno Hatta No. 2, Prabumulih, SN 00794",Sereal/Beras,27,IDTPP,Tanjung Priok,29289.07,Jepang,JP,MV PRABA 86,0,0,0,3.4166666666666665,60,75,66
00917794,2026-02-25 21:00:00,PT Melani Hutapea,219136193990916,"Gang Veteran No. 73, Purwokerto, Jawa Tengah 39821",Sereal/Beras,10,IDKBU,Kotabaru,19503.33,Singapura,SG,MV PRABA 86,0,0,0,2.0,21,56,49
00549057,2026-02-26 11:00:00,PT Yulianti,801326773602606,"Jl. Astana Anyar No. 50, Batu, Bengkulu 48193",Bahan Bakar Mineral (Batubara/Minyak),27,IDBEL,Belawan,31147.65,Singapura,SG,MV PRABA 86,0,1,0,0.5833333333333334,15,80,69
00141256,2026-02-27 03:00:00,PT Pradipta (Persero) Tbk,647525534192832,"Jalan Rajawali Barat No. 477, Serang, Nusa Tenggara Timur 41314",Lemak & Minyak Hewani/Nabati (CPO),27,IDTPE,Tanjung Perak,7353.55,China,CN,MV PRABA 86,0,1,0,0.6666666666666666,60,68,75
00432017,2026-02-27 05:00:00,PT Sirait Damanik,983930103105183,"Jalan Jend. A. Yani No. 88, Palopo, JI 76297",Sereal/Beras,10,IDTPP,Tanjung Priok,10211.34,India,IN,MV PRABA 86,0,1,0,0.08333333333333333,18,53,64
00446382,2026-01-09 21:00:00,Perum Saptono Mustofa,513542784980841,"Gang Erlangga No. 875, Bengkulu, Sulawesi Tengah 51401",Sereal/Beras,10,IDTPE,Tanjung Perak,11774.5,India,IN,MV PRABAWA 11,0,0,0,,25,66,64
00663726,2026-01-10 02:00:00,UD Mandala Prayoga,884969653287101,"Jalan Peta No. 124, Tanjungpinang, Jawa Tengah 23804",Sereal/Beras,10,IDKBU,Kotabaru,5624.49,India,IN,MV PRABAWA 11,0,1,0,0.20833333333333334,16,56,64
00195371,2026-01-11 12:00:00,Perum Sinaga,701543039117182,"Jalan Tebet Barat Dalam No. 3, Padang Sidempuan, NT 43416",Mesin & Peralatan Elektrik,85,IDTPE,Tanjung Perak,7355.96,India,IN,MV PRABAWA 11,0,1,0,1.4166666666666667,13,66,57
00717397,2026-01-15 06:00:00,PT Yulianti,801326773602606,"Gang Moch. Toha No. 399, Purwokerto, NT 20895",Sereal/Beras,10,IDTPE,Tanjung Perak,14359.85,India,IN,MV PRABAWA 11,0,0,0,3.75,13,66,64
00497666,2026-01-18 11:00:00,Perum Saptono Mustofa,513542784980841,"Jl. Stasiun Wonokromo No. 78, Lubuklinggau, KB 85854",Lemak & Minyak Hewani/Nabati (CPO),15,IDKBU,Kotabaru,39681.19,Singapura,SG,MV PRABAWA 11,0,0,0,3.2083333333333335,15,46,66
00807486,2026-01-19 13:00:00,PT Waskita,513338726247317,"Jl. Erlangga No. 90, Cirebon, SR 81845",Mesin & Peralatan Elektrik,85,IDTPP,Tanjung Priok,3332.18,Singapura,SG,MV PRABAWA 11,0,1,0,1.0833333333333333,13,52,63
00364350,2026-01-19 15:00:00,Perum Sinaga,701543039117182,"Jl. Rajawali Timur No. 904, Mojokerto, KS 93149",Bahan Bakar Mineral (Batubara/Minyak),27,IDBEL,Belawan,7074.15,India,IN,MV PRABAWA 11,0,1,0,0.08333333333333333,18,80,85
00324644,2026-01-21 14:00:00,PD Saputra Uyainah (Persero) Tbk,503056413953767,"Jalan HOS. Cokroaminoto No. 003, Dumai, Riau 19941",Sereal/Beras,10,IDKBU,Kotabaru,20078.88,Jepang,JP,MV PRABAWA 11,0,1,0,1.9583333333333333,15,56,58
00915777,2026-01-24 18:00:00,Perum Sinaga,701543039117182,"Gg. Rajawali Barat No. 57, Bandar Lampung, JT 95966",Mesin & Peralatan Elektrik,85,IDTPP,Tanjung Priok,39230.33,China,CN,MV PRABAWA 11,0,0,0,3.1666666666666665,13,52,70
00212688,2026-01-26 20:00:00,PD Suwarno Tbk,872343098050097,"Jalan Rajawali Timur No. 2, Balikpapan, JB 27588",Mesin & Peralatan Elektrik,85,IDTPP,Tanjung Priok,43791.98,Singapura,SG,MV PRABAWA 11,0,0,0,2.0833333333333335,22,52,63
00873308,2026-01-30 11:00:00,PT Melani Hutapea,219136193990916,"Gg. K.H. Wahid Hasyim No. 501, Bandar Lampung, JA 47395",Lemak & Minyak Hewani/Nabati (CPO),15,IDBEL,Belawan,5058.41,Singapura,SG,MV PRABAWA 11,0,0,0,3.625,17,66,66
00245551,2026-01-31 13:00:00,PD Saputra Uyainah (Persero) Tbk,503056413953767,"Jalan H.J Maemunah No. 1, Solok, Bengkulu 78018",Bahan Bakar Mineral (Batubara/Minyak),27,IDBEL,Belawan,30056.87,China,CN,MV PRABAWA 11,0,1,0,1.0833333333333333,18,80,75
00636293,2026-01-31 21:00:00,UD Mandala Prayoga,884969653287101,"Gang Waringin No. 96, Medan, Nusa Tenggara Barat 35669",Mesin & Peralatan Elektrik,85,IDTPE,Tanjung Perak,41728.23,China,CN,MV PRABAWA 11,0,1,0,0.3333333333333333,20,66,70
00397615,2026-02-02 23:00:00,PT Waskita,513338726247317,"Jalan Soekarno Hatta No. 906, Singkawang, Sumatera Utara 90277",Bahan Bakar Mineral (Batubara/Minyak),27,IDKBU,Kotabaru,26290.34,Singapura,SG,MV PRABAWA 11,0,0,0,2.0833333333333335,14,72,69
00327088,2026-02-07 10:00:00,Perum Sinaga,701543039117182,"Gang Siliwangi No. 9, Padang Sidempuan, JI 02341",Sereal/Beras,10,IDBEL,Belawan,30299.34,China,CN,MV PRABAWA 11,0,0,0,4.458333333333333,8,58,61
00396776,2026-02-08 17:00:00,PD Suwarno Tbk,872343098050097,"Gg. K.H. Wahid Hasyim No. 959, Madiun, YO 38782",Sereal/Beras,10,IDTPE,Tanjung Perak,22152.21,India,IN,MV PRABAWA 11,0,1,0,1.2916666666666667,14,66,64
00988846,2026-02-09 20:00:00,UD Putra Tbk,346247510799118,"Gg. Cikutra Timur No. 8, Meulaboh, SU 65405",Lemak & Minyak Hewani/Nabati (CPO),15,IDTPE,Tanjung Perak,29393.08,Singapura,SG,MV PRABAWA 11,0,1,0,1.125,21,65,66
00543419,2026-02-10 20:00:00,Perum Saptono Mustofa,513542784980841,"Jl. Rajiman No. 587, Cilegon, KB 64175",Bahan Bakar Mineral (Batubara/Minyak),27,IDBEL,Belawan,16700.43,Singapura,SG,MV PRABAWA 11,0,1,0,1.0,24,80,69
00277581,2026-02-12 19:00:00,PD Manullang Tbk,048281489325288,"Jl. Jayawijaya No. 0, Probolinggo, NT 55333",Lemak & Minyak Hewani/Nabati (CPO),15,IDKBU,Kotabaru,11442.99,India,IN,MV PRABAWA 11,0,1,0,1.9583333333333333,24,46,51
00289825,2026-02-17 04:00:00,PD Saputra Uyainah (Persero) Tbk,503056413953767,"Gg. Joyoboyo No. 37, Tarakan, PB 52330",Sereal/Beras,10,IDBEL,Belawan,37557.29,China,CN,MV PRABAWA 11,0,0,0,4.375,15,58,61
00984310,2026-02-17 11:00:00,Perum Sinaga,701543039117182,"Gg. Rawamangun No. 8, Prabumulih, Papua Barat 37524",Mesin & Peralatan Elektrik,85,IDBEL,Belawan,1250000.0,Jepang,JP,MV PRABAWA 11,1,1,0,0.2916666666666667,13,54,48
00881151,2026-02-18 06:00:00,PT Sirait Damanik,983930103105183,"Gang M.T Haryono No. 98, Tanjungbalai, GO 30324",Bahan Bakar Mineral (Batubara/Minyak),27,IDKBU,Kotabaru,18748.61,China,CN,MV PRABAWA 11,0,1,0,0.7916666666666666,20,72,75
00291093,2026-02-19 11:00:00,CV Zulaika Anggraini,916697848018451,"Jl. Wonoayu No. 8, Samarinda, PB 27523",Bahan Bakar Mineral (Batubara/Minyak),27,IDKBU,Kotabaru,31075.78,India,IN,MV PRABAWA 11,0,1,0,1.2083333333333333,16,72,85
00188380,2026-02-20 22:00:00,PT Sirait Damanik,983930103105183,"Jalan Cihampelas No. 726, Kota Administrasi Jakarta Pusat, KS 16373",Lemak & Minyak Hewani/Nabati (CPO),15,IDTPP,Tanjung Priok,48694.6,China,CN,MV PRABAWA 11,0,1,0,1.4583333333333333,15,57,61
00239543,2026-02-20 22:00:00,PT Pradipta (Persero) Tbk,647525534192832,"Gg. Sukajadi No. 100, Kota Administrasi Jakarta Barat, DKI Jakarta 29001",Mesin & Peralatan Elektrik,27,IDKBU,Kotabaru,41650.44,China,CN,MV PRABAWA 11,0,1,0,0.0,60,72,75
00904152,2026-02-22 01:00:00,PT Yulianti,801326773602606,"Jl. Pasteur No. 1, Serang, GO 97501",Lemak & Minyak Hewani/Nabati (CPO),15,IDTPP,Tanjung Priok,9706.03,India,IN,MV PRABAWA 11,0,1,0,1.125,20,57,51
00527654,2026-01-01 00:00:00,Perum Sinaga,701543039117182,"Gang Kutisari Selatan No. 4, Pekalongan, Sulawesi Selatan 18367",Bahan Bakar Mineral (Batubara/Minyak),27,IDTPP,Tanjung Priok,28822.75,Singapura,SG,MV PUJI 35,0,0,0,,18,75,69
00332410,2026-01-01 00:00:00,PD Pudjiastuti Marbun,489638346578713,"Gang Indragiri No. 342, Purwokerto, KS 41497",Lemak & Minyak Hewani/Nabati (CPO),15,IDTPP,Tanjung Priok,8231.31,China,CN,MV PUJI 35,0,1,0,0.0,15,57,61
00911103,2026-01-01 22:00:00,Perum Sinaga,701543039117182,"Gang Rajiman No. 7, Kota Administrasi Jakarta Timur, Kalimantan Tengah 56149",Mesin & Peralatan Elektrik,85,IDBEL,Belawan,46379.11,Singapura,SG,MV PUJI 35,0,1,0,0.9166666666666666,13,54,63
00402243,2026-01-02 07:00:00,PD Pudjiastuti Marbun,489638346578713,"Gg. Pasir Koja No. 51, Kotamobagu, YO 89846",Mesin & Peralatan Elektrik,85,IDKBU,Kotabaru,971.32,China,CN,MV PUJI 35,0,1,0,0.375,22,66,70
00391255,2026-01-07 15:00:00,PD Pudjiastuti Marbun,489638346578713,"Gg. Gardujati No. 36, Parepare, Gorontalo 39231",Lemak & Minyak Hewani/Nabati (CPO),15,IDTPE,Tanjung Perak,2948.47,China,CN,MV PUJI 35,0,0,0,5.333333333333333,15,65,61
00540256,2026-01-16 12:00:00,PD Pudjiastuti Marbun,489638346578713,"Jl. Jayawijaya No. 819, Singkawang, Kalimantan Selatan 64772",Lemak & Minyak Hewani/Nabati (CPO),15,IDBEL,Belawan,44916.79,Singapura,SG,MV PUJI 35,0,0,0,8.875,15,66,66
00792644,2026-01-19 06:00:00,Perum Sinaga,701543039117182,"Jl. Indragiri No. 05, Sawahlunto, Papua 63280",Sereal/Beras,10,IDTPE,Tanjung Perak,45768.86,China,CN,MV PUJI 35,0,0,0,2.75,8,66,61
00677972,2026-01-21 02:00:00,Perum Sinaga,701543039117182,"Gang Cihampelas No. 66, Payakumbuh, Maluku Utara 60273",Bahan Bakar Mineral (Batubara/Minyak),27,IDTPP,Tanjung Priok,11100.81,Jepang,JP,MV PUJI 35,0,1,0,1.8333333333333333,18,75,66
00207908,2026-01-22 10:00:00,PD Manullang Tbk,048281489325288,"Gang Merdeka No. 60, Banjar, Maluku Utara 03567",Lemak & Minyak Hewani/Nabati (CPO),15,IDBEL,Belawan,3848.99,Singapura,SG,MV PUJI 35,0,1,0,1.3333333333333333,24,66,66
00239410,2026-01-24 19:00:00,UD Mandala Prayoga,884969653287101,"Gang Yos Sudarso No. 7, Bandar Lampung, AC 44714",Sereal/Beras,10,IDKBU,Kotabaru,9254.97,China,CN,MV PUJI 35,0,0,0,2.375,16,56,61
00416965,2026-01-27 08:00:00,PT Waskita,513338726247317,"Gg. Cempaka No. 26, Banda Aceh, Kepulauan Riau 76855",Bahan Bakar Mineral (Batubara/Minyak),27,IDBEL,Belawan,40358.57,India,IN,MV PUJI 35,0,0,0,2.5416666666666665,14,80,85
00555128,2026-01-27 12:00:00,PD Suwarno Tbk,872343098050097,"Jalan Merdeka No. 86, Dumai, Sulawesi Utara 57660",Sereal/Beras,10,IDBEL,Belawan,12970.55,China,CN,MV PUJI 35,0,1,0,0.16666666666666666,14,58,61
00387983,2026-01-31 17:00:00,UD Putra Tbk,346247510799118,"Jl. Merdeka No. 10, Surakarta, Maluku 99673",Lemak & Minyak Hewani/Nabati (CPO),15,IDTPE,Tanjung Perak,6791.01,India,IN,MV PUJI 35,0,0,0,4.208333333333333,21,65,51
00635840,2026-02-03 20:00:00,PT Yulianti,801326773602606,"Gg. Gardujati No. 094, Pontianak, Sumatera Selatan 21145",Bahan Bakar Mineral (Batubara/Minyak),27,IDBEL,Belawan,13264.3,Singapura,SG,MV PUJI 35,0,0,0,3.125,15,80,69
00117904,2026-02-05 18:00:00,PD Suwarno Tbk,872343098050097,"Jl. Sadang Serang No. 06, Binjai, Sulawesi Tenggara 92743",Bahan Bakar Mineral (Batubara/Minyak),27,IDTPE,Tanjung Perak,4973.35,Jepang,JP,MV PUJI 35,0,1,0,1.9166666666666667,21,68,66
00510022,2026-02-06 20:00:00,UD Mandala Prayoga,884969653287101,"Gang Ciwastra No. 8, Sungai Penuh, NT 28682",Sereal/Beras,10,IDTPE,Tanjung Perak,42094.37,India,IN,MV PUJI 35,0,1,0,1.0833333333333333,16,66,64
00745563,2026-02-08 14:00:00,UD Mandala Prayoga,884969653287101,"Jalan Dipatiukur No. 753, Bengkulu, Sumatera Barat 61713",Mesin & Peralatan Elektrik,85,IDTPP,Tanjung Priok,11786.93,China,CN,MV PUJI 35,0,1,0,1.75,20,52,70
00456592,2026-02-08 23:00:00,CV Zulaika Anggraini,916697848018451,"Jl. Laswi No. 0, Meulaboh, SU 04091",Mesin & Peralatan Elektrik,85,IDTPP,Tanjung Priok,3100.45,China,CN,MV PUJI 35,0,1,0,0.375,20,52,70
00317349,2026-02-12 08:00:00,UD Putra Tbk,346247510799118,"Gg. KH Amin Jasuta No. 3, Salatiga, Sumatera Selatan 62566",Lemak & Minyak Hewani/Nabati (CPO),15,IDBEL,Belawan,21285.09,Singapura,SG,MV PUJI 35,0,0,0,3.375,21,66,66
00162313,2026-02-15 01:00:00,PD Manullang Tbk,048281489325288,"Gg. Sukajadi No. 42, Balikpapan, LA 65801",Sereal/Beras,10,IDTPE,Tanjung Perak,41645.78,China,CN,MV PUJI 35,0,0,0,2.7083333333333335,20,66,61
00746519,2026-02-15 09:00:00,UD Mandala Prayoga,884969653287101,"Jalan Gedebage Selatan No. 4, Gorontalo, NB 75367",Bahan Bakar Mineral (Batubara/Minyak),27,IDTPP,Tanjung Priok,5302.18,Jepang,JP,MV PUJI 35,0,1,0,0.3333333333333333,15,75,66
00174069,2026-02-15 12:00:00,Perum Saptono Mustofa,513542784980841,"Jalan Indragiri No. 771, Banjarmasin, KR 90138",Bahan Bakar Mineral (Batubara/Minyak),27,IDKBU,Kotabaru,8554.83,Singapura,SG,MV PUJI 35,0,1,0,0.125,24,72,69
00246605,2026-02-15 15:00:00,PT Sirait Damanik,,"Jalan Pasir Koja No. 45, Pangkalpinang, DI Yogyakarta 36851",Bahan Bakar Mineral (Batubara/Minyak),27,IDTPP,Tanjung Priok,46965.54,Jepang,JP,MV PUJI 35,0,1,0,0.125,20,75,66
00454311,2026-02-16 17:00:00,PD Prabowo (Persero) Tbk,997376311656670,"Gg. Rawamangun No. 61, Manado, SS 07155",Lemak & Minyak Hewani/Nabati (CPO),15,IDBEL,Belawan,15286.36,China,CN,MV PUJI 35,0,1,0,1.0833333333333333,15,66,61
00400116,2026-02-18 09:00:00,Perum Saptono Mustofa,513542784980841,"Jalan Jend. Sudirman No. 6, Meulaboh, KB 60324",Bahan Bakar Mineral (Batubara/Minyak),27,IDTPP,Tanjung Priok,36016.55,India,IN,MV PUJI 35,0,1,0,1.6666666666666667,24,75,85
00599875,2026-02-19 15:00:00,PT Melani Hutapea,219136193990916,"Gg. Erlangga No. 27, Surabaya, Jawa Tengah 24412",Bahan Bakar Mineral (Batubara/Minyak),27,IDKBU,Kotabaru,28391.19,China,CN,MV PUJI 35,0,1,0,1.25,9,72,75
00261695,2026-02-21 12:00:00,PT Pradipta (Persero) Tbk,647525534192832,"Gang Kapten Muslihat No. 45, Balikpapan, NT 58971",Lemak & Minyak Hewani/Nabati (CPO),27,IDTPP,Tanjung Priok,12298.51,Jepang,JP,MV PUJI 35,0,1,0,1.875,60,75,66
00950832,2026-02-23 09:00:00,PT Sirait Damanik,983930103105183,"Jl. Joyoboyo No. 36, Lubuklinggau, SU 62702",Sereal/Beras,10,IDBEL,Belawan,16666.46,Singapura,SG,MV PUJI 35,0,1,0,1.875,18,58,49
00406909,2026-02-24 14:00:00,PD Saputra Uyainah (Persero) Tbk,503056413953767,"Jalan Setiabudhi No. 1, Pangkalpinang, ST 05411",Sereal/Beras,10,IDKBU,Kotabaru,18149.36,Singapura,SG,MV PUJI 35,0,1,0,1.2083333333333333,15,56,49
00479252,2026-02-25 18:00:00,UD Putra Tbk,346247510799118,"Gg. Jayawijaya No. 98, Madiun, Lampung 94812",Sereal/Beras,10,IDTPP,Tanjung Priok,37961.17,India,IN,MV PUJI 35,0,1,0,1.1666666666666667,18,53,64
00983089,2026-02-26 09:00:00,PT Pradipta (Persero) Tbk,647525534192832,"Jl. Cikapayang No. 63, Prabumulih, Bengkulu 88285",Lemak & Minyak Hewani/Nabati (CPO),27,IDTPP,Tanjung Priok,19954.46,Singapura,SG,MV PUJI 35,0,1,0,0.625,60,75,69
00630328,2026-03-02 23:00:00,PT Sirait Damanik,983930103105183,"Jl. Kiaracondong No. 8, Bukittinggi, GO 79908",Bahan Bakar Mineral (Batubara/Minyak),27,IDTPE,Tanjung Perak,12073.71,China,CN,MV PUJI 35,0,0,0,4.583333333333333,20,68,75
00145613,2026-01-01 18:00:00,UD Mandala Prayoga,884969653287101,"Jl. R.E Martadinata No. 57, Serang, JI 82744",Sereal/Beras,10,IDKBU,Kotabaru,35461.44,India,IN,MV RESTU 69,0,0,0,,16,56,64
00835115,2026-01-04 05:00:00,PD Suwarno Tbk,872343098050097,"Gg. Cikutra Timur No. 679, Salatiga, ST 67922",Mesin & Peralatan Elektrik,85,IDKBU,Kotabaru,39182.49,India,IN,MV RESTU 69,0,0,0,2.4583333333333335,22,66,57
00756820,2026-01-04 07:00:00,PT Yulianti,801326773602606,"Jalan Asia Afrika No. 646, Bekasi, JA 03818",Lemak & Minyak Hewani/Nabati (CPO),15,IDTPE,Tanjung Perak,30157.4,China,CN,MV RESTU 69,0,1,0,0.08333333333333333,20,65,61
00874212,2026-01-04 20:00:00,PT Melani Hutapea,219136193990916,"Gg. Kutai No. 4, Banjar, Lampung 06917",Sereal/Beras,10,IDKBU,Kotabaru,41775.13,Singapura,SG,MV RESTU 69,0,1,0,0.5416666666666666,21,56,49
00426561,2026-01-04 23:00:00,PT Sirait Damanik,983930103105183,"Jalan PHH. Mustofa No. 903, Payakumbuh, Sumatera Selatan 27868",Sereal/Beras,10,IDBEL,Belawan,22169.8,Jepang,JP,MV RESTU 69,0,1,0,0.125,18,58,58
00911534,2026-01-06 02:00:00,CV Zulaika Anggraini,916697848018451,"Gg. Jakarta No. 410, Gorontalo, NT 42493",Bahan Bakar Mineral (Batubara/Minyak),27,IDKBU,Kotabaru,30990.21,Singapura,SG,MV RESTU 69,0,1,0,1.125,16,72,69
00244117,2026-01-06 10:00:00,UD Mandala Prayoga,884969653287101,"Jl. Veteran No. 8, Bekasi, Nusa Tenggara Timur 35554",Lemak & Minyak Hewani/Nabati (CPO),15,IDBEL,Belawan,23370.34,Singapura,SG,MV RESTU 69,0,1,0,0.3333333333333333,18,66,66
00879916,2026-01-07 11:00:00,UD Putra Tbk,346247510799118,"Jalan Sadang Serang No. 4, Padang, Bali 41613",Sereal/Beras,10,IDTPP,Tanjung Priok,48059.0,Jepang,JP,MV RESTU 69,0,1,0,1.0416666666666667,18,53,58
00509213,2026-01-07 15:00:00,UD Mandala Prayoga,884969653287101,"Jalan PHH. Mustofa No. 049, Magelang, Lampung 88728",Mesin & Peralatan Elektrik,85,IDTPE,Tanjung Perak,48762.21,Singapura,SG,MV RESTU 69,0,1,0,0.16666666666666666,20,66,63
00442760,2026-01-07 21:00:00,PD Pudjiastuti Marbun,489638346578713,"Gg. Joyoboyo No. 3, Sibolga, SU 07151",Bahan Bakar Mineral (Batubara/Minyak),27,IDBEL,Belawan,1936.96,China,CN,MV RESTU 69,0,1,0,0.25,21,80,75
00757380,2026-01-11 00:00:00,CV Zulaika Anggraini,916697848018451,"Gang H.J Maemunah No. 2, Serang, Sumatera Utara 71690",Sereal/Beras,10,IDTPP,Tanjung Priok,1149.85,China,CN,MV RESTU 69,0,0,0,3.125,12,53,61
00600766,2026-01-11 07:00:00,PD Manullang Tbk,048281489325288,"Gang Surapati No. 3, Ternate, YO 84895",Mesin & Peralatan Elektrik,85,IDTPE,Tanjung Perak,45835.79,Singapura,SG,MV RESTU 69,0,1,0,0.2916666666666667,16,66,63
00742688,2026-01-12 03:00:00,PT Yulianti,801326773602606,"Jl. Raya Setiabudhi No. 25, Pariaman, JB 08222",Sereal/Beras,10,IDTPP,Tanjung Priok,33466.46,Jepang,JP,MV RESTU 69,0,1,0,0.8333333333333334,13,53,58
00952675,2026-01-12 22:00:00,PT Waskita,513338726247317,"Gang Suniaraja No. 557, Bandar Lampung, DI Yogyakarta 15772",Sereal/Beras,10,IDTPP,Tanjung Priok,4132.5,China,CN,MV RESTU 69,0,1,0,0.7916666666666666,19,53,61
00710176,2026-01-16 07:00:00,Perum Sinaga,701543039117182,"Jalan Sentot Alibasa No. 2, Bengkulu, Sumatera Barat 92957",Bahan Bakar Mineral (Batubara/Minyak),27,IDTPE,Tanjung Perak,28397.71,Singapura,SG,MV RESTU 69,0,0,0,3.375,18,68,69
00735580,2026-01-17 12:00:00,UD Mandala Prayoga,884969653287101,"Jl. Kutai No. 1, Ambon, PA 65728",Lemak & Minyak Hewani/Nabati (CPO),15,IDTPE,Tanjung Perak,48393.76,India,IN,MV RESTU 69,0,1,0,1.2083333333333333,18,65,51
00473720,2026-01-20 16:00:00,UD Putra Tbk,346247510799118,"Jalan Kebonjati No. 88, Surabaya, Lampung 31069",Bahan Bakar Mineral (Batubara/Minyak),27,IDTPE,Tanjung Perak,47424.53,Singapura,SG,MV RESTU 69,0,0,0,3.1666666666666665,20,68,69
00193426,2026-01-22 16:00:00,PD Saputra Uyainah (Persero) Tbk,503056413953767,"Gg. Rajiman No. 121, Cirebon, ST 55188",Sereal/Beras,10,IDTPE,Tanjung Perak,5259.08,India,IN,MV RESTU 69,0,0,0,2.0,15,66,64
00425626,2026-01-24 00:00:00,PD Pudjiastuti Marbun,489638346578713,"Jl. Abdul Muis No. 7, Bitung, Banten 93218",Mesin & Peralatan Elektrik,85,IDBEL,Belawan,25694.66,Singapura,SG,MV RESTU 69,0,1,0,1.3333333333333333,22,54,63
00991385,2026-01-24 13:00:00,PD Prabowo (Persero) Tbk,997376311656670,"Jalan Jayawijaya No. 388, Purwokerto, SU 06980",Lemak & Minyak Hewani/Nabati (CPO),15,IDTPE,Tanjung Perak,24460.81,Singapura,SG,MV RESTU 69,0,1,0,0.5416666666666666,15,65,66
00654166,2026-01-24 21:00:00,PD Pudjiastuti Marbun,489638346578713,"Jalan Ahmad Dahlan No. 17, Ternate, MA 00452",Bahan Bakar Mineral (Batubara/Minyak),27,IDKBU,Kotabaru,37325.28,India,IN,MV RESTU 69,0,1,0,0.3333333333333333,21,72,85
00966751,2026-01-28 15:00:00,PT Melani Hutapea,219136193990916,"Gg. Laswi No. 905, Banda Aceh, Maluku 81776",Bahan Bakar Mineral (Batubara/Minyak),27,IDTPP,Tanjung Priok,40339.46,Singapura,SG,MV RESTU 69,0,0,0,3.75,9,75,69
00425335,2026-01-31 16:00:00,UD Putra Tbk,346247510799118,"Jalan Rumah Sakit No. 98, Lubuklinggau, MA 16597",Bahan Bakar Mineral (Batubara/Minyak),27,IDTPE,Tanjung Perak,42299.65,India,IN,MV RESTU 69,0,0,0,3.0416666666666665,20,68,85
00167309,2026-02-04 16:00:00,PD Prabowo (Persero) Tbk,997376311656670,"Jl. Dipenogoro No. 7, Sawahlunto, SB 96417",Lemak & Minyak Hewani/Nabati (CPO),15,IDBEL,Belawan,13633.19,Jepang,JP,MV RESTU 69,0,0,0,4.0,15,66,56
00448836,2026-02-07 01:00:00,PD Suwarno Tbk,872343098050097,"Jl. Asia Afrika No. 53, Singkawang, Maluku 37504",Mesin & Peralatan Elektrik,85,IDTPE,Tanjung Perak,16294.59,India,IN,MV RESTU 69,0,0,0,2.375,22,66,57
00257435,2026-02-09 03:00:00,UD Mandala Prayoga,884969653287101,"Gg. PHH. Mustofa No. 96, Tasikmalaya, PB 39912",Mesin & Peralatan Elektrik,85,IDTPP,Tanjung Priok,38020.29,Jepang,JP,MV RESTU 69,0,0,0,2.0833333333333335,20,52,48
00209512,2026-02-10 13:00:00,UD Mandala Prayoga,884969653287101,"Gg. Rajawali Barat No. 6, Bogor, BT 47113",Lemak & Minyak Hewani/Nabati (CPO),15,IDTPP,Tanjung Priok,26301.87,Singapura,SG,MV RESTU 69,0,1,0,1.4166666666666667,18,57,66
00743829,2026-02-10 18:00:00,PT Yulianti,801326773602606,"Gang Ir. H. Djuanda No. 17, Palu, KB 39724",Mesin & Peralatan Elektrik,85,IDKBU,Kotabaru,13083.43,India,IN,MV RESTU 69,0,1,0,0.20833333333333334,15,66,57
00888183,2026-02-13 20:00:00,Perum Saptono Mustofa,513542784980841,"Jalan Soekarno Hatta No. 968, Cilegon, Sulawesi Tenggara 32735",Sereal/Beras,10,IDKBU,Kotabaru,11514.06,India,IN,MV RESTU 69,0,0,0,3.0833333333333335,25,56,64
00928780,2026-02-14 11:00:00,PT Melani Hutapea,219136193990916,"Jalan Gegerkalong Hilir No. 90, Palu, JI 77423",Mesin & Peralatan Elektrik,85,IDTPP,Tanjung Priok,6414.58,Singapura,SG,MV RESTU 69,0,1,0,0.625,19,52,63
00575574,2026-02-17 10:00:00,PD Saputra Uyainah (Persero) Tbk,503056413953767,"Gg. Yos Sudarso No. 09, Kotamobagu, MU 52203",Sereal/Beras,10,IDBEL,Belawan,5264.45,India,IN,MV RESTU 69,0,0,0,2.9583333333333335,15,58,64
00964262,2026-02-20 12:00:00,PT Sirait Damanik,983930103105183,"Jalan Raya Setiabudhi No. 52, Magelang, SR 82096",Lemak & Minyak Hewani/Nabati (CPO),15,IDTPE,Tanjung Perak,2850.29,India,IN,MV RESTU 69,0,0,0,3.0833333333333335,15,65,51
00270637,2026-02-21 14:00:00,CV Zulaika Anggraini,916697848018451,"Gang Sukabumi No. 7, Makassar, Kalimantan Barat 45264",Sereal/Beras,10,IDTPE,Tanjung Perak,4729.59,Singapura,SG,MV RESTU 69,0,1,0,1.0833333333333333,12,66,49
00723657,2026-02-25 02:00:00,Perum Saptono Mustofa,513542784980841,"Gg. Surapati No. 351, Palopo, GO 09080",Sereal/Beras,10,IDKBU,Kotabaru,18892.84,Singapura,SG,MV RESTU 69,0,0,0,3.5,25,56,49
00905107,2026-02-26 05:00:00,PD Manullang Tbk,048281489325288,"Gang Kendalsari No. 928, Makassar, Papua 59710",Mesin & Peralatan Elektrik,85,IDTPE,Tanjung Perak,38191.66,China,CN,MV RESTU 69,0,1,0,1.125,16,66,70
00722257,2026-02-26 10:00:00,PT Sirait Damanik,983930103105183,"Gang H.J Maemunah No. 7, Cimahi, NT 28728",Sereal/Beras,10,IDBEL,Belawan,2630.01,China,CN,MV RESTU 69,0,1,0,0.20833333333333334,18,58,61
00299910,2026-02-28 10:00:00,PD Prabowo (Persero) Tbk,997376311656670,"Gang Laswi No. 88, Bekasi, Sumatera Selatan 43740",Sereal/Beras,10,IDTPP,Tanjung Priok,10964.77,China,CN,MV RESTU 69,0,0,0,2.0,16,53,61
00743755,2026-03-02 23:00:00,PD Saputra Uyainah (Persero) Tbk,503056413953767,"Gg. Sentot Alibasa No. 6, Sabang, Bengkulu 28772",Bahan Bakar Mineral (Batubara/Minyak),27,IDTPP,Tanjung Priok,40034.58,Jepang,JP,MV RESTU 69,0,0,0,2.5416666666666665,18,75,66
00188298,2026-01-03 11:00:00,Perum Saptono Mustofa,513542784980841,"Jalan Abdul Muis No. 24, Ternate, Sulawesi Tengah 80112",Lemak & Minyak Hewani/Nabati (CPO),15,IDTPP,Tanjung Priok,7363.09,Jepang,JP,MV TINA 23,0,0,0,,15,57,56
00336411,2026-01-03 21:00:00,Perum Saptono Mustofa,513542784980841,"Gg. Joyoboyo No. 265, Kota Administrasi Jakarta Barat, Jawa Barat 59980",Bahan Bakar Mineral (Batubara/Minyak),27,IDTPE,Tanjung Perak,16384.15,China,CN,MV TINA 23,0,1,0,0.4166666666666667,24,68,75
00996220,2026-01-04 18:00:00,PT Melani Hutapea,219136193990916,"Gg. Gardujati No. 38, Kupang, MA 44309",Lemak & Minyak Hewani/Nabati (CPO),15,IDBEL,Belawan,29478.15,China,CN,MV TINA 23,0,1,0,0.875,17,66,61
00554811,2026-01-05 19:00:00,PD Manullang Tbk,048281489325288,"Gang Dipenogoro No. 0, Subulussalam, DI Yogyakarta 71717",Sereal/Beras,10,IDTPP,Tanjung Priok,5785.44,Jepang,JP,MV TINA 23,0,1,0,1.0416666666666667,20,53,58
00275436,2026-01-08 19:00:00,PD Pudjiastuti Marbun,489638346578713,"Jalan Yos Sudarso No. 2, Cilegon, BB 91380",Sereal/Beras,10,IDTPE,Tanjung Perak,9978.48,Jepang,JP,MV TINA 23,0,0,0,3.0,17,66,58
00383292,2026-01-09 08:00:00,PD Suwarno Tbk,872343098050097,"Gg. Pasirkoja No. 50, Bukittinggi, Sumatera Selatan 07711",Bahan Bakar Mineral (Batubara/Minyak),27,IDBEL,Belawan,1825.03,China,CN,MV TINA 23,0,1,0,0.5416666666666666,21,80,75
00379425,2026-01-09 13:00:00,PT Sirait Damanik,983930103105183,"Gg. Kapten Muslihat No. 74, Magelang, Banten 59230",Mesin & Peralatan Elektrik,85,IDKBU,Kotabaru,25237.76,Jepang,JP,MV TINA 23,0,1,0,0.20833333333333334,13,66,48
00833029,2026-01-10 06:00:00,PT Sirait Damanik,983930103105183,"Jalan Cikapayang No. 399, Payakumbuh, SS 14057",Sereal/Beras,10,IDTPE,Tanjung Perak,45183.86,Jepang,JP,MV TINA 23,0,1,0,0.7083333333333334,18,66,58
00889672,2026-01-11 04:00:00,UD Mandala Prayoga,884969653287101,"Gang Wonoayu No. 35, Bukittinggi, Bengkulu 21442",Mesin & Peralatan Elektrik,85,IDTPE,Tanjung Perak,10638.9,Singapura,SG,MV TINA 23,0,1,0,0.9166666666666666,20,66,63
00702627,2026-01-12 08:00:00,Perum Sinaga,701543039117182,"Jl. Sadang Serang No. 523, Depok, RI 50791",Lemak & Minyak Hewani/Nabati (CPO),15,IDTPP,Tanjung Priok,41263.14,China,CN,MV TINA 23,0,1,0,1.1666666666666667,16,57,61
00845219,2026-01-13 12:00:00,UD Putra Tbk,346247510799118,"Gg. Cikapayang No. 83, Serang, Sulawesi Tengah 79110",Bahan Bakar Mineral (Batubara/Minyak),27,IDBEL,Belawan,26909.87,India,IN,MV TINA 23,0,1,0,1.1666666666666667,20,80,85
00470216,2026-01-14 04:00:00,UD Mandala Prayoga,884969653287101,"Gang Jamika No. 4, Tasikmalaya, ST 22294",Bahan Bakar Mineral (Batubara/Minyak),27,IDTPE,Tanjung Perak,26822.03,China,CN,MV TINA 23,0,1,0,0.6666666666666666,15,68,75
00747696,2026-01-14 15:00:00,PT Sirait Damanik,983930103105183,"Jl. Rungkut Industri No. 808, Jambi, Papua 30523",Lemak & Minyak Hewani/Nabati (CPO),15,IDTPP,Tanjung Priok,11887.55,Jepang,JP,MV TINA 23,0,1,0,0.4583333333333333,15,57,56
00858745,2026-01-14 17:00:00,CV Zulaika Anggraini,916697848018451,"Gang Kapten Muslihat No. 1, Kupang, Kalimantan Selatan 89802",Sereal/Beras,10,IDBEL,Belawan,48996.18,Jepang,JP,MV TINA 23,0,1,0,0.08333333333333333,12,58,58
00622081,2026-01-16 06:00:00,PT Melani Hutapea,219136193990916,"Jl. Yos Sudarso No. 7, Lhokseumawe, SB 16873",Sereal/Beras,10,IDTPP,Tanjung Priok,9836.6,India,IN,MV TINA 23,0,1,0,1.5416666666666667,21,53,64
00376596,2026-01-17 13:00:00,Perum Sinaga,701543039117182,"Gg. KH Amin Jasuta No. 465, Subulussalam, JK 31290",Lemak & Minyak Hewani/Nabati (CPO),15,IDBEL,Belawan,6429.48,India,IN,MV TINA 23,0,1,0,1.2916666666666667,16,66,51
00352635,2026-01-19 19:00:00,UD Putra Tbk,346247510799118,"Jl. W.R. Supratman No. 11, Pagaralam, JB 37158",Bahan Bakar Mineral (Batubara/Minyak),27,IDBEL,Belawan,8160.63,Singapura,SG,MV TINA 23,0,0,0,2.25,20,80,69
00548274,2026-01-24 06:00:00,PD Pudjiastuti Marbun,489638346578713,"Jalan Gegerkalong Hilir No. 25, Banda Aceh, JT 18515",Lemak & Minyak Hewani/Nabati (CPO),15,IDKBU,Kotabaru,22932.63,Jepang,JP,MV TINA 23,0,0,0,4.458333333333333,15,46,56
00437940,2026-01-30 13:00:00,PD Prabowo (Persero) Tbk,997376311656670,"Gg. Ciwastra No. 7, Tidore Kepulauan, JK 95919",Sereal/Beras,10,IDTPE,Tanjung Perak,36692.04,Singapura,SG,MV TINA 23,0,0,0,6.291666666666667,16,66,49
00465367,2026-01-30 14:00:00,CV Zulaika Anggraini,916697848018451,"Jalan Gardujati No. 19, Manado, Kalimantan Selatan 60331",Lemak & Minyak Hewani/Nabati (CPO),15,IDKBU,Kotabaru,19920.76,Singapura,SG,MV TINA 23,0,1,0,0.041666666666666664,11,46,66
00132427,2026-02-04 04:00:00,PD Manullang Tbk,048281489325288,"Jl. Jakarta No. 7, Bima, NT 14936",Bahan Bakar Mineral (Batubara/Minyak),27,IDKBU,Kotabaru,36727.57,Jepang,JP,MV TINA 23,0,0,0,4.583333333333333,12,72,66
00780497,2026-02-05 02:00:00,PD Suwarno Tbk,872343098050097,"Jalan Soekarno Hatta No. 924, Payakumbuh, Nusa Tenggara Timur 36668",Lemak & Minyak Hewani/Nabati (CPO),15,IDKBU,Kotabaru,45633.2,Jepang,JP,MV TINA 23,0,1,0,0.9166666666666666,14,46,56
00216869,2026-02-06 03:00:00,UD Mandala Prayoga,884969653287101,"Jl. Dr. Djunjunan No. 799, Batam, Kalimantan Selatan 56519",Mesin & Peralatan Elektrik,85,IDKBU,Kotabaru,14551.57,Jepang,JP,MV TINA 23,0,1,0,1.0416666666666667,20,66,48
00464995,2026-02-06 06:00:00,PT Yulianti,801326773602606,"Jl. Antapani Lama No. 166, Pematangsiantar, Kalimantan Selatan 26448",Sereal/Beras,10,IDTPE,Tanjung Perak,2087.5,India,IN,MV TINA 23,0,1,0,0.125,13,66,64
00372874,2026-02-09 22:00:00,PT Melani Hutapea,219136193990916,"Jalan W.R. Supratman No. 60, Makassar, Papua Barat 34699",Lemak & Minyak Hewani/Nabati (CPO),15,IDBEL,Belawan,44351.27,Jepang,JP,MV TINA 23,0,0,0,3.6666666666666665,17,66,56
00880750,2026-02-12 06:00:00,UD Mandala Prayoga,884969653287101,"Jl. Ahmad Yani No. 40, Tangerang Selatan, Kepulauan Riau 25039",Lemak & Minyak Hewani/Nabati (CPO),15,IDKBU,Kotabaru,17753.33,Singapura,SG,MV TINA 23,0,0,0,2.3333333333333335,18,46,66
00408446,2026-02-12 14:00:00,PT Melani Hutapea,219136193990916,"Gg. Kapten Muslihat No. 292, Bengkulu, BA 72453",Mesin & Peralatan Elektrik,85,IDKBU,Kotabaru,27011.13,Jepang,JP,MV TINA 23,0,1,0,0.3333333333333333,19,66,48
00377348,2026-02-13 12:00:00,CV Zulaika Anggraini,916697848018451,"Jl. Erlangga No. 094, Bekasi, KS 28403",Lemak & Minyak Hewani/Nabati (CPO),15,IDBEL,Belawan,8185.18,Singapura,SG,MV TINA 23,0,1,0,0.9166666666666666,11,66,66
00132720,2026-02-16 00:00:00,PD Pudjiastuti Marbun,489638346578713,"Jalan Gardujati No. 075, Tanjungbalai, Papua 79852",Mesin & Peralatan Elektrik,85,IDTPP,Tanjung Priok,33575.5,India,IN,MV TINA 23,0,0,0,2.5,22,52,57
00263256,2026-02-17 21:00:00,Perum Sinaga,701543039117182,"Jalan Rungkut Industri No. 0, Metro, DKI Jakarta 58108",Lemak & Minyak Hewani/Nabati (CPO),15,IDBEL,Belawan,47195.5,Jepang,JP,MV TINA 23,0,1,0,1.875,16,66,56
00410410,2026-02-21 05:00:00,CV Zulaika Anggraini,916697848018451,"Gang Medokan Ayu No. 500, Kota Administrasi Jakarta Utara, Kalimantan Tengah 92712",Mesin & Peralatan Elektrik,85,IDKBU,Kotabaru,13049.82,Jepang,JP,MV TINA 23,0,0,0,3.3333333333333335,20,66,48
00376876,2026-02-21 23:00:00,PD Pudjiastuti Marbun,489638346578713,"Gang Medokan Ayu No. 7, Solok, DI Yogyakarta 43161",Lemak & Minyak Hewani/Nabati (CPO),15,IDTPP,Tanjung Priok,15129.11,Jepang,JP,MV TINA 23,0,1,0,0.75,15,57,56
00991263,2026-02-26 05:00:00,PT Pradipta (Persero) Tbk,647525534192832,"Gg. Raya Ujungberung No. 8, Parepare, Kalimantan Selatan 92749",Bahan Bakar Mineral (Batubara/Minyak),27,IDTPP,Tanjung Priok,3941.39,China,CN,MV TINA 23,0,0,0,4.25,60,75,75
00371154,2026-02-26 06:00:00,PD Suwarno Tbk,872343098050097,"Jl. Rungkut Industri No. 28, Cirebon, YO 28506",Bahan Bakar Mineral (Batubara/Minyak),27,IDTPP,Tanjung Priok,22165.95,India,IN,MV TINA 23,0,1,0,0.041666666666666664,21,75,85
00751167,2026-02-28 02:00:00,PT Pradipta (Persero) Tbk,647525534192832,"Gg. Lembong No. 884, Tomohon, JI 08943",Sereal/Beras,27,IDTPP,Tanjung Priok,46896.34,China,CN,MV TINA 23,0,1,0,1.8333333333333333,60,75,75
00764473,2026-03-02 12:00:00,PT Sirait Damanik,983930103105183,"Gg. Rajiman No. 57, Tomohon, Jawa Timur 50139",Lemak & Minyak Hewani/Nabati (CPO),15,IDTPE,Tanjung Perak,48229.23,Jepang,JP,MV TINA 23,0,0,0,2.4166666666666665,15,65,56
00659103,2026-01-04 23:00:00,PT Yulianti,801326773602606,"Gg. M.H Thamrin No. 53, Serang, KR 51588",Bahan Bakar Mineral (Batubara/Minyak),27,IDTPE,Tanjung Perak,2899.78,China,CN,MV VEGA 18,0,0,0,,15,68,75
00727001,2026-01-06 19:00:00,Perum Saptono Mustofa,513542784980841,"Gg. Kapten Muslihat No. 7, Palembang, DI Yogyakarta 98482",Bahan Bakar Mineral (Batubara/Minyak),27,IDBEL,Belawan,27115.34,India,IN,MV VEGA 18,0,1,0,1.8333333333333333,24,80,85
00867582,2026-01-07 14:00:00,UD Mandala Prayoga,884969653287101,"Gang Astana Anyar No. 767, Cirebon, Aceh 14473",Mesin & Peralatan Elektrik,85,IDTPP,Tanjung Priok,27533.06,China,CN,MV VEGA 18,0,1,0,0.7916666666666666,20,52,70
00588143,2026-01-07 16:00:00,PD Manullang Tbk,048281489325288,"Gang Pelajar Pejuang No. 51, Semarang, KB 73741",Mesin & Peralatan Elektrik,85,IDKBU,Kotabaru,42404.19,Singapura,SG,MV VEGA 18,0,1,0,0.08333333333333333,16,66,63
00711999,2026-01-08 17:00:00,PD Manullang Tbk,048281489325288,"Jalan Gegerkalong Hilir No. 0, Langsa, PB 76604",Bahan Bakar Mineral (Batubara/Minyak),27,IDBEL,Belawan,7780.8,Singapura,SG,MV VEGA 18,0,1,0,1.0416666666666667,12,80,69
00582457,2026-01-09 03:00:00,PT Melani Hutapea,219136193990916,"Jalan Suniaraja No. 27, Manado, SS 46634",Sereal/Beras,10,IDBEL,Belawan,41064.42,China,CN,MV VEGA 18,0,1,0,0.4166666666666667,21,58,61
00609357,2026-01-14 05:00:00,UD Mandala Prayoga,884969653287101,"Gg. Medokan Ayu No. 9, Pontianak, MA 78317",Bahan Bakar Mineral (Batubara/Minyak),27,IDTPE,Tanjung Perak,4631.03,India,IN,MV VEGA 18,0,0,0,5.083333333333333,15,68,85
00865107,2026-01-15 03:00:00,PT Yulianti,801326773602606,"Jl. Rajawali Timur No. 09, Tegal, JB 45623",Lemak & Minyak Hewani/Nabati (CPO),15,IDTPP,Tanjung Priok,9772.08,Singapura,SG,MV VEGA 18,0,1,0,0.9166666666666666,20,57,66
00574881,2026-01-15 21:00:00,PD Pudjiastuti Marbun,489638346578713,"Gg. Merdeka No. 949, Semarang, Sulawesi Barat 86780",Sereal/Beras,10,IDTPE,Tanjung Perak,30473.72,Singapura,SG,MV VEGA 18,0,1,0,0.75,17,66,49
00238984,2026-01-17 05:00:00,PT Yulianti,801326773602606,"Gang Tubagus Ismail No. 5, Malang, BB 74417",Lemak & Minyak Hewani/Nabati (CPO),15,IDTPE,Tanjung Perak,47151.11,China,CN,MV VEGA 18,0,1,0,1.3333333333333333,20,65,61
00381692,2026-01-17 15:00:00,PT Waskita,513338726247317,"Gang Suryakencana No. 31, Ternate, Kalimantan Barat 86814",Sereal/Beras,10,IDTPP,Tanjung Priok,21923.41,China,CN,MV VEGA 18,0,1,0,0.4166666666666667,19,53,61
00417280,2026-01-18 05:00:00,PT Pradipta (Persero) Tbk,647525534192832,"Jl. Pasteur No. 47, Batam, Jawa Timur 46471",Bahan Bakar Mineral (Batubara/Minyak),27,IDTPP,Tanjung Priok,10613.49,India,IN,MV VEGA 18,0,1,0,0.5833333333333334,60,75,85
00265128,2026-01-19 03:00:00,PT Waskita,513338726247317,"Gg. Jayawijaya No. 0, Samarinda, Papua Barat 22395",Mesin & Peralatan Elektrik,85,IDKBU,Kotabaru,1182.98,India,IN,MV VEGA 18,0,1,0,0.9166666666666666,13,66,57
00763021,2026-01-19 20:00:00,PD Pudjiastuti Marbun,489638346578713,"Gg. Rawamangun No. 7, Bima, SN 62028",Mesin & Peralatan Elektrik,85,IDKBU,Kotabaru,963.63,India,IN,MV VEGA 18,0,1,0,0.7083333333333334,22,66,57
00486577,2026-01-21 11:00:00,PT Yulianti,801326773602606,"Jalan Peta No. 27, Kupang, Sulawesi Selatan 66170",Bahan Bakar Mineral (Batubara/Minyak),27,IDBEL,Belawan,28203.18,India,IN,MV VEGA 18,0,1,0,1.625,15,80,85
00397314,2026-01-21 15:00:00,PT Yulianti,801326773602606,"Jalan Tebet Barat Dalam No. 894, Ambon, SN 56641",Mesin & Peralatan Elektrik,85,IDBEL,Belawan,40107.91,Singapura,SG,MV VEGA 18,0,1,0,0.16666666666666666,15,54,63
00820859,2026-01-29 10:00:00,UD Putra Tbk,346247510799118,"Jalan Dr. Djunjunan No. 9, Bontang, KR 64027",Lemak & Minyak Hewani/Nabati (CPO),15,IDTPE,Tanjung Perak,21076.94,Jepang,JP,MV VEGA 18,0,0,0,7.791666666666667,21,65,56
00976503,2026-01-29 10:00:00,PT Yulianti,801326773602606,"Gang Surapati No. 1, Cilegon, KU 52291",Mesin & Peralatan Elektrik,85,IDTPP,Tanjung Priok,48799.66,China,CN,MV VEGA 18,0,1,0,0.0,15,52,70
00312375,2026-02-02 16:00:00,PT Melani Hutapea,219136193990916,"Jl. Cempaka No. 70, Sawahlunto, Kalimantan Utara 49605",Mesin & Peralatan Elektrik,85,IDBEL,Belawan,32284.34,India,IN,MV VEGA 18,0,0,0,4.25,19,54,57
00689180,2026-02-06 01:00:00,PT Waskita,513338726247317,"Jalan M.T Haryono No. 572, Bukittinggi, MA 65136",Lemak & Minyak Hewani/Nabati (CPO),15,IDTPP,Tanjung Priok,15664.26,India,IN,MV VEGA 18,0,0,0,3.375,15,57,51
00793799,2026-02-07 01:00:00,UD Putra Tbk,346247510799118,"Jalan Rajiman No. 9, Serang, Maluku 96105",Sereal/Beras,10,IDKBU,Kotabaru,38555.16,China,CN,MV VEGA 18,0,1,0,1.0,18,56,61
00102050,2026-02-13 16:00:00,PD Prabowo (Persero) Tbk,997376311656670,"Gg. Ronggowarsito No. 566, Parepare, ST 89627",Lemak & Minyak Hewani/Nabati (CPO),15,IDTPE,Tanjung Perak,45647.37,India,IN,MV VEGA 18,0,0,0,6.625,15,65,51
00523862,2026-02-16 15:00:00,PD Prabowo (Persero) Tbk,997376311656670,"Jl. M.H Thamrin No. 27, Balikpapan, Lampung 77520",Lemak & Minyak Hewani/Nabati (CPO),15,IDTPE,Tanjung Perak,7633.04,Singapura,SG,MV VEGA 18,0,0,0,2.9583333333333335,15,65,66
00676104,2026-02-18 16:00:00,PD Suwarno Tbk,872343098050097,"Jalan Rumah Sakit No. 7, Sukabumi, MA 83548",Bahan Bakar Mineral (Batubara/Minyak),27,IDTPP,Tanjung Priok,33354.71,China,CN,MV VEGA 18,0,0,0,2.0416666666666665,21,75,75
00195627,2026-02-22 23:00:00,CV Zulaika Anggraini,916697848018451,"Jl. Pelajar Pejuang No. 884, Bengkulu, SN 09001",Sereal/Beras,10,IDKBU,Kotabaru,7113.94,India,IN,MV VEGA 18,0,0,0,4.291666666666667,12,56,64
00865764,2026-02-23 13:00:00,PT Yulianti,801326773602606,"Gang Rungkut Industri No. 48, Blitar, Sumatera Barat 72934",Lemak & Minyak Hewani/Nabati (CPO),15,IDTPP,Tanjung Priok,8207.25,India,IN,MV VEGA 18,0,1,0,0.5833333333333334,20,57,51
00410556,2026-02-23 15:00:00,PD Pudjiastuti Marbun,489638346578713,"Jalan W.R. Supratman No. 8, Pariaman, Sumatera Barat 60930",Mesin & Peralatan Elektrik,85,IDTPE,Tanjung Perak,18718.39,India,IN,MV VEGA 18,0,1,0,0.08333333333333333,22,66,57
00713461,2026-02-24 00:00:00,UD Putra Tbk,346247510799118,"Jalan Bangka Raya No. 9, Pangkalpinang, Sulawesi Tengah 38721",Mesin & Peralatan Elektrik,85,IDKBU,Kotabaru,5000.0,China,CN,MV VEGA 18,0,1,0,0.375,14,66,70
00526570,2026-02-25 09:00:00,PT Melani Hutapea,219136193990916,"Gang Moch. Ramdan No. 3, Cirebon, Papua Barat 10941",Mesin & Peralatan Elektrik,85,IDTPP,Tanjung Priok,35510.64,China,CN,MV VEGA 18,0,1,0,1.375,19,52,70
00376832,2026-02-26 04:00:00,PD Saputra Uyainah (Persero) Tbk,503056413953767,"Jalan M.T Haryono No. 8, Tidore Kepulauan, RI 03761",Lemak & Minyak Hewani/Nabati (CPO),15,IDTPE,Tanjung Perak,30621.42,Jepang,JP,MV VEGA 18,0,1,0,0.7916666666666666,18,65,56
00266299,2026-02-26 23:00:00,Perum Saptono Mustofa,513542784980841,"Jalan Gedebage Selatan No. 4, Pontianak, Sulawesi Barat 39019",Sereal/Beras,10,IDTPE,Tanjung Perak,26850.68,India,IN,MV VEGA 18,0,1,0,0.7916666666666666,25,66,64
00829970,2026-02-27 09:00:00,PT Yulianti,801326773602606,"Gg. Kebonjati No. 4, Bogor, Riau 94439",Mesin & Peralatan Elektrik,85,IDKBU,Kotabaru,36017.48,Jepang,JP,MV VEGA 18,0,1,0,0.4166666666666667,15,66,48
00401817,2026-02-28 05:00:00,PD Suwarno Tbk,872343098050097,"Jalan Gegerkalong Hilir No. 704, Batam, Gorontalo 80466",Lemak & Minyak Hewani/Nabati (CPO),15,IDBEL,Belawan,3148.62,China,CN,MV VEGA 18,0,1,0,0.8333333333333334,14,66,61
00701408,2026-03-02 09:00:00,PD Prabowo (Persero) Tbk,997376311656670,"Jl. Ciwastra No. 342, Tanjungpinang, Jambi 32532",Mesin & Peralatan Elektrik,85,IDKBU,Kotabaru,17799.27,India,IN,MV VEGA 18,0,0,0,2.1666666666666665,19,66,57
00978603,2026-03-02 10:00:00,PD Saputra Uyainah (Persero) Tbk,503056413953767,"Gang Stasiun Wonokromo No. 0, Samarinda, NB 12405",Lemak & Minyak Hewani/Nabati (CPO),15,IDTPE,Tanjung Perak,28959.54,Singapura,SG,MV VEGA 18,0,1,0,0.041666666666666664,18,65,66
