NIB,NPWP,OSS_ID,NAMA_PERUSAHAAN,NAMA_SINGKATAN,ALAMAT,KELURAHAN,DAERAH_ID,KODE_POS,NOMOR_TELPON,JENIS_PERSEROAN,STATUS_BADAN_HUKUM,STATUS_PERSEROAN,FLAG_IMPOR,FLAG_EKSPOR,JENIS_API,NOMOR_API,NIPER,TGL_PERUBAHAN_NIB,STATUS_NIB
919001128401,723446779526890,OSS-8268154,CV NAMAGA NAJMUDIN (DUPLICATE),NAMAGA NAJ,JALAN PELAJAR PEJUANG NO. 1,PARIAMAN,ID-64,01591,(0707) 443 4782,Firma,DISAHKAN,AKTIF,0,0,,,,2026-01-13,AKTIF
685976646926,590282774694825,OSS-4576344,PERUM NARPATI GUNARTO (PERSERO) TBK (DUPLICATE),PERUM NARP,GG. KAPTEN MUSLIHAT NO. 83,CILEGON,ID-74,37242,+62-046-535-2170,CV,PROSES,DIBEKUKAN,1,0,API-P,57267-API,,2026-02-28,AKTIF
051727804292,351443438270760,OSS-4836230,CV RIYANTI FARIDA TBK,RIYANTI FA,JL. TUBAGUS ISMAIL NO. 0,KOTA ADMINISTRASI JAKARTA PUSAT,ID-61,91150,+62-355-478-1882,PT,TERDAFTAR,AKTIF,0,1,,,NIPER-56254,2026-01-03,AKTIF
107091093853,214077649778953,OSS-6025674,UD SIREGAR SAFITRI TBK,UD SIREGAR,GG. WONOAYU NO. 6,PALEMBANG,ID-10,41020,+62-874-593-0850,Perum,PROSES,TIDAK AKTIF,0,1,,,NIPER-34611,2026-03-01,AKTIF
231832265414,569174220556113,OSS-7913799,HARYANTI MANULLANG,HARYANTI M,JL. M.T HARYONO NO. 291,PASURUAN,ID-41,68634,+62 (17) 233 7347,CV,TERDAFTAR,TIDAK AKTIF,1,1,API-P,54553-API,NIPER-87078,2026-01-12,AKTIF
198704795046,319315049345065,OSS-0248284,PERUM WINARNO ANDRIANI,PERUM WINA,JL. M.H THAMRIN NO. 45,BANDAR LAMPUNG,ID-39,66531,(0073) 199 7993,Perum,TERDAFTAR,DIBEKUKAN,0,1,,,NIPER-50570,2026-01-09,AKTIF
901506183678,387458947193540,OSS-9217882,UD TAMBA PRABOWO TBK,UD TAMBA P,GANG KUTAI NO. 428,PROBOLINGGO,ID-50,26919,0810496468,CV,PROSES,TIDAK AKTIF,0,1,,,NIPER-82964,2026-03-01,AKTIF
480987955077,969361860984603,OSS-2684705,PD ZULAIKA TBK,PD ZULAIKA,GG. GARDUJATI NO. 4,MALANG,ID-44,52416,+62-0227-024-1137,Perum,DISAHKAN,AKTIF,0,0,,,,2026-02-25,AKTIF
901680115360,964394534973200,OSS-9601535,PT TAMBA PRASETYA,TAMBA PRAS,GANG JEND. SUDIRMAN NO. 88,LANGSA,ID-92,04648,+62 (551) 693 2405,Perum,TERDAFTAR,DIBEKUKAN,0,1,,,NIPER-74119,2026-02-02,AKTIF
463129247569,906289998448497,OSS-0952465,CV WIBOWO SIMBOLON (PERSERO) TBK,WIBOWO SIM,JL. SILIWANGI NO. 1,SIBOLGA,ID-32,08545,086 504 4121,Firma,DISAHKAN,AKTIF,1,1,API-P,37085-API,NIPER-14611,2026-02-15,AKTIF
360794817090,562463539722973,OSS-2597529,PERUM RAJASA,PERUM RAJA,GANG STASIUN WONOKROMO NO. 9,LUBUKLINGGAU,ID-17,11013,+62 (99) 168 3670,Perum,DISAHKAN,TIDAK AKTIF,1,0,API-U,41506-API,,2026-01-01,AKTIF
396989457981,671146172106208,OSS-8309718,PT PRAYOGA HASSANAH TBK,PRAYOGA HA,JL. SOEKARNO HATTA NO. 35,TEBINGTINGGI,ID-84,06592,(0760) 612 4243,CV,DISAHKAN,DIBEKUKAN,1,0,API-P,24791-API,,2026-01-23,AKTIF
225848190604,598278147056497,OSS-1729126,UD PRASASTA,UD PRASAST,GANG MERDEKA NO. 843,SINGKAWANG,ID-48,69788,+62-310-208-5205,Perum,PROSES,TIDAK AKTIF,1,1,API-U,64598-API,NIPER-03440,2026-02-27,AKTIF
488138388426,762798755582038,OSS-9167913,UD FARIDA SANTOSO (PERSERO) TBK,UD FARIDA,JL. MOCH. TOHA NO. 9,TERNATE,ID-83,60653,+62 (546) 844 8006,Firma,PROSES,AKTIF,1,1,API-U,16167-API,NIPER-76392,2026-01-30,AKTIF
854631646066,493237558388333,OSS-1493254,PERUM MARBUN (PERSERO) TBK,PERUM MARB,GANG BANGKA RAYA NO. 34,SINGKAWANG,ID-48,10900,+62 (81) 000 3266,CV,DISAHKAN,AKTIF,1,1,API-P,61780-API,NIPER-88644,2026-01-15,AKTIF
905951184001,255064333148118,OSS-4600554,PERUM JAILANI,PERUM JAIL,JL. SILIWANGI NO. 689,SAMARINDA,ID-10,55626,+62 (040) 842-3015,Perum,DISAHKAN,DIBEKUKAN,0,1,,,NIPER-26761,2026-01-12,AKTIF
943012269415,354318705098221,OSS-6259322,PT NURDIYANTI TBK,NURDIYANTI,GANG JOYOBOYO NO. 834,PADANG SIDEMPUAN,ID-52,32528,(0440) 291-3322,Perum,PROSES,TIDAK AKTIF,1,0,API-U,76039-API,,2026-01-11,AKTIF
450670142010,679589250176951,OSS-5877043,UD HASANAH SIRAIT,UD HASANAH,JALAN RAYA SETIABUDHI NO. 09,SAMARINDA,ID-71,32341,+62 (0115) 440-9426,Perum,TERDAFTAR,TIDAK AKTIF,1,1,API-U,26775-API,NIPER-04568,2026-02-20,AKTIF
988926920362,132967086736190,OSS-0906438,UD NURAINI ANGGRIAWAN TBK,UD NURAINI,JALAN CIHAMPELAS NO. 4,PADANG,ID-33,35897,(0337) 724-4273,Firma,TERDAFTAR,TIDAK AKTIF,0,1,,,NIPER-18202,2026-02-04,AKTIF
212886652683,415599910157676,OSS-4722981,PT RAHAYU RAHAYU,RAHAYU RAH,GANG RAYA UJUNGBERUNG NO. 28,YOGYAKARTA,ID-77,34750,088 986 4565,CV,DISAHKAN,TIDAK AKTIF,0,0,,,,2026-01-30,AKTIF
815510184353,623682577360841,OSS-2092232,PERUM NAMAGA (PERSERO) TBK,PERUM NAMA,GG. MONGINSIDI NO. 91,TEGAL,ID-83,95460,(058) 894 0809,PT,DISAHKAN,TIDAK AKTIF,0,1,,,NIPER-29781,2026-01-26,AKTIF
565697648784,962249451046250,OSS-6929656,MEGANTARA (PERSERO) TBK,MEGANTARA,GG. VETERAN NO. 7,SERANG,ID-11,50979,+62-442-129-1465,Firma,TERDAFTAR,TIDAK AKTIF,1,0,API-U,02234-API,,2026-01-31,AKTIF
382644777760,356416657126386,OSS-0458597,PT KUSWANDARI PERMADI TBK,KUSWANDARI,GANG SETIABUDHI NO. 0,MAGELANG,ID-15,87349,+62-0779-732-0981,Perum,PROSES,DIBEKUKAN,0,1,,,NIPER-37746,2026-02-05,AKTIF
862115414360,632065482006876,OSS-4869717,CV NAINGGOLAN TBK (DUPLICATE),NAINGGOLAN,GG. GEGERKALONG HILIR NO. 73,KOTA ADMINISTRASI JAKARTA BARAT,ID-95,43169,+62-0617-591-5228,CV,PROSES,TIDAK AKTIF,1,0,API-U,53756-API,,2026-02-02,AKTIF
916505416168,410337880140047,OSS-6482202,UD MAULANA PUTRA TBK,UD MAULANA,JL. GEDEBAGE SELATAN NO. 7,MADIUN,ID-10,21205,(0379) 090-5961,Perum,PROSES,AKTIF,0,0,,,,2026-01-14,AKTIF
621513447991,075345942579148,OSS-7734553,CV WASTUTI (PERSERO) TBK,WASTUTI (P,GANG ASTANA ANYAR NO. 7,BANDA ACEH,ID-52,93926,(0621) 262-2029,Firma,DISAHKAN,TIDAK AKTIF,0,1,,,NIPER-26435,2026-02-20,AKTIF
569620953958,193476450695699,OSS-2395279,RAJATA SAEFULLAH,RAJATA SAE,GG. YOS SUDARSO NO. 038,TANJUNGPINANG,ID-43,56675,082 080 9928,PT,PROSES,TIDAK AKTIF,1,1,API-U,48374-API,NIPER-92928,2026-02-11,AKTIF
876480795457,776174367055414,OSS-1506798,IRAWAN HIDAYAT,IRAWAN HID,JL. MEDOKAN AYU NO. 578,BITUNG,ID-69,51691,+62-0890-614-8973,Perum,TERDAFTAR,AKTIF,1,1,API-P,73634-API,NIPER-62803,2026-01-06,AKTIF
226964076386,318634555470607,OSS-8054071,PERUM NURDIYANTI SAFITRI,PERUM NURD,JL. CIWASTRA NO. 62,MAGELANG,ID-77,31450,+62-0315-235-2532,CV,PROSES,TIDAK AKTIF,1,1,API-U,20812-API,NIPER-74993,2026-02-23,AKTIF
633106919890,897637941356981,OSS-3204313,CV SITOMPUL,SITOMPUL,JL. KAPTEN MUSLIHAT NO. 6,DENPASAR,ID-71,49115,+62 (44) 230 8646,CV,DISAHKAN,TIDAK AKTIF,1,1,API-P,95470-API,NIPER-92996,2026-01-09,AKTIF
057625440307,915772918392399,OSS-0818442,PD HARIYAH WIDIASTUTI,PD HARIYAH,JALAN TUBAGUS ISMAIL NO. 7,PAREPARE,ID-12,89336,(0640) 040-8803,Firma,DISAHKAN,AKTIF,1,1,API-P,45215-API,NIPER-91519,2026-02-20,AKTIF
872031954196,664505730362792,OSS-4632037,PD WACANA TBK,PD WACANA,JALAN RAWAMANGUN NO. 603,SUBULUSSALAM,ID-57,45057,(061) 945 8870,Firma,DISAHKAN,AKTIF,0,1,,,NIPER-71553,2026-02-06,AKTIF
033024239109,992748710485606,OSS-4667318,PERUM HUTAPEA,PERUM HUTA,JALAN GEGERKALONG HILIR NO. 452,MALANG,ID-65,24441,+62-086-565-7433,CV,TERDAFTAR,DIBEKUKAN,1,0,API-U,19069-API,,2026-01-14,AKTIF
457918531068,337500924223054,OSS-1720948,CV ZULAIKA (PERSERO) TBK,ZULAIKA (P,JL. SETIABUDHI NO. 46,SOLOK,ID-46,12005,+62 (0941) 591 5379,Firma,DISAHKAN,TIDAK AKTIF,0,1,,,NIPER-63496,2026-01-11,AKTIF
369014535916,432119863085629,OSS-2423688,PD KUSUMO SITOMPUL,PD KUSUMO,JL. PHH. MUSTOFA NO. 012,BATAM,ID-24,84508,+62 (077) 285-9209,CV,DISAHKAN,DIBEKUKAN,1,1,API-P,25274-API,NIPER-24533,2026-01-09,AKTIF
539548895406,344128256624612,OSS-4177762,UD SITUMORANG NASYIAH,UD SITUMOR,JALAN INDRAGIRI NO. 2,SABANG,ID-40,62540,(0325) 002 1736,Firma,PROSES,DIBEKUKAN,1,0,API-U,09373-API,,2026-01-18,AKTIF
116016052020,226401737981210,OSS-4995549,CV PUSPASARI,PUSPASARI,JL. KAPTEN MUSLIHAT NO. 334,TARAKAN,ID-52,18413,+62-0672-515-0588,Perum,DISAHKAN,DIBEKUKAN,0,1,,,NIPER-48386,2026-02-08,AKTIF
929480822766,056355586787391,OSS-4855298,PT ANGGRAINI,ANGGRAINI,GG. PASTEUR NO. 327,BENGKULU,ID-51,09362,+62 (22) 244-1498,PT,PROSES,TIDAK AKTIF,1,0,API-U,52673-API,,2026-01-16,AKTIF
491418562333,831672900372470,OSS-9419513,PD SALAHUDIN,PD SALAHUD,JALAN KUTISARI SELATAN NO. 035,SUBULUSSALAM,ID-87,57083,+62 (26) 303 0783,Perum,TERDAFTAR,AKTIF,1,0,API-P,71642-API,,2026-02-06,AKTIF
786112966264,665076906643355,OSS-5083080,CV HASSANAH,HASSANAH,GANG JAMIKA NO. 978,PEMATANGSIANTAR,ID-34,80293,+62 (097) 867 6248,PT,DISAHKAN,AKTIF,1,0,API-P,53845-API,,2026-01-01,AKTIF
815418589900,277291084507860,OSS-4356605,CV PRAYOGA,PRAYOGA,GANG KUTAI NO. 3,BANDAR LAMPUNG,ID-89,77306,(0182) 226-6794,Perum,DISAHKAN,TIDAK AKTIF,1,1,API-P,19087-API,NIPER-88653,2026-01-28,AKTIF
532083168163,603891736907894,OSS-7672000,CV HUTAPEA TBK,HUTAPEA TB,GG. ANTAPANI LAMA NO. 16,KOTA ADMINISTRASI JAKARTA TIMUR,ID-13,08951,+62 (37) 085-1191,Perum,DISAHKAN,TIDAK AKTIF,1,0,API-U,94454-API,,2026-01-17,AKTIF
989484707173,021560139947659,OSS-8457621,UD MANULLANG,UD MANULLA,JALAN ANTAPANI LAMA NO. 6,BIMA,ID-64,87343,+62 (711) 023 4770,Firma,TERDAFTAR,TIDAK AKTIF,0,1,,,NIPER-47290,2026-02-14,AKTIF
239890857257,482282186822831,OSS-2429015,PERUM JAILANI SITORUS,PERUM JAIL,GG. VETERAN NO. 18,BEKASI,ID-18,75778,+62 (131) 139 8404,CV,DISAHKAN,TIDAK AKTIF,0,1,,,NIPER-11977,2026-02-14,AKTIF
536438610322,564836843716406,OSS-1294510,UD JANUAR TBK,UD JANUAR,JL. PHH. MUSTOFA NO. 43,MEDAN,ID-64,18222,0810733673,Perum,TERDAFTAR,DIBEKUKAN,0,0,,,,2026-02-21,AKTIF
632567322348,749391660191090,OSS-4886607,CV ZULKARNAIN SARAGIH,ZULKARNAIN,JALAN OTTO ISKANDARDINATA NO. 85,SORONG,ID-93,17609,+62-93-716-4581,PT,TERDAFTAR,TIDAK AKTIF,0,1,,,NIPER-04573,2026-01-15,AKTIF
380089457629,411292661152559,OSS-1935920,PD TAMBA TBK,PD TAMBA T,JL. LEMBONG NO. 79,KOTA ADMINISTRASI JAKARTA BARAT,ID-54,75743,(067) 801 2531,Perum,PROSES,AKTIF,1,0,API-P,88947-API,,2026-01-09,AKTIF
016787448890,225377722393693,OSS-0409975,CV SUDIATI,SUDIATI,JL. ASTANA ANYAR NO. 76,SUNGAI PENUH,ID-65,19541,0825685516,CV,PROSES,AKTIF,1,1,API-U,22937-API,NIPER-45796,2026-02-06,AKTIF
574834011425,031644686460361,OSS-3803358,CV NAPITUPULU,NAPITUPULU,JALAN SUKABUMI NO. 4,LHOKSEUMAWE,ID-37,84338,(0314) 940 7654,Perum,PROSES,DIBEKUKAN,0,0,,,,2026-02-26,AKTIF
356903646168,460924941157868,OSS-5077114,PERUM RAJASA,PERUM RAJA,GANG SUKAJADI NO. 126,PEKANBARU,ID-61,49422,087 453 1572,Perum,PROSES,DIBEKUKAN,1,1,API-U,59101-API,NIPER-94566,2026-02-12,AKTIF
701817889530,081463655895072,OSS-4663389,PD PRAYOGA PRADIPTA,PD PRAYOGA,GANG LEMBONG NO. 5,TANGERANG,ID-97,89384,+62 (0823) 565-6254,PT,TERDAFTAR,AKTIF,0,1,,,NIPER-34000,2026-01-30,AKTIF
258625449630,509018753909843,OSS-2135420,NASYIAH ASTUTI,NASYIAH AS,GANG K.H. WAHID HASYIM NO. 71,BONTANG,ID-61,58797,+62-899-104-7126,PT,TERDAFTAR,AKTIF,0,0,,,,2026-01-13,AKTIF
782294140612,314241303897731,OSS-2650075,PT AGUSTINA (PERSERO) TBK (DUPLICATE),AGUSTINA (,JL. RAYA UJUNGBERUNG NO. 51,SAMARINDA,ID-44,26317,+62 (72) 065-5194,PT,TERDAFTAR,TIDAK AKTIF,0,0,,,,2026-01-03,AKTIF
637736421785,722804369174238,OSS-0869191,PERUM NASYIAH,PERUM NASY,GANG RAYA SETIABUDHI NO. 27,SUBULUSSALAM,ID-50,70041,+62-023-362-8641,CV,DISAHKAN,TIDAK AKTIF,1,0,API-P,16927-API,,2026-01-25,AKTIF
020739360021,318768626532522,OSS-0280099,PD PRANOWO,PD PRANOWO,GANG MONGINSIDI NO. 5,SURABAYA,ID-49,93152,+62 (0981) 515 9734,CV,DISAHKAN,DIBEKUKAN,0,1,,,NIPER-09194,2026-01-20,AKTIF
403694811266,497196706833539,OSS-1016125,WACANA,WACANA,JALAN CIWASTRA NO. 334,JAMBI,ID-28,67348,+62 (040) 984-1016,Firma,TERDAFTAR,DIBEKUKAN,0,0,,,,2026-01-26,AKTIF
252770039800,162253530354579,OSS-4942422,PERUM MAYASARI TBK,PERUM MAYA,GG. RAYA SETIABUDHI NO. 08,BANJARBARU,ID-57,92515,0898062384,CV,DISAHKAN,DIBEKUKAN,1,1,API-P,83132-API,NIPER-16082,2026-01-05,AKTIF
967347531784,659357215618917,OSS-7961428,CV SAEFULLAH MANDALA,SAEFULLAH,GG. AHMAD DAHLAN NO. 6,BUKITTINGGI,ID-83,53422,+62 (032) 868-7973,PT,PROSES,AKTIF,0,1,,,NIPER-25989,2026-01-25,AKTIF
927078689100,872924299906396,OSS-7739232,MAHESWARA (PERSERO) TBK (DUPLICATE),MAHESWARA,JL. DIPATIUKUR NO. 43,BEKASI,ID-76,19910,(051) 745-8099,Firma,PROSES,DIBEKUKAN,0,1,,,NIPER-74164,2026-01-21,AKTIF
807242498801,537288573274769,OSS-4008129,UD RAHMAWATI PRASTUTI TBK,UD RAHMAWA,JALAN SUKAJADI NO. 376,MALANG,ID-69,00622,+62 (62) 327 0674,PT,DISAHKAN,TIDAK AKTIF,1,0,API-U,65970-API,,2026-01-15,AKTIF
876181035514,799118796884207,OSS-2891524,SAPTONO (DUPLICATE),SAPTONO,JALAN KH AMIN JASUTA NO. 01,KENDARI,ID-97,75481,+62 (072) 357 9888,CV,TERDAFTAR,DIBEKUKAN,1,0,API-P,23698-API,,2026-01-19,AKTIF
909877674967,194712509370091,OSS-1165377,UD ANDRIANI (PERSERO) TBK,UD ANDRIAN,GG. DR. DJUNJUNAN NO. 32,SAMARINDA,ID-61,77572,0854071499,PT,PROSES,DIBEKUKAN,0,1,,,NIPER-18916,2026-02-27,AKTIF
598808785611,273612371509645,OSS-0077746,UD ISWAHYUDI TBK,UD ISWAHYU,GG. ASTANA ANYAR NO. 571,KEDIRI,ID-92,04230,+62 (457) 274 0435,PT,TERDAFTAR,DIBEKUKAN,0,1,,,NIPER-66345,2026-02-24,AKTIF
945293261482,943293906886963,OSS-0411425,UD WASTUTI,UD WASTUTI,JL. CIHAMPELAS NO. 183,PADANG SIDEMPUAN,ID-34,16907,+62-003-978-5511,CV,PROSES,AKTIF,0,1,,,NIPER-69512,2026-03-02,AKTIF
678441175471,195916000991433,OSS-8512429,UD BUDIYANTO SAPUTRA (PERSERO) TBK,UD BUDIYAN,GANG SUKAJADI NO. 3,KOTA ADMINISTRASI JAKARTA PUSAT,ID-24,16855,+62 (166) 693 3417,Perum,TERDAFTAR,TIDAK AKTIF,0,1,,,NIPER-62941,2026-01-02,AKTIF
981166497248,325957485913375,OSS-9933458,CV PUDJIASTUTI NASYIDAH,PUDJIASTUT,JALAN SUNIARAJA NO. 4,TIDORE KEPULAUAN,ID-59,56892,+62 (47) 680-7257,CV,PROSES,AKTIF,1,1,API-U,97513-API,NIPER-15463,2026-01-30,AKTIF
578703713119,427100366606328,OSS-7988159,UD ARYANI (PERSERO) TBK,UD ARYANI,GANG SURYAKENCANA NO. 9,MAGELANG,ID-14,42750,+62-16-153-6443,PT,DISAHKAN,DIBEKUKAN,0,1,,,NIPER-16230,2026-01-11,AKTIF
800243181009,825334365947028,OSS-1623659,PD HARIYAH TBK (DUPLICATE),PD HARIYAH,GANG MONGINSIDI NO. 5,KOTA ADMINISTRASI JAKARTA TIMUR,ID-40,52882,+62 (083) 367 8092,CV,DISAHKAN,AKTIF,1,0,API-U,27355-API,,2026-02-16,AKTIF
056161846487,070788960852232,OSS-9623409,RAJATA,RAJATA,JL. JAYAWIJAYA NO. 5,MEULABOH,ID-50,09431,+62-60-486-9357,Perum,TERDAFTAR,DIBEKUKAN,1,1,API-P,23479-API,NIPER-64690,2026-03-01,AKTIF
443771451884,476432348143698,OSS-2476536,PT HUTAGALUNG BUDIMAN,HUTAGALUNG,GANG PASIRKOJA NO. 3,TUAL,ID-47,50379,+62 (16) 136 2364,CV,DISAHKAN,DIBEKUKAN,1,0,API-P,53242-API,,2026-01-18,AKTIF
095340952408,715499789285003,OSS-8892640,UD SITOMPUL PUDJIASTUTI,UD SITOMPU,JL. GARDUJATI NO. 40,TIDORE KEPULAUAN,ID-17,63888,0878151183,PT,DISAHKAN,AKTIF,1,0,API-U,02097-API,,2026-01-22,AKTIF
257329125629,860586032817094,OSS-2991694,PERUM PURNAWATI TBK,PERUM PURN,GANG INDRAGIRI NO. 0,MEDAN,ID-86,28844,+62-61-917-8837,CV,DISAHKAN,AKTIF,1,0,API-U,49755-API,,2026-02-17,AKTIF
730207347304,659041939798608,OSS-0166504,CV RAHAYU (PERSERO) TBK,RAHAYU (PE,JL. WONOAYU NO. 9,PALEMBANG,ID-27,66879,+62-099-263-7903,Perum,TERDAFTAR,AKTIF,1,1,API-P,46548-API,NIPER-59391,2026-02-02,AKTIF
690483589470,178140618843255,OSS-7072354,UD AGUSTINA HARYANTI (PERSERO) TBK,UD AGUSTIN,GANG SUKABUMI NO. 0,KOTA ADMINISTRASI JAKARTA PUSAT,ID-67,24911,(0372) 514-0606,PT,DISAHKAN,AKTIF,0,1,,,NIPER-56354,2026-02-10,AKTIF
044999657117,582003089995778,OSS-3658359,SAPUTRA NABABAN (PERSERO) TBK,SAPUTRA NA,JALAN KH AMIN JASUTA NO. 85,PEKALONGAN,ID-71,30115,089 264 2109,Perum,PROSES,DIBEKUKAN,1,0,API-P,96733-API,,2026-02-04,AKTIF
589519216563,608429076556101,OSS-1391953,PT USAMAH (PERSERO) TBK,USAMAH (PE,JALAN IR. H. DJUANDA NO. 63,SALATIGA,ID-83,25226,+62 (09) 876-4735,Firma,PROSES,DIBEKUKAN,0,1,,,NIPER-09703,2026-01-06,AKTIF
889744502891,379311875015577,OSS-6200346,CV SAPUTRA,SAPUTRA,JL. RAJIMAN NO. 2,KOTA ADMINISTRASI JAKARTA TIMUR,ID-31,13108,(0440) 038-3704,Perum,DISAHKAN,AKTIF,0,1,,,NIPER-10909,2026-02-26,AKTIF
117655398220,843009782118499,OSS-1965911,PERUM PURNAWATI LATUPONO (PERSERO) TBK (DUPLICATE),PERUM PURN,GANG GARDUJATI NO. 2,TANGERANG SELATAN,ID-40,57029,(0767) 339-3937,PT,PROSES,DIBEKUKAN,1,1,API-U,28379-API,NIPER-06291,2026-01-12,AKTIF
131688682039,960778537340389,OSS-1252795,PD LATUPONO ISWAHYUDI (PERSERO) TBK,PD LATUPON,GANG PASIRKOJA NO. 591,TANJUNGBALAI,ID-74,23860,0837777579,CV,DISAHKAN,DIBEKUKAN,0,1,,,NIPER-54163,2026-02-17,AKTIF
406185859530,022466676936534,OSS-5945914,PD MAULANA RAJASA,PD MAULANA,GANG RAJAWALI BARAT NO. 96,MOJOKERTO,ID-90,04843,+62-083-869-1269,Perum,TERDAFTAR,TIDAK AKTIF,0,0,,,,2026-01-14,AKTIF
644559285809,766240980492085,OSS-9462447,UD NAINGGOLAN,UD NAINGGO,JL. RAJAWALI BARAT NO. 860,BANDA ACEH,ID-58,56475,+62-0464-078-4355,CV,PROSES,TIDAK AKTIF,1,1,API-U,09342-API,NIPER-78848,2026-01-20,AKTIF
164508629532,230724876412613,OSS-9557458,MAYASARI BUDIMAN TBK,MAYASARI B,GG. RAJIMAN NO. 400,KOTA ADMINISTRASI JAKARTA TIMUR,ID-21,27885,0881920696,Perum,PROSES,AKTIF,0,0,,,,2026-02-27,AKTIF
228683512042,563443121690907,OSS-9396906,PERUM HARYANTI DAMANIK,PERUM HARY,GANG JEND. SUDIRMAN NO. 99,CIREBON,ID-73,49261,+62 (0251) 948-6756,Firma,TERDAFTAR,TIDAK AKTIF,1,0,API-P,83633-API,,2026-03-02,AKTIF
124655295787,351683202271131,OSS-8002149,PT NASYIDAH (DUPLICATE),NASYIDAH,GANG RUMAH SAKIT NO. 77,KUPANG,ID-56,28239,+62 (032) 183 6694,Firma,TERDAFTAR,TIDAK AKTIF,0,0,,,,2026-02-18,AKTIF
805789579178,771479374658512,OSS-9592322,JANUAR SITOMPUL,JANUAR SIT,JALAN MOCH. RAMDAN NO. 1,BIMA,ID-55,32262,(0723) 654 0156,Perum,TERDAFTAR,AKTIF,1,1,API-U,99694-API,NIPER-74250,2026-01-09,AKTIF
861793169886,789709070115777,OSS-6606061,UD KUSMAWATI (PERSERO) TBK,UD KUSMAWA,GANG KIARACONDONG NO. 1,MADIUN,ID-92,09426,(038) 453 1699,PT,PROSES,AKTIF,0,0,,,,2026-01-09,AKTIF
838935953828,040561299650826,OSS-9582641,PERUM WALUYO SITUMORANG TBK,PERUM WALU,JL. STASIUN WONOKROMO NO. 61,YOGYAKARTA,ID-83,85951,+62 (0346) 823 9484,Firma,TERDAFTAR,AKTIF,0,1,,,NIPER-00273,2026-02-01,AKTIF
982639249526,011431023030297,OSS-3497914,UD HANDAYANI TBK,UD HANDAYA,GANG RUNGKUT INDUSTRI NO. 01,BANJARMASIN,ID-19,14401,(0326) 212-0393,CV,DISAHKAN,AKTIF,0,0,,,,2026-01-28,AKTIF
622815104234,043821246522132,OSS-0411012,PD MAYASARI WIDIASTUTI TBK,PD MAYASAR,JL. RONGGOWARSITO NO. 4,KOTA ADMINISTRASI JAKARTA TIMUR,ID-21,59503,+62-038-847-0846,Firma,PROSES,TIDAK AKTIF,0,1,,,NIPER-41566,2026-01-22,AKTIF
514903479477,646377227451776,OSS-3049315,HUTASOIT RAMADAN,HUTASOIT R,JL. MOCH. TOHA NO. 738,MOJOKERTO,ID-82,28551,+62 (306) 337 7318,PT,PROSES,DIBEKUKAN,1,1,API-U,09332-API,NIPER-81384,2026-02-17,AKTIF
231465126172,513274074920069,OSS-8753010,PD KUSUMO (PERSERO) TBK,PD KUSUMO,JALAN KENDALSARI NO. 67,KEDIRI,ID-57,68300,+62 (04) 809-8244,Firma,TERDAFTAR,TIDAK AKTIF,1,0,API-U,12315-API,,2026-01-06,AKTIF
611097688845,846890517748781,OSS-9222988,DAMANIK SUSANTI (PERSERO) TBK,DAMANIK SU,JL. M.T HARYONO NO. 58,SIBOLGA,ID-68,69889,0835879232,CV,DISAHKAN,TIDAK AKTIF,0,0,,,,2026-02-20,AKTIF
959807214258,835790261163785,OSS-6903557,NUGROHO,NUGROHO,JALAN IR. H. DJUANDA NO. 6,MAGELANG,ID-10,15403,+62-0952-607-1664,Firma,PROSES,DIBEKUKAN,1,0,API-P,47875-API,,2026-02-08,AKTIF
602674121638,637537422811119,OSS-9609960,PERUM NAINGGOLAN PRASTUTI (PERSERO) TBK,PERUM NAIN,JALAN SETIABUDHI NO. 0,BATAM,ID-98,81653,+62 (985) 153 2092,Firma,DISAHKAN,DIBEKUKAN,1,1,API-U,83534-API,NIPER-24950,2026-02-06,AKTIF
846065589420,260584406563020,OSS-9429009,PERUM ADRIANSYAH NABABAN (PERSERO) TBK,PERUM ADRI,GG. KAPTEN MUSLIHAT NO. 75,MOJOKERTO,ID-29,79493,(040) 893 4357,PT,TERDAFTAR,DIBEKUKAN,0,1,,,NIPER-81420,2026-01-17,AKTIF
119381576638,998172519026579,OSS-3324939,UD HALIM,UD HALIM,GG. SUKABUMI NO. 691,TUAL,ID-18,06312,+62-124-413-6503,Firma,PROSES,TIDAK AKTIF,1,0,API-U,96681-API,,2026-01-26,AKTIF
249975294902,745820575706426,OSS-7859839,PD MARDHIYAH (PERSERO) TBK,PD MARDHIY,GANG YOS SUDARSO NO. 506,PADANG,ID-73,41125,(0917) 917-7072,PT,TERDAFTAR,TIDAK AKTIF,0,1,,,NIPER-57399,2026-01-22,AKTIF
616453454722,398983065031219,OSS-8041847,UD MEGANTARA FUJIATI,UD MEGANTA,JL. TUBAGUS ISMAIL NO. 28,KEDIRI,ID-28,90924,0876230391,Perum,TERDAFTAR,AKTIF,0,0,,,,2026-01-05,AKTIF
800171464907,979699214881100,OSS-3221974,MARPAUNG ISWAHYUDI TBK,MARPAUNG I,GANG GEDEBAGE SELATAN NO. 04,BLITAR,ID-90,95942,(039) 459 1423,Firma,PROSES,AKTIF,1,0,API-U,10195-API,,2026-02-14,AKTIF
375288139931,447736702360136,OSS-0956594,PERUM THAMRIN,PERUM THAM,GG. KEBONJATI NO. 115,YOGYAKARTA,ID-44,85178,(0202) 196-1980,Firma,TERDAFTAR,TIDAK AKTIF,0,0,,,,2026-01-29,AKTIF
053474923081,079934565139072,OSS-6745339,CV SIMANJUNTAK PERTIWI (PERSERO) TBK,SIMANJUNTA,JL. RONGGOWARSITO NO. 522,KENDARI,ID-45,22638,(017) 168-1383,CV,TERDAFTAR,DIBEKUKAN,0,0,,,,2026-02-23,AKTIF
548640155778,817884795137116,OSS-2411241,PD MARYADI PUTRA (DUPLICATE),PD MARYADI,GANG R.E MARTADINATA NO. 756,TERNATE,ID-23,43103,085 695 5798,PT,PROSES,TIDAK AKTIF,0,1,,,NIPER-87749,2026-01-31,AKTIF
179287008163,479730578560785,OSS-1573622,UD SANTOSO WIDIASTUTI (DUPLICATE),UD SANTOSO,GANG KAPTEN MUSLIHAT NO. 5,CIREBON,ID-97,76987,+62 (025) 943 7036,Perum,DISAHKAN,AKTIF,0,0,,,,2026-02-14,AKTIF
499383797857,084707977004252,OSS-7695953,PT HABIBI TBK,HABIBI TBK,JALAN CIKAPAYANG NO. 208,TEGAL,ID-74,01841,0864223596,CV,PROSES,TIDAK AKTIF,0,1,,,NIPER-05396,2026-01-28,AKTIF
271046587502,978468943573997,OSS-9397939,PT SINAGA (PERSERO) TBK,SINAGA (PE,JALAN BKR NO. 5,BANDUNG,ID-77,61328,(045) 579 4486,Firma,PROSES,DIBEKUKAN,0,1,,,NIPER-53027,2026-01-31,AKTIF
322444165950,433054322773699,OSS-2820507,UD MEGANTARA HALIM (PERSERO) TBK,UD MEGANTA,JL. ABDUL MUIS NO. 629,BIMA,ID-38,00634,+62 (0402) 093 9103,Firma,DISAHKAN,TIDAK AKTIF,1,0,API-P,68539-API,,2026-02-20,AKTIF
610077017737,594933078111719,OSS-6004902,UD SUWARNO,UD SUWARNO,GG. RUMAH SAKIT NO. 6,KOTA ADMINISTRASI JAKARTA UTARA,ID-53,33849,(055) 239-1703,Perum,PROSES,AKTIF,0,0,,,,2026-01-28,AKTIF
794438873283,224330688180527,OSS-6730801,PERUM NAINGGOLAN TBK,PERUM NAIN,JL. DR. DJUNJUNAN NO. 9,TERNATE,ID-44,87706,+62 (036) 524-0920,CV,PROSES,AKTIF,0,0,,,,2026-01-05,AKTIF
539941742893,136503307018719,OSS-7164699,CV WIJAYA WASKITA,WIJAYA WAS,GANG SUKAJADI NO. 76,LUBUKLINGGAU,ID-49,50970,+62-001-440-7884,Perum,TERDAFTAR,DIBEKUKAN,0,1,,,NIPER-47371,2026-01-24,AKTIF
787590138448,455695860486682,OSS-8194797,CV ZULAIKA (PERSERO) TBK,ZULAIKA (P,GANG STASIUN WONOKROMO NO. 04,TANJUNGBALAI,ID-12,54619,(0922) 099-6532,Firma,DISAHKAN,DIBEKUKAN,0,0,,,,2026-02-27,AKTIF
174418263007,022855329924041,OSS-8088352,UD PURNAWATI ZULAIKA,UD PURNAWA,JALAN PETA NO. 40,PARIAMAN,ID-27,43947,086 261 0115,PT,TERDAFTAR,DIBEKUKAN,0,1,,,NIPER-94236,2026-02-03,AKTIF
082322635748,976582885963046,OSS-2277684,CV MANGUNSONG,MANGUNSONG,JL. SETIABUDHI NO. 26,BATU,ID-50,08553,+62-63-703-2586,CV,PROSES,AKTIF,0,1,,,NIPER-66064,2026-02-07,AKTIF
347372577306,385561908063425,OSS-8797726,UD YUNIAR LESTARI,UD YUNIAR,JL. AHMAD YANI NO. 82,PEKANBARU,ID-78,82455,+62-0724-200-9299,PT,PROSES,DIBEKUKAN,1,0,API-P,69528-API,,2026-03-02,AKTIF
960663499834,571595437789045,OSS-8659254,PD MARYADI,PD MARYADI,JL. KAPTEN MUSLIHAT NO. 5,SERANG,ID-43,98274,+62 (030) 742 1481,PT,PROSES,AKTIF,0,0,,,,2026-02-25,AKTIF
557087476528,683843247611434,OSS-3833506,UD SIHOMBING WULANDARI TBK,UD SIHOMBI,JALAN CIHAMPELAS NO. 90,LUBUKLINGGAU,ID-87,98071,(0965) 321-7091,CV,DISAHKAN,TIDAK AKTIF,1,1,API-U,17786-API,NIPER-49646,2026-02-06,AKTIF
729848407018,054508676193206,OSS-4738826,PD ANDRIANI (PERSERO) TBK,PD ANDRIAN,GG. ASTANA ANYAR NO. 651,SORONG,ID-51,17141,+62 (023) 650 5354,Perum,TERDAFTAR,AKTIF,0,1,,,NIPER-63234,2026-01-11,AKTIF
624268942123,615539088575751,OSS-1110200,PT HABIBI HUTASOIT,HABIBI HUT,JALAN KIARACONDONG NO. 8,KOTA ADMINISTRASI JAKARTA BARAT,ID-22,19838,0862866609,Perum,DISAHKAN,TIDAK AKTIF,0,0,,,,2026-01-15,AKTIF
334356135716,062900885197463,OSS-5026219,PD WIJAYANTI UYAINAH (PERSERO) TBK,PD WIJAYAN,GANG CIKUTRA BARAT NO. 502,KOTA ADMINISTRASI JAKARTA SELATAN,ID-25,99795,0825302146,CV,PROSES,AKTIF,1,1,API-U,68303-API,NIPER-47865,2026-01-15,AKTIF
080926713970,284322113715540,OSS-5881744,UD SIHOMBING SANTOSO,UD SIHOMBI,GG. R.E MARTADINATA NO. 5,PROBOLINGGO,ID-90,60463,+62 (011) 189-2886,PT,DISAHKAN,DIBEKUKAN,1,1,API-P,58711-API,NIPER-01298,2026-02-26,AKTIF
471771673831,449077238668268,OSS-4651147,HASSANAH (PERSERO) TBK,HASSANAH (,JALAN S. PARMAN NO. 1,BAU-BAU,ID-28,67453,+62 (021) 221-7047,Perum,PROSES,AKTIF,1,1,API-U,87089-API,NIPER-63088,2026-02-07,AKTIF
721281568387,027853798214924,OSS-1371730,CV PRATIWI FIRGANTORO TBK,PRATIWI FI,GG. STASIUN WONOKROMO NO. 83,TUAL,ID-14,67238,(065) 606 7755,CV,PROSES,AKTIF,1,0,API-U,95735-API,,2026-01-24,AKTIF
120569095849,451507696964687,OSS-5280497,PERUM HIDAYANTO (PERSERO) TBK,PERUM HIDA,JALAN SETIABUDHI NO. 8,SERANG,ID-56,69814,(0339) 617 2944,CV,TERDAFTAR,DIBEKUKAN,0,0,,,,2026-03-01,AKTIF
940616481889,874315772385213,OSS-2910669,PD SITORUS (PERSERO) TBK,PD SITORUS,GANG SENTOT ALIBASA NO. 30,SAWAHLUNTO,ID-20,21047,(0167) 263-3248,CV,PROSES,DIBEKUKAN,1,1,API-P,27210-API,NIPER-58683,2026-01-20,AKTIF
832227477203,348289911827697,OSS-2246019,PT PURWANTI RAJASA,PURWANTI R,JL. ASIA AFRIKA NO. 6,MADIUN,ID-33,61476,0842838883,Perum,TERDAFTAR,TIDAK AKTIF,1,0,API-P,01543-API,,2026-02-01,AKTIF
907486970267,215609071084578,OSS-9040740,PD WIJAYANTI TARIHORAN TBK,PD WIJAYAN,GG. PHH. MUSTOFA NO. 0,YOGYAKARTA,ID-47,48938,+62-0832-497-3768,PT,PROSES,AKTIF,0,0,,,,2026-02-03,AKTIF
685653081251,693296607115086,OSS-3887276,PD WASKITA WASKITA,PD WASKITA,JALAN KAPTEN MUSLIHAT NO. 0,SINGKAWANG,ID-49,93979,+62-19-039-7298,Perum,DISAHKAN,DIBEKUKAN,1,1,API-P,68761-API,NIPER-06172,2026-01-17,AKTIF
324421461004,983590058198365,OSS-1469059,PERUM PRADANA,PERUM PRAD,GANG LASWI NO. 7,BANDUNG,ID-72,78341,+62-80-750-9503,Perum,DISAHKAN,DIBEKUKAN,1,1,API-U,54513-API,NIPER-64029,2026-01-13,AKTIF
249975294902,745820575706426,OSS-7859839,PD MARDHIYAH (PERSERO) TBK (DUPLICATE),PD MARDHIY,GANG YOS SUDARSO NO. 506,PADANG,ID-73,41125,(0917) 917-7072,PT,TERDAFTAR,TIDAK AKTIF,0,1,,,NIPER-57399,2026-01-22,AKTIF
976979987256,964113507649967,OSS-2763396,HANDAYANI,HANDAYANI,GG. YOS SUDARSO NO. 05,BLITAR,ID-28,11270,+62 (0225) 933-2381,CV,PROSES,AKTIF,0,0,,,,2026-01-27,AKTIF
588357369877,273566050845515,OSS-8229264,PD SUWARNO WIBISONO TBK (DUPLICATE),PD SUWARNO,JALAN RAJIMAN NO. 770,MEULABOH,ID-13,23916,+62-876-049-4989,CV,DISAHKAN,TIDAK AKTIF,0,0,,,,2026-01-21,AKTIF
693751509398,343018718637599,OSS-8056265,UD BUDIMAN SURYONO TBK,UD BUDIMAN,GANG STASIUN WONOKROMO NO. 376,KOTAMOBAGU,ID-72,66299,+62 (023) 478 5196,PT,PROSES,DIBEKUKAN,0,1,,,NIPER-10646,2026-02-13,AKTIF
112659746030,231217817042327,OSS-5888118,PERUM MARBUN (PERSERO) TBK,PERUM MARB,JL. PASIRKOJA NO. 652,CIMAHI,ID-57,18910,+62 (310) 017-9251,PT,TERDAFTAR,AKTIF,1,0,API-P,36223-API,,2026-01-06,AKTIF
555762743377,923689418250240,OSS-8952257,PERUM LATUPONO NOVITASARI,PERUM LATU,GANG KUTAI NO. 68,KOTA ADMINISTRASI JAKARTA UTARA,ID-27,27467,+62 (0433) 482 0965,PT,PROSES,DIBEKUKAN,1,1,API-U,13105-API,NIPER-18043,2026-02-17,AKTIF
605108453765,539275375154638,OSS-0373328,PT PRASETYO,PRASETYO,GG. OTTO ISKANDARDINATA NO. 21,BANDA ACEH,ID-60,80435,+62 (069) 522 7789,CV,TERDAFTAR,AKTIF,1,0,API-U,88008-API,,2026-01-07,AKTIF
820011998757,107006193887956,OSS-2636489,PD PRANOWO (PERSERO) TBK (DUPLICATE),PD PRANOWO,GG. TUBAGUS ISMAIL NO. 61,PADANGPANJANG,ID-59,07067,+62 (438) 523 1898,Firma,PROSES,AKTIF,0,0,,,,2026-02-06,AKTIF
386759120634,990472683571507,OSS-6371499,PD ZULAIKA SIHOTANG (PERSERO) TBK,PD ZULAIKA,JL. ASIA AFRIKA NO. 7,SIBOLGA,ID-44,83705,+62 (096) 422-1117,CV,TERDAFTAR,DIBEKUKAN,0,1,,,NIPER-28603,2026-01-05,AKTIF
322780906269,910805084461174,OSS-2171665,UD YULIANTI,UD YULIANT,JL. R.E MARTADINATA NO. 6,MEDAN,ID-29,10922,+62 (75) 802-0431,Firma,PROSES,TIDAK AKTIF,0,0,,,,2026-01-23,AKTIF
772918375978,535138608700781,OSS-4390363,PERUM FIRMANSYAH HASSANAH TBK (DUPLICATE),PERUM FIRM,GG. KH AMIN JASUTA NO. 935,KOTA ADMINISTRASI JAKARTA UTARA,ID-97,37236,+62-70-549-1291,CV,PROSES,TIDAK AKTIF,0,0,,,,2026-02-05,AKTIF
552843353035,445813099284005,OSS-1977010,UD RAHAYU,UD RAHAYU,GG. ERLANGGA NO. 69,KEDIRI,ID-82,31804,+62 (50) 824 9161,Firma,DISAHKAN,AKTIF,0,1,,,NIPER-05280,2026-02-06,AKTIF
929644477250,842324234800417,OSS-2415536,UD NASYIDAH,UD NASYIDA,GANG PETA NO. 0,CIREBON,ID-66,96024,+62 (57) 033-3295,Perum,TERDAFTAR,TIDAK AKTIF,0,0,,,,2026-01-13,AKTIF
502612893492,610138154813507,OSS-7251982,PERUM HAKIM (PERSERO) TBK,PERUM HAKI,JALAN K.H. WAHID HASYIM NO. 1,BONTANG,ID-50,27716,+62-078-791-6964,PT,TERDAFTAR,AKTIF,1,1,API-U,74395-API,NIPER-82855,2026-02-16,AKTIF
744932855456,979244681192437,OSS-0693570,PERUM GUNAWAN PRANOWO,PERUM GUNA,JALAN K.H. WAHID HASYIM NO. 576,DEPOK,ID-67,75309,(0579) 019 1821,CV,DISAHKAN,AKTIF,0,0,,,,2026-01-28,AKTIF
779253756130,015975646008166,OSS-6855549,UD MARYATI,UD MARYATI,GANG KUTISARI SELATAN NO. 06,BOGOR,ID-36,52374,(055) 826-9176,CV,DISAHKAN,AKTIF,1,1,API-P,38372-API,NIPER-73271,2026-02-11,AKTIF
418793978953,770124931645982,OSS-4378047,UD GUNARTO,UD GUNARTO,GG. SENTOT ALIBASA NO. 875,SAWAHLUNTO,ID-97,69203,+62 (73) 571-2567,Firma,TERDAFTAR,AKTIF,0,1,,,NIPER-21230,2026-02-14,AKTIF
849990904492,132015804061380,OSS-9726630,PERUM AGUSTINA DAMANIK TBK,PERUM AGUS,JL. KUTISARI SELATAN NO. 38,AMBON,ID-48,82235,(055) 839-5165,PT,PROSES,TIDAK AKTIF,1,1,API-P,76406-API,NIPER-09548,2026-02-10,AKTIF
083400308300,409895625894445,OSS-5319055,PERUM MAYASARI,PERUM MAYA,GG. PASIR KOJA NO. 4,SIBOLGA,ID-63,07274,+62 (916) 960-8411,PT,TERDAFTAR,TIDAK AKTIF,0,0,,,,2026-02-10,AKTIF
064609518329,214821129054110,OSS-5361030,PD ISWAHYUDI TBK,PD ISWAHYU,GG. SILIWANGI NO. 9,CIREBON,ID-46,16029,+62 (36) 271-5077,Perum,TERDAFTAR,DIBEKUKAN,0,1,,,NIPER-14460,2026-02-10,AKTIF
166692063361,992637075256900,OSS-1964077,PERUM MARYATI RAJATA TBK,PERUM MARY,GG. PETA NO. 8,PASURUAN,ID-90,45135,081 687 4356,Perum,TERDAFTAR,TIDAK AKTIF,1,1,API-P,31103-API,NIPER-37875,2026-02-10,AKTIF
633011205144,984277885710127,OSS-3978645,PD LAKSITA,PD LAKSITA,GG. TEBET BARAT DALAM NO. 809,BANJARBARU,ID-95,31508,+62-062-729-7412,Firma,DISAHKAN,TIDAK AKTIF,1,1,API-U,78222-API,NIPER-34232,2026-01-30,AKTIF
689753115243,872075793144494,OSS-1996459,CV USADA SAPTONO (PERSERO) TBK,USADA SAPT,JL. YOS SUDARSO NO. 15,KEDIRI,ID-44,85070,+62 (182) 511 0318,CV,PROSES,TIDAK AKTIF,0,1,,,NIPER-67207,2026-02-16,AKTIF
502405377290,848965394503754,OSS-8078053,CV NASYIDAH WAHYUDIN,NASYIDAH W,JL. RUNGKUT INDUSTRI NO. 369,LANGSA,ID-58,40737,+62-041-506-3240,PT,PROSES,TIDAK AKTIF,1,1,API-P,51026-API,NIPER-58387,2026-02-14,AKTIF
841519150468,837653447363918,OSS-0537497,PERUM RIYANTI LAILASARI,PERUM RIYA,GANG CEMPAKA NO. 2,SUBULUSSALAM,ID-32,11493,(048) 779-4673,Firma,PROSES,AKTIF,1,1,API-P,56128-API,NIPER-58113,2026-01-21,AKTIF
893898469081,974005643502385,OSS-0371990,AGUSTINA (PERSERO) TBK,AGUSTINA (,GG. CIHAMPELAS NO. 078,SUNGAI PENUH,ID-55,67430,+62-003-896-0870,Perum,PROSES,AKTIF,0,1,,,NIPER-66266,2026-01-19,AKTIF
588416197223,348603859414933,OSS-8680063,CV HABIBI (PERSERO) TBK,HABIBI (PE,JL. CIWASTRA NO. 16,PROBOLINGGO,ID-30,03057,+62-0178-065-0402,PT,PROSES,DIBEKUKAN,0,1,,,NIPER-51367,2026-02-26,AKTIF
935962285406,782637352734334,OSS-7255603,CV ADRIANSYAH,ADRIANSYAH,GANG AHMAD DAHLAN NO. 285,KOTA ADMINISTRASI JAKARTA TIMUR,ID-89,17444,+62 (0912) 850-4061,Perum,PROSES,AKTIF,1,1,API-P,88047-API,NIPER-17861,2026-01-13,AKTIF
539548895406,344128256624612,OSS-4177762,UD SITUMORANG NASYIAH (DUPLICATE),UD SITUMOR,JALAN INDRAGIRI NO. 2,SABANG,ID-40,62540,(0325) 002 1736,Firma,PROSES,DIBEKUKAN,1,0,API-U,09373-API,,2026-01-18,AKTIF
914068841333,731255235617817,OSS-0321192,PD KUSUMO (DUPLICATE),PD KUSUMO,JALAN MONGINSIDI NO. 5,PANGKALPINANG,ID-37,89561,+62-371-844-4902,Firma,TERDAFTAR,AKTIF,1,0,API-P,95026-API,,2026-02-01,AKTIF
825170833649,376948787459655,OSS-4983728,PD FIRGANTORO (PERSERO) TBK,PD FIRGANT,GG. SUKAJADI NO. 751,LHOKSEUMAWE,ID-61,40803,+62 (52) 483-5216,CV,PROSES,AKTIF,0,1,,,NIPER-09785,2026-02-12,AKTIF
851493689980,940244550229612,OSS-0183667,CV UWAIS TBK (DUPLICATE),UWAIS TBK,JL. JAKARTA NO. 901,PALEMBANG,ID-57,79764,+62-815-614-9784,CV,PROSES,DIBEKUKAN,0,0,,,,2026-02-28,AKTIF
592820978739,351570731457704,OSS-4976023,PERUM PERMATA RIYANTI,PERUM PERM,JL. PELAJAR PEJUANG NO. 04,KOTA ADMINISTRASI JAKARTA PUSAT,ID-85,80060,089 232 2990,CV,TERDAFTAR,AKTIF,0,0,,,,2026-01-07,AKTIF
032568374994,927553427225890,OSS-0221829,UD LAKSMIWATI,UD LAKSMIW,GG. DIPATIUKUR NO. 9,BITUNG,ID-94,37894,085 821 7810,Firma,PROSES,TIDAK AKTIF,1,0,API-P,51794-API,,2026-01-11,AKTIF
032573990010,262853507286817,OSS-7341598,CV YULIARTI,YULIARTI,GANG WONOAYU NO. 5,SURAKARTA,ID-20,47644,+62 (0368) 480-8000,CV,PROSES,AKTIF,0,1,,,NIPER-15324,2026-01-14,AKTIF
300882384699,603313340294337,OSS-3655619,CV HIDAYANTO NURAINI,HIDAYANTO,JL. TUBAGUS ISMAIL NO. 186,BITUNG,ID-16,61302,+62-641-693-6835,Perum,PROSES,DIBEKUKAN,0,0,,,,2026-02-23,AKTIF
582897685120,306001776666637,OSS-1830763,UD HASTUTI TAMPUBOLON,UD HASTUTI,JL. RAJAWALI BARAT NO. 85,SORONG,ID-62,98343,(008) 635-7038,Perum,TERDAFTAR,DIBEKUKAN,1,0,API-U,02361-API,,2026-02-22,AKTIF
801051399423,610825995989744,OSS-3644157,PERUM PERTIWI SAPUTRA,PERUM PERT,GG. CIKUTRA TIMUR NO. 6,CILEGON,ID-88,04215,+62 (524) 911 3577,PT,TERDAFTAR,DIBEKUKAN,0,0,,,,2026-02-18,AKTIF
082601555015,538531934864769,OSS-6341721,UD NASYIDAH,UD NASYIDA,JL. ANTAPANI LAMA NO. 6,CILEGON,ID-67,41941,(0436) 271 2137,Perum,TERDAFTAR,AKTIF,1,1,API-U,14591-API,NIPER-93227,2026-02-09,AKTIF
484821676397,375618941119789,OSS-1645021,CV UTAMI TBK,UTAMI TBK,GG. RAYA SETIABUDHI NO. 4,CIREBON,ID-70,24520,085 677 1164,CV,DISAHKAN,DIBEKUKAN,1,0,API-U,60314-API,,2026-02-15,AKTIF
715559062787,902591204637216,OSS-2660323,PERUM SALAHUDIN (PERSERO) TBK,PERUM SALA,GG. SENTOT ALIBASA NO. 9,PANGKALPINANG,ID-22,79395,(0955) 192-4741,PT,TERDAFTAR,AKTIF,1,0,API-P,11736-API,,2026-01-06,AKTIF
622837292847,139520979747959,OSS-6645170,MANGUNSONG TBK,MANGUNSONG,GANG WARINGIN NO. 32,SUKABUMI,ID-44,77031,(067) 263-4686,CV,PROSES,AKTIF,1,0,API-U,63553-API,,2026-02-07,AKTIF
705702730382,000039011080092,OSS-8210388,PERUM JAILANI SITORUS (PERSERO) TBK,PERUM JAIL,GG. S. PARMAN NO. 2,MATARAM,ID-71,01624,+62 (95) 553 8709,PT,DISAHKAN,TIDAK AKTIF,1,0,API-U,79154-API,,2026-02-18,AKTIF
787949227412,238589582793992,OSS-8321198,PERUM MANSUR (PERSERO) TBK,PERUM MANS,JL. MEDOKAN AYU NO. 71,SERANG,ID-79,39872,(091) 755 8504,Firma,PROSES,DIBEKUKAN,1,1,API-P,92189-API,NIPER-79950,2026-02-10,AKTIF
885506864540,154279819193029,OSS-8147043,UD PRATAMA TARIHORAN,UD PRATAMA,JL. JOYOBOYO NO. 692,BUKITTINGGI,ID-21,18423,+62 (0446) 757-3515,Perum,DISAHKAN,AKTIF,1,1,API-U,97974-API,NIPER-76522,2026-02-15,AKTIF
071677880302,492300833418715,OSS-5039303,CV UWAIS,UWAIS,JL. PACUAN KUDA NO. 31,TASIKMALAYA,ID-27,04888,+62 (098) 759-9732,Firma,TERDAFTAR,DIBEKUKAN,0,0,,,,2026-01-08,AKTIF
185132797245,723084810018418,OSS-6203036,CV THAMRIN YOLANDA TBK,THAMRIN YO,JALAN RAJIMAN NO. 131,MANADO,ID-13,95151,+62-092-268-5926,Firma,PROSES,AKTIF,0,1,,,NIPER-24945,2026-02-11,AKTIF
168519323037,472478388687388,OSS-8883264,PD HALIMAH LAILASARI TBK,PD HALIMAH,JL. JAMIKA NO. 4,PEKANBARU,ID-33,03749,+62 (660) 856 0670,CV,TERDAFTAR,AKTIF,0,0,,,,2026-02-07,AKTIF
654954049250,303636702346850,OSS-4040331,PD DABUKKE,PD DABUKKE,JL. SOEKARNO HATTA NO. 118,PALANGKARAYA,ID-25,70290,+62 (064) 951 0478,Perum,TERDAFTAR,TIDAK AKTIF,0,1,,,NIPER-67244,2026-02-22,AKTIF
771333447626,393436262044397,OSS-3597107,UD WIDODO PRABOWO,UD WIDODO,GANG CIUMBULEUIT NO. 800,KENDARI,ID-87,59900,+62 (0896) 465 2809,Firma,TERDAFTAR,AKTIF,1,1,API-U,24287-API,NIPER-57215,2026-02-13,AKTIF
862890233030,705345786103579,OSS-7279855,UD ISWAHYUDI SURYONO,UD ISWAHYU,JALAN JAMIKA NO. 3,SUKABUMI,ID-43,34680,+62-72-290-3494,CV,PROSES,TIDAK AKTIF,0,0,,,,2026-01-03,AKTIF
788267754104,773964304827309,OSS-4491800,CV HARYANTI TBK,HARYANTI T,JALAN R.E MARTADINATA NO. 00,PANGKALPINANG,ID-91,57715,+62-830-551-4505,PT,DISAHKAN,AKTIF,0,1,,,NIPER-88541,2026-01-25,AKTIF
949050675979,785918514272245,OSS-4085885,PD YULIARTI (PERSERO) TBK,PD YULIART,JALAN CIKUTRA TIMUR NO. 495,TEGAL,ID-92,40280,084 736 1618,Firma,DISAHKAN,DIBEKUKAN,0,1,,,NIPER-88147,2026-02-17,AKTIF
803955124056,829962914504617,OSS-3574384,PT WAHYUDIN FIRGANTORO,WAHYUDIN F,GG. S. PARMAN NO. 782,MAKASSAR,ID-91,84521,082 307 6810,Perum,PROSES,AKTIF,1,1,API-P,40915-API,NIPER-70184,2026-01-12,AKTIF
563790529687,701793146207174,OSS-5637883,UD WINARNO PRADIPTA TBK (DUPLICATE),UD WINARNO,JALAN RUNGKUT INDUSTRI NO. 393,TASIKMALAYA,ID-28,04369,(055) 400 6701,Firma,PROSES,DIBEKUKAN,1,0,API-U,96966-API,,2026-01-25,AKTIF
515324424725,692698701084048,OSS-2093043,CV HUTASOIT (PERSERO) TBK,HUTASOIT (,GANG KEBONJATI NO. 75,YOGYAKARTA,ID-30,97883,+62 (661) 401 7825,Perum,PROSES,DIBEKUKAN,1,0,API-P,12695-API,,2026-02-08,AKTIF
091939441190,425602418271556,OSS-4929380,CV SALAHUDIN TBK,SALAHUDIN,JALAN RAJIMAN NO. 201,MEDAN,ID-36,38307,085 290 5655,CV,PROSES,TIDAK AKTIF,1,1,API-U,04065-API,NIPER-51803,2026-02-01,AKTIF
415004481416,471824832231392,OSS-3463406,PD NASHIRUDDIN,PD NASHIRU,JALAN SUNIARAJA NO. 82,PANGKALPINANG,ID-64,88836,+62 (420) 111-4293,PT,DISAHKAN,AKTIF,1,1,API-U,25877-API,NIPER-19813,2026-02-15,AKTIF
305152351580,846917229476116,OSS-1568853,CV WIJAYANTI WULANDARI,WIJAYANTI,JL. AHMAD DAHLAN NO. 6,METRO,ID-38,15725,+62-0478-528-6696,Firma,PROSES,DIBEKUKAN,0,0,,,,2026-01-23,AKTIF
877873854878,313648905728007,OSS-5875934,PD YUNIAR TBK,PD YUNIAR,JL. OTTO ISKANDARDINATA NO. 882,PALOPO,ID-92,37165,(088) 756 0235,Perum,TERDAFTAR,TIDAK AKTIF,1,0,API-P,98264-API,,2026-02-16,AKTIF
723882911346,935168520056453,OSS-6281226,PT KURNIAWAN UTAMA,KURNIAWAN,JALAN CIKUTRA BARAT NO. 955,SALATIGA,ID-94,41713,+62 (0176) 083-2531,Perum,PROSES,TIDAK AKTIF,1,1,API-P,33812-API,NIPER-34315,2026-01-09,AKTIF
903849830220,502099451016224,OSS-9998279,PT ISWAHYUDI TBK,ISWAHYUDI,GANG CIKUTRA TIMUR NO. 81,PAREPARE,ID-82,14586,083 390 1981,PT,DISAHKAN,DIBEKUKAN,1,0,API-P,79469-API,,2026-02-12,AKTIF
819257940608,913183734132785,OSS-2170096,PERUM HASTUTI SARAGIH,PERUM HAST,JALAN CIKAPAYANG NO. 47,BLITAR,ID-27,77967,(067) 273-2663,PT,TERDAFTAR,AKTIF,1,0,API-U,20277-API,,2026-02-06,AKTIF
328212528552,029813528338828,OSS-5578679,CV HABIBI MANULLANG (PERSERO) TBK,HABIBI MAN,JALAN CIKUTRA BARAT NO. 004,PEMATANGSIANTAR,ID-45,52415,+62-076-523-3570,CV,TERDAFTAR,TIDAK AKTIF,1,0,API-U,19165-API,,2026-02-09,AKTIF
999250145432,424614835537712,OSS-2009387,BUDIYANTO WASITA (PERSERO) TBK,BUDIYANTO,JL. SUKABUMI NO. 05,MADIUN,ID-70,47929,+62-66-389-3214,CV,PROSES,DIBEKUKAN,0,0,,,,2026-01-12,AKTIF
961029087182,749680491872742,OSS-0495612,CV LAKSMIWATI (DUPLICATE),LAKSMIWATI,JL. SUKAJADI NO. 2,BANJAR,ID-25,23597,+62-0711-222-9907,Firma,DISAHKAN,TIDAK AKTIF,1,1,API-P,75608-API,NIPER-58167,2026-02-27,AKTIF
094353344857,142241098813858,OSS-5424932,UD SURYATMI,UD SURYATM,JALAN GEGERKALONG HILIR NO. 701,BANJARBARU,ID-69,66299,(0954) 538 1792,Perum,PROSES,DIBEKUKAN,1,1,API-P,17174-API,NIPER-77332,2026-01-21,AKTIF
120768137407,305593648306533,OSS-3700337,PD WACANA YOLANDA,PD WACANA,GANG KEBONJATI NO. 215,CILEGON,ID-99,96249,(0535) 221 3946,Firma,PROSES,DIBEKUKAN,0,0,,,,2026-01-24,AKTIF
871801582119,748202083077431,OSS-8175753,PERUM RAHAYU,PERUM RAHA,GG. MEDOKAN AYU NO. 37,MEULABOH,ID-21,14287,+62 (865) 830-9226,CV,TERDAFTAR,AKTIF,1,1,API-P,12133-API,NIPER-41024,2026-01-12,AKTIF
733942479228,077589434936674,OSS-8738127,PD PRANOWO,PD PRANOWO,GG. KH AMIN JASUTA NO. 3,BUKITTINGGI,ID-31,59826,+62 (33) 340 3175,PT,TERDAFTAR,TIDAK AKTIF,1,0,API-P,67582-API,,2026-01-08,AKTIF
787999497734,119305244154757,OSS-2313923,PERUM KUSWANDARI,PERUM KUSW,JL. DR. DJUNJUNAN NO. 7,TANJUNGPINANG,ID-99,05004,+62 (40) 899 5056,Firma,TERDAFTAR,DIBEKUKAN,1,1,API-P,68541-API,NIPER-88292,2026-01-11,AKTIF
378416300566,937965389224214,OSS-8585218,UD ANGGRAINI SIREGAR TBK,UD ANGGRAI,JALAN JAKARTA NO. 2,KOTA ADMINISTRASI JAKARTA BARAT,ID-97,32443,+62 (08) 464 2415,Perum,PROSES,AKTIF,0,0,,,,2026-01-15,AKTIF
624520480057,347644967825308,OSS-7748819,UD HASSANAH ZULKARNAIN,UD HASSANA,JL. KAPTEN MUSLIHAT NO. 027,TANGERANG SELATAN,ID-37,77608,+62 (0023) 104-9914,PT,DISAHKAN,TIDAK AKTIF,0,0,,,,2026-02-10,AKTIF
021281493938,096342098840759,OSS-1699281,HUTASOIT SURYATMI TBK,HUTASOIT S,JL. R.E MARTADINATA NO. 83,SINGKAWANG,ID-71,50564,+62 (492) 145 1589,Perum,DISAHKAN,TIDAK AKTIF,0,1,,,NIPER-83061,2026-02-17,AKTIF
724222811587,123306756573649,OSS-2771895,PERUM SUWARNO YULIARTI TBK,PERUM SUWA,GANG PASTEUR NO. 371,MOJOKERTO,ID-12,86619,+62 (021) 437-7976,PT,DISAHKAN,DIBEKUKAN,1,0,API-U,69087-API,,2026-02-22,AKTIF
131804071399,690614321810097,OSS-1889319,UD FIRGANTORO KUSWANDARI,UD FIRGANT,GANG DR. DJUNJUNAN NO. 9,BANJAR,ID-41,33005,+62-77-169-8791,PT,DISAHKAN,AKTIF,1,1,API-P,90544-API,NIPER-87011,2026-02-22,AKTIF
998161538116,837103073726072,OSS-0148967,PERUM MANDALA,PERUM MAND,GANG OTTO ISKANDARDINATA NO. 298,SEMARANG,ID-27,76254,+62 (92) 645 6339,Perum,TERDAFTAR,TIDAK AKTIF,1,0,API-U,17299-API,,2026-02-14,AKTIF
409822863637,460919505841891,OSS-6290384,UD HAKIM TBK,UD HAKIM T,JL. JAYAWIJAYA NO. 834,TIDORE KEPULAUAN,ID-18,16814,+62-998-125-9987,Firma,DISAHKAN,DIBEKUKAN,1,1,API-P,21464-API,NIPER-04238,2026-01-01,AKTIF
987967596126,972199164659015,OSS-1627813,CV NOVITASARI TBK,NOVITASARI,JL. M.T HARYONO NO. 5,MAKASSAR,ID-24,67921,+62 (0462) 034-0768,PT,TERDAFTAR,TIDAK AKTIF,0,0,,,,2026-01-28,AKTIF
081330231268,825029572156284,OSS-4337085,PERUM WIDODO,PERUM WIDO,GG. SENTOT ALIBASA NO. 6,TOMOHON,ID-60,69949,+62 (0464) 326-6642,Firma,TERDAFTAR,AKTIF,0,0,,,,2026-02-22,AKTIF
882758095656,027665757435498,OSS-1916529,PT HIDAYANTO,HIDAYANTO,GG. ASIA AFRIKA NO. 57,KOTA ADMINISTRASI JAKARTA BARAT,ID-93,08184,088 849 2080,PT,PROSES,TIDAK AKTIF,0,1,,,NIPER-11196,2026-01-13,AKTIF
853118917440,756891368042724,OSS-1250842,UD SUSANTI MANGUNSONG TBK,UD SUSANTI,GANG K.H. WAHID HASYIM NO. 882,LANGSA,ID-70,88160,+62 (61) 770 9047,Perum,TERDAFTAR,DIBEKUKAN,1,1,API-U,56227-API,NIPER-20318,2026-02-07,AKTIF
709624454971,782500538310245,OSS-6125433,UD FARIDA PURWANTI TBK,UD FARIDA,GANG SUNIARAJA NO. 0,BATU,ID-54,57768,+62 (055) 745 9356,Perum,TERDAFTAR,TIDAK AKTIF,0,0,,,,2026-02-24,AKTIF
063553730964,969277119529635,OSS-3059702,UD KUSUMO (PERSERO) TBK,UD KUSUMO,GANG TEBET BARAT DALAM NO. 643,LUBUKLINGGAU,ID-38,89895,(054) 663 4544,PT,TERDAFTAR,TIDAK AKTIF,1,0,API-P,34414-API,,2026-02-13,AKTIF
795127983124,124888134798176,OSS-4808701,PT MULYANI WACANA TBK,MULYANI WA,JALAN CIHAMPELAS NO. 71,PAREPARE,ID-43,04336,0895796724,Perum,PROSES,TIDAK AKTIF,1,1,API-P,61051-API,NIPER-10900,2026-01-03,AKTIF
495835811552,406993117665450,OSS-5228881,PD RAMADAN TBK,PD RAMADAN,JL. KIARACONDONG NO. 0,MAGELANG,ID-55,34483,084 247 2427,CV,PROSES,AKTIF,0,1,,,NIPER-01171,2026-01-14,AKTIF
142547773349,880661898721286,OSS-0801307,PERUM SITOMPUL (PERSERO) TBK (DUPLICATE),PERUM SITO,GG. WONOAYU NO. 56,BANJARBARU,ID-97,94435,+62-561-447-9897,Perum,DISAHKAN,TIDAK AKTIF,1,0,API-U,10172-API,,2026-02-26,AKTIF
131292087510,293218401184582,OSS-6034084,CV PERMATA LESTARI TBK,PERMATA LE,JL. KAPTEN MUSLIHAT NO. 303,LANGSA,ID-87,29839,+62 (429) 618-4462,Perum,DISAHKAN,AKTIF,0,0,,,,2026-02-08,AKTIF
074420178827,038765202147076,OSS-9791159,CV GUNAWAN,GUNAWAN,GANG MERDEKA NO. 088,KENDARI,ID-63,93257,+62 (68) 700-1583,Perum,PROSES,DIBEKUKAN,0,1,,,NIPER-62046,2026-01-15,AKTIF
618499261891,411739348356420,OSS-8737530,PT KUSUMO,KUSUMO,JL. MONGINSIDI NO. 143,KUPANG,ID-94,70120,+62 (0556) 110-0225,PT,PROSES,TIDAK AKTIF,1,1,API-P,57941-API,NIPER-55216,2026-02-12,AKTIF
910959656702,395754621624483,OSS-5904044,PERUM UTAMI (PERSERO) TBK,PERUM UTAM,JL. KUTISARI SELATAN NO. 94,DUMAI,ID-73,05787,(0761) 499-7165,Firma,PROSES,TIDAK AKTIF,0,1,,,NIPER-16311,2026-01-02,AKTIF
066774818930,163684263361891,OSS-3559657,PD MAULANA PUDJIASTUTI,PD MAULANA,GG. TEBET BARAT DALAM NO. 476,TANGERANG,ID-73,80267,+62-094-618-6771,Firma,PROSES,AKTIF,0,1,,,NIPER-64181,2026-02-26,AKTIF
937113412023,165283607744252,OSS-3282576,PD YOLANDA PRANOWO (DUPLICATE),PD YOLANDA,JL. PASTEUR NO. 508,BOGOR,ID-99,40537,(085) 937-7525,PT,DISAHKAN,AKTIF,0,1,,,NIPER-39752,2026-01-31,AKTIF
956830620030,308851230005401,OSS-1267015,WIDODO PRADANA,WIDODO PRA,GG. HOS. COKROAMINOTO NO. 608,SUBULUSSALAM,ID-36,61552,+62 (0284) 486 1010,Perum,TERDAFTAR,TIDAK AKTIF,0,0,,,,2026-01-09,AKTIF
833005230677,494946478934912,OSS-3451810,PERUM HASANAH MULYANI TBK,PERUM HASA,JALAN SETIABUDHI NO. 9,DENPASAR,ID-72,04106,+62 (85) 778-1440,CV,DISAHKAN,AKTIF,1,0,API-U,36381-API,,2026-02-06,AKTIF
510736656129,957412840953198,OSS-0087585,PT TAMPUBOLON KUSMAWATI (PERSERO) TBK,TAMPUBOLON,GG. TUBAGUS ISMAIL NO. 6,MADIUN,ID-90,15164,+62 (79) 211-4824,PT,DISAHKAN,DIBEKUKAN,1,0,API-P,41780-API,,2026-01-27,AKTIF
043300623050,478277345734652,OSS-6749988,UD ISWAHYUDI OKTAVIANI,UD ISWAHYU,GANG PACUAN KUDA NO. 66,PAGARALAM,ID-26,59377,+62 (45) 744-1539,Perum,PROSES,DIBEKUKAN,0,1,,,NIPER-66086,2026-01-07,AKTIF
237810380657,337135052947648,OSS-3130660,UD WINARSIH ANGGRIAWAN TBK,UD WINARSI,JALAN JOYOBOYO NO. 19,PROBOLINGGO,ID-19,49752,0870009905,Firma,PROSES,DIBEKUKAN,1,0,API-U,23287-API,,2026-01-15,AKTIF
635371036743,810704708677347,OSS-7290440,UD HUTAGALUNG PERMATA (PERSERO) TBK,UD HUTAGAL,JL. CIKAPAYANG NO. 093,BITUNG,ID-97,39198,0841946492,Perum,TERDAFTAR,TIDAK AKTIF,0,0,,,,2026-02-17,AKTIF
008643582823,712064256566382,OSS-7821230,PERUM WASITA SIHOMBING,PERUM WASI,GANG SENTOT ALIBASA NO. 939,BUKITTINGGI,ID-56,03244,(089) 035-6188,Perum,TERDAFTAR,DIBEKUKAN,0,0,,,,2026-02-06,AKTIF
893857324635,236695260123983,OSS-8559007,PERUM ANGGRIAWAN PUDJIASTUTI,PERUM ANGG,GANG BKR NO. 86,PEKALONGAN,ID-19,36081,081 181 8627,Firma,TERDAFTAR,TIDAK AKTIF,0,0,,,,2026-02-26,AKTIF
991658723634,110485786712657,OSS-2818291,PD PURWANTI OKTAVIANI,PD PURWANT,GG. JOYOBOYO NO. 9,SOLOK,ID-71,08415,0855373043,Perum,DISAHKAN,AKTIF,1,0,API-U,76318-API,,2026-02-11,AKTIF
592833971785,681769750591739,OSS-3010559,PD SUDIATI,PD SUDIATI,JL. RAJIMAN NO. 3,KOTAMOBAGU,ID-72,08944,+62-065-452-5935,PT,DISAHKAN,TIDAK AKTIF,0,1,,,NIPER-70765,2026-01-03,AKTIF
314698036584,484358859807123,OSS-6098581,CV PERMADI SAPTONO (DUPLICATE),PERMADI SA,JL. KENDALSARI NO. 608,SIBOLGA,ID-60,96495,+62 (0638) 221 3611,CV,DISAHKAN,TIDAK AKTIF,1,1,API-P,99800-API,NIPER-41499,2026-02-20,AKTIF
831120745802,610502627387554,OSS-9585961,PERUM HUTASOIT NARPATI,PERUM HUTA,GANG PACUAN KUDA NO. 4,DUMAI,ID-42,61384,+62 (582) 050 4077,CV,DISAHKAN,TIDAK AKTIF,1,1,API-U,94196-API,NIPER-61256,2026-01-11,AKTIF
332482368831,288298320440834,OSS-4744868,PERUM PRASETYO SUARTINI (PERSERO) TBK,PERUM PRAS,GANG GEDEBAGE SELATAN NO. 3,PEKALONGAN,ID-26,48442,+62-422-389-3670,Firma,TERDAFTAR,TIDAK AKTIF,0,1,,,NIPER-03690,2026-02-19,AKTIF
352537094206,599954408099589,OSS-2821549,CV ANGGRIAWAN MAYASARI (PERSERO) TBK,ANGGRIAWAN,JALAN KAPTEN MUSLIHAT NO. 18,DEPOK,ID-63,34910,+62 (63) 986-4935,PT,DISAHKAN,TIDAK AKTIF,0,0,,,,2026-02-05,AKTIF
456625282516,465301938440477,OSS-5152566,PERUM MARYATI SIHOTANG,PERUM MARY,JALAN CIHAMPELAS NO. 167,PRABUMULIH,ID-94,47677,0839018384,Firma,PROSES,DIBEKUKAN,1,1,API-U,40390-API,NIPER-10349,2026-01-08,AKTIF
071333959752,357965931491707,OSS-7574093,NAJMUDIN SIHOMBING (PERSERO) TBK,NAJMUDIN S,JL. KUTAI NO. 02,TOMOHON,ID-65,23640,(038) 636-0574,PT,DISAHKAN,DIBEKUKAN,0,0,,,,2026-02-09,AKTIF
602965328315,307079190487860,OSS-1508334,NUGROHO (PERSERO) TBK,NUGROHO (P,GANG DIPATIUKUR NO. 3,PAYAKUMBUH,ID-27,47425,+62-74-382-0395,Perum,PROSES,DIBEKUKAN,0,1,,,NIPER-00786,2026-01-24,AKTIF
890258257212,863297198085042,OSS-3586576,UD ZULAIKA PRATIWI,UD ZULAIKA,JALAN VETERAN NO. 90,BANDAR LAMPUNG,ID-95,28190,(023) 383 8386,Firma,PROSES,TIDAK AKTIF,1,0,API-P,96174-API,,2026-02-17,AKTIF
100008194944,406151488631417,OSS-4642502,CV HASTUTI (DUPLICATE),HASTUTI,JALAN SOEKARNO HATTA NO. 36,PAYAKUMBUH,ID-64,40277,+62-13-418-1329,Firma,DISAHKAN,DIBEKUKAN,0,1,,,NIPER-53074,2026-01-10,AKTIF
974849243643,008237166552741,OSS-3650371,CV USADA TBK,USADA TBK,JL. PASTEUR NO. 0,PALEMBANG,ID-49,60587,+62-0487-541-3308,Perum,PROSES,TIDAK AKTIF,0,1,,,NIPER-50709,2026-02-23,AKTIF
591936787029,499977564403612,OSS-9156498,NATSIR (PERSERO) TBK,NATSIR (PE,GG. GEGERKALONG HILIR NO. 87,PALEMBANG,ID-43,20470,+62 (02) 086 4903,CV,PROSES,AKTIF,0,1,,,NIPER-66759,2026-02-20,AKTIF
356362244626,556157723551727,OSS-4847927,UD PRASTUTI,UD PRASTUT,GANG DIPENOGORO NO. 35,PADANG,ID-58,68447,+62-67-409-1260,Perum,TERDAFTAR,DIBEKUKAN,0,1,,,NIPER-28700,2026-02-18,AKTIF
289310498806,944063721366159,OSS-2822496,PERUM MARPAUNG UTAMA,PERUM MARP,JALAN VETERAN NO. 9,PALU,ID-19,54133,+62-081-511-3001,Firma,PROSES,DIBEKUKAN,0,0,,,,2026-02-11,AKTIF
264643454434,524593233357979,OSS-2306232,PERUM PUSPASARI (PERSERO) TBK,PERUM PUSP,GANG SURYAKENCANA NO. 312,PALANGKARAYA,ID-30,80206,+62 (060) 586 4185,Firma,TERDAFTAR,DIBEKUKAN,1,0,API-P,92726-API,,2026-02-13,AKTIF
722231568742,328128318445694,OSS-2582264,PT ADRIANSYAH WULANDARI TBK,ADRIANSYAH,JALAN GARDUJATI NO. 18,MATARAM,ID-44,09418,+62 (084) 786 2180,PT,DISAHKAN,TIDAK AKTIF,0,1,,,NIPER-35306,2026-01-08,AKTIF
751042425846,589933357176853,OSS-8499408,PD HARIYAH (PERSERO) TBK,PD HARIYAH,JALAN MONGINSIDI NO. 927,TIDORE KEPULAUAN,ID-67,40046,+62 (0087) 981 7361,CV,DISAHKAN,AKTIF,0,0,,,,2026-01-20,AKTIF
190878224856,420149300764710,OSS-5409397,CV ZULAIKA UTAMI (PERSERO) TBK,ZULAIKA UT,GG. CIUMBULEUIT NO. 463,BIMA,ID-26,30407,+62 (49) 636 8286,Perum,DISAHKAN,AKTIF,1,0,API-U,47152-API,,2026-03-02,AKTIF
021473065438,462767115022201,OSS-3989321,PD RAJATA,PD RAJATA,GG. ANTAPANI LAMA NO. 489,YOGYAKARTA,ID-33,92092,+62 (0713) 081-3563,Firma,PROSES,AKTIF,0,1,,,NIPER-08850,2026-01-08,AKTIF
587841521664,065978806891336,OSS-5436163,UD SURYATMI,UD SURYATM,JALAN ASTANA ANYAR NO. 927,PADANGPANJANG,ID-38,88077,+62 (90) 325-5080,Perum,TERDAFTAR,TIDAK AKTIF,1,0,API-U,83598-API,,2026-01-10,AKTIF
178356364058,588118557717077,OSS-5766271,PD JAILANI,PD JAILANI,JALAN BKR NO. 073,KEDIRI,ID-75,82815,(0800) 786 1690,PT,PROSES,TIDAK AKTIF,0,0,,,,2026-01-27,AKTIF
494273828309,975963456706018,OSS-7215518,UD PUDJIASTUTI SIHOMBING,UD PUDJIAS,GG. RUNGKUT INDUSTRI NO. 4,TUAL,ID-55,42868,+62 (0678) 954-7426,Firma,TERDAFTAR,DIBEKUKAN,1,0,API-U,54921-API,,2026-02-12,AKTIF
081027027178,670712519752520,OSS-9213321,PERUM RAHAYU,PERUM RAHA,GG. MEDOKAN AYU NO. 275,BANJARBARU,ID-61,16762,+62 (063) 295-0076,Firma,DISAHKAN,TIDAK AKTIF,0,0,,,,2026-01-29,AKTIF
529484470414,505633706951181,OSS-9613875,UD PRATIWI TBK,UD PRATIWI,JL. OTTO ISKANDARDINATA NO. 324,SINGKAWANG,ID-16,71180,+62 (067) 743-6048,CV,PROSES,AKTIF,0,0,,,,2026-02-25,AKTIF
593994409727,946849533005068,OSS-2616359,CV NASHIRUDDIN MANDASARI,NASHIRUDDI,GANG RAYA UJUNGBERUNG NO. 63,SORONG,ID-32,18728,+62 (029) 613 5799,CV,PROSES,DIBEKUKAN,1,0,API-P,64006-API,,2026-01-12,AKTIF
408610678277,723384094812847,OSS-2825650,PD ISWAHYUDI BUDIYANTO (PERSERO) TBK,PD ISWAHYU,JL. PASIRKOJA NO. 6,PADANGPANJANG,ID-40,50259,+62 (374) 089 4459,Perum,DISAHKAN,DIBEKUKAN,1,0,API-P,47411-API,,2026-01-08,AKTIF
725897740439,684703118130918,OSS-4514309,CV NURAINI,NURAINI,GG. SUKAJADI NO. 1,MEDAN,ID-47,59055,+62-042-461-7882,PT,DISAHKAN,AKTIF,1,0,API-P,69602-API,,2026-02-22,AKTIF
217835243150,931186369506589,OSS-2103006,PT RAJASA TBK,RAJASA TBK,GG. JEND. A. YANI NO. 27,PALOPO,ID-63,53376,+62 (0541) 044-8558,Firma,DISAHKAN,TIDAK AKTIF,0,0,,,,2026-02-06,AKTIF
766983451502,528546130873089,OSS-7207382,PD HALIMAH HASANAH (PERSERO) TBK,PD HALIMAH,JALAN RAYA SETIABUDHI NO. 786,AMBON,ID-25,07121,+62-024-234-4730,Perum,DISAHKAN,TIDAK AKTIF,0,0,,,,2026-01-21,AKTIF
357112616384,871343276871557,OSS-8236580,UD USAMAH (PERSERO) TBK,UD USAMAH,GG. VETERAN NO. 45,SUKABUMI,ID-99,28513,+62 (032) 927-0402,Perum,TERDAFTAR,TIDAK AKTIF,1,1,API-P,78362-API,NIPER-78291,2026-02-24,AKTIF
991658723634,671848311626088,OSS-2818291,PD PURWANTI OKTAVIANI,PD PURWANT,GG. JOYOBOYO NO. 9,SOLOK,ID-71,08415,0855373043,Perum,DISAHKAN,AKTIF,1,0,API-U,76318-API,,2026-02-11,AKTIF
623067801946,701412804471208,OSS-3624874,PD NASHIRUDDIN (PERSERO) TBK,PD NASHIRU,JALAN RONGGOWARSITO NO. 277,BANDAR LAMPUNG,ID-56,39513,(089) 906-5741,CV,PROSES,DIBEKUKAN,1,0,API-U,69843-API,,2026-01-01,AKTIF
212555371952,641674502247737,OSS-1899967,CV SITOMPUL SUWARNO,SITOMPUL S,GG. ASIA AFRIKA NO. 777,PADANGPANJANG,ID-41,90259,+62 (37) 541 1904,CV,DISAHKAN,DIBEKUKAN,0,1,,,NIPER-13423,2026-02-19,AKTIF
293392688891,920603849925717,OSS-0015806,CV SUARTINI,SUARTINI,GG. PELAJAR PEJUANG NO. 3,TANGERANG,ID-26,04353,+62 (77) 373-9277,Firma,TERDAFTAR,TIDAK AKTIF,1,0,API-U,39543-API,,2026-01-05,AKTIF
688143536822,239431290878141,OSS-4139755,CV JANUAR SURYONO,JANUAR SUR,GG. RAJIMAN NO. 59,TANJUNGBALAI,ID-73,99556,+62 (05) 336-4525,Perum,TERDAFTAR,AKTIF,0,1,,,NIPER-77754,2026-02-11,AKTIF
616579588241,357316186373425,OSS-7418612,UD JANUAR LATUPONO (PERSERO) TBK,UD JANUAR,JALAN RAJAWALI TIMUR NO. 626,BEKASI,ID-48,04616,+62-396-651-3591,Firma,TERDAFTAR,TIDAK AKTIF,1,0,API-U,92149-API,,2026-01-23,AKTIF
238077358467,757779946445498,OSS-5058935,PERUM USADA,PERUM USAD,JALAN DR. DJUNJUNAN NO. 77,SUBULUSSALAM,ID-54,84542,(0722) 144-4387,PT,TERDAFTAR,TIDAK AKTIF,1,0,API-P,47516-API,,2026-02-22,AKTIF
097019982477,075186210986367,OSS-8281689,PT BUDIMAN WALUYO TBK,BUDIMAN WA,GG. KUTAI NO. 425,PROBOLINGGO,ID-54,65806,0817922419,Perum,PROSES,AKTIF,1,1,API-U,97970-API,NIPER-31080,2026-01-29,AKTIF
722767232329,075681881955774,OSS-4769619,PT AGUSTINA,AGUSTINA,JL. KENDALSARI NO. 8,TEBINGTINGGI,ID-87,92450,+62-49-687-0893,CV,DISAHKAN,DIBEKUKAN,1,0,API-U,61622-API,,2026-02-18,AKTIF
146838819025,448306217392230,OSS-6517792,IRAWAN TBK,IRAWAN TBK,GG. R.E MARTADINATA NO. 81,KOTA ADMINISTRASI JAKARTA SELATAN,ID-37,91452,+62 (203) 193 4135,CV,DISAHKAN,TIDAK AKTIF,1,1,API-U,81880-API,NIPER-17647,2026-01-30,AKTIF
016268886596,912394301721448,OSS-6608370,CV FIRMANSYAH TBK,FIRMANSYAH,JALAN SUKAJADI NO. 0,PROBOLINGGO,ID-77,29899,0861107663,PT,DISAHKAN,TIDAK AKTIF,0,1,,,NIPER-30161,2026-01-22,AKTIF
785455215098,154576890693817,OSS-4047996,PD HARTATI (PERSERO) TBK,PD HARTATI,JL. KENDALSARI NO. 623,DEPOK,ID-94,15447,+62 (559) 285 9895,Perum,PROSES,DIBEKUKAN,1,0,API-U,52127-API,,2026-01-10,AKTIF
975117041810,500179546956223,OSS-4803798,PERUM WINARSIH,PERUM WINA,GG. CIKUTRA TIMUR NO. 666,KOTA ADMINISTRASI JAKARTA BARAT,ID-59,46716,+62-0113-030-3271,PT,DISAHKAN,DIBEKUKAN,1,0,API-P,95917-API,,2026-02-22,AKTIF
393715138775,329860298454927,OSS-5777773,UD GUNAWAN PERMATA TBK,UD GUNAWAN,GANG JAMIKA NO. 16,BANDUNG,ID-41,07878,0841202438,Firma,DISAHKAN,AKTIF,1,1,API-U,50892-API,NIPER-31755,2026-02-11,AKTIF
864313584190,087978823261706,OSS-7565413,PERUM MAHENDRA (PERSERO) TBK,PERUM MAHE,JALAN DIPATIUKUR NO. 768,SAWAHLUNTO,ID-31,28622,+62 (087) 842-1288,Firma,TERDAFTAR,DIBEKUKAN,1,1,API-P,93301-API,NIPER-77501,2026-02-17,AKTIF
980657273801,658456324540536,OSS-0656815,RAHIMAH TBK,RAHIMAH TB,GG. WARINGIN NO. 962,SAWAHLUNTO,ID-96,34671,0844617327,PT,PROSES,DIBEKUKAN,1,0,API-P,43076-API,,2026-02-13,AKTIF
815637729754,862418406988273,OSS-3942795,CV PRAKASA,PRAKASA,JALAN CIHAMPELAS NO. 4,PADANG,ID-97,11777,+62-14-774-9585,PT,TERDAFTAR,TIDAK AKTIF,0,1,,,NIPER-79307,2026-02-07,AKTIF
015997364350,701929505086610,OSS-9165049,PERUM WASTUTI NOVITASARI,PERUM WAST,JALAN RAJAWALI BARAT NO. 21,BINJAI,ID-42,03626,+62 (336) 564 3694,CV,DISAHKAN,TIDAK AKTIF,0,0,,,,2026-02-20,AKTIF
456827537865,415167445199828,OSS-7851858,PD WINARNO (DUPLICATE),PD WINARNO,GG. H.J MAEMUNAH NO. 66,SEMARANG,ID-46,55244,0840644147,PT,PROSES,DIBEKUKAN,0,0,,,,2026-02-15,AKTIF
285177565658,846918165463680,OSS-5245795,PD GUNAWAN,PD GUNAWAN,GANG JAKARTA NO. 7,BAU-BAU,ID-16,55322,(064) 265 1976,Perum,DISAHKAN,TIDAK AKTIF,1,1,API-U,21266-API,NIPER-35057,2026-01-04,AKTIF
575964950185,387376379758735,OSS-2794097,PERUM BUDIYANTO,PERUM BUDI,JALAN RAJIMAN NO. 43,MATARAM,ID-52,97277,+62 (883) 372-6194,Perum,PROSES,DIBEKUKAN,0,1,,,NIPER-69781,2026-02-03,AKTIF
705534353565,026715345574044,OSS-9927110,PD PRATIWI HALIM,PD PRATIWI,GG. CIKUTRA TIMUR NO. 8,MATARAM,ID-31,73856,+62 (0880) 012-5390,CV,TERDAFTAR,DIBEKUKAN,1,0,API-U,53215-API,,2026-01-19,AKTIF
568542096893,590038929380215,OSS-0316740,PERUM HASSANAH MANULLANG TBK (DUPLICATE),PERUM HASS,GG. SENTOT ALIBASA NO. 221,TEGAL,ID-39,26902,+62 (0977) 773 1336,Perum,PROSES,AKTIF,1,1,API-P,26661-API,NIPER-47763,2026-02-01,AKTIF
944012700612,421055193253789,OSS-4784525,UD HALIMAH,UD HALIMAH,GG. SURAPATI NO. 726,KUPANG,ID-66,94715,+62-44-816-1710,Perum,DISAHKAN,DIBEKUKAN,1,1,API-U,40379-API,NIPER-52262,2026-02-11,AKTIF
832694125428,125789920231369,OSS-9886232,CV MULYANI (PERSERO) TBK,MULYANI (P,JL. ERLANGGA NO. 8,KUPANG,ID-54,25209,+62 (66) 542 0394,Perum,TERDAFTAR,DIBEKUKAN,0,1,,,NIPER-78637,2026-02-13,AKTIF
822411642477,350647378213737,OSS-0273160,CV WALUYO,WALUYO,JALAN SENTOT ALIBASA NO. 65,KOTA ADMINISTRASI JAKARTA TIMUR,ID-81,16126,+62 (063) 829 3916,Perum,DISAHKAN,AKTIF,1,1,API-P,20343-API,NIPER-88901,2026-03-02,AKTIF
598398590799,658578375681678,OSS-4340730,HASTUTI HASTUTI TBK,HASTUTI HA,GG. KAPTEN MUSLIHAT NO. 078,MEULABOH,ID-67,23385,+62 (0033) 699-9528,CV,TERDAFTAR,AKTIF,0,0,,,,2026-02-21,AKTIF
257791199370,864025977065085,OSS-9859418,UD SINAGA (DUPLICATE),UD SINAGA,JALAN CIUMBULEUIT NO. 2,DEPOK,ID-40,45421,+62 (064) 468 1626,CV,DISAHKAN,TIDAK AKTIF,0,0,,,,2026-01-01,AKTIF
740575889621,692761799479476,OSS-5052755,UD UTAMI,UD UTAMI,JALAN RONGGOWARSITO NO. 4,PARIAMAN,ID-75,38501,+62-34-239-2582,Perum,PROSES,DIBEKUKAN,0,0,,,,2026-03-01,AKTIF
100245886417,939969793393383,OSS-3876883,PERUM PRASTUTI NURAINI (PERSERO) TBK,PERUM PRAS,GG. LASWI NO. 6,METRO,ID-28,22350,(0993) 787-3521,Perum,PROSES,TIDAK AKTIF,0,0,,,,2026-01-09,AKTIF
935798625828,224921051808986,OSS-8613240,PERUM YOLANDA WASKITA,PERUM YOLA,GANG KEBONJATI NO. 32,MAGELANG,ID-48,55524,+62 (35) 110 0065,Firma,TERDAFTAR,AKTIF,0,0,,,,2026-01-24,AKTIF
390025121375,658963595708619,OSS-9314584,UD SIMBOLON WIDODO,UD SIMBOLO,JL. CIUMBULEUIT NO. 885,GORONTALO,ID-14,23622,+62-033-474-2463,Perum,PROSES,AKTIF,0,0,,,,2026-01-16,AKTIF
333611875779,321681646265465,OSS-9897297,CV WIDODO,WIDODO,JL. KEBONJATI NO. 988,METRO,ID-71,56682,(0505) 314 1744,Firma,PROSES,DIBEKUKAN,0,0,,,,2026-01-09,AKTIF
497959405123,033525114550339,OSS-8582448,PD SIHOMBING (PERSERO) TBK,PD SIHOMBI,GG. GEDEBAGE SELATAN NO. 5,BATAM,ID-56,70911,+62-199-830-8277,Firma,TERDAFTAR,DIBEKUKAN,1,0,API-P,22331-API,,2026-02-03,AKTIF
060446203744,571991673421421,OSS-1407813,PD SARAGIH RIYANTI (PERSERO) TBK,PD SARAGIH,JALAN KEBONJATI NO. 3,CIREBON,ID-46,13424,(0064) 922-2571,CV,DISAHKAN,DIBEKUKAN,1,1,API-U,64004-API,NIPER-89524,2026-01-26,AKTIF
163505031798,620041130186274,OSS-5226057,PERUM UTAMI,PERUM UTAM,JL. RONGGOWARSITO NO. 09,PEKALONGAN,ID-32,81378,0820638338,Firma,DISAHKAN,AKTIF,1,1,API-P,02995-API,NIPER-67518,2026-02-05,AKTIF
907490263409,632833514997464,OSS-2182949,CV NARPATI MARBUN (PERSERO) TBK,NARPATI MA,GG. KH AMIN JASUTA NO. 5,KOTA ADMINISTRASI JAKARTA BARAT,ID-22,33600,+62-0238-223-4352,PT,TERDAFTAR,TIDAK AKTIF,1,1,API-P,40964-API,NIPER-64679,2026-02-15,AKTIF
976518626339,445525391899025,OSS-0190181,PERUM YULIANTI (PERSERO) TBK,PERUM YULI,JALAN KH AMIN JASUTA NO. 78,SURABAYA,ID-99,03913,(087) 336 4175,PT,PROSES,DIBEKUKAN,1,1,API-P,24119-API,NIPER-67595,2026-02-22,AKTIF
649762847178,045121405292582,OSS-7666642,CV LAZUARDI MAHESWARA TBK,LAZUARDI M,GANG DR. DJUNJUNAN NO. 5,SAWAHLUNTO,ID-82,29779,+62-582-218-1372,CV,TERDAFTAR,DIBEKUKAN,1,0,API-P,46371-API,,2026-03-02,AKTIF
863562440974,158221755619038,OSS-4837373,CV SINAGA,SINAGA,JL. GEGERKALONG HILIR NO. 180,SINGKAWANG,ID-72,05913,+62-0741-389-4619,Firma,DISAHKAN,DIBEKUKAN,0,0,,,,2026-02-21,AKTIF
333373204309,776889362896964,OSS-5465535,PT MANSUR TBK,MANSUR TBK,JL. S. PARMAN NO. 7,BIMA,ID-62,58374,+62-079-779-6120,Firma,PROSES,DIBEKUKAN,1,0,API-U,87805-API,,2026-01-29,AKTIF
659552366264,377157899370387,OSS-2621788,PERUM PUTRA WULANDARI,PERUM PUTR,GANG STASIUN WONOKROMO NO. 94,MEULABOH,ID-30,25726,+62-044-909-2522,Firma,TERDAFTAR,DIBEKUKAN,0,1,,,NIPER-80390,2026-01-25,AKTIF
347584126227,617106567484500,OSS-7135768,PD RAJASA (DUPLICATE),PD RAJASA,JL. HOS. COKROAMINOTO NO. 680,SABANG,ID-67,29976,+62 (057) 435 6241,Firma,PROSES,TIDAK AKTIF,0,0,,,,2026-01-31,AKTIF
284209274939,098112202151285,OSS-1368405,WIBISONO TBK,WIBISONO T,GG. ANTAPANI LAMA NO. 877,MEDAN,ID-90,90032,+62 (60) 734-7843,Firma,DISAHKAN,AKTIF,1,0,API-P,26748-API,,2026-02-17,AKTIF
881317886917,981106084516839,OSS-2192671,PERUM ARYANI TBK,PERUM ARYA,GG. M.H THAMRIN NO. 3,PONTIANAK,ID-67,09971,(002) 976 1057,Perum,DISAHKAN,AKTIF,0,1,,,NIPER-34975,2026-01-14,AKTIF
829922995900,109439690784473,OSS-6471027,PD HARIYAH PUTRA TBK,PD HARIYAH,GANG SENTOT ALIBASA NO. 25,LUBUKLINGGAU,ID-37,71473,+62 (10) 469 6325,CV,PROSES,DIBEKUKAN,1,1,API-P,95327-API,NIPER-87747,2026-01-16,AKTIF
776312920092,822076874442625,OSS-1259280,UD UTAMI MARYADI TBK,UD UTAMI M,GANG CIKUTRA TIMUR NO. 318,TANJUNGPINANG,ID-48,43205,+62 (0804) 791 6906,Firma,TERDAFTAR,DIBEKUKAN,1,1,API-P,40164-API,NIPER-36563,2026-02-19,AKTIF
975553208164,700806371718423,OSS-7413889,AGUSTINA,AGUSTINA,GG. KENDALSARI NO. 7,BALIKPAPAN,ID-56,17289,+62 (68) 234 3548,CV,PROSES,AKTIF,0,1,,,NIPER-87868,2026-02-23,AKTIF
993534091408,744395449532255,OSS-7840714,CV DONGORAN,DONGORAN,GANG JAYAWIJAYA NO. 4,TEGAL,ID-24,51226,+62 (18) 810 2998,PT,PROSES,TIDAK AKTIF,1,0,API-P,00580-API,,2026-01-20,AKTIF
717923393992,535816192036584,OSS-1075289,YUNIAR,YUNIAR,GG. GARDUJATI NO. 713,CIMAHI,ID-69,31688,085 116 3271,Perum,TERDAFTAR,DIBEKUKAN,1,0,API-U,54927-API,,2026-02-13,AKTIF
197239612422,261673366053894,OSS-4524905,PT PRASETYA (PERSERO) TBK,PRASETYA (,JALAN SETIABUDHI NO. 579,KEDIRI,ID-97,55928,+62 (051) 547-3653,Perum,DISAHKAN,TIDAK AKTIF,0,1,,,NIPER-19336,2026-01-13,AKTIF
160638093850,294920996975370,OSS-7016465,UD HARYANTO,UD HARYANT,GANG SENTOT ALIBASA NO. 80,PRABUMULIH,ID-32,47340,+62-035-393-2100,Firma,DISAHKAN,AKTIF,1,0,API-U,80452-API,,2026-02-03,AKTIF
588949214758,570409926436902,OSS-5855251,MEGANTARA PRASTUTI TBK,MEGANTARA,JL. CIHAMPELAS NO. 5,SALATIGA,ID-62,43702,+62 (0105) 283-5963,CV,PROSES,TIDAK AKTIF,0,0,,,,2026-02-20,AKTIF
166516078539,033231602138999,OSS-0335495,PERUM WIBOWO KUSWOYO (PERSERO) TBK (DUPLICATE),PERUM WIBO,JL. DIPATIUKUR NO. 091,DUMAI,ID-69,03277,(0474) 697 2552,Firma,DISAHKAN,TIDAK AKTIF,0,0,,,,2026-02-03,AKTIF
558943880859,149236705111216,OSS-9510058,CV SARAGIH (PERSERO) TBK,SARAGIH (P,GG. JAMIKA NO. 66,LANGSA,ID-58,80979,(0662) 627 9339,Perum,PROSES,AKTIF,1,0,API-U,25953-API,,2026-01-21,AKTIF
785063158628,532331916446776,OSS-9829240,UD YUNIAR SUWARNO (PERSERO) TBK,UD YUNIAR,JL. JAMIKA NO. 5,JAMBI,ID-46,80392,+62 (0425) 466 2999,Firma,PROSES,AKTIF,1,1,API-U,78831-API,NIPER-66224,2026-02-06,AKTIF
376949549595,201840034800368,OSS-2044243,UD HASTUTI WINARNO,UD HASTUTI,JALAN LASWI NO. 92,TANJUNGBALAI,ID-26,42453,+62 (068) 431 3438,Perum,DISAHKAN,TIDAK AKTIF,0,1,,,NIPER-23473,2026-01-26,AKTIF
392590677185,360174304025600,OSS-4131667,UD MAULANA KUSWANDARI (PERSERO) TBK,UD MAULANA,JL. CIHAMPELAS NO. 7,PALEMBANG,ID-17,35064,+62 (72) 990-4388,CV,DISAHKAN,AKTIF,0,0,,,,2026-02-03,AKTIF
815190365421,747004624392978,OSS-7793912,CV YOLANDA PURNAWATI (PERSERO) TBK,YOLANDA PU,JALAN RAYA SETIABUDHI NO. 73,SABANG,ID-29,86150,+62-91-825-6128,Perum,PROSES,TIDAK AKTIF,1,0,API-U,29555-API,,2026-02-09,AKTIF
335578503894,499126102548857,OSS-5227185,PERUM WIBISONO (DUPLICATE),PERUM WIBI,GANG GARDUJATI NO. 4,LHOKSEUMAWE,ID-22,94534,+62-0123-022-1517,CV,PROSES,TIDAK AKTIF,0,1,,,NIPER-51359,2026-02-06,AKTIF
996472366117,614702794049861,OSS-1172478,UD WIDIASTUTI,UD WIDIAST,JALAN PELAJAR PEJUANG NO. 19,KOTA ADMINISTRASI JAKARTA PUSAT,ID-91,01202,089 554 8172,Perum,PROSES,AKTIF,0,1,,,NIPER-67312,2026-02-03,AKTIF
697859972173,834939701861228,OSS-3637942,PD SIREGAR HIDAYAT (PERSERO) TBK,PD SIREGAR,JL. CIHAMPELAS NO. 61,SORONG,ID-34,70237,+62 (094) 413 6297,Perum,PROSES,TIDAK AKTIF,0,1,,,NIPER-71946,2026-02-09,AKTIF
883337401937,867032265611274,OSS-0615947,PERUM THAMRIN,PERUM THAM,GANG KEBONJATI NO. 69,PANGKALPINANG,ID-33,11437,+62 (0815) 337 5504,PT,TERDAFTAR,TIDAK AKTIF,1,0,API-U,23796-API,,2026-02-17,AKTIF
966591009313,909512528620212,OSS-2907085,NAPITUPULU WINARSIH TBK,NAPITUPULU,GG. JEND. A. YANI NO. 957,BAU-BAU,ID-20,44072,+62 (288) 286 0253,Perum,DISAHKAN,DIBEKUKAN,0,1,,,NIPER-57781,2026-01-02,AKTIF
139851549708,998501199122666,OSS-6161193,CV HANDAYANI TBK (DUPLICATE),HANDAYANI,JL. LEMBONG NO. 405,PAYAKUMBUH,ID-68,05778,+62-030-503-2593,Perum,PROSES,DIBEKUKAN,1,0,API-U,45625-API,,2026-02-14,AKTIF
640396139861,793107933048470,OSS-1981513,CV UYAINAH (PERSERO) TBK,UYAINAH (P,GANG DR. DJUNJUNAN NO. 806,SOLOK,ID-50,91011,+62 (0145) 827-1931,PT,TERDAFTAR,TIDAK AKTIF,1,0,API-P,90560-API,,2026-02-09,AKTIF
367048706831,729300016658981,OSS-4073223,CV ZULKARNAIN,ZULKARNAIN,GANG CIKAPAYANG NO. 714,PROBOLINGGO,ID-94,92547,0892747618,Perum,TERDAFTAR,AKTIF,0,0,,,,2026-02-02,AKTIF
922081869677,603168210968939,OSS-3663512,PD YULIARTI,PD YULIART,JALAN M.T HARYONO NO. 384,DENPASAR,ID-99,41461,(010) 323-7304,PT,DISAHKAN,AKTIF,0,1,,,NIPER-29643,2026-01-07,AKTIF
859321359618,307348002264259,OSS-7205548,PERUM MARYATI LAKSMIWATI,PERUM MARY,JL. PETA NO. 49,PALOPO,ID-57,60429,+62-0717-847-2146,PT,DISAHKAN,TIDAK AKTIF,1,1,API-P,17275-API,NIPER-80452,2026-01-18,AKTIF
757445101598,455545623217914,OSS-0186435,PT WASITA HUTAGALUNG TBK,WASITA HUT,GG. JEND. SUDIRMAN NO. 20,SAMARINDA,ID-22,55469,(0261) 424-4839,PT,PROSES,DIBEKUKAN,1,0,API-U,41757-API,,2026-01-22,AKTIF
675539818890,737815915790894,OSS-5896268,PERUM SAPTONO PUDJIASTUTI,PERUM SAPT,JALAN AHMAD DAHLAN NO. 207,BAU-BAU,ID-72,39612,+62 (090) 518-8129,Firma,TERDAFTAR,AKTIF,0,0,,,,2026-01-21,AKTIF
779939476224,777732411920960,OSS-7586252,CV HANDAYANI FIRGANTORO (DUPLICATE),HANDAYANI,JALAN R.E MARTADINATA NO. 550,PRABUMULIH,ID-52,14145,+62 (0719) 092 8081,PT,PROSES,DIBEKUKAN,1,1,API-P,93643-API,NIPER-15544,2026-01-14,AKTIF
914524794085,950513092421097,OSS-9195934,HASSANAH (DUPLICATE),HASSANAH,JL. LEMBONG NO. 1,SAWAHLUNTO,ID-48,41836,(0566) 671 0292,Firma,PROSES,DIBEKUKAN,1,1,API-U,47475-API,NIPER-98580,2026-02-10,AKTIF
296283555553,553969772326418,OSS-1834700,UD NABABAN RAHMAWATI,UD NABABAN,GANG SURYAKENCANA NO. 6,TEBINGTINGGI,ID-28,38772,+62 (42) 884 0708,Firma,PROSES,TIDAK AKTIF,1,1,API-P,01648-API,NIPER-76150,2026-01-09,AKTIF
463988858737,823780161816211,OSS-1567430,UD MELANI (PERSERO) TBK,UD MELANI,GANG LEMBONG NO. 51,SAMARINDA,ID-63,66714,+62-36-406-2470,PT,PROSES,DIBEKUKAN,0,0,,,,2026-01-27,AKTIF
870036191353,057840620101524,OSS-5533524,UD SITUMORANG WULANDARI TBK,UD SITUMOR,JL. CIKUTRA TIMUR NO. 4,SAWAHLUNTO,ID-71,50024,(0142) 235 7699,PT,TERDAFTAR,TIDAK AKTIF,1,0,API-U,49068-API,,2026-01-06,AKTIF
300374172714,778096020158128,OSS-7047932,MUSTOFA (DUPLICATE),MUSTOFA,GG. KH AMIN JASUTA NO. 3,KOTA ADMINISTRASI JAKARTA BARAT,ID-50,61847,(006) 937-1218,PT,TERDAFTAR,TIDAK AKTIF,1,1,API-P,35384-API,NIPER-12731,2026-02-02,AKTIF
135381483747,558030901685647,OSS-1778401,CV HARIYAH,HARIYAH,JALAN RONGGOWARSITO NO. 1,BEKASI,ID-66,58668,(011) 997-6759,Firma,PROSES,AKTIF,0,0,,,,2026-02-10,AKTIF
353417654614,119101473912983,OSS-5844801,PD KUSMAWATI HIDAYANTO,PD KUSMAWA,GANG DR. DJUNJUNAN NO. 68,DEPOK,ID-99,91744,(0940) 803-0892,CV,TERDAFTAR,TIDAK AKTIF,1,1,API-U,29064-API,NIPER-19965,2026-02-01,AKTIF
992470205345,210162913457747,OSS-7509048,PERUM SALAHUDIN HAKIM,PERUM SALA,GANG ASIA AFRIKA NO. 91,PALOPO,ID-56,77335,+62 (25) 513-3339,CV,DISAHKAN,TIDAK AKTIF,1,1,API-P,51820-API,NIPER-17740,2026-01-09,AKTIF
090143276889,127129785486444,OSS-5530763,PERUM RAHMAWATI NAINGGOLAN TBK,PERUM RAHM,JL. IR. H. DJUANDA NO. 80,LUBUKLINGGAU,ID-11,00520,+62 (061) 762 0442,CV,TERDAFTAR,TIDAK AKTIF,0,1,,,NIPER-32409,2026-02-05,AKTIF
672681110414,517490646351140,OSS-1908485,PERUM PRASASTA HARYANTO,PERUM PRAS,GANG CEMPAKA NO. 794,PADANG SIDEMPUAN,ID-80,53232,(0337) 918 0250,Perum,TERDAFTAR,TIDAK AKTIF,1,0,API-P,22665-API,,2026-02-14,AKTIF
151335946756,255287528787473,OSS-2643534,PERMADI LAKSMIWATI (PERSERO) TBK,PERMADI LA,JL. K.H. WAHID HASYIM NO. 63,TANJUNGBALAI,ID-22,14704,+62 (49) 931-7800,PT,DISAHKAN,AKTIF,0,0,,,,2026-01-06,AKTIF
066676055080,050908306925098,OSS-0556441,PT MAHENDRA TBK,MAHENDRA T,JALAN SUNIARAJA NO. 502,PALEMBANG,ID-49,19181,+62 (0983) 678-4903,CV,DISAHKAN,AKTIF,0,0,,,,2026-02-11,AKTIF
258903305975,847787399981911,OSS-0745106,PD PANGESTU HASANAH (PERSERO) TBK,PD PANGEST,JALAN SURAPATI NO. 563,TANGERANG,ID-96,28620,+62-041-607-7807,CV,TERDAFTAR,TIDAK AKTIF,0,1,,,NIPER-65701,2026-01-27,AKTIF
629813073214,467047652359239,OSS-4892030,PD KUSMAWATI SAPUTRA TBK,PD KUSMAWA,JALAN JAYAWIJAYA NO. 96,DENPASAR,ID-36,00137,+62 (483) 016 3838,Firma,TERDAFTAR,DIBEKUKAN,0,0,,,,2026-02-18,AKTIF
523736050791,815899886834527,OSS-3466661,PT LESTARI JAILANI TBK,LESTARI JA,GANG YOS SUDARSO NO. 08,DEPOK,ID-42,49982,+62 (080) 046 3580,PT,PROSES,TIDAK AKTIF,0,0,,,,2026-02-25,AKTIF
728172596186,540989432518475,OSS-0613841,PD FUJIATI (PERSERO) TBK,PD FUJIATI,GANG IR. H. DJUANDA NO. 277,KUPANG,ID-80,48117,+62-0599-317-5820,Perum,DISAHKAN,DIBEKUKAN,0,0,,,,2026-01-23,AKTIF
213719068265,616363782579390,OSS-9006789,ANDRIANI ANDRIANI (PERSERO) TBK,ANDRIANI A,JALAN PHH. MUSTOFA NO. 03,SOLOK,ID-71,78794,(0590) 757-8250,CV,DISAHKAN,TIDAK AKTIF,1,1,API-U,45985-API,NIPER-04948,2026-01-12,AKTIF
836138142002,873403627562952,OSS-2429326,UD SITOMPUL MANGUNSONG (PERSERO) TBK,UD SITOMPU,JALAN RONGGOWARSITO NO. 98,PALOPO,ID-80,11601,+62 (40) 360 3608,CV,PROSES,TIDAK AKTIF,1,0,API-P,27815-API,,2026-01-19,AKTIF
099286102855,143825520328659,OSS-1819805,PERUM PUTRA SUARTINI,PERUM PUTR,JALAN ANTAPANI LAMA NO. 73,TEGAL,ID-79,03884,+62-16-776-9219,Firma,DISAHKAN,AKTIF,1,1,API-P,10507-API,NIPER-19709,2026-02-16,AKTIF
751035894417,589128942924168,OSS-2309426,PERUM PRADANA,PERUM PRAD,GANG KIARACONDONG NO. 95,SIBOLGA,ID-83,87844,+62 (0121) 597 1878,Perum,DISAHKAN,DIBEKUKAN,1,0,API-P,57255-API,,2026-01-27,AKTIF
968887555435,518741589951154,OSS-5778419,PRATIWI HASSANAH TBK,PRATIWI HA,GANG RAYA UJUNGBERUNG NO. 31,TERNATE,ID-74,42267,+62 (564) 212-4786,CV,PROSES,TIDAK AKTIF,1,1,API-P,06855-API,NIPER-07529,2026-01-27,AKTIF
886216494202,781832524485317,OSS-2682155,PD YOLANDA IRAWAN (PERSERO) TBK,PD YOLANDA,JL. PASIRKOJA NO. 4,BINJAI,ID-33,15443,(018) 907 8315,PT,TERDAFTAR,DIBEKUKAN,1,0,API-U,23499-API,,2026-02-07,AKTIF
107032472712,246394841849869,OSS-3502850,UD FUJIATI,UD FUJIATI,JALAN SENTOT ALIBASA NO. 686,PALANGKARAYA,ID-21,17027,(0591) 107 2483,CV,PROSES,TIDAK AKTIF,0,0,,,,2026-02-22,AKTIF
501160026849,677761920297637,OSS-7555794,PT ZULAIKA RIYANTI,ZULAIKA RI,GANG CEMPAKA NO. 162,DUMAI,ID-60,22938,(029) 187 9375,CV,TERDAFTAR,AKTIF,1,1,API-P,93727-API,NIPER-51315,2026-01-31,AKTIF
707955151229,462135415970996,OSS-2543848,PD SIMANJUNTAK,PD SIMANJU,JL. RAJAWALI TIMUR NO. 76,BANJAR,ID-88,71580,+62 (90) 904 6376,PT,TERDAFTAR,AKTIF,1,1,API-P,60465-API,NIPER-58665,2026-01-14,AKTIF
299968480322,181478804634869,OSS-5893384,PD SIMBOLON (PERSERO) TBK,PD SIMBOLO,GG. W.R. SUPRATMAN NO. 242,SAMARINDA,ID-39,02837,(068) 959-7102,CV,DISAHKAN,DIBEKUKAN,1,0,API-U,78828-API,,2026-01-31,AKTIF
601215572532,728322136819983,OSS-0161996,PT PUTRA,PUTRA,JALAN DIPATIUKUR NO. 454,SEMARANG,ID-10,87400,+62 (024) 717-6995,PT,TERDAFTAR,TIDAK AKTIF,1,0,API-U,53314-API,,2026-01-18,AKTIF
376613662808,122681594747053,OSS-1105833,PERUM ASTUTI,PERUM ASTU,GG. WONOAYU NO. 4,BENGKULU,ID-91,42693,(0650) 167-6718,PT,PROSES,AKTIF,0,1,,,NIPER-77628,2026-01-24,AKTIF
371504165915,201777490509759,OSS-2304501,PT WACANA RAJASA (PERSERO) TBK,WACANA RAJ,JALAN ASIA AFRIKA NO. 266,SUKABUMI,ID-33,14764,+62 (51) 583 7767,Perum,PROSES,TIDAK AKTIF,1,1,API-U,49961-API,NIPER-65926,2026-01-31,AKTIF
708976571330,273504869914285,OSS-8081448,PRAKASA NAPITUPULU (PERSERO) TBK,PRAKASA NA,GG. PHH. MUSTOFA NO. 029,PEKALONGAN,ID-34,49786,0843378644,CV,DISAHKAN,AKTIF,0,0,,,,2026-01-26,AKTIF
463960979525,521427851259007,OSS-1097284,PD PRADANA,PD PRADANA,JL. SADANG SERANG NO. 243,BANJARBARU,ID-69,60757,+62 (096) 861-7670,CV,DISAHKAN,DIBEKUKAN,1,1,API-U,43913-API,NIPER-24676,2026-01-11,AKTIF
158350344694,596488319213424,OSS-9128965,PERUM WINARSIH TBK (DUPLICATE),PERUM WINA,JL. MOCH. RAMDAN NO. 192,CIMAHI,ID-73,05102,087 675 4813,Perum,TERDAFTAR,AKTIF,0,0,,,,2026-01-25,AKTIF
201483171760,248763254157203,OSS-2262542,NASYIDAH HARYANTI TBK,NASYIDAH H,JL. M.H THAMRIN NO. 0,BEKASI,ID-36,86437,+62 (0475) 339-8171,PT,PROSES,AKTIF,1,1,API-U,31019-API,NIPER-75587,2026-02-15,AKTIF
065834756691,084711717360299,OSS-2540480,PT SITOMPUL PANGESTU,SITOMPUL P,GG. CIKUTRA TIMUR NO. 448,SINGKAWANG,ID-46,01932,+62 (70) 933-4206,Firma,DISAHKAN,DIBEKUKAN,0,0,,,,2026-02-04,AKTIF
527262719273,024836317893337,OSS-2027220,PERUM HUTAPEA,PERUM HUTA,JL. SURAPATI NO. 582,CIREBON,ID-35,99066,(0399) 281 3448,Perum,PROSES,AKTIF,1,0,API-P,93875-API,,2026-01-20,AKTIF
613393458755,485641144646629,OSS-1478789,PERUM YUNIAR,PERUM YUNI,GANG YOS SUDARSO NO. 811,SIBOLGA,ID-81,18115,+62-059-947-7451,Perum,TERDAFTAR,AKTIF,0,0,,,,2026-01-02,AKTIF
068151146278,566217627243814,OSS-4565149,UD PUTRA YULIANTI (PERSERO) TBK,UD PUTRA Y,GANG SUKAJADI NO. 3,PROBOLINGGO,ID-51,55450,+62 (022) 219 8848,Perum,PROSES,AKTIF,0,0,,,,2026-02-27,AKTIF
864486999336,269972568786929,OSS-9785326,PERUM SINAGA,PERUM SINA,GG. R.E MARTADINATA NO. 5,TUAL,ID-87,53652,+62 (43) 845-6825,PT,PROSES,TIDAK AKTIF,0,0,,,,2026-01-22,AKTIF
834618845243,452436801708387,OSS-9700408,CV NAJMUDIN (PERSERO) TBK (DUPLICATE),NAJMUDIN (,GANG SETIABUDHI NO. 469,KOTA ADMINISTRASI JAKARTA UTARA,ID-88,07682,+62-145-761-1022,Firma,DISAHKAN,AKTIF,1,0,API-P,51446-API,,2026-01-28,AKTIF
893281665177,313197493135276,OSS-2559376,ISWAHYUDI (PERSERO) TBK,ISWAHYUDI,GANG MEDOKAN AYU NO. 16,SERANG,ID-94,72715,+62 (0836) 281 3413,CV,DISAHKAN,DIBEKUKAN,0,0,,,,2026-01-19,AKTIF
340121606496,147766876764725,OSS-5301567,PD PRATAMA,PD PRATAMA,JL. SETIABUDHI NO. 7,PAGARALAM,ID-53,26198,+62 (0867) 179 8568,PT,TERDAFTAR,AKTIF,1,1,API-U,74408-API,NIPER-02494,2026-02-13,AKTIF
873645818362,471476393235292,OSS-1962188,PT NURDIYANTI (DUPLICATE),NURDIYANTI,JALAN SUNIARAJA NO. 29,KOTA ADMINISTRASI JAKARTA PUSAT,ID-77,78158,+62-0805-461-0905,CV,PROSES,AKTIF,1,0,API-U,93337-API,,2026-01-02,AKTIF
771740668679,942061376982376,OSS-1825930,PERUM LAILASARI PRATIWI (PERSERO) TBK,PERUM LAIL,JL. JEND. SUDIRMAN NO. 263,TASIKMALAYA,ID-68,56710,+62 (62) 251-9335,PT,TERDAFTAR,TIDAK AKTIF,0,0,,,,2026-02-27,AKTIF
249472865018,850535452553622,OSS-8093751,ANGGRIAWAN TBK,ANGGRIAWAN,GG. PASTEUR NO. 907,KENDARI,ID-93,89265,(023) 193 9920,CV,DISAHKAN,TIDAK AKTIF,1,1,API-P,15041-API,NIPER-21506,2026-02-02,AKTIF
918505739397,613070655925267,OSS-0494388,UD WINARNO,UD WINARNO,GANG CIKUTRA TIMUR NO. 7,PARIAMAN,ID-79,03079,+62-094-302-9971,CV,DISAHKAN,AKTIF,0,0,,,,2026-02-08,AKTIF
114310753987,141426429306461,OSS-4383816,UD MANSUR NAMAGA TBK,UD MANSUR,GG. JAYAWIJAYA NO. 74,SABANG,ID-61,75289,(0245) 979-8982,Perum,TERDAFTAR,DIBEKUKAN,1,1,API-U,24554-API,NIPER-04210,2026-02-05,AKTIF
156912080372,845303635080971,OSS-5104620,CV MARPAUNG WACANA (DUPLICATE),MARPAUNG W,JALAN SUKABUMI NO. 98,CIREBON,ID-62,89208,0896377878,PT,TERDAFTAR,TIDAK AKTIF,1,0,API-P,50787-API,,2026-01-31,AKTIF
942169217767,977175930061778,OSS-9444517,CV HALIM,HALIM,GANG MERDEKA NO. 911,SABANG,ID-29,30131,+62-0487-422-7499,Perum,TERDAFTAR,AKTIF,0,0,,,,2026-01-10,AKTIF
099329539682,868276662028873,OSS-6743576,PD SIMANJUNTAK,PD SIMANJU,GG. SENTOT ALIBASA NO. 985,DUMAI,ID-35,77542,+62 (280) 381 8985,PT,TERDAFTAR,DIBEKUKAN,1,0,API-P,92877-API,,2026-01-29,AKTIF
399446016585,926455754979667,OSS-0492319,PD WAHYUNI,PD WAHYUNI,GANG RAJAWALI BARAT NO. 800,SALATIGA,ID-36,51011,+62 (0763) 046-5720,CV,DISAHKAN,AKTIF,0,0,,,,2026-01-01,AKTIF
369499910871,773157797694776,OSS-7004078,PT BUDIYANTO,BUDIYANTO,GG. CIUMBULEUIT NO. 0,AMBON,ID-13,00067,+62 (058) 551-8220,CV,DISAHKAN,DIBEKUKAN,0,0,,,,2026-01-12,AKTIF
038724754889,364818929988967,OSS-5845646,PD HUTAPEA LAKSITA,PD HUTAPEA,GANG JAYAWIJAYA NO. 7,PADANG SIDEMPUAN,ID-68,07039,+62-0066-274-7685,Perum,DISAHKAN,DIBEKUKAN,1,0,API-P,74110-API,,2026-01-05,AKTIF
134024940091,309254212032798,OSS-0378917,PERUM SIMANJUNTAK TBK,PERUM SIMA,GG. CIKUTRA TIMUR NO. 8,MAGELANG,ID-38,31200,+62-84-343-7974,PT,DISAHKAN,AKTIF,1,0,API-U,75714-API,,2026-02-23,AKTIF
942897506904,925897312918922,OSS-0254556,PD HIDAYANTO HUTAPEA,PD HIDAYAN,GG. S. PARMAN NO. 47,SABANG,ID-55,08368,+62 (65) 736-7597,PT,PROSES,DIBEKUKAN,1,0,API-P,95395-API,,2026-01-07,AKTIF
694918045019,341507219099052,OSS-9935879,UD SIMANJUNTAK (PERSERO) TBK,UD SIMANJU,JL. GEGERKALONG HILIR NO. 54,DUMAI,ID-66,29213,+62-09-078-7328,Perum,PROSES,AKTIF,0,0,,,,2026-01-30,AKTIF
985458294203,401535346607569,OSS-9944946,PD MAULANA HABIBI (PERSERO) TBK,PD MAULANA,JALAN DIPATIUKUR NO. 54,TARAKAN,ID-48,82238,(0940) 262 0858,PT,PROSES,DIBEKUKAN,0,0,,,,2026-02-18,AKTIF
220166088992,529211917923084,OSS-5104180,PERUM WINARSIH FIRMANSYAH (PERSERO) TBK,PERUM WINA,JL. CEMPAKA NO. 7,KOTAMOBAGU,ID-61,45664,(046) 687-4925,PT,PROSES,DIBEKUKAN,1,0,API-P,55473-API,,2026-02-23,AKTIF
867048302701,845065755341894,OSS-2102596,UD LESTARI,UD LESTARI,GANG DR. DJUNJUNAN NO. 2,TANGERANG SELATAN,ID-16,23714,+62 (37) 047-0577,CV,PROSES,AKTIF,1,0,API-P,76685-API,,2026-02-23,AKTIF
424276652681,595740849629023,OSS-6518937,PT IRAWAN,IRAWAN,GG. WARINGIN NO. 218,TOMOHON,ID-53,12685,083 440 2757,Perum,DISAHKAN,TIDAK AKTIF,1,0,API-P,32675-API,,2026-01-28,AKTIF
307366196719,796978162667141,OSS-6826597,PT HANDAYANI,HANDAYANI,JL. HOS. COKROAMINOTO NO. 12,MANADO,ID-64,97096,+62 (73) 167 3499,Perum,DISAHKAN,TIDAK AKTIF,0,0,,,,2026-03-02,AKTIF
660847335015,087050441454342,OSS-4148790,WINARSIH (PERSERO) TBK,WINARSIH (,GG. JAYAWIJAYA NO. 528,PASURUAN,ID-23,61365,+62-25-860-9732,Perum,PROSES,AKTIF,0,1,,,NIPER-34857,2026-01-28,AKTIF
511955886023,022975961298753,OSS-0126353,PD KUSUMO (PERSERO) TBK,PD KUSUMO,JALAN MOCH. RAMDAN NO. 86,BAU-BAU,ID-40,74238,(024) 991-8131,Perum,TERDAFTAR,TIDAK AKTIF,1,0,API-U,80102-API,,2026-01-21,AKTIF
487827873586,582363062777892,OSS-8388129,PD MANDALA (PERSERO) TBK,PD MANDALA,GG. SOEKARNO HATTA NO. 95,BLITAR,ID-57,67969,+62 (079) 164 6948,Perum,TERDAFTAR,TIDAK AKTIF,0,0,,,,2026-01-18,AKTIF
835675694521,080542770459675,OSS-1600459,CV HASTUTI (PERSERO) TBK,HASTUTI (P,JALAN SURYAKENCANA NO. 265,SAWAHLUNTO,ID-93,67762,(096) 826 9976,CV,TERDAFTAR,DIBEKUKAN,1,1,API-U,68345-API,NIPER-55793,2026-02-28,AKTIF
156407940966,801128082018038,OSS-4728328,UD PRASASTA TBK,UD PRASAST,JALAN PASIR KOJA NO. 67,BALIKPAPAN,ID-91,99227,(059) 983-1618,CV,PROSES,DIBEKUKAN,1,1,API-U,91615-API,NIPER-99519,2026-01-05,AKTIF
241877946411,977134483518347,OSS-2090028,CV SIREGAR DAMANIK (DUPLICATE),SIREGAR DA,GG. PASTEUR NO. 7,KOTAMOBAGU,ID-48,03722,+62 (407) 955-7175,CV,DISAHKAN,TIDAK AKTIF,0,0,,,,2026-03-01,AKTIF
887608974380,189014416635558,OSS-5706319,UD MEGANTARA NAINGGOLAN,UD MEGANTA,GG. LASWI NO. 34,PURWOKERTO,ID-23,81029,+62-906-794-3928,PT,TERDAFTAR,DIBEKUKAN,1,0,API-U,49170-API,,2026-02-01,AKTIF
446103955240,758335267278149,OSS-0632375,PERUM NURAINI NATSIR,PERUM NURA,JL. IR. H. DJUANDA NO. 7,SINGKAWANG,ID-75,85203,(0231) 072-5747,Firma,DISAHKAN,TIDAK AKTIF,1,0,API-U,00218-API,,2026-02-12,AKTIF
886013594615,166618577219911,OSS-1039056,CV USADA TARIHORAN TBK,USADA TARI,JL. CIKUTRA TIMUR NO. 96,PONTIANAK,ID-13,87014,080 535 6445,Firma,TERDAFTAR,DIBEKUKAN,1,0,API-P,04581-API,,2026-02-01,AKTIF
450385545662,621418762839177,OSS-1585846,PD PRADIPTA TBK,PD PRADIPT,JALAN RONGGOWARSITO NO. 2,BANJARBARU,ID-36,26140,+62 (0184) 609 4852,PT,TERDAFTAR,AKTIF,1,1,API-U,35611-API,NIPER-45232,2026-02-17,AKTIF
114773201017,026952499118773,OSS-4778485,ASTUTI,ASTUTI,GANG RAYA SETIABUDHI NO. 77,BANDUNG,ID-10,84276,+62 (46) 719 7889,Perum,DISAHKAN,DIBEKUKAN,0,0,,,,2026-02-08,AKTIF
570298705616,075758994592911,OSS-6221150,PD HAKIM PRAKASA,PD HAKIM P,JL. KH AMIN JASUTA NO. 9,TEGAL,ID-66,08982,(0854) 115 6917,Firma,DISAHKAN,DIBEKUKAN,1,0,API-U,54955-API,,2026-01-13,AKTIF
000453444622,792817272433477,OSS-2048443,PD MAULANA UYAINAH (PERSERO) TBK,PD MAULANA,GANG STASIUN WONOKROMO NO. 82,MALANG,ID-83,55987,(094) 130-0871,PT,PROSES,TIDAK AKTIF,1,0,API-P,06235-API,,2026-02-28,AKTIF
226868703755,785457653092464,OSS-3081322,UD HARYANTI UWAIS,UD HARYANT,JALAN HOS. COKROAMINOTO NO. 664,TANJUNGBALAI,ID-29,09455,(0314) 926 6224,Firma,PROSES,AKTIF,1,1,API-U,77603-API,NIPER-82807,2026-01-01,AKTIF
861890787719,858866154550595,OSS-5017657,PERUM WIBISONO TBK,PERUM WIBI,JL. RUNGKUT INDUSTRI NO. 211,KOTA ADMINISTRASI JAKARTA TIMUR,ID-15,43071,0894056764,Perum,PROSES,DIBEKUKAN,0,1,,,NIPER-77196,2026-02-03,AKTIF
370124000272,379081113950400,OSS-9673383,PERUM WIJAYA,PERUM WIJA,GG. ERLANGGA NO. 21,SUBULUSSALAM,ID-93,37852,085 549 4667,Perum,PROSES,DIBEKUKAN,1,0,API-P,36701-API,,2026-01-24,AKTIF
115141303567,842484917353163,OSS-7010663,PT ANGGRIAWAN,ANGGRIAWAN,GANG JAKARTA NO. 948,TEGAL,ID-76,88781,0841724156,CV,DISAHKAN,TIDAK AKTIF,1,0,API-P,92642-API,,2026-02-15,AKTIF
436785873346,676682930073703,OSS-8774643,PT NOVITASARI (PERSERO) TBK,NOVITASARI,JALAN PETA NO. 55,CILEGON,ID-82,58874,+62 (10) 943-8054,CV,PROSES,AKTIF,0,1,,,NIPER-79489,2026-02-03,AKTIF
395778719632,155472273938489,OSS-8303776,PD SANTOSO,PD SANTOSO,JALAN PASIR KOJA NO. 16,BAU-BAU,ID-71,72262,(0487) 916 8534,Firma,TERDAFTAR,AKTIF,1,1,API-P,67140-API,NIPER-04281,2026-02-15,AKTIF
140215016757,747019819326647,OSS-3813765,PERUM MAHESWARA (PERSERO) TBK,PERUM MAHE,JALAN GEGERKALONG HILIR NO. 2,KOTA ADMINISTRASI JAKARTA BARAT,ID-21,70244,+62 (094) 860 8114,Perum,TERDAFTAR,TIDAK AKTIF,0,1,,,NIPER-48789,2026-01-28,AKTIF
315822592808,929963200381237,OSS-0274166,CV YULIANTI TBK,YULIANTI T,JL. RAJIMAN NO. 5,TANJUNGBALAI,ID-65,21139,0806771840,Firma,TERDAFTAR,DIBEKUKAN,1,0,API-U,80771-API,,2026-01-18,AKTIF
428002714665,758811037192442,OSS-6380170,UD ASTUTI HASANAH (PERSERO) TBK,UD ASTUTI,GG. AHMAD DAHLAN NO. 03,AMBON,ID-59,21917,(077) 800 5313,PT,TERDAFTAR,AKTIF,1,1,API-P,44944-API,NIPER-16228,2026-02-02,AKTIF
541506898511,881167873480851,OSS-4966757,PD PERTIWI,PD PERTIWI,JALAN HOS. COKROAMINOTO NO. 134,TANGERANG SELATAN,ID-65,83969,+62 (713) 957-0016,Firma,TERDAFTAR,TIDAK AKTIF,1,1,API-P,84512-API,NIPER-24023,2026-01-17,AKTIF
449268315893,571266110627371,OSS-5869886,PERUM MANDASARI TBK,PERUM MAND,GANG JAMIKA NO. 827,BLITAR,ID-13,37702,0851961159,CV,PROSES,AKTIF,1,0,API-P,40821-API,,2026-02-05,AKTIF
280537642550,786887860203922,OSS-1317019,PERUM WACANA TBK,PERUM WACA,GG. AHMAD YANI NO. 7,PEMATANGSIANTAR,ID-82,31424,+62 (629) 179-6441,CV,DISAHKAN,DIBEKUKAN,1,0,API-P,60332-API,,2026-01-12,AKTIF
290727268439,872861960249132,OSS-1176896,CV MAYASARI WIBOWO,MAYASARI W,JALAN PASIRKOJA NO. 5,SIBOLGA,ID-75,13313,+62 (028) 373 6347,Firma,TERDAFTAR,AKTIF,1,0,API-P,16383-API,,2026-02-19,AKTIF
027958355005,010500867202885,OSS-7543677,UD RAHMAWATI WIDIASTUTI TBK,UD RAHMAWA,JALAN STASIUN WONOKROMO NO. 5,PURWOKERTO,ID-33,71854,+62 (228) 985 8624,CV,DISAHKAN,AKTIF,1,0,API-P,64640-API,,2026-01-17,AKTIF
132562928923,061433280709355,OSS-8073209,PD HUTAPEA,PD HUTAPEA,GANG W.R. SUPRATMAN NO. 612,TARAKAN,ID-47,56876,+62-94-742-3065,CV,PROSES,DIBEKUKAN,0,0,,,,2026-01-24,AKTIF
464369260931,407433684570394,OSS-6026944,PERUM DONGORAN PERTIWI,PERUM DONG,JL. RAJIMAN NO. 001,SERANG,ID-83,58737,(0574) 703 3409,PT,PROSES,DIBEKUKAN,0,0,,,,2026-01-04,AKTIF
763404010854,413508207373223,OSS-3480530,CV UTAMI HARYANTO,UTAMI HARY,GANG SILIWANGI NO. 0,CIMAHI,ID-39,18219,(001) 557-0174,Firma,TERDAFTAR,TIDAK AKTIF,1,0,API-U,90992-API,,2026-02-15,AKTIF
775500535760,367336142474151,OSS-6329566,UD MELANI,UD MELANI,JALAN VETERAN NO. 85,PALEMBANG,ID-72,75773,+62-061-460-1741,Perum,TERDAFTAR,AKTIF,0,1,,,NIPER-96400,2026-01-13,AKTIF
283837749878,126580195920292,OSS-2223370,PT NOVITASARI PRASASTA,NOVITASARI,GANG RAJIMAN NO. 90,BIMA,ID-20,74177,+62-0875-999-1182,CV,TERDAFTAR,AKTIF,0,1,,,NIPER-46035,2026-02-21,AKTIF
587640688992,069111294039919,OSS-8149821,CV SETIAWAN MULYANI (PERSERO) TBK,SETIAWAN M,JALAN RAYA UJUNGBERUNG NO. 08,PALOPO,ID-84,56670,(0393) 149-2419,Firma,TERDAFTAR,TIDAK AKTIF,1,1,API-U,37099-API,NIPER-93249,2026-01-09,AKTIF
247908911162,238151113038303,OSS-0847321,PD SIREGAR YULIARTI (PERSERO) TBK,PD SIREGAR,GANG RAJAWALI TIMUR NO. 2,CILEGON,ID-96,88541,+62 (0137) 545 3700,CV,TERDAFTAR,TIDAK AKTIF,1,1,API-P,37227-API,NIPER-55373,2026-01-01,AKTIF
788742846091,739739836951110,OSS-0778904,PT TAMPUBOLON YULIARTI TBK,TAMPUBOLON,JALAN RAYA UJUNGBERUNG NO. 842,BANDA ACEH,ID-85,47701,(005) 461-4147,CV,DISAHKAN,AKTIF,1,0,API-P,95524-API,,2026-01-19,AKTIF
684674205509,234808193142445,OSS-5495932,PUSPITA (PERSERO) TBK,PUSPITA (P,JL. MEDOKAN AYU NO. 765,SURAKARTA,ID-73,51609,(093) 301 6212,CV,DISAHKAN,AKTIF,1,1,API-U,53930-API,NIPER-73452,2026-01-28,AKTIF
694096003562,439587395923234,OSS-2108902,PT SIMBOLON TBK,SIMBOLON T,JL. RAJAWALI BARAT NO. 643,YOGYAKARTA,ID-90,02716,+62-73-607-7633,Firma,TERDAFTAR,TIDAK AKTIF,1,0,API-U,69112-API,,2026-02-05,AKTIF
404046551128,638110502289207,OSS-4595282,PD LESTARI LAKSMIWATI TBK,PD LESTARI,JL. RAYA SETIABUDHI NO. 4,TOMOHON,ID-93,73278,+62-969-215-1002,CV,PROSES,DIBEKUKAN,1,0,API-P,60772-API,,2026-02-15,AKTIF
898331465911,665535590425979,OSS-2703352,HABIBI,HABIBI,GG. ANTAPANI LAMA NO. 14,PAREPARE,ID-93,53833,0884879206,PT,PROSES,AKTIF,1,0,API-U,98042-API,,2026-03-02,AKTIF
599143539595,691720703679889,OSS-3736301,CV HALIMAH TBK,HALIMAH TB,GANG CIKUTRA TIMUR NO. 733,PROBOLINGGO,ID-98,89052,+62 (084) 409-0025,CV,DISAHKAN,DIBEKUKAN,0,0,,,,2026-01-14,AKTIF
655969822500,138454441154773,OSS-2902204,PD PANGESTU MANDASARI,PD PANGEST,JALAN MOCH. RAMDAN NO. 1,PANGKALPINANG,ID-29,03544,+62 (482) 024 9272,Perum,DISAHKAN,AKTIF,0,0,,,,2026-01-04,AKTIF
050912821288,272851464643181,OSS-6302011,CV BUDIMAN DONGORAN (PERSERO) TBK,BUDIMAN DO,JALAN TEBET BARAT DALAM NO. 810,PAGARALAM,ID-75,24339,+62 (0640) 328-4841,Firma,PROSES,AKTIF,1,0,API-P,59656-API,,2026-01-26,AKTIF
808024966335,526170367022314,OSS-6943592,HUTASOIT ISWAHYUDI,HUTASOIT I,GG. KUTAI NO. 9,TARAKAN,ID-26,89520,(096) 874-2560,Perum,TERDAFTAR,AKTIF,0,0,,,,2026-01-01,AKTIF
083597750793,568481345972652,OSS-3439925,UD SUSANTI (PERSERO) TBK,UD SUSANTI,GANG BKR NO. 3,BONTANG,ID-74,23097,(006) 924 2791,PT,PROSES,AKTIF,1,0,API-U,92515-API,,2026-01-17,AKTIF
885752452164,201180829548521,OSS-1215946,CV PRAYOGA PURWANTI,PRAYOGA PU,GANG IR. H. DJUANDA NO. 69,BENGKULU,ID-83,70690,+62 (337) 019 3639,CV,DISAHKAN,TIDAK AKTIF,1,1,API-U,98651-API,NIPER-43646,2026-01-09,AKTIF
447342056795,528101144322820,OSS-4372464,UD HASANAH MARBUN (PERSERO) TBK,UD HASANAH,JALAN PETA NO. 62,SABANG,ID-75,67994,+62 (0231) 132-4094,Firma,TERDAFTAR,AKTIF,1,1,API-P,21505-API,NIPER-18074,2026-01-01,AKTIF
633923399015,032405773646002,OSS-8097533,PD HASTUTI,PD HASTUTI,JL. SUKABUMI NO. 09,KOTA ADMINISTRASI JAKARTA PUSAT,ID-29,31494,(0731) 518 9538,CV,TERDAFTAR,DIBEKUKAN,0,1,,,NIPER-86374,2026-02-08,AKTIF
707096612237,042328827340058,OSS-4302241,PERUM LAKSITA PUSPITA TBK,PERUM LAKS,JALAN KIARACONDONG NO. 52,BANJARMASIN,ID-64,28435,(0997) 716-1852,PT,PROSES,AKTIF,1,1,API-U,72126-API,NIPER-19132,2026-02-14,AKTIF
226061424586,414582313842873,OSS-3307737,CV SARAGIH TBK (DUPLICATE),SARAGIH TB,GANG SUKABUMI NO. 02,BALIKPAPAN,ID-65,54121,+62 (42) 835-9461,PT,TERDAFTAR,DIBEKUKAN,0,1,,,NIPER-06014,2026-01-29,AKTIF
328775548400,421099798857601,OSS-9666793,PD NASYIAH WULANDARI,PD NASYIAH,JALAN YOS SUDARSO NO. 8,TASIKMALAYA,ID-96,89207,083 381 0136,CV,DISAHKAN,AKTIF,0,1,,,NIPER-24083,2026-01-27,AKTIF
642612120384,375365968078525,OSS-4824218,PERUM SIMBOLON RAMADAN,PERUM SIMB,JALAN BKR NO. 6,LHOKSEUMAWE,ID-10,47523,+62 (012) 327 4897,CV,DISAHKAN,DIBEKUKAN,0,0,,,,2026-03-01,AKTIF
065253293244,483451995508977,OSS-5472815,ARYANI ANGGRAINI (PERSERO) TBK,ARYANI ANG,JL. W.R. SUPRATMAN NO. 204,SURABAYA,ID-25,71494,0872484926,PT,PROSES,TIDAK AKTIF,0,0,,,,2026-02-25,AKTIF
066470703850,360595298424107,OSS-4027406,UD MAYASARI MARBUN TBK,UD MAYASAR,JALAN SOEKARNO HATTA NO. 0,CILEGON,ID-10,03638,+62 (646) 149-7459,CV,TERDAFTAR,TIDAK AKTIF,1,1,API-U,79318-API,NIPER-39979,2026-02-06,AKTIF
539913854131,744851954423344,OSS-0258855,NOVITASARI,NOVITASARI,GG. DIPENOGORO NO. 874,KOTA ADMINISTRASI JAKARTA BARAT,ID-47,59964,(008) 725 4777,Perum,DISAHKAN,DIBEKUKAN,1,0,API-P,53881-API,,2026-02-04,AKTIF
906267889484,331650489436133,OSS-9159822,UD TAMPUBOLON,UD TAMPUBO,GG. KIARACONDONG NO. 9,LHOKSEUMAWE,ID-30,33585,(026) 925-9354,Firma,DISAHKAN,AKTIF,0,0,,,,2026-01-06,AKTIF
532423000270,604150700408483,OSS-6831584,UD DABUKKE TBK,UD DABUKKE,GG. CIWASTRA NO. 256,BANDAR LAMPUNG,ID-27,60741,0829128934,Firma,DISAHKAN,DIBEKUKAN,1,0,API-U,13832-API,,2026-01-11,AKTIF
753321157144,033083921359287,OSS-1566311,PUSPASARI PERTIWI TBK,PUSPASARI,GANG DR. DJUNJUNAN NO. 2,PAREPARE,ID-54,70800,+62 (146) 424 0600,CV,DISAHKAN,TIDAK AKTIF,1,1,API-P,58010-API,NIPER-00153,2026-01-31,AKTIF
606962498956,911030897586380,OSS-4044161,PD USADA YUNIAR (PERSERO) TBK,PD USADA Y,GG. KIARACONDONG NO. 48,DEPOK,ID-34,10480,088 057 4987,CV,TERDAFTAR,AKTIF,1,0,API-U,58402-API,,2026-01-03,AKTIF
146277208079,483553810666128,OSS-1641320,CV USADA SIMANJUNTAK TBK,USADA SIMA,JL. WONOAYU NO. 91,BALIKPAPAN,ID-75,99898,+62-52-152-5741,PT,TERDAFTAR,AKTIF,1,0,API-P,92291-API,,2026-02-06,AKTIF
424089164983,735439627365271,OSS-7272239,CV YULIARTI SURYONO (PERSERO) TBK,YULIARTI S,JL. SUNIARAJA NO. 9,BATAM,ID-84,16376,+62 (082) 091-6601,Perum,PROSES,TIDAK AKTIF,1,1,API-U,00231-API,NIPER-42900,2026-02-13,AKTIF
932424300917,316332430872447,OSS-8390712,CV UTAMA,UTAMA,JALAN CIKAPAYANG NO. 419,PAREPARE,ID-95,44952,+62-076-991-5283,PT,DISAHKAN,AKTIF,1,1,API-U,11977-API,NIPER-89516,2026-01-18,AKTIF
786674696265,994490064476633,OSS-3704004,PD PRAKASA NURAINI TBK,PD PRAKASA,GG. WONOAYU NO. 629,PADANG,ID-80,09143,+62-0897-518-5951,CV,TERDAFTAR,AKTIF,1,1,API-U,95200-API,NIPER-85474,2026-01-22,AKTIF
778045797251,840703398214782,OSS-3372094,WIDODO TBK,WIDODO TBK,JALAN SUNIARAJA NO. 632,DUMAI,ID-59,11220,+62-084-842-6483,PT,PROSES,AKTIF,0,0,,,,2026-01-07,AKTIF
138439518096,110197752685633,OSS-9237810,PERUM USAMAH SUWARNO,PERUM USAM,JL. PHH. MUSTOFA NO. 226,PONTIANAK,ID-68,86690,(020) 926 8867,CV,PROSES,AKTIF,1,0,API-U,13932-API,,2026-02-23,AKTIF
000749604455,770549158159797,OSS-6160163,CV ASTUTI (PERSERO) TBK,ASTUTI (PE,JL. SENTOT ALIBASA NO. 467,BLITAR,ID-73,95075,+62-0770-713-7654,Perum,PROSES,DIBEKUKAN,0,1,,,NIPER-81149,2026-03-01,AKTIF
104535135634,317191633547154,OSS-3382541,PD PALASTRI PERTIWI (PERSERO) TBK,PD PALASTR,GG. R.E MARTADINATA NO. 994,YOGYAKARTA,ID-77,28457,+62 (086) 919-8162,Firma,TERDAFTAR,DIBEKUKAN,1,1,API-P,54993-API,NIPER-14536,2026-02-03,AKTIF
260422325367,294667116845775,OSS-9017518,CV ARYANI PRABOWO TBK,ARYANI PRA,GANG SADANG SERANG NO. 9,SALATIGA,ID-27,50017,+62-12-770-6324,Firma,TERDAFTAR,AKTIF,1,0,API-U,24154-API,,2026-01-18,AKTIF
980693036599,169497008930665,OSS-3718945,PT RAJATA,RAJATA,GANG MEDOKAN AYU NO. 69,BAU-BAU,ID-76,52418,+62 (006) 939-5204,Perum,DISAHKAN,TIDAK AKTIF,0,1,,,NIPER-84910,2026-01-04,AKTIF
918947663128,506243822968253,OSS-2665490,PERUM SANTOSO TBK,PERUM SANT,GG. LEMBONG NO. 54,PALEMBANG,ID-38,32094,+62 (017) 623 2090,Perum,TERDAFTAR,DIBEKUKAN,1,0,API-U,87807-API,,2026-02-15,AKTIF
947754375105,200229390560803,OSS-9126714,RAHAYU NAJMUDIN,RAHAYU NAJ,JL. CIKAPAYANG NO. 202,BAU-BAU,ID-88,41814,(071) 383 7974,Firma,TERDAFTAR,TIDAK AKTIF,1,1,API-P,42587-API,NIPER-11251,2026-01-11,AKTIF
342923454642,013091049408405,OSS-8815969,PERUM BUDIYANTO SIMANJUNTAK (PERSERO) TBK,PERUM BUDI,JL. BANGKA RAYA NO. 92,PADANG,ID-29,16659,+62 (0814) 315 3407,PT,TERDAFTAR,AKTIF,1,0,API-U,47057-API,,2026-01-24,AKTIF
888904113362,535010748803490,OSS-3317705,PT MARBUN MELANI (DUPLICATE),MARBUN MEL,JALAN SOEKARNO HATTA NO. 5,KOTA ADMINISTRASI JAKARTA TIMUR,ID-33,85250,+62 (37) 642-4985,CV,TERDAFTAR,AKTIF,0,0,,,,2026-01-02,AKTIF
114254779600,271520906939551,OSS-7903568,PD UYAINAH (PERSERO) TBK,PD UYAINAH,JL. GEGERKALONG HILIR NO. 79,KEDIRI,ID-24,50301,+62 (0301) 397-0076,Perum,PROSES,AKTIF,1,0,API-P,35702-API,,2026-02-14,AKTIF
872649632251,742240432611890,OSS-0346861,CV HARDIANSYAH KUSMAWATI (PERSERO) TBK,HARDIANSYA,GANG SURYAKENCANA NO. 020,SERANG,ID-29,36621,+62 (368) 900-5779,PT,TERDAFTAR,DIBEKUKAN,0,0,,,,2026-01-30,AKTIF
366581932096,672162568578843,OSS-4758508,PERUM YOLANDA,PERUM YOLA,JL. RAYA SETIABUDHI NO. 7,PADANGPANJANG,ID-43,28461,+62 (965) 439 1051,CV,TERDAFTAR,AKTIF,0,1,,,NIPER-06568,2026-02-01,AKTIF
569729655619,276713771886263,OSS-9561266,PERUM PRASETYA DONGORAN TBK (DUPLICATE),PERUM PRAS,JALAN ERLANGGA NO. 388,TIDORE KEPULAUAN,ID-68,02234,(014) 466 2763,Firma,TERDAFTAR,TIDAK AKTIF,0,1,,,NIPER-30411,2026-02-24,AKTIF
010228487930,748377681032471,OSS-7356586,PERUM PUSPASARI,PERUM PUSP,JL. RUMAH SAKIT NO. 670,MANADO,ID-96,73475,089 161 9723,Firma,PROSES,AKTIF,0,1,,,NIPER-71833,2026-02-27,AKTIF
447617704586,592446026093048,OSS-2133470,PD SETIAWAN (PERSERO) TBK,PD SETIAWA,GG. PASIR KOJA NO. 7,PANGKALPINANG,ID-48,92671,+62-0290-898-4157,Perum,TERDAFTAR,TIDAK AKTIF,0,0,,,,2026-01-25,AKTIF
823772109074,447939117174003,OSS-4568848,UD WULANDARI LAKSITA (PERSERO) TBK,UD WULANDA,GANG KUTISARI SELATAN NO. 66,PALEMBANG,ID-71,36604,(0412) 081-8036,PT,PROSES,AKTIF,1,1,API-P,89382-API,NIPER-52894,2026-01-11,AKTIF
759655553566,905510762091843,OSS-5797863,UD BUDIYANTO,UD BUDIYAN,GG. TEBET BARAT DALAM NO. 39,PADANG,ID-46,56716,+62 (0932) 898-0271,CV,TERDAFTAR,TIDAK AKTIF,0,1,,,NIPER-48727,2026-03-02,AKTIF
630502640784,458207902023482,OSS-5556132,PT ZULKARNAIN PRANOWO,ZULKARNAIN,JL. GEGERKALONG HILIR NO. 74,PEKANBARU,ID-40,25578,+62 (0234) 488-0509,Perum,TERDAFTAR,AKTIF,1,1,API-P,39851-API,NIPER-26082,2026-01-12,AKTIF
443073246689,974903043817799,OSS-8992469,UD HASTUTI DAMANIK,UD HASTUTI,JL. KEBONJATI NO. 186,KOTA ADMINISTRASI JAKARTA BARAT,ID-75,31456,+62 (181) 275-9170,CV,PROSES,DIBEKUKAN,1,1,API-U,03437-API,NIPER-43256,2026-02-16,AKTIF
591946720353,393236890147061,OSS-7610455,PD AGUSTINA WIBISONO TBK (DUPLICATE),PD AGUSTIN,JL. S. PARMAN NO. 3,BANJARBARU,ID-83,46820,0877605126,Perum,DISAHKAN,AKTIF,0,0,,,,2026-02-11,AKTIF
538631050524,383805826929900,OSS-7686276,CV NUGROHO PUSPITA,NUGROHO PU,JALAN LEMBONG NO. 61,SUBULUSSALAM,ID-28,86267,+62 (036) 841-0132,Perum,TERDAFTAR,DIBEKUKAN,0,1,,,NIPER-82339,2026-01-27,AKTIF
799364273795,723816129213511,OSS-1330107,CV WAHYUDIN (PERSERO) TBK,WAHYUDIN (,GANG JOYOBOYO NO. 84,CIMAHI,ID-25,22232,+62-087-385-7094,Perum,DISAHKAN,DIBEKUKAN,0,1,,,NIPER-39137,2026-01-01,AKTIF
795127983124,285354160199198,OSS-4808701,MULYANI WACANA TBK,MULYANI WA,JALAN CIHAMPELAS NO. 71,PAREPARE,ID-43,04336,0895796724,Perum,PROSES,TIDAK AKTIF,1,1,API-P,61051-API,NIPER-10900,2026-01-03,AKTIF
107385203834,173578202780968,OSS-3397875,PD MEGANTARA PERMADI TBK,PD MEGANTA,GANG ERLANGGA NO. 66,PONTIANAK,ID-87,01706,+62-093-604-6110,Perum,TERDAFTAR,DIBEKUKAN,0,1,,,NIPER-21748,2026-02-27,AKTIF
876955912681,307837318359412,OSS-3459232,PERUM HAKIM (PERSERO) TBK,PERUM HAKI,GANG YOS SUDARSO NO. 162,KOTA ADMINISTRASI JAKARTA TIMUR,ID-78,51492,086 327 0231,CV,TERDAFTAR,DIBEKUKAN,1,0,API-P,74028-API,,2026-02-05,AKTIF
594144772045,337697916276243,OSS-9606300,PERUM NURAINI NATSIR (PERSERO) TBK,PERUM NURA,GG. S. PARMAN NO. 35,JAYAPURA,ID-23,11878,+62 (062) 698-7735,CV,TERDAFTAR,DIBEKUKAN,1,0,API-U,10597-API,,2026-02-23,AKTIF
440159999622,157711413802889,OSS-3029596,PT GUNARTO (PERSERO) TBK,GUNARTO (P,GANG PACUAN KUDA NO. 78,SERANG,ID-37,24627,+62 (36) 539 8308,Firma,TERDAFTAR,AKTIF,0,0,,,,2026-02-21,AKTIF
876883849169,715762894806335,OSS-1862647,PERUM PUDJIASTUTI HABIBI (PERSERO) TBK,PERUM PUDJ,GANG VETERAN NO. 772,SORONG,ID-62,23193,+62-020-014-5016,Firma,TERDAFTAR,DIBEKUKAN,0,1,,,NIPER-24440,2026-01-06,AKTIF
120546840922,100607440612525,OSS-0535053,CV SIMBOLON WIBISONO,SIMBOLON W,JL. MERDEKA NO. 898,TANGERANG,ID-40,63326,(0485) 773 5976,Firma,PROSES,TIDAK AKTIF,0,1,,,NIPER-95541,2026-01-06,AKTIF
578626218167,898590403132822,OSS-2000763,UD SETIAWAN RAJATA,UD SETIAWA,GANG RAJAWALI BARAT NO. 6,MATARAM,ID-60,01502,+62 (0717) 357-5736,Firma,TERDAFTAR,TIDAK AKTIF,1,1,API-P,34593-API,NIPER-60551,2026-02-16,AKTIF
023212983381,674233629344973,OSS-4715662,PD ANGGRAINI MAYASARI TBK,PD ANGGRAI,JALAN SUKABUMI NO. 14,PURWOKERTO,ID-41,46747,+62 (0689) 715-2732,Perum,PROSES,DIBEKUKAN,1,0,API-U,30085-API,,2026-01-11,AKTIF
227066728315,908091120167113,OSS-5097424,PD OKTAVIANI PERTIWI TBK (DUPLICATE),PD OKTAVIA,JL. SILIWANGI NO. 215,PADANGPANJANG,ID-60,08228,+62 (095) 941 2754,PT,PROSES,AKTIF,0,0,,,,2026-02-15,AKTIF
947128225673,084096721810697,OSS-0809908,CV SURYONO,SURYONO,JALAN SETIABUDHI NO. 901,TIDORE KEPULAUAN,ID-97,29938,+62-09-150-5179,Perum,TERDAFTAR,TIDAK AKTIF,0,0,,,,2026-02-11,AKTIF
358030862452,413262985682299,OSS-2638795,PERUM BUDIMAN,PERUM BUDI,JL. SUNIARAJA NO. 93,KOTA ADMINISTRASI JAKARTA TIMUR,ID-65,60680,+62 (95) 733 6564,PT,DISAHKAN,AKTIF,0,0,,,,2026-02-10,AKTIF
866871152466,108184479321752,OSS-7074454,PERUM PUDJIASTUTI (PERSERO) TBK,PERUM PUDJ,GANG KAPTEN MUSLIHAT NO. 9,BITUNG,ID-43,72008,+62-34-164-7374,Perum,DISAHKAN,TIDAK AKTIF,0,1,,,NIPER-95046,2026-01-14,AKTIF
915039046207,090247361189591,OSS-4412462,PERUM YULIARTI SANTOSO (PERSERO) TBK,PERUM YULI,GG. DIPENOGORO NO. 36,BOGOR,ID-23,79259,+62-33-919-2625,PT,PROSES,TIDAK AKTIF,0,1,,,NIPER-95282,2026-03-02,AKTIF
831676697434,315020737523387,OSS-1185042,PD MAYASARI WASKITA TBK,PD MAYASAR,JL. INDRAGIRI NO. 0,PEKALONGAN,ID-88,73902,+62 (853) 904 9338,Perum,TERDAFTAR,DIBEKUKAN,0,1,,,NIPER-26561,2026-02-16,AKTIF
727394168730,212292257555215,OSS-9783855,PUSPITA TBK (DUPLICATE),PUSPITA TB,GANG CEMPAKA NO. 6,BATAM,ID-77,39393,081 380 2207,Perum,PROSES,DIBEKUKAN,0,1,,,NIPER-49320,2026-01-13,AKTIF
056189093282,634969281532484,OSS-4815889,UD YULIANTI,UD YULIANT,GG. KEBONJATI NO. 7,LUBUKLINGGAU,ID-29,35352,+62-0739-187-0170,Perum,TERDAFTAR,AKTIF,1,0,API-P,72080-API,,2026-02-21,AKTIF
565707621416,350214210611410,OSS-6455820,PERUM RAJASA,PERUM RAJA,GG. PASIR KOJA NO. 16,SERANG,ID-72,65370,+62 (38) 798 3232,PT,TERDAFTAR,AKTIF,1,1,API-P,36770-API,NIPER-98953,2026-01-04,AKTIF
669912856859,441649331115685,OSS-4026218,PD WAHYUNI,PD WAHYUNI,GG. PACUAN KUDA NO. 351,CIMAHI,ID-24,91656,+62 (030) 739 8714,Perum,DISAHKAN,DIBEKUKAN,0,1,,,NIPER-84544,2026-01-07,AKTIF
619960627115,329411060767642,OSS-4116178,SUARTINI SIREGAR (PERSERO) TBK,SUARTINI S,JL. INDRAGIRI NO. 111,PANGKALPINANG,ID-71,94821,+62 (987) 886 3875,PT,TERDAFTAR,TIDAK AKTIF,1,1,API-P,94543-API,NIPER-11605,2026-01-25,AKTIF
746389093882,403485452378262,OSS-8106762,PD NASYIDAH (PERSERO) TBK,PD NASYIDA,GG. CIKAPAYANG NO. 0,LUBUKLINGGAU,ID-67,52261,+62-065-496-6016,CV,PROSES,TIDAK AKTIF,1,1,API-P,20187-API,NIPER-96317,2026-02-09,AKTIF
431220073937,815067678571844,OSS-0926564,CV PRANOWO (PERSERO) TBK,PRANOWO (P,GG. KUTISARI SELATAN NO. 30,SUNGAI PENUH,ID-23,60521,+62-021-784-7900,Perum,TERDAFTAR,AKTIF,1,1,API-U,88987-API,NIPER-67398,2026-02-09,AKTIF
443038097711,224687058085862,OSS-1449074,PD PRAKASA MANDALA TBK,PD PRAKASA,JL. ASIA AFRIKA NO. 10,PEKALONGAN,ID-13,42245,(076) 231-1878,CV,PROSES,TIDAK AKTIF,0,0,,,,2026-02-06,AKTIF
625789761682,968981928108717,OSS-6821565,PERUM DAMANIK MANULLANG (PERSERO) TBK,PERUM DAMA,GG. WARINGIN NO. 411,MOJOKERTO,ID-71,17762,(001) 835 7841,CV,TERDAFTAR,AKTIF,0,0,,,,2026-01-24,AKTIF
001100970066,977454500748007,OSS-4377125,PD RIYANTI ANGGRIAWAN,PD RIYANTI,JL. ANTAPANI LAMA NO. 1,PASURUAN,ID-22,20925,+62 (002) 910 2327,CV,PROSES,TIDAK AKTIF,1,0,API-P,63329-API,,2026-02-17,AKTIF
286295141410,836289881167007,OSS-9684153,PERUM SIREGAR SIREGAR TBK,PERUM SIRE,JALAN CIKUTRA TIMUR NO. 56,AMBON,ID-83,55146,+62 (098) 389-0060,CV,TERDAFTAR,DIBEKUKAN,1,0,API-P,85534-API,,2026-01-06,AKTIF
809351187181,335956164205955,OSS-6574902,SIREGAR (PERSERO) TBK,SIREGAR (P,JL. RAYA SETIABUDHI NO. 8,JAMBI,ID-33,90261,+62 (039) 898 6818,Firma,PROSES,TIDAK AKTIF,1,0,API-P,09788-API,,2026-01-23,AKTIF
059592470601,726071366927142,OSS-4678156,UD HALIMAH,UD HALIMAH,JALAN SILIWANGI NO. 3,BANJARBARU,ID-37,64205,+62-0883-114-8350,CV,TERDAFTAR,TIDAK AKTIF,0,1,,,NIPER-07949,2026-01-18,AKTIF
908656691438,859793201163937,OSS-3238821,NASYIDAH TAMPUBOLON,NASYIDAH T,JL. DR. DJUNJUNAN NO. 363,TANGERANG,ID-20,44495,+62-032-869-8058,PT,DISAHKAN,AKTIF,1,0,API-U,03526-API,,2026-01-14,AKTIF
988022621915,746605785190079,OSS-8102826,CV DONGORAN SAEFULLAH,DONGORAN S,JALAN K.H. WAHID HASYIM NO. 55,SOLOK,ID-29,68885,0863412802,CV,DISAHKAN,TIDAK AKTIF,0,0,,,,2026-01-16,AKTIF
893256988703,656442278258639,OSS-4562596,CV FIRMANSYAH SANTOSO,FIRMANSYAH,JL. WARINGIN NO. 472,SUNGAI PENUH,ID-46,20178,0835729736,PT,TERDAFTAR,TIDAK AKTIF,1,1,API-P,17418-API,NIPER-92426,2026-02-06,AKTIF
861895824803,635978313680792,OSS-5961825,PERUM NATSIR PERMATA (PERSERO) TBK,PERUM NATS,GG. MOCH. TOHA NO. 2,PADANGPANJANG,ID-73,58001,082 106 1128,Firma,DISAHKAN,TIDAK AKTIF,0,1,,,NIPER-97062,2026-02-09,AKTIF
058926848868,272381537588713,OSS-1822223,PERUM ASTUTI PRADANA,PERUM ASTU,GG. H.J MAEMUNAH NO. 2,MEDAN,ID-93,14658,(0037) 674-1241,PT,DISAHKAN,TIDAK AKTIF,1,1,API-P,03164-API,NIPER-00910,2026-01-13,AKTIF
828879850250,467710699403899,OSS-7861803,CV LAZUARDI,LAZUARDI,JL. SETIABUDHI NO. 7,BINJAI,ID-70,73612,+62 (51) 969-9851,Firma,PROSES,TIDAK AKTIF,1,1,API-P,98493-API,NIPER-71896,2026-01-24,AKTIF
449100723149,204993064041210,OSS-7043105,PT PRATAMA (PERSERO) TBK (DUPLICATE),PRATAMA (P,GANG BKR NO. 60,PALEMBANG,ID-59,14148,+62-0515-609-5142,PT,PROSES,TIDAK AKTIF,0,1,,,NIPER-77021,2026-01-15,AKTIF
793889491286,728774786910407,OSS-6296965,UD JANUAR SIMANJUNTAK,UD JANUAR,JL. OTTO ISKANDARDINATA NO. 0,BANDA ACEH,ID-20,04107,+62 (091) 294-3370,Perum,PROSES,TIDAK AKTIF,1,1,API-P,26578-API,NIPER-14963,2026-02-10,AKTIF
648547133258,196348130043625,OSS-6915393,UD PUSPITA,UD PUSPITA,GANG JEND. A. YANI NO. 04,METRO,ID-30,01061,+62 (816) 189-3298,CV,PROSES,DIBEKUKAN,0,0,,,,2026-02-19,AKTIF
497741464899,451585643790657,OSS-5957561,PD WIDIASTUTI TBK,PD WIDIAST,JALAN RAJAWALI TIMUR NO. 8,SUKABUMI,ID-48,18827,+62-000-361-2125,CV,TERDAFTAR,AKTIF,1,1,API-P,98196-API,NIPER-87051,2026-02-18,AKTIF
329217856338,759306732484316,OSS-9337026,PD DONGORAN,PD DONGORA,GANG RAJIMAN NO. 41,MAGELANG,ID-38,72610,+62 (237) 260-0424,Perum,DISAHKAN,TIDAK AKTIF,0,0,,,,2026-01-02,AKTIF
804424166072,998955345756834,OSS-8227789,UD NOVITASARI RAMADAN,UD NOVITAS,JL. KEBONJATI NO. 24,AMBON,ID-66,19093,0876147332,CV,DISAHKAN,TIDAK AKTIF,1,0,API-P,20633-API,,2026-02-25,AKTIF
683741533049,923162431562800,OSS-9046190,PD FIRMANSYAH PRASASTA (PERSERO) TBK,PD FIRMANS,GANG WARINGIN NO. 11,PURWOKERTO,ID-14,95477,+62 (69) 277 3312,PT,PROSES,TIDAK AKTIF,1,1,API-U,18476-API,NIPER-22868,2026-02-21,AKTIF
481158449932,324041284882777,OSS-0082197,PERUM PANGESTU HIDAYANTO (PERSERO) TBK,PERUM PANG,JL. KIARACONDONG NO. 604,BANJARBARU,ID-55,71259,+62 (056) 197 8310,Firma,TERDAFTAR,AKTIF,0,1,,,NIPER-76580,2026-02-16,AKTIF
658221128054,613578847569279,OSS-4254918,CV BUDIYANTO,BUDIYANTO,JL. RUMAH SAKIT NO. 758,MAKASSAR,ID-20,58758,+62 (66) 162-2555,Perum,TERDAFTAR,DIBEKUKAN,1,1,API-U,55664-API,NIPER-08606,2026-01-12,AKTIF
977781060426,676171934002923,OSS-4253224,PERUM PRADIPTA TBK,PERUM PRAD,GG. RAJAWALI BARAT NO. 70,LUBUKLINGGAU,ID-42,59308,(0274) 614-2247,PT,DISAHKAN,AKTIF,1,0,API-P,74613-API,,2026-02-22,AKTIF
946125798123,316030899256311,OSS-4021530,UD HAKIM,UD HAKIM,GANG CIUMBULEUIT NO. 78,CIMAHI,ID-76,32345,+62 (0223) 177 8162,CV,TERDAFTAR,TIDAK AKTIF,1,0,API-P,14276-API,,2026-01-24,AKTIF
460499129363,228029798013472,OSS-0967386,PD SITUMORANG HIDAYAT TBK,PD SITUMOR,GG. SUKAJADI NO. 03,PARIAMAN,ID-45,99143,0839750530,Perum,PROSES,TIDAK AKTIF,0,0,,,,2026-01-21,AKTIF
079963896075,916446855066832,OSS-2440315,CV PRADIPTA TBK,PRADIPTA T,GANG PACUAN KUDA NO. 542,BATAM,ID-82,72961,+62-065-491-4001,CV,DISAHKAN,DIBEKUKAN,1,0,API-P,95564-API,,2026-01-06,AKTIF
927320947608,308880649167525,OSS-1321387,CV PADMASARI MULYANI,PADMASARI,GANG CEMPAKA NO. 78,SAWAHLUNTO,ID-93,60898,0833391156,Perum,TERDAFTAR,AKTIF,0,0,,,,2026-01-06,AKTIF
759730529219,757676344281762,OSS-0021510,CV TAMPUBOLON,TAMPUBOLON,GG. K.H. WAHID HASYIM NO. 808,KOTA ADMINISTRASI JAKARTA SELATAN,ID-78,25411,+62 (073) 524-3626,CV,TERDAFTAR,DIBEKUKAN,0,0,,,,2026-01-15,AKTIF
553286901479,442590378093375,OSS-8461713,PD SETIAWAN,PD SETIAWA,GANG HOS. COKROAMINOTO NO. 098,KUPANG,ID-33,34495,+62-002-276-8602,PT,DISAHKAN,DIBEKUKAN,1,1,API-U,75760-API,NIPER-32348,2026-02-15,AKTIF
848471693617,568268141550145,OSS-7004017,CV HARYANTI SITORUS,HARYANTI S,JL. AHMAD DAHLAN NO. 6,KEDIRI,ID-97,88395,+62 (701) 601 6199,PT,TERDAFTAR,AKTIF,1,0,API-U,59425-API,,2026-02-16,AKTIF
110909939224,634000609436325,OSS-2809498,CV LAILASARI PANGESTU,LAILASARI,GG. RAWAMANGUN NO. 27,SUNGAI PENUH,ID-72,67742,(084) 871-4870,Perum,TERDAFTAR,TIDAK AKTIF,0,0,,,,2026-02-02,AKTIF
165789391295,651887114860050,OSS-0924492,PERUM LESTARI TAMPUBOLON TBK,PERUM LEST,JL. IR. H. DJUANDA NO. 3,BITUNG,ID-12,25018,(007) 429 0695,PT,TERDAFTAR,TIDAK AKTIF,1,0,API-U,22233-API,,2026-01-03,AKTIF
450192270043,770474376268957,OSS-1592952,PERUM DAMANIK PRANOWO (PERSERO) TBK,PERUM DAMA,GG. KENDALSARI NO. 4,MAKASSAR,ID-74,24143,+62 (405) 561 7884,Firma,DISAHKAN,TIDAK AKTIF,0,0,,,,2026-02-18,AKTIF
588357369877,273566050845515,OSS-8229264,PD SUWARNO WIBISONO TBK,PD SUWARNO,JALAN RAJIMAN NO. 770,MEULABOH,ID-13,23916,+62-876-049-4989,CV,DISAHKAN,TIDAK AKTIF,0,0,,,,2026-01-21,AKTIF
151873243821,250018931717111,OSS-2085885,PD PRAKASA TBK,PD PRAKASA,JALAN VETERAN NO. 324,MEDAN,ID-19,10433,+62 (074) 343-1287,Perum,TERDAFTAR,TIDAK AKTIF,1,0,API-P,00236-API,,2026-01-17,AKTIF
773582981453,535854369403523,OSS-1966391,CV HASTUTI MARDHIYAH,HASTUTI MA,GANG SUKABUMI NO. 968,BLITAR,ID-69,31570,+62 (880) 537 6556,PT,PROSES,TIDAK AKTIF,1,0,API-P,12833-API,,2026-03-01,AKTIF
504004922267,252904938402653,OSS-2379379,PERUM LAKSMIWATI WAHYUDIN,PERUM LAKS,GG. STASIUN WONOKROMO NO. 806,GORONTALO,ID-77,66195,+62 (61) 325 3183,Perum,PROSES,TIDAK AKTIF,1,0,API-U,78904-API,,2026-02-05,AKTIF
871597366538,586948522427053,OSS-3411842,UD WIBOWO WASITA TBK,UD WIBOWO,JL. RAYA UJUNGBERUNG NO. 358,PURWOKERTO,ID-97,58949,089 821 7212,CV,PROSES,AKTIF,1,1,API-P,45727-API,NIPER-48938,2026-02-17,AKTIF
784061386748,578304559657657,OSS-8680055,CV WIDODO,WIDODO,GANG KH AMIN JASUTA NO. 94,PADANGPANJANG,ID-55,27056,+62 (046) 534-4200,Perum,PROSES,TIDAK AKTIF,0,1,,,NIPER-42186,2026-02-26,AKTIF
231600402728,986832120861498,OSS-4250796,PERUM SUARTINI USADA TBK (DUPLICATE),PERUM SUAR,JL. CIKUTRA BARAT NO. 1,BAU-BAU,ID-87,42460,(0372) 386-1595,PT,DISAHKAN,TIDAK AKTIF,1,1,API-P,28599-API,NIPER-47576,2026-01-26,AKTIF
857840223796,274925389674987,OSS-6368715,CV WASITA LAKSITA (PERSERO) TBK,WASITA LAK,JL. MONGINSIDI NO. 979,PAGARALAM,ID-34,75080,+62-93-904-0654,CV,PROSES,AKTIF,1,0,API-U,63135-API,,2026-02-11,AKTIF
552051459382,565627005587872,OSS-1070525,PD SAMOSIR TBK,PD SAMOSIR,JL. OTTO ISKANDARDINATA NO. 872,PADANG,ID-26,39867,(0734) 447-9848,Firma,DISAHKAN,AKTIF,0,0,,,,2026-01-11,AKTIF
225746544806,344680234070267,OSS-2601880,PERUM LATUPONO SIREGAR,PERUM LATU,GG. ANTAPANI LAMA NO. 82,TIDORE KEPULAUAN,ID-45,49441,+62 (016) 496 4948,Perum,TERDAFTAR,AKTIF,0,1,,,NIPER-97096,2026-01-23,AKTIF
189428408885,638028521200416,OSS-4851559,UD NAMAGA KUSWANDARI (PERSERO) TBK,UD NAMAGA,JL. M.T HARYONO NO. 03,TEGAL,ID-48,88884,+62 (35) 940-2169,Perum,TERDAFTAR,AKTIF,1,0,API-U,80681-API,,2026-02-05,AKTIF
905429094790,313307983627524,OSS-7625340,WINARSIH,WINARSIH,GG. CIUMBULEUIT NO. 495,BATAM,ID-37,81561,+62 (69) 592 9267,Perum,TERDAFTAR,AKTIF,0,0,,,,2026-02-01,AKTIF
120768137407,418252753871181,OSS-3700337,PD WACANA YOLANDA,PD WACANA,GANG KEBONJATI NO. 215,CILEGON,ID-99,96249,(0535) 221 3946,Firma,PROSES,DIBEKUKAN,0,0,,,,2026-01-24,AKTIF
271832785643,801376288854886,OSS-3029296,PD SUWARNO (PERSERO) TBK,PD SUWARNO,GANG SADANG SERANG NO. 5,TANJUNGPINANG,ID-89,89568,(0945) 538-1139,Perum,TERDAFTAR,AKTIF,0,0,,,,2026-02-16,AKTIF
925353330915,416845655720375,OSS-5818279,PERUM MANULLANG (PERSERO) TBK,PERUM MANU,GG. LASWI NO. 210,TANJUNGBALAI,ID-96,42241,+62 (0147) 058-9810,Firma,DISAHKAN,AKTIF,0,1,,,NIPER-86243,2026-03-01,AKTIF
951493998753,723163670460045,OSS-4277719,PERUM HIDAYANTO,PERUM HIDA,JALAN JAKARTA NO. 4,KOTA ADMINISTRASI JAKARTA TIMUR,ID-30,87730,+62 (582) 066 9456,PT,TERDAFTAR,DIBEKUKAN,1,1,API-P,73971-API,NIPER-16120,2026-01-03,AKTIF
360660275945,425337980530816,OSS-9578723,PD SUWARNO,PD SUWARNO,JALAN CIKAPAYANG NO. 5,TANGERANG SELATAN,ID-19,20638,(0078) 159 2181,Perum,PROSES,DIBEKUKAN,0,1,,,NIPER-69775,2026-02-09,AKTIF
970629985216,855180171005679,OSS-3674020,PERUM PUTRA,PERUM PUTR,GANG KIARACONDONG NO. 4,KENDARI,ID-29,37383,(0765) 914 0202,Perum,DISAHKAN,DIBEKUKAN,1,1,API-U,89644-API,NIPER-42418,2026-01-25,AKTIF
269998450837,376989560924740,OSS-1004220,SIRAIT MULYANI,SIRAIT MUL,GG. RUMAH SAKIT NO. 43,SAMARINDA,ID-29,96539,(0642) 234 1743,Firma,PROSES,AKTIF,1,0,API-U,97116-API,,2026-01-29,AKTIF
525467546425,486477595102776,OSS-9928079,PD HIDAYANTO,PD HIDAYAN,JALAN WARINGIN NO. 11,BANJAR,ID-40,80012,(066) 179-2797,Perum,DISAHKAN,AKTIF,0,0,,,,2026-02-16,AKTIF
784248715161,714839705238056,OSS-3626555,CV RAHMAWATI MAYASARI,RAHMAWATI,GG. RUMAH SAKIT NO. 0,SORONG,ID-46,58789,+62 (522) 561-8079,Firma,TERDAFTAR,TIDAK AKTIF,0,1,,,NIPER-72468,2026-02-28,AKTIF
808324898682,634949676189930,OSS-1636786,CV KUSWANDARI TBK,KUSWANDARI,GG. STASIUN WONOKROMO NO. 635,PALANGKARAYA,ID-27,25697,+62 (0662) 828 9493,PT,TERDAFTAR,AKTIF,1,0,API-U,44670-API,,2026-02-21,AKTIF
001968468737,561681437547401,OSS-4052543,PD PRADIPTA UTAMA,PD PRADIPT,GG. LASWI NO. 90,METRO,ID-12,77630,+62-0271-843-8327,Firma,TERDAFTAR,AKTIF,0,0,,,,2026-02-09,AKTIF
030337991618,502976706440930,OSS-5776140,PERUM MANGUNSONG WIJAYA (PERSERO) TBK,PERUM MANG,GANG JAKARTA NO. 6,MALANG,ID-49,40885,+62 (074) 444-1388,CV,TERDAFTAR,TIDAK AKTIF,1,1,API-P,25823-API,NIPER-55263,2026-02-08,AKTIF
320854598715,881193841592504,OSS-0155476,UD SAPTONO,UD SAPTONO,GG. INDRAGIRI NO. 6,YOGYAKARTA,ID-49,29866,082 908 7622,CV,DISAHKAN,DIBEKUKAN,0,0,,,,2026-02-10,AKTIF
928866898010,652854430523614,OSS-1637072,UD MANDALA DABUKKE (PERSERO) TBK,UD MANDALA,JL. SURYAKENCANA NO. 4,PALEMBANG,ID-73,97788,+62 (004) 859 1590,CV,TERDAFTAR,DIBEKUKAN,0,1,,,NIPER-54248,2026-02-18,AKTIF
256133336576,104058715139234,OSS-1868674,UD SIMBOLON PRASTUTI,UD SIMBOLO,GANG MEDOKAN AYU NO. 16,BANJARMASIN,ID-37,71437,+62 (0832) 254 5380,Perum,PROSES,TIDAK AKTIF,1,1,API-P,06946-API,NIPER-66704,2026-02-19,AKTIF
320448456771,541766045689391,OSS-1645767,PD WAHYUDIN KUSMAWATI TBK,PD WAHYUDI,GANG RONGGOWARSITO NO. 08,BLITAR,ID-63,85296,+62 (0552) 175-0499,Firma,PROSES,AKTIF,1,1,API-U,88782-API,NIPER-98872,2026-02-17,AKTIF
847712073558,506274649744107,OSS-7665355,KUSWOYO,KUSWOYO,JALAN LASWI NO. 24,SEMARANG,ID-86,43029,(0553) 994-6494,Perum,PROSES,DIBEKUKAN,1,1,API-U,57277-API,NIPER-60397,2026-02-24,AKTIF
589519216563,608429076556101,OSS-1391953,USAMAH (PERSERO) TBK (DUPLICATE),USAMAH (PE,JALAN IR. H. DJUANDA NO. 63,SALATIGA,ID-83,25226,+62 (09) 876-4735,Firma,PROSES,DIBEKUKAN,0,1,,,NIPER-09703,2026-01-06,AKTIF
763108378684,199370439305251,OSS-5634501,PERUM SINAGA (DUPLICATE),PERUM SINA,JL. PASTEUR NO. 849,PEMATANGSIANTAR,ID-41,00677,+62 (0834) 792 7822,PT,TERDAFTAR,TIDAK AKTIF,0,0,,,,2026-01-18,AKTIF
523001565095,253742201910159,OSS-6526600,CV SIMBOLON ANGGRIAWAN,SIMBOLON A,GANG OTTO ISKANDARDINATA NO. 78,BEKASI,ID-90,74565,+62-881-142-1706,Firma,PROSES,AKTIF,0,0,,,,2026-02-05,AKTIF
148181479221,600900037730871,OSS-1412538,PERUM WULANDARI LAILASARI,PERUM WULA,GANG KUTISARI SELATAN NO. 23,MADIUN,ID-84,82204,+62-436-483-0243,PT,PROSES,AKTIF,0,1,,,NIPER-90930,2026-01-24,AKTIF
570593393093,676078368294036,OSS-8346916,PD PRASETYO WASTUTI,PD PRASETY,JL. JAMIKA NO. 0,PASURUAN,ID-99,45273,+62 (61) 941 1236,CV,TERDAFTAR,DIBEKUKAN,0,1,,,NIPER-34834,2026-01-07,AKTIF
726265961635,023231422354801,OSS-4960914,PD NURDIYANTI TBK,PD NURDIYA,GG. KAPTEN MUSLIHAT NO. 94,TEBINGTINGGI,ID-19,33283,+62 (0841) 093 6184,CV,PROSES,DIBEKUKAN,0,1,,,NIPER-82018,2026-01-22,AKTIF
443038097711,224687058085862,OSS-1449074,PD PRAKASA MANDALA TBK,PD PRAKASA,GANG GARDUJATI NO. 7,PEKALONGAN,ID-13,42245,(076) 231-1878,CV,PROSES,TIDAK AKTIF,0,0,,,,2026-02-06,AKTIF
268494064227,726250961939194,OSS-4782686,PERUM PERMADI MAYASARI TBK,PERUM PERM,JALAN CIKUTRA BARAT NO. 5,TERNATE,ID-26,10294,(091) 788 5087,Perum,PROSES,AKTIF,0,1,,,NIPER-23439,2026-01-12,AKTIF
118046741307,538418520136260,OSS-8463975,PT SIHOTANG SAEFULLAH TBK,SIHOTANG S,GANG PASIR KOJA NO. 1,SORONG,ID-70,51641,+62 (095) 564 0919,PT,DISAHKAN,TIDAK AKTIF,0,0,,,,2026-01-12,AKTIF
152035083686,067844964113589,OSS-2700698,PT RAHIMAH MANGUNSONG,RAHIMAH MA,GG. RAYA SETIABUDHI NO. 762,PRABUMULIH,ID-53,44998,+62 (059) 517-7434,Firma,DISAHKAN,DIBEKUKAN,0,0,,,,2026-02-08,AKTIF
654268368437,714034454595660,OSS-0301196,CV MANDASARI MARYADI,MANDASARI,GANG PASTEUR NO. 2,SUNGAI PENUH,ID-58,36838,+62 (095) 709-3409,Perum,DISAHKAN,TIDAK AKTIF,1,1,API-U,91650-API,NIPER-81136,2026-01-30,AKTIF
251990102633,492277708594268,OSS-2395543,UD NASYIAH (PERSERO) TBK,UD NASYIAH,JL. GEDEBAGE SELATAN NO. 557,SIBOLGA,ID-76,15139,0855323750,CV,DISAHKAN,TIDAK AKTIF,1,0,API-P,83973-API,,2026-03-01,AKTIF
980484263998,266936631649427,OSS-0282202,UD HUTAPEA YUNIAR (PERSERO) TBK,UD HUTAPEA,GG. SUKAJADI NO. 919,BINJAI,ID-29,15073,(0389) 720-3001,PT,DISAHKAN,DIBEKUKAN,0,1,,,NIPER-40404,2026-02-01,AKTIF
063553730964,769469980543492,OSS-3059702,UD KUSUMO (PERSERO) TBK,UD KUSUMO,GANG TEBET BARAT DALAM NO. 643,LUBUKLINGGAU,ID-38,89895,(054) 663 4544,PT,TERDAFTAR,TIDAK AKTIF,1,0,API-P,34414-API,,2026-02-13,AKTIF
809915702918,260297483054330,OSS-3179867,PERUM LAKSITA,PERUM LAKS,GANG RONGGOWARSITO NO. 26,PALOPO,ID-90,25764,+62 (84) 343 4075,PT,TERDAFTAR,DIBEKUKAN,1,1,API-P,78928-API,NIPER-87561,2026-02-21,AKTIF
258566146994,356171295487039,OSS-8515556,CV WINARSIH (PERSERO) TBK,WINARSIH (,GANG S. PARMAN NO. 8,PASURUAN,ID-90,38080,082 383 4088,Firma,DISAHKAN,TIDAK AKTIF,0,1,,,NIPER-76124,2026-02-08,AKTIF
351454626055,385558859918903,OSS-4774499,PERUM SITORUS (PERSERO) TBK,PERUM SITO,JL. MERDEKA NO. 832,DENPASAR,ID-68,61762,+62 (197) 310-2983,PT,TERDAFTAR,DIBEKUKAN,0,1,,,NIPER-31265,2026-01-28,AKTIF
581080153374,356702772871565,OSS-9695794,PD SIREGAR TBK,PD SIREGAR,JALAN SADANG SERANG NO. 36,SALATIGA,ID-57,71485,+62 (0183) 952-5252,Perum,PROSES,TIDAK AKTIF,0,1,,,NIPER-07882,2026-02-10,AKTIF
163703954832,492367908211272,OSS-9394146,PD WASITA GUNAWAN,PD WASITA,GG. KIARACONDONG NO. 0,TERNATE,ID-96,38177,0817031451,Firma,PROSES,TIDAK AKTIF,1,1,API-P,89168-API,NIPER-67967,2026-02-06,AKTIF
774133275262,232785488959345,OSS-2071461,PERUM KURNIAWAN SITORUS TBK,PERUM KURN,GG. WARINGIN NO. 5,KOTA ADMINISTRASI JAKARTA UTARA,ID-57,72319,(085) 332-6789,PT,TERDAFTAR,AKTIF,1,0,API-U,75794-API,,2026-01-09,AKTIF
323361645805,992653053623219,OSS-9034044,UD KUSMAWATI,UD KUSMAWA,JALAN PASIR KOJA NO. 640,TEBINGTINGGI,ID-38,26566,+62-30-750-4880,CV,PROSES,DIBEKUKAN,1,1,API-U,04310-API,NIPER-52687,2026-01-28,AKTIF
334462708956,846668059961382,OSS-9077303,CV WULANDARI NAPITUPULU TBK (DUPLICATE),WULANDARI,GG. JAKARTA NO. 862,TASIKMALAYA,ID-11,39747,+62 (0093) 216-5990,Perum,PROSES,TIDAK AKTIF,0,0,,,,2026-02-03,AKTIF
881753962205,395635545822029,OSS-9054081,PERUM GUNARTO,PERUM GUNA,GANG KH AMIN JASUTA NO. 519,TIDORE KEPULAUAN,ID-61,26170,+62 (61) 909-4645,Perum,PROSES,DIBEKUKAN,0,0,,,,2026-02-07,AKTIF
542440652885,644565219981343,OSS-4115426,UD SURYONO (PERSERO) TBK,UD SURYONO,JALAN CIKAPAYANG NO. 96,JAMBI,ID-80,75436,+62 (42) 102 6890,Perum,DISAHKAN,TIDAK AKTIF,1,0,API-U,32113-API,,2026-01-23,AKTIF
072948831810,070573773398714,OSS-0961984,CV NATSIR DABUKKE,NATSIR DAB,GG. RAJAWALI BARAT NO. 08,KOTA ADMINISTRASI JAKARTA BARAT,ID-33,27763,+62 (015) 136-6513,Perum,PROSES,TIDAK AKTIF,0,0,,,,2026-02-24,AKTIF
841096006616,153176602445697,OSS-9181433,PERUM HARTATI SITOMPUL TBK,PERUM HART,GANG SUNIARAJA NO. 683,DENPASAR,ID-37,05338,0824996966,PT,TERDAFTAR,DIBEKUKAN,1,0,API-U,08187-API,,2026-02-04,AKTIF
547369579363,296028251790180,OSS-7391222,UD WASITA DONGORAN (PERSERO) TBK (DUPLICATE),UD WASITA,JL. KIARACONDONG NO. 649,BITUNG,ID-55,64768,+62 (082) 908 6834,Perum,TERDAFTAR,DIBEKUKAN,0,1,,,NIPER-02431,2026-01-29,AKTIF
299832760186,620029793489466,OSS-0109531,CV MARDHIYAH SIREGAR (PERSERO) TBK,MARDHIYAH,GANG KUTAI NO. 033,DENPASAR,ID-41,08898,+62-28-775-4047,CV,DISAHKAN,DIBEKUKAN,1,1,API-U,06571-API,NIPER-36743,2026-02-03,AKTIF
471141753110,184376073030984,OSS-2745660,UD TAMPUBOLON MELANI (PERSERO) TBK,UD TAMPUBO,GG. SURYAKENCANA NO. 00,MATARAM,ID-18,24992,(092) 420-8068,Perum,DISAHKAN,AKTIF,1,1,API-U,10312-API,NIPER-54239,2026-02-21,AKTIF
491566303633,864865007443525,OSS-0191653,UD HARIYAH DAMANIK TBK,UD HARIYAH,GANG RAJIMAN NO. 1,KOTA ADMINISTRASI JAKARTA SELATAN,ID-10,45244,0864915350,PT,TERDAFTAR,AKTIF,1,0,API-P,90435-API,,2026-01-27,AKTIF
476986069065,997494614695162,OSS-8409926,PD ARDIANTO (PERSERO) TBK,PD ARDIANT,GANG SURYAKENCANA NO. 801,DENPASAR,ID-18,69618,+62-0067-093-5142,Perum,TERDAFTAR,TIDAK AKTIF,0,1,,,NIPER-16039,2026-01-20,AKTIF
771712037133,263410131806707,OSS-4902581,UD RAHIMAH KUSUMO,UD RAHIMAH,GANG MOCH. RAMDAN NO. 099,BALIKPAPAN,ID-29,93282,(0545) 066-8870,Perum,PROSES,TIDAK AKTIF,1,1,API-U,75281-API,NIPER-78715,2026-02-21,AKTIF
466723664068,181367332291922,OSS-5885445,NURAINI (PERSERO) TBK (DUPLICATE),NURAINI (P,JL. ASTANA ANYAR NO. 4,TANJUNGPINANG,ID-48,43298,+62 (0455) 350 1954,Firma,TERDAFTAR,AKTIF,1,1,API-U,63580-API,NIPER-45094,2026-02-22,AKTIF
486378785597,118972481870633,OSS-7874726,CV MARBUN WINARNO (PERSERO) TBK,MARBUN WIN,JALAN SADANG SERANG NO. 9,PADANG,ID-53,07620,+62 (82) 074-9596,PT,DISAHKAN,DIBEKUKAN,1,0,API-P,24132-API,,2026-02-07,AKTIF
019033271766,641634230978119,OSS-4544880,CV WIBISONO HARYANTO (PERSERO) TBK,WIBISONO H,JL. SURAPATI NO. 983,MEDAN,ID-69,49367,(0763) 985 7262,PT,PROSES,AKTIF,0,1,,,NIPER-60561,2026-01-21,AKTIF
183733918486,061504854874390,OSS-0208914,PERUM AGUSTINA,PERUM AGUS,GANG PELAJAR PEJUANG NO. 494,PROBOLINGGO,ID-84,75430,(0141) 747 1574,Perum,TERDAFTAR,AKTIF,0,0,,,,2026-01-21,AKTIF
623935260177,265581326135427,OSS-0182332,PT MARBUN,MARBUN,JL. PELAJAR PEJUANG NO. 6,TEGAL,ID-37,07185,+62-0311-564-8356,Perum,TERDAFTAR,TIDAK AKTIF,1,0,API-P,28753-API,,2026-01-09,AKTIF
280008530046,827762917974386,OSS-9624248,CV ARDIANTO ISWAHYUDI,ARDIANTO I,GANG WARINGIN NO. 10,PAGARALAM,ID-39,58310,+62 (070) 142 3431,Firma,PROSES,DIBEKUKAN,0,0,,,,2026-01-08,AKTIF
377248650736,361407252408241,OSS-6995153,CV PRASETYA TBK,PRASETYA T,GANG GARDUJATI NO. 841,SUNGAI PENUH,ID-68,41184,+62 (87) 738-2487,PT,TERDAFTAR,TIDAK AKTIF,1,0,API-P,75320-API,,2026-01-26,AKTIF
227066728315,908091120167113,OSS-5097424,PD OKTAVIANI PERTIWI TBK,PD OKTAVIA,JL. SILIWANGI NO. 215,PADANGPANJANG,ID-60,08228,+62 (095) 941 2754,PT,PROSES,AKTIF,0,0,,,,2026-02-15,AKTIF
347065280846,557438178421976,OSS-3346446,CV NURDIYANTI (DUPLICATE),NURDIYANTI,GANG RAWAMANGUN NO. 453,BANJAR,ID-43,76304,(027) 904 6980,Perum,TERDAFTAR,DIBEKUKAN,1,1,API-U,44506-API,NIPER-81250,2026-03-01,AKTIF
614763449766,418420350359836,OSS-0256923,PERUM YUNIAR,PERUM YUNI,GANG SETIABUDHI NO. 3,LUBUKLINGGAU,ID-91,33025,+62 (054) 084-4914,Firma,PROSES,DIBEKUKAN,0,1,,,NIPER-53121,2026-01-24,AKTIF
440908287878,849663294866821,OSS-1969912,PERUM RIYANTI TBK,PERUM RIYA,GANG SUKABUMI NO. 84,GORONTALO,ID-63,10535,(050) 998-1478,PT,PROSES,TIDAK AKTIF,0,0,,,,2026-02-08,AKTIF
625119662848,402136669377200,OSS-9709385,MARBUN MAHESWARA,MARBUN MAH,JL. SURAPATI NO. 748,BAU-BAU,ID-37,20031,+62 (09) 463-0099,PT,PROSES,DIBEKUKAN,1,0,API-P,14688-API,,2026-01-07,AKTIF
763108378684,199370439305251,OSS-5634501,PERUM SINAGA,PERUM SINA,JL. PASTEUR NO. 849,PEMATANGSIANTAR,ID-41,00677,+62 (0834) 792 7822,PT,TERDAFTAR,TIDAK AKTIF,0,0,,,,2026-01-18,AKTIF
300882384699,086723310448177,OSS-3655619,CV HIDAYANTO NURAINI,HIDAYANTO,JL. TUBAGUS ISMAIL NO. 186,BITUNG,ID-16,61302,+62-641-693-6835,Perum,PROSES,DIBEKUKAN,0,0,,,,2026-02-23,AKTIF
084690015812,362424947002519,OSS-0672446,PERUM TARIHORAN,PERUM TARI,JALAN PETA NO. 7,KOTAMOBAGU,ID-54,63083,+62 (728) 909 1006,Perum,PROSES,AKTIF,1,0,API-P,34741-API,,2026-01-03,AKTIF
057925173335,813682201529796,OSS-8546211,PD ANGGRIAWAN USADA (PERSERO) TBK,PD ANGGRIA,JL. MONGINSIDI NO. 124,PALU,ID-22,64536,+62 (92) 135 0113,CV,TERDAFTAR,DIBEKUKAN,1,0,API-U,44968-API,,2026-01-30,AKTIF
129969915482,700293313268937,OSS-4602136,TARIHORAN TBK,TARIHORAN,JL. RUNGKUT INDUSTRI NO. 842,BATAM,ID-57,61765,+62 (892) 235 5285,Perum,DISAHKAN,TIDAK AKTIF,1,0,API-P,87063-API,,2026-02-19,AKTIF
979206754939,343969045392528,OSS-7835733,CV PRAYOGA,PRAYOGA,JALAN PELAJAR PEJUANG NO. 33,DENPASAR,ID-93,64122,+62 (0740) 985-3720,Firma,TERDAFTAR,DIBEKUKAN,1,1,API-P,33505-API,NIPER-16023,2026-01-15,AKTIF
934105567242,742078427171375,OSS-6486714,PD SAEFULLAH NASYIDAH,PD SAEFULL,JALAN RAWAMANGUN NO. 90,TANJUNGBALAI,ID-74,02518,0828160253,PT,DISAHKAN,DIBEKUKAN,0,0,,,,2026-01-30,AKTIF
645727444514,370355853797081,OSS-9098263,PERUM NASHIRUDDIN,PERUM NASH,JALAN W.R. SUPRATMAN NO. 14,MEULABOH,ID-24,49082,+62 (047) 191 7765,PT,DISAHKAN,AKTIF,1,0,API-U,18428-API,,2026-01-03,AKTIF
541316587120,501223271320904,OSS-6612963,UTAMA,UTAMA,JALAN WARINGIN NO. 1,BLITAR,ID-84,78214,+62 (674) 750-2615,Firma,TERDAFTAR,DIBEKUKAN,1,0,API-P,86186-API,,2026-01-04,AKTIF
531158707914,813982981086044,OSS-1593850,PERUM HIDAYAT (DUPLICATE),PERUM HIDA,GANG PASTEUR NO. 5,KENDARI,ID-90,15974,+62-0334-341-1825,Firma,PROSES,AKTIF,0,1,,,NIPER-14864,2026-02-21,AKTIF
128558838619,276233799508989,OSS-8235268,UD ZULAIKA (DUPLICATE),UD ZULAIKA,JL. MONGINSIDI NO. 94,PALANGKARAYA,ID-76,85983,+62 (0023) 360-7726,CV,PROSES,AKTIF,0,0,,,,2026-01-06,AKTIF
668455048926,738997563410856,OSS-2884318,PERUM SIREGAR (PERSERO) TBK,PERUM SIRE,GG. MOCH. TOHA NO. 68,TEGAL,ID-36,54851,+62-017-490-7539,Firma,PROSES,AKTIF,1,0,API-P,98935-API,,2026-01-29,AKTIF
719127593955,714211622065910,OSS-0443643,UD SIREGAR RAMADAN (PERSERO) TBK,UD SIREGAR,JALAN PASIR KOJA NO. 200,SORONG,ID-83,27683,+62 (278) 087 8571,Firma,TERDAFTAR,DIBEKUKAN,1,1,API-P,09338-API,NIPER-53000,2026-02-03,AKTIF
975255400238,136285049077650,OSS-3637605,PERUM PRABOWO WINARNO TBK,PERUM PRAB,GANG CIHAMPELAS NO. 27,BLITAR,ID-71,97726,(0227) 824 6583,Firma,DISAHKAN,AKTIF,1,0,API-U,20323-API,,2026-01-12,AKTIF
334462708956,846668059961382,OSS-9077303,CV WULANDARI NAPITUPULU TBK,WULANDARI,GG. JAKARTA NO. 862,TASIKMALAYA,ID-11,39747,+62 (0093) 216-5990,Perum,PROSES,TIDAK AKTIF,0,0,,,,2026-02-03,AKTIF
124529654442,056706246514673,OSS-8856867,UD PUSPASARI,UD PUSPASA,GG. TUBAGUS ISMAIL NO. 2,BANDUNG,ID-18,42351,+62 (06) 274 9578,Perum,PROSES,AKTIF,0,0,,,,2026-02-09,AKTIF
575174671258,351800126236233,OSS-2051253,UD THAMRIN (PERSERO) TBK,UD THAMRIN,JL. SADANG SERANG NO. 807,SORONG,ID-92,36849,+62-0578-536-8223,CV,TERDAFTAR,TIDAK AKTIF,0,0,,,,2026-02-28,AKTIF
062715312345,506882691776829,OSS-3844013,PERUM ARDIANTO TBK,PERUM ARDI,GANG MOCH. TOHA NO. 88,PADANG SIDEMPUAN,ID-25,33591,+62-015-709-0859,Firma,DISAHKAN,AKTIF,0,1,,,NIPER-91449,2026-01-10,AKTIF
226061424586,414582313842873,OSS-3307737,CV SARAGIH TBK,SARAGIH TB,GANG SUKABUMI NO. 02,BALIKPAPAN,ID-65,54121,+62 (42) 835-9461,PT,TERDAFTAR,DIBEKUKAN,0,1,,,NIPER-06014,2026-01-29,AKTIF
590763575691,914119680022403,OSS-7900945,PD PRATAMA TBK,PD PRATAMA,JL. TEBET BARAT DALAM NO. 855,MATARAM,ID-87,98550,+62-850-712-6281,PT,DISAHKAN,DIBEKUKAN,0,0,,,,2026-01-26,AKTIF
999404389836,403761379180552,OSS-6965827,RAHMAWATI,RAHMAWATI,GG. LEMBONG NO. 068,SORONG,ID-16,66188,+62 (41) 418 3285,PT,PROSES,TIDAK AKTIF,1,1,API-P,69146-API,NIPER-30316,2026-01-03,AKTIF
159531263273,589179676216138,OSS-3480236,PD HAKIM,PD HAKIM,JL. STASIUN WONOKROMO NO. 3,MAKASSAR,ID-25,94132,+62 (26) 214-8507,PT,PROSES,AKTIF,1,1,API-U,07135-API,NIPER-81659,2026-01-08,AKTIF
145408290842,640882908332650,OSS-4848736,CV SIRAIT HALIM,SIRAIT HAL,GG. SUNIARAJA NO. 86,PADANGPANJANG,ID-27,57891,+62-266-424-7171,Perum,DISAHKAN,TIDAK AKTIF,0,0,,,,2026-01-18,AKTIF
877778959625,658591466793642,OSS-7823589,PT WIDODO,WIDODO,JALAN RUMAH SAKIT NO. 3,TERNATE,ID-28,03405,+62 (899) 743-0830,Perum,DISAHKAN,TIDAK AKTIF,1,1,API-P,65731-API,NIPER-51391,2026-01-20,AKTIF
831976015480,412925152541659,OSS-1535090,CV LESTARI THAMRIN TBK,LESTARI TH,GG. R.E MARTADINATA NO. 6,PASURUAN,ID-34,49243,+62 (0777) 833 9861,Perum,PROSES,TIDAK AKTIF,0,0,,,,2026-02-24,AKTIF
221399666237,710859706603376,OSS-1239502,PD HARTATI,PD HARTATI,JL. TUBAGUS ISMAIL NO. 89,LUBUKLINGGAU,ID-43,43955,086 590 2310,Firma,DISAHKAN,DIBEKUKAN,0,0,,,,2026-01-10,AKTIF
455414085796,229511084861066,OSS-0026046,PT HANDAYANI,HANDAYANI,JALAN MONGINSIDI NO. 9,TEBINGTINGGI,ID-70,24410,(067) 884-5732,Perum,TERDAFTAR,AKTIF,1,1,API-P,16502-API,NIPER-42389,2026-01-07,AKTIF
335837408433,723201276930870,OSS-8826230,PT HUTAPEA,HUTAPEA,GANG BKR NO. 0,MEDAN,ID-66,42714,(0972) 551 5898,PT,PROSES,AKTIF,0,1,,,NIPER-85472,2026-01-27,AKTIF
584461777326,430954497912799,OSS-7029271,SITOMPUL PRAYOGA,SITOMPUL P,JALAN LEMBONG NO. 52,BLITAR,ID-12,01256,+62-083-200-4879,Firma,DISAHKAN,DIBEKUKAN,1,1,API-U,78889-API,NIPER-75358,2026-01-27,AKTIF
432050009436,596075454223360,OSS-6943472,PERUM WIJAYANTI PRASETYA (PERSERO) TBK,PERUM WIJA,JALAN JOYOBOYO NO. 9,SAMARINDA,ID-12,17088,+62 (481) 882-6490,Perum,DISAHKAN,DIBEKUKAN,1,0,API-U,94125-API,,2026-02-20,AKTIF
347065280846,557438178421976,OSS-3346446,CV NURDIYANTI,NURDIYANTI,GG. SURAPATI NO. 2,BANJAR,ID-43,76304,(027) 904 6980,Perum,TERDAFTAR,DIBEKUKAN,1,1,API-U,44506-API,NIPER-81250,2026-03-01,AKTIF
530748781340,951405018136170,OSS-0048541,CV WIDIASTUTI RAMADAN,WIDIASTUTI,GG. TEBET BARAT DALAM NO. 25,KOTA ADMINISTRASI JAKARTA BARAT,ID-32,25561,+62 (0412) 987 0109,Perum,PROSES,DIBEKUKAN,1,0,API-U,32152-API,,2026-02-26,AKTIF
313435409917,788706619260735,OSS-3093309,UD SIHOMBING,UD SIHOMBI,JL. MONGINSIDI NO. 117,BENGKULU,ID-29,99408,(0527) 625-3422,PT,TERDAFTAR,AKTIF,0,1,,,NIPER-56985,2026-02-12,AKTIF
754422061850,692987386400672,OSS-4663903,PT RAJASA PRAYOGA,RAJASA PRA,JL. R.E MARTADINATA NO. 3,KENDARI,ID-89,11184,+62-65-488-5587,Perum,TERDAFTAR,DIBEKUKAN,1,0,API-P,55245-API,,2026-02-18,AKTIF
639584545052,965370476809856,OSS-8350518,UD SAMOSIR DABUKKE,UD SAMOSIR,GANG SILIWANGI NO. 70,KOTA ADMINISTRASI JAKARTA UTARA,ID-85,95033,(093) 683-4021,PT,PROSES,AKTIF,0,1,,,NIPER-10454,2026-02-25,AKTIF
944796934022,597208057667012,OSS-3116552,RAJATA PRABOWO TBK,RAJATA PRA,GG. CIKUTRA TIMUR NO. 369,MATARAM,ID-23,84358,(006) 102 9277,Perum,PROSES,DIBEKUKAN,1,0,API-U,65486-API,,2026-02-23,AKTIF
177656124815,698570027206345,OSS-9112382,UD HARTATI KUSWANDARI (PERSERO) TBK,UD HARTATI,GG. PETA NO. 165,MOJOKERTO,ID-44,93008,+62-0173-420-6969,Perum,DISAHKAN,AKTIF,1,1,API-U,42152-API,NIPER-91086,2026-02-26,AKTIF
295667188344,416304181867597,OSS-9904747,PD PRASASTA LAKSITA,PD PRASAST,JALAN KENDALSARI NO. 12,BONTANG,ID-35,83506,+62-340-851-8756,Perum,DISAHKAN,TIDAK AKTIF,0,1,,,NIPER-11109,2026-02-14,AKTIF
737538483370,736715436891759,OSS-0965862,UD HASTUTI (DUPLICATE),UD HASTUTI,JL. KUTISARI SELATAN NO. 982,MADIUN,ID-28,59745,+62 (0572) 649-3405,CV,PROSES,DIBEKUKAN,0,0,,,,2026-03-01,AKTIF
821389037634,278277015979445,OSS-5658645,PD IRAWAN (PERSERO) TBK,PD IRAWAN,GG. SURAPATI NO. 7,SIBOLGA,ID-94,73951,+62-72-459-6960,Perum,PROSES,DIBEKUKAN,0,0,,,,2026-01-13,AKTIF
693726174729,598177077791634,OSS-9301732,PD HANDAYANI ASTUTI,PD HANDAYA,GANG SUKAJADI NO. 47,BANJARMASIN,ID-79,49820,+62-614-507-3629,Perum,PROSES,AKTIF,0,0,,,,2026-02-17,AKTIF
441683789265,495279713203133,OSS-1033733,PT RAHMAWATI HUTAGALUNG (PERSERO) TBK,RAHMAWATI,JL. BANGKA RAYA NO. 1,JAMBI,ID-60,98832,+62 (501) 185-2877,Perum,DISAHKAN,TIDAK AKTIF,1,1,API-P,63825-API,NIPER-30776,2026-02-28,AKTIF
886725140961,709987317098166,OSS-8813038,PD SUARTINI (PERSERO) TBK,PD SUARTIN,GG. CIKAPAYANG NO. 645,PADANG SIDEMPUAN,ID-81,25731,+62 (53) 612 7698,Firma,DISAHKAN,TIDAK AKTIF,0,1,,,NIPER-76229,2026-01-15,AKTIF
922983092213,370450386072943,OSS-0628734,MANDALA TBK,MANDALA TB,JALAN JAYAWIJAYA NO. 5,PROBOLINGGO,ID-18,79316,+62-027-863-4876,Firma,PROSES,AKTIF,1,0,API-U,56128-API,,2026-02-20,AKTIF
004032947747,812265204126979,OSS-3934955,UD HUTASOIT FARIDA (PERSERO) TBK,UD HUTASOI,JL. MONGINSIDI NO. 11,TERNATE,ID-80,56786,+62 (0998) 393-5485,Firma,PROSES,AKTIF,0,0,,,,2026-02-18,AKTIF
354557970790,770455300173141,OSS-2725921,PERUM UTAMI PUSPASARI,PERUM UTAM,GANG GEGERKALONG HILIR NO. 05,MAKASSAR,ID-87,51774,0856526424,Perum,TERDAFTAR,AKTIF,1,0,API-P,37428-API,,2026-01-30,AKTIF
621036507058,357649311042145,OSS-7928449,PERUM HARYANTI KUSUMO (DUPLICATE),PERUM HARY,GANG R.E MARTADINATA NO. 1,MEDAN,ID-88,47358,+62-327-448-7710,PT,TERDAFTAR,AKTIF,0,0,,,,2026-02-27,AKTIF
927559467267,975067708666605,OSS-5452418,PD WAHYUDIN,PD WAHYUDI,JL. CEMPAKA NO. 34,KOTA ADMINISTRASI JAKARTA BARAT,ID-12,45324,+62 (87) 196-0528,PT,DISAHKAN,AKTIF,0,0,,,,2026-01-14,AKTIF
767927546658,732258301402027,OSS-1985264,PD SIHOTANG (PERSERO) TBK,PD SIHOTAN,GG. RUMAH SAKIT NO. 474,MAGELANG,ID-31,13835,+62-14-833-9023,Firma,PROSES,AKTIF,1,1,API-P,41088-API,NIPER-73269,2026-01-29,AKTIF
197453145955,080029069547356,OSS-4272943,FIRGANTORO SURYATMI (PERSERO) TBK,FIRGANTORO,GANG CIKUTRA BARAT NO. 8,KOTA ADMINISTRASI JAKARTA SELATAN,ID-34,47023,(007) 417-0602,CV,PROSES,TIDAK AKTIF,1,1,API-P,25255-API,NIPER-31341,2026-02-16,AKTIF
214840548039,589395378323331,OSS-1475574,UD WINARNO,UD WINARNO,GANG H.J MAEMUNAH NO. 554,TANGERANG,ID-87,04734,+62 (52) 540 2993,Perum,TERDAFTAR,TIDAK AKTIF,1,1,API-U,63753-API,NIPER-33871,2026-01-06,AKTIF
916198539604,854335023373739,OSS-5536288,PD DONGORAN MANDALA (PERSERO) TBK,PD DONGORA,GG. CEMPAKA NO. 8,PEMATANGSIANTAR,ID-38,24364,+62-76-292-7909,Firma,DISAHKAN,DIBEKUKAN,1,1,API-P,25354-API,NIPER-40744,2026-02-13,AKTIF
333133027988,596129815445555,OSS-0730191,PT ISWAHYUDI (PERSERO) TBK,ISWAHYUDI,JL. CEMPAKA NO. 47,SIBOLGA,ID-72,86945,+62 (003) 783-2113,PT,TERDAFTAR,AKTIF,1,0,API-P,13126-API,,2026-01-27,AKTIF
131550902307,504916842604089,OSS-9753365,UD PRASASTA MARPAUNG (PERSERO) TBK,UD PRASAST,JL. ERLANGGA NO. 3,JAYAPURA,ID-28,47040,080 639 2823,PT,TERDAFTAR,DIBEKUKAN,1,1,API-U,82664-API,NIPER-62129,2026-01-14,AKTIF
359587418298,566291509267104,OSS-4859422,UD HASTUTI MAHENDRA,UD HASTUTI,JL. BANGKA RAYA NO. 1,PEMATANGSIANTAR,ID-50,43983,(023) 733 1754,Perum,PROSES,DIBEKUKAN,1,1,API-P,89519-API,NIPER-64115,2026-03-02,AKTIF
823944804873,405717985753946,OSS-3431520,UD MELANI HARDIANSYAH,UD MELANI,GG. DIPATIUKUR NO. 28,MOJOKERTO,ID-74,27966,+62 (0100) 128 3449,CV,TERDAFTAR,TIDAK AKTIF,0,0,,,,2026-02-23,AKTIF
103726955784,576368101728560,OSS-6496069,PD UTAMI MANDALA,PD UTAMI M,GANG OTTO ISKANDARDINATA NO. 791,GORONTALO,ID-55,10149,+62 (131) 056-3780,Perum,TERDAFTAR,TIDAK AKTIF,1,0,API-U,15710-API,,2026-01-25,AKTIF
916135550260,322646400489148,OSS-4668598,UD PERMATA,UD PERMATA,JL. MEDOKAN AYU NO. 18,SUNGAI PENUH,ID-48,67198,+62 (0430) 319 4044,CV,PROSES,AKTIF,0,1,,,NIPER-91526,2026-01-18,AKTIF
368139284057,170150668248008,OSS-9506440,PERUM RIYANTI,PERUM RIYA,JALAN KUTISARI SELATAN NO. 201,SAMARINDA,ID-84,62012,+62 (268) 315 4054,Firma,PROSES,DIBEKUKAN,0,1,,,NIPER-88821,2026-02-28,AKTIF
736687555671,092732480424163,OSS-4345774,CV MAYASARI WIJAYANTI (PERSERO) TBK,MAYASARI W,JL. JAKARTA NO. 54,KOTA ADMINISTRASI JAKARTA TIMUR,ID-37,50324,0818203973,CV,PROSES,AKTIF,0,0,,,,2026-03-02,AKTIF
799068060057,525347305463400,OSS-2258433,CV ANDRIANI,ANDRIANI,GG. SILIWANGI NO. 96,BANJARMASIN,ID-67,67607,+62 (021) 839-8514,CV,DISAHKAN,AKTIF,1,1,API-P,28577-API,NIPER-14083,2026-01-20,AKTIF
119129285320,812131539651889,OSS-9904512,PT MAHESWARA (DUPLICATE),MAHESWARA,GG. ERLANGGA NO. 0,MEDAN,ID-57,07905,(0379) 123-1003,PT,TERDAFTAR,AKTIF,1,0,API-P,96361-API,,2026-02-13,AKTIF
856343505393,542698966349898,OSS-3659390,UD HANDAYANI WIBOWO,UD HANDAYA,GANG CIKUTRA TIMUR NO. 40,BLITAR,ID-64,65754,+62 (052) 113 6957,PT,PROSES,DIBEKUKAN,1,0,API-P,92342-API,,2026-02-24,AKTIF
729987260718,709752851329097,OSS-1373884,PERUM NAINGGOLAN TBK,PERUM NAIN,GANG RUNGKUT INDUSTRI NO. 27,SAMARINDA,ID-93,34509,+62 (0832) 616-7645,CV,PROSES,AKTIF,1,1,API-U,68794-API,NIPER-68576,2026-01-15,AKTIF
661420621402,499889342171152,OSS-2312841,CV HARYANTI TBK,HARYANTI T,GANG JAKARTA NO. 5,CIMAHI,ID-23,47595,(0624) 929-8961,Perum,PROSES,DIBEKUKAN,0,1,,,NIPER-87528,2026-03-01,AKTIF
141701941151,141655989174090,OSS-6754279,PD MANDASARI TBK,PD MANDASA,JL. KH AMIN JASUTA NO. 37,CIMAHI,ID-13,27897,+62-808-811-1788,Firma,PROSES,TIDAK AKTIF,1,1,API-U,74292-API,NIPER-22247,2026-02-24,AKTIF
357861605969,768368451206715,OSS-0510118,UD HAKIM (PERSERO) TBK (DUPLICATE),UD HAKIM (,JALAN CIKUTRA BARAT NO. 8,BANDUNG,ID-23,62576,(069) 290 4423,Firma,PROSES,DIBEKUKAN,1,0,API-P,75584-API,,2026-01-24,AKTIF
068387820442,618871253054468,OSS-5304833,CV SURYONO MAHESWARA,SURYONO MA,GG. CIUMBULEUIT NO. 7,KOTA ADMINISTRASI JAKARTA SELATAN,ID-32,20877,(0302) 106 8239,CV,DISAHKAN,AKTIF,0,0,,,,2026-01-07,AKTIF
407859321334,803965223955905,OSS-9929378,CV LESTARI (PERSERO) TBK,LESTARI (P,JL. RUNGKUT INDUSTRI NO. 087,MAGELANG,ID-40,25250,+62-29-218-5156,CV,TERDAFTAR,TIDAK AKTIF,1,0,API-U,91545-API,,2026-01-12,AKTIF
875146002530,095840344991954,OSS-0177495,CV SIHOTANG,SIHOTANG,JALAN RAYA SETIABUDHI NO. 058,DEPOK,ID-74,51264,+62-08-938-7559,Firma,DISAHKAN,DIBEKUKAN,1,0,API-P,86806-API,,2026-01-20,AKTIF
076219127640,806437854263209,OSS-9725221,PERUM MARBUN (PERSERO) TBK,PERUM MARB,GANG K.H. WAHID HASYIM NO. 9,MADIUN,ID-11,62989,+62-02-844-0235,Firma,PROSES,DIBEKUKAN,1,1,API-U,34616-API,NIPER-66532,2026-01-10,AKTIF
834618845243,452436801708387,OSS-9700408,CV NAJMUDIN (PERSERO) TBK,NAJMUDIN (,GANG SETIABUDHI NO. 469,KOTA ADMINISTRASI JAKARTA UTARA,ID-88,07682,+62-145-761-1022,Firma,DISAHKAN,AKTIF,1,0,API-P,51446-API,,2026-01-28,AKTIF
263597194927,775951591320599,OSS-8537215,PERUM HALIM,PERUM HALI,GANG RUNGKUT INDUSTRI NO. 411,KOTA ADMINISTRASI JAKARTA SELATAN,ID-58,19980,0846798091,Firma,DISAHKAN,TIDAK AKTIF,0,1,,,NIPER-62023,2026-02-25,AKTIF
620661268113,767317933495037,OSS-5476859,PT SETIAWAN,SETIAWAN,JALAN GARDUJATI NO. 61,TEBINGTINGGI,ID-34,32687,0862206141,Perum,PROSES,DIBEKUKAN,1,0,API-P,31642-API,,2026-01-28,AKTIF
364424936312,303477866032420,OSS-4482070,SIHOTANG,SIHOTANG,GG. SILIWANGI NO. 1,TEBINGTINGGI,ID-92,31981,089 847 1391,CV,DISAHKAN,AKTIF,0,0,,,,2026-01-05,AKTIF
831541206532,884698993420888,OSS-4205479,CV WAHYUNI TBK,WAHYUNI TB,JALAN WONOAYU NO. 449,BEKASI,ID-45,74247,+62 (057) 719 1465,CV,PROSES,TIDAK AKTIF,0,0,,,,2026-02-24,AKTIF
088890324967,938357668007857,OSS-4745069,SINAGA,SINAGA,GANG IR. H. DJUANDA NO. 8,SAWAHLUNTO,ID-17,05570,+62 (812) 113-7479,Perum,TERDAFTAR,AKTIF,0,1,,,NIPER-41373,2026-02-02,AKTIF
752333944530,274964415099893,OSS-6762633,PT MARPAUNG (DUPLICATE),MARPAUNG,GG. PACUAN KUDA NO. 38,LANGSA,ID-76,35261,+62-0553-993-2692,PT,PROSES,AKTIF,1,0,API-U,74352-API,,2026-01-10,AKTIF
952382324988,705074859227920,OSS-7554240,UD KURNIAWAN (DUPLICATE),UD KURNIAW,GG. KIARACONDONG NO. 018,PALANGKARAYA,ID-76,06554,+62 (0316) 364 7593,Perum,TERDAFTAR,AKTIF,0,0,,,,2026-01-08,AKTIF
428265925117,849570369284591,OSS-6840900,UD MELANI,UD MELANI,GG. KEBONJATI NO. 3,MANADO,ID-53,28854,+62 (0309) 541-4140,CV,PROSES,AKTIF,0,0,,,,2026-02-26,AKTIF
794275370420,373986891481903,OSS-2197782,PERUM SUDIATI UWAIS (PERSERO) TBK,PERUM SUDI,GANG CEMPAKA NO. 52,KOTA ADMINISTRASI JAKARTA PUSAT,ID-59,06883,+62 (025) 680 0112,Firma,TERDAFTAR,DIBEKUKAN,1,1,API-U,95235-API,NIPER-55776,2026-02-23,AKTIF
207182173889,585579637169859,OSS-2597491,PERUM MAHESWARA,PERUM MAHE,JALAN KEBONJATI NO. 887,TASIKMALAYA,ID-68,36928,+62 (0374) 070-6905,Firma,TERDAFTAR,DIBEKUKAN,1,0,API-U,11601-API,,2026-01-28,AKTIF
719884089437,481268179300805,OSS-8899058,PERUM LAZUARDI,PERUM LAZU,JL. LEMBONG NO. 05,PURWOKERTO,ID-58,05635,086 990 2131,Perum,TERDAFTAR,AKTIF,0,0,,,,2026-01-02,AKTIF
861279071061,148614521407197,OSS-5376868,PD MANDALA,PD MANDALA,JALAN SOEKARNO HATTA NO. 05,TUAL,ID-27,73849,+62 (0313) 565-5506,PT,DISAHKAN,DIBEKUKAN,1,1,API-P,67172-API,NIPER-72368,2026-02-13,AKTIF
957611293295,597291703539815,OSS-1689976,PERUM MANDALA SAMOSIR TBK,PERUM MAND,JL. WARINGIN NO. 447,JAMBI,ID-21,68752,086 652 4342,CV,TERDAFTAR,DIBEKUKAN,0,0,,,,2026-02-14,AKTIF
874027390386,464676700402062,OSS-0484418,CV SIRAIT KUSWANDARI (PERSERO) TBK,SIRAIT KUS,JALAN GEGERKALONG HILIR NO. 797,PRABUMULIH,ID-33,34344,+62 (58) 384-7524,PT,TERDAFTAR,DIBEKUKAN,1,1,API-P,33038-API,NIPER-67837,2026-01-19,AKTIF
566548190117,078211764399606,OSS-7524750,PT NATSIR SUSANTI TBK,NATSIR SUS,GANG DR. DJUNJUNAN NO. 228,MANADO,ID-23,28900,+62 (674) 182-9430,Perum,DISAHKAN,AKTIF,0,0,,,,2026-01-26,AKTIF
612620343839,009136034330043,OSS-4481127,CV TAMBA (PERSERO) TBK,TAMBA (PER,JALAN PASIRKOJA NO. 4,SUBULUSSALAM,ID-76,47222,(0713) 472 9481,CV,PROSES,DIBEKUKAN,0,0,,,,2026-02-19,AKTIF
281595431246,740094043781411,OSS-9587360,CV SAPTONO GUNARTO TBK,SAPTONO GU,JL. CIHAMPELAS NO. 72,SALATIGA,ID-55,32791,082 331 6716,PT,DISAHKAN,DIBEKUKAN,1,0,API-U,29968-API,,2026-02-20,AKTIF
789257140250,385762648163849,OSS-3680635,CV BUDIYANTO (PERSERO) TBK,BUDIYANTO,JL. CEMPAKA NO. 9,SERANG,ID-52,19304,085 277 5867,PT,PROSES,TIDAK AKTIF,1,0,API-P,03656-API,,2026-01-07,AKTIF
585960242203,356657870576174,OSS-5612995,PT DABUKKE SAEFULLAH,DABUKKE SA,GG. GARDUJATI NO. 080,MADIUN,ID-45,05945,(066) 840-7367,Firma,TERDAFTAR,TIDAK AKTIF,0,1,,,NIPER-80890,2026-01-24,AKTIF
385271466379,550236078355029,OSS-5571392,PT ARDIANTO KUSWANDARI TBK,ARDIANTO K,GG. PELAJAR PEJUANG NO. 683,MAKASSAR,ID-29,34884,089 837 8861,Firma,TERDAFTAR,AKTIF,0,0,,,,2026-02-27,AKTIF
878996794292,695068281250179,OSS-6672669,CV DABUKKE WASITA,DABUKKE WA,JALAN JAYAWIJAYA NO. 75,BANDUNG,ID-97,66499,+62 (0341) 378-4263,PT,DISAHKAN,DIBEKUKAN,1,0,API-U,32812-API,,2026-02-21,AKTIF
792529858567,287276015343324,OSS-9135779,PERUM PRADANA,PERUM PRAD,JALAN SURAPATI NO. 1,PEKALONGAN,ID-46,48881,+62-079-833-4233,PT,PROSES,AKTIF,0,1,,,NIPER-72094,2026-02-09,AKTIF
335384091759,492668908609104,OSS-9602055,UD HAKIM USADA TBK,UD HAKIM U,GG. RONGGOWARSITO NO. 8,DENPASAR,ID-61,86865,083 798 3242,Firma,DISAHKAN,DIBEKUKAN,0,0,,,,2026-02-22,AKTIF
497391526034,393897348012719,OSS-0882226,PD PUSPITA,PD PUSPITA,GG. RAJAWALI BARAT NO. 056,KOTA ADMINISTRASI JAKARTA PUSAT,ID-67,84837,+62 (075) 564 9834,Perum,TERDAFTAR,DIBEKUKAN,0,1,,,NIPER-69475,2026-01-11,AKTIF
395309690676,756498342142946,OSS-1358727,PD SANTOSO,PD SANTOSO,GG. M.H THAMRIN NO. 1,TOMOHON,ID-31,40343,088 187 3877,Firma,TERDAFTAR,AKTIF,1,1,API-P,58333-API,NIPER-64770,2026-01-12,AKTIF
995989490093,012175025210224,OSS-2014975,PD PRASETYO TBK,PD PRASETY,JL. M.H THAMRIN NO. 9,PEMATANGSIANTAR,ID-82,87038,+62 (0741) 347-3509,Firma,PROSES,DIBEKUKAN,0,0,,,,2026-01-14,AKTIF
942169217767,977175930061778,OSS-9444517,CV HALIM (DUPLICATE),HALIM,GANG MERDEKA NO. 911,SABANG,ID-29,30131,+62-0487-422-7499,Perum,TERDAFTAR,AKTIF,0,0,,,,2026-01-10,AKTIF
878155395896,896327223156476,OSS-7842574,UD NASYIAH PADMASARI (PERSERO) TBK,UD NASYIAH,GG. SURYAKENCANA NO. 88,SALATIGA,ID-83,58011,(021) 878 8817,CV,TERDAFTAR,TIDAK AKTIF,1,0,API-P,51285-API,,2026-02-05,AKTIF
931082627756,999060418696095,OSS-6611828,PT BUDIYANTO LAKSMIWATI,BUDIYANTO,GANG MERDEKA NO. 83,SAWAHLUNTO,ID-32,53363,+62 (049) 289-6918,PT,DISAHKAN,AKTIF,0,0,,,,2026-01-30,AKTIF
351475999883,390760650831144,OSS-8962740,WINARSIH TBK,WINARSIH T,JL. JEND. SUDIRMAN NO. 707,TEGAL,ID-88,57233,+62 (066) 761-5336,PT,TERDAFTAR,TIDAK AKTIF,0,0,,,,2026-03-01,AKTIF
910227928034,940635033584865,OSS-4281307,PD MULYANI (PERSERO) TBK,PD MULYANI,JALAN KENDALSARI NO. 808,TUAL,ID-57,50633,+62-095-734-6978,Perum,DISAHKAN,DIBEKUKAN,0,1,,,NIPER-02811,2026-01-08,AKTIF
268600869267,893554305286125,OSS-2538786,PT MULYANI HANDAYANI TBK,MULYANI HA,JALAN JAKARTA NO. 82,BAU-BAU,ID-69,88959,080 895 0358,Perum,TERDAFTAR,DIBEKUKAN,1,1,API-U,38336-API,NIPER-48750,2026-01-27,AKTIF
892696338761,562403307959882,OSS-3545191,CV MANGUNSONG TAMPUBOLON (PERSERO) TBK,MANGUNSONG,JALAN VETERAN NO. 564,BANJAR,ID-28,73630,+62 (83) 264-3951,Perum,TERDAFTAR,AKTIF,1,1,API-P,27590-API,NIPER-25419,2026-03-01,AKTIF
405313375342,849256934980195,OSS-6558102,YULIARTI SITUMORANG,YULIARTI S,JL. YOS SUDARSO NO. 528,BENGKULU,ID-19,03892,(023) 968-8024,Perum,TERDAFTAR,AKTIF,0,0,,,,2026-02-09,AKTIF
088475089611,635283260546962,OSS-1040542,CV BUDIMAN JAILANI (PERSERO) TBK,BUDIMAN JA,JALAN PHH. MUSTOFA NO. 936,BITUNG,ID-22,33541,+62 (70) 042 8521,Firma,TERDAFTAR,DIBEKUKAN,1,0,API-U,16801-API,,2026-02-18,AKTIF
778045797251,840703398214782,OSS-3372094,PT WIDODO TBK (DUPLICATE),WIDODO TBK,JALAN SUNIARAJA NO. 632,DUMAI,ID-59,11220,+62-084-842-6483,PT,PROSES,AKTIF,0,0,,,,2026-01-07,AKTIF
995341034555,014530730022900,OSS-7737655,SUWARNO TBK,SUWARNO TB,JL. ANTAPANI LAMA NO. 3,SIBOLGA,ID-39,75380,+62 (99) 912-0280,CV,TERDAFTAR,DIBEKUKAN,1,0,API-U,21326-API,,2026-01-15,AKTIF
649850093671,306161523664362,OSS-8948402,UD ANGGRIAWAN PRASASTA,UD ANGGRIA,JL. PASIR KOJA NO. 754,BEKASI,ID-38,57953,+62-0517-086-5445,CV,DISAHKAN,DIBEKUKAN,0,1,,,NIPER-30422,2026-01-11,AKTIF
142547773349,880661898721286,OSS-0801307,PERUM SITOMPUL (PERSERO) TBK,PERUM SITO,GG. WONOAYU NO. 56,BANJARBARU,ID-97,94435,+62-561-447-9897,Perum,DISAHKAN,TIDAK AKTIF,1,0,API-U,10172-API,,2026-02-26,AKTIF
021487132068,808315505925775,OSS-1784725,PD PRATIWI HIDAYANTO,PD PRATIWI,GANG SENTOT ALIBASA NO. 111,MAKASSAR,ID-27,38130,(075) 405 4850,PT,DISAHKAN,AKTIF,1,0,API-P,66316-API,,2026-01-12,AKTIF
762983747684,285931177727327,OSS-7546139,UD SIHOTANG TBK,UD SIHOTAN,JALAN SILIWANGI NO. 240,YOGYAKARTA,ID-29,49970,+62-0119-808-6146,Perum,TERDAFTAR,AKTIF,1,0,API-P,78613-API,,2026-02-02,AKTIF
904987287331,986973898098220,OSS-7502074,PT ZULAIKA,ZULAIKA,GG. SURYAKENCANA NO. 9,SAMARINDA,ID-22,16163,+62-086-589-3821,PT,DISAHKAN,TIDAK AKTIF,1,1,API-P,42154-API,NIPER-71614,2026-01-28,AKTIF
931246728705,087227453385108,OSS-0616165,PERUM BUDIMAN MANULLANG (PERSERO) TBK,PERUM BUDI,GANG CIKAPAYANG NO. 166,PALU,ID-82,22292,+62 (02) 363 6227,Perum,DISAHKAN,TIDAK AKTIF,0,0,,,,2026-02-13,AKTIF
550193531101,584567313700174,OSS-9317560,CV ARDIANTO NASHIRUDDIN (PERSERO) TBK,ARDIANTO N,GG. LEMBONG NO. 970,AMBON,ID-91,49262,+62 (089) 224 0061,Firma,DISAHKAN,DIBEKUKAN,0,0,,,,2026-02-09,AKTIF
474095505915,978004912097493,OSS-5581725,PD ANGGRAINI,PD ANGGRAI,JALAN RAJIMAN NO. 118,MEULABOH,ID-52,08689,+62-340-377-3989,PT,TERDAFTAR,TIDAK AKTIF,0,1,,,NIPER-61055,2026-01-16,AKTIF
804122420352,950322438663013,OSS-6947688,CV WASKITA (PERSERO) TBK,WASKITA (P,JL. KIARACONDONG NO. 0,METRO,ID-11,38097,086 938 7859,Perum,TERDAFTAR,TIDAK AKTIF,0,1,,,NIPER-22896,2026-01-16,AKTIF
733806177998,904381006310595,OSS-0761404,PERUM HASTUTI KUSUMO TBK,PERUM HAST,JALAN MERDEKA NO. 2,BANJARMASIN,ID-57,00911,+62 (0989) 216 8509,PT,PROSES,DIBEKUKAN,1,1,API-U,89479-API,NIPER-39836,2026-01-04,AKTIF
579282551613,688109750319180,OSS-3200046,PERUM WINARSIH PERMATA (PERSERO) TBK,PERUM WINA,GANG JAKARTA NO. 079,PADANG SIDEMPUAN,ID-51,36900,+62-24-711-9755,Firma,TERDAFTAR,TIDAK AKTIF,0,0,,,,2026-02-21,AKTIF
600170826653,912302831165870,OSS-7688749,UD PRASETYA,UD PRASETY,GG. RUNGKUT INDUSTRI NO. 7,MAGELANG,ID-94,09633,(038) 679-6745,Firma,TERDAFTAR,DIBEKUKAN,1,0,API-P,31320-API,,2026-02-22,AKTIF
325638440911,574060972960077,OSS-2354076,PD SAMOSIR PRASTUTI TBK (DUPLICATE),PD SAMOSIR,JALAN S. PARMAN NO. 5,BANJARBARU,ID-37,89107,+62-073-694-3723,PT,TERDAFTAR,DIBEKUKAN,1,1,API-U,42987-API,NIPER-44252,2026-01-01,AKTIF
040430743980,426802619298226,OSS-7492118,PD MARPAUNG HALIM,PD MARPAUN,JL. AHMAD YANI NO. 168,TARAKAN,ID-59,25984,+62 (55) 415 6042,PT,PROSES,AKTIF,1,1,API-U,74170-API,NIPER-57381,2026-02-16,AKTIF
304859437553,736140415149177,OSS-8932177,CV WASKITA (PERSERO) TBK,WASKITA (P,GG. CEMPAKA NO. 885,BANDAR LAMPUNG,ID-96,88865,+62 (0672) 321-3538,PT,DISAHKAN,TIDAK AKTIF,1,0,API-U,33207-API,,2026-01-21,AKTIF
149673750169,537905070759065,OSS-7814320,CV DONGORAN,DONGORAN,JALAN RAJAWALI BARAT NO. 82,SERANG,ID-81,92882,+62 (47) 871 0213,CV,PROSES,AKTIF,0,1,,,NIPER-90241,2026-01-19,AKTIF
590765955900,953984970470340,OSS-5294191,UD NASYIAH (PERSERO) TBK,UD NASYIAH,JL. H.J MAEMUNAH NO. 0,SABANG,ID-61,86366,+62 (13) 130-7169,PT,TERDAFTAR,DIBEKUKAN,1,1,API-P,52156-API,NIPER-05698,2026-02-16,AKTIF
441507958532,662528716944424,OSS-9879635,PERUM SUWARNO WINARNO (PERSERO) TBK,PERUM SUWA,GG. RAYA SETIABUDHI NO. 302,KENDARI,ID-89,37209,+62 (625) 057-5214,PT,PROSES,TIDAK AKTIF,1,1,API-P,97421-API,NIPER-06646,2026-01-13,AKTIF
901044839378,812234920683465,OSS-4916011,CV SIRAIT TBK,SIRAIT TBK,GANG WONOAYU NO. 1,LANGSA,ID-56,37320,+62 (094) 443 4446,PT,DISAHKAN,DIBEKUKAN,1,1,API-P,16923-API,NIPER-46677,2026-02-19,AKTIF
775933565581,164316078027285,OSS-0252272,PD KURNIAWAN SURYATMI (PERSERO) TBK,PD KURNIAW,GG. SETIABUDHI NO. 4,LHOKSEUMAWE,ID-50,14571,+62 (0422) 911 2512,CV,PROSES,DIBEKUKAN,1,0,API-P,53472-API,,2026-02-11,AKTIF
736228525924,908894787299148,OSS-4538522,PD DAMANIK TBK,PD DAMANIK,GG. CIKUTRA TIMUR NO. 69,PEKANBARU,ID-62,78889,+62-994-498-4144,CV,DISAHKAN,TIDAK AKTIF,0,1,,,NIPER-42417,2026-01-16,AKTIF
963604024517,194945283153389,OSS-6010528,CV FARIDA WIDIASTUTI,FARIDA WID,GG. AHMAD YANI NO. 5,MANADO,ID-45,74436,+62-225-032-4677,CV,DISAHKAN,AKTIF,0,0,,,,2026-02-11,AKTIF
601997692842,954956350037348,OSS-5215560,CV MANSUR RAHAYU,MANSUR RAH,GANG VETERAN NO. 1,SURAKARTA,ID-24,70705,+62-048-652-4790,PT,DISAHKAN,DIBEKUKAN,0,0,,,,2026-02-01,AKTIF
140551629772,916169349617464,OSS-8782079,CV HALIM TBK,HALIM TBK,JALAN PASTEUR NO. 6,PRABUMULIH,ID-28,71530,+62-763-174-8167,CV,TERDAFTAR,DIBEKUKAN,1,1,API-U,43121-API,NIPER-82725,2026-02-17,AKTIF
377266214231,181047311395836,OSS-4476395,CV SIHOTANG,SIHOTANG,JL. PETA NO. 78,DUMAI,ID-87,94027,(0126) 166 4742,PT,DISAHKAN,DIBEKUKAN,0,0,,,,2026-02-03,AKTIF
131205930898,930922202417669,OSS-7068382,PD WASITA HASSANAH,PD WASITA,JL. OTTO ISKANDARDINATA NO. 977,MADIUN,ID-63,96259,+62 (901) 213-5530,PT,TERDAFTAR,TIDAK AKTIF,0,0,,,,2026-02-16,AKTIF
853630396274,715531263019798,OSS-6962088,PD LAILASARI GUNARTO TBK,PD LAILASA,GG. PETA NO. 61,TANGERANG SELATAN,ID-41,85221,+62 (0167) 967 6971,Perum,DISAHKAN,DIBEKUKAN,0,1,,,NIPER-84546,2026-01-21,AKTIF
357324696957,530480041467010,OSS-9016093,PT PALASTRI TBK,PALASTRI T,GANG SILIWANGI NO. 439,LHOKSEUMAWE,ID-50,67276,+62-002-209-6539,CV,TERDAFTAR,DIBEKUKAN,0,1,,,NIPER-39724,2026-01-16,AKTIF
616188290256,854597892893390,OSS-3827623,PD HIDAYAT ZULKARNAIN (DUPLICATE),PD HIDAYAT,JL. SUKABUMI NO. 7,TUAL,ID-74,61688,+62 (844) 926-2889,Firma,DISAHKAN,TIDAK AKTIF,1,1,API-U,83343-API,NIPER-09962,2026-01-15,AKTIF
441263262376,345962635352277,OSS-4807666,PERUM WASITA,PERUM WASI,GANG MEDOKAN AYU NO. 2,KOTA ADMINISTRASI JAKARTA TIMUR,ID-73,95176,+62 (0249) 327-3848,Firma,DISAHKAN,DIBEKUKAN,0,1,,,NIPER-87610,2026-02-21,AKTIF
953843071846,609035149033313,OSS-9360572,PD PANGESTU,PD PANGEST,GG. TEBET BARAT DALAM NO. 6,PADANG SIDEMPUAN,ID-68,38658,+62 (63) 016 1803,CV,DISAHKAN,TIDAK AKTIF,0,1,,,NIPER-03879,2026-02-12,AKTIF
661420621402,499889342171152,OSS-2312841,CV HARYANTI TBK,HARYANTI T,GANG AHMAD YANI NO. 532,CIMAHI,ID-23,47595,(0624) 929-8961,Perum,PROSES,DIBEKUKAN,0,1,,,NIPER-87528,2026-03-01,AKTIF
917763342720,388621750801963,OSS-0453069,UD PALASTRI MARDHIYAH (DUPLICATE),UD PALASTR,JALAN RUMAH SAKIT NO. 400,PEKANBARU,ID-93,67784,081 652 4445,CV,DISAHKAN,TIDAK AKTIF,1,1,API-P,44608-API,NIPER-38517,2026-02-11,AKTIF
465112633934,766480762458443,OSS-8508755,PERUM SURYONO,PERUM SURY,GG. ASTANA ANYAR NO. 2,MAGELANG,ID-83,85357,+62-45-028-1449,CV,TERDAFTAR,DIBEKUKAN,0,1,,,NIPER-96052,2026-01-19,AKTIF
347052434529,278632118513393,OSS-9834378,UD PRAYOGA TBK,UD PRAYOGA,GG. PHH. MUSTOFA NO. 3,MAKASSAR,ID-18,19403,087 307 2102,Perum,PROSES,TIDAK AKTIF,0,0,,,,2026-01-07,AKTIF
480356761156,405873422253861,OSS-8173143,PERUM FIRMANSYAH,PERUM FIRM,GG. MONGINSIDI NO. 836,BLITAR,ID-52,89713,(0388) 724-0024,Perum,TERDAFTAR,AKTIF,0,1,,,NIPER-32405,2026-01-04,AKTIF
813062946590,927624869126147,OSS-7121145,PERUM NARPATI (PERSERO) TBK,PERUM NARP,JALAN GEDEBAGE SELATAN NO. 39,PALEMBANG,ID-57,83498,(082) 253-0614,PT,PROSES,AKTIF,0,0,,,,2026-03-01,AKTIF
467082731387,185431433022713,OSS-1721706,UD SIHOTANG,UD SIHOTAN,JL. R.E MARTADINATA NO. 41,TEBINGTINGGI,ID-93,19670,083 676 2647,Perum,TERDAFTAR,TIDAK AKTIF,0,1,,,NIPER-08108,2026-01-16,AKTIF
708288772273,200619110544124,OSS-6291047,PD WIJAYANTI,PD WIJAYAN,GANG PACUAN KUDA NO. 73,PAGARALAM,ID-50,22993,+62 (69) 974-8340,Firma,TERDAFTAR,DIBEKUKAN,1,1,API-U,49517-API,NIPER-48413,2026-02-23,AKTIF
087345929541,916846315341940,OSS-6789090,YUNIAR,YUNIAR,GANG CIKUTRA BARAT NO. 6,KOTAMOBAGU,ID-40,14664,082 899 8910,CV,PROSES,DIBEKUKAN,0,0,,,,2026-02-05,AKTIF
816133599391,948721218591913,OSS-0313992,UD LAKSMIWATI NASYIDAH,UD LAKSMIW,GANG TUBAGUS ISMAIL NO. 7,PANGKALPINANG,ID-91,75759,+62 (62) 751 3373,Perum,TERDAFTAR,AKTIF,1,0,API-U,35990-API,,2026-02-04,AKTIF
426417852080,280181598776762,OSS-8814153,PD MANDASARI UYAINAH,PD MANDASA,GANG KH AMIN JASUTA NO. 91,SAWAHLUNTO,ID-71,27769,+62 (22) 387 0763,Perum,PROSES,TIDAK AKTIF,1,0,API-U,98940-API,,2026-02-10,AKTIF
452365677819,474473366357209,OSS-9449409,PERUM YUNIAR (PERSERO) TBK (DUPLICATE),PERUM YUNI,JALAN SUNIARAJA NO. 1,BATAM,ID-33,76923,+62-34-905-4108,Perum,TERDAFTAR,DIBEKUKAN,1,1,API-U,92832-API,NIPER-63280,2026-01-25,AKTIF
698431253455,146661913981467,OSS-0120443,PERUM KUSWANDARI,PERUM KUSW,GANG JEND. SUDIRMAN NO. 613,KOTA ADMINISTRASI JAKARTA TIMUR,ID-64,58040,+62-008-411-2296,Firma,DISAHKAN,TIDAK AKTIF,0,1,,,NIPER-60174,2026-02-06,AKTIF
345931413962,916618138972319,OSS-6018819,PERUM WASTUTI HANDAYANI,PERUM WAST,JL. CIKUTRA TIMUR NO. 09,BANJAR,ID-12,06066,+62-32-779-0489,Perum,PROSES,DIBEKUKAN,1,1,API-P,98951-API,NIPER-30376,2026-02-23,AKTIF
888245919878,133917232882392,OSS-7541387,UD SIMANJUNTAK,UD SIMANJU,JALAN RUMAH SAKIT NO. 4,MADIUN,ID-55,32413,(090) 702-4991,PT,DISAHKAN,DIBEKUKAN,1,0,API-U,41071-API,,2026-02-01,AKTIF
931929319826,303599401236166,OSS-0333979,UD WULANDARI,UD WULANDA,GG. VETERAN NO. 5,SUNGAI PENUH,ID-99,23415,(0750) 144-1699,Perum,PROSES,AKTIF,0,1,,,NIPER-30771,2026-02-19,AKTIF
049113808181,379724174226548,OSS-8510102,PT PRASETYA,PRASETYA,JALAN CIHAMPELAS NO. 1,CIREBON,ID-12,63275,+62-487-553-5597,PT,TERDAFTAR,DIBEKUKAN,1,0,API-P,87996-API,,2026-01-07,AKTIF
053071226008,228377427054985,OSS-7887282,PD NABABAN,PD NABABAN,JL. CIWASTRA NO. 698,KUPANG,ID-11,66589,+62 (247) 609 6064,Perum,TERDAFTAR,TIDAK AKTIF,1,1,API-U,72452-API,NIPER-57378,2026-01-10,AKTIF
008863467391,900889911416009,OSS-1692327,PD PRASTUTI WULANDARI,PD PRASTUT,GG. ANTAPANI LAMA NO. 5,PROBOLINGGO,ID-44,86746,+62-0000-998-4336,Perum,TERDAFTAR,TIDAK AKTIF,1,1,API-P,11371-API,NIPER-18151,2026-01-30,AKTIF
816853199908,701461870273924,OSS-6783146,CV SITORUS (PERSERO) TBK,SITORUS (P,JL. PASIRKOJA NO. 3,SAMARINDA,ID-74,47732,+62-0724-929-2133,Perum,DISAHKAN,DIBEKUKAN,0,0,,,,2026-02-07,AKTIF
259885291650,747523734001544,OSS-8750164,UD SETIAWAN,UD SETIAWA,JALAN SENTOT ALIBASA NO. 642,BANJARBARU,ID-86,89244,0853855368,Firma,TERDAFTAR,DIBEKUKAN,0,0,,,,2026-02-25,AKTIF
562388788876,569931360622901,OSS-1386047,PD HUTAPEA (PERSERO) TBK,PD HUTAPEA,JL. RUMAH SAKIT NO. 489,TEGAL,ID-99,82944,+62 (091) 479 0534,PT,TERDAFTAR,TIDAK AKTIF,0,1,,,NIPER-72839,2026-01-10,AKTIF
379982048793,701233579377590,OSS-1292992,HIDAYAT PRADIPTA,HIDAYAT PR,JALAN PETA NO. 74,SURABAYA,ID-32,07491,+62 (039) 282 3696,Perum,PROSES,DIBEKUKAN,1,1,API-U,49382-API,NIPER-68313,2026-01-13,AKTIF
204415682072,799994994018989,OSS-2662936,UD HAKIM MAYASARI TBK,UD HAKIM M,JALAN ASTANA ANYAR NO. 295,BANDAR LAMPUNG,ID-10,49355,+62-417-607-9876,PT,TERDAFTAR,DIBEKUKAN,0,1,,,NIPER-79936,2026-01-27,AKTIF
969539853470,897200773083406,OSS-8450271,PERUM TARIHORAN NAJMUDIN,PERUM TARI,GG. PASIR KOJA NO. 582,MALANG,ID-81,87692,+62 (0288) 203 4126,CV,TERDAFTAR,DIBEKUKAN,1,1,API-U,95058-API,NIPER-25363,2026-02-10,AKTIF
490445755722,299771285570072,OSS-3531875,PD PERMADI,PD PERMADI,JALAN R.E MARTADINATA NO. 946,YOGYAKARTA,ID-56,99497,+62 (077) 104 2053,PT,TERDAFTAR,TIDAK AKTIF,0,0,,,,2026-02-19,AKTIF
821003709070,378088669320709,OSS-8348492,PD SIHOMBING NAMAGA TBK,PD SIHOMBI,GG. SENTOT ALIBASA NO. 744,MOJOKERTO,ID-94,72676,+62 (419) 828-1794,Firma,PROSES,AKTIF,0,1,,,NIPER-77950,2026-02-16,AKTIF
644472442035,021931174237040,OSS-0930264,USADA USADA (PERSERO) TBK (DUPLICATE),USADA USAD,GG. JAKARTA NO. 612,BAU-BAU,ID-59,19220,0886987922,PT,DISAHKAN,DIBEKUKAN,1,1,API-P,34890-API,NIPER-71819,2026-02-19,AKTIF
720681646166,461823664575795,OSS-5350332,PD FUJIATI PRASETYO (PERSERO) TBK (DUPLICATE),PD FUJIATI,JL. ABDUL MUIS NO. 3,SINGKAWANG,ID-43,77674,(0584) 739-1232,Perum,DISAHKAN,DIBEKUKAN,1,1,API-P,97977-API,NIPER-22193,2026-01-02,AKTIF
968792807356,738623834288011,OSS-7088689,UD HARIYAH WULANDARI TBK,UD HARIYAH,GG. KEBONJATI NO. 215,PARIAMAN,ID-73,44310,+62 (044) 631-0354,Perum,PROSES,DIBEKUKAN,0,1,,,NIPER-91844,2026-02-21,AKTIF
739222931778,650394750557779,OSS-1743124,UD YUNIAR SIMANJUNTAK,UD YUNIAR,JALAN S. PARMAN NO. 1,TANJUNGBALAI,ID-92,75092,(0209) 480 3695,CV,PROSES,TIDAK AKTIF,0,0,,,,2026-02-24,AKTIF
009438822114,577584745705458,OSS-9714802,CV WAHYUNI MEGANTARA TBK,WAHYUNI ME,JL. JOYOBOYO NO. 6,GORONTALO,ID-20,36148,(0824) 556 9644,Firma,PROSES,AKTIF,1,0,API-U,30985-API,,2026-01-09,AKTIF
304640060698,826486275537793,OSS-8546091,DAMANIK RAJASA,DAMANIK RA,JALAN SILIWANGI NO. 53,BANJAR,ID-62,60993,+62 (47) 079 2625,Firma,PROSES,DIBEKUKAN,0,0,,,,2026-02-25,AKTIF
118567243807,017656360041257,OSS-7711837,PD SETIAWAN MARPAUNG,PD SETIAWA,JL. JEND. SUDIRMAN NO. 18,CIMAHI,ID-89,04275,+62 (30) 837-0816,PT,TERDAFTAR,DIBEKUKAN,1,0,API-P,47090-API,,2026-01-15,AKTIF
497905735805,416318927500692,OSS-1539005,PD LAKSMIWATI,PD LAKSMIW,GG. KENDALSARI NO. 9,DUMAI,ID-52,03937,+62 (813) 012-1709,PT,TERDAFTAR,TIDAK AKTIF,0,1,,,NIPER-94495,2026-02-25,AKTIF
438853696400,917993282337167,OSS-0961108,CV SAEFULLAH (PERSERO) TBK,SAEFULLAH,GANG CEMPAKA NO. 78,TEBINGTINGGI,ID-34,98723,+62 (0021) 494 4437,CV,PROSES,AKTIF,0,0,,,,2026-01-24,AKTIF
217533614853,423216683209079,OSS-6599370,CV UYAINAH NAPITUPULU (PERSERO) TBK,UYAINAH NA,JL. W.R. SUPRATMAN NO. 748,YOGYAKARTA,ID-91,27894,+62 (082) 278 2489,CV,DISAHKAN,DIBEKUKAN,1,1,API-P,71397-API,NIPER-74908,2026-01-27,AKTIF
995848300403,709968818518715,OSS-3467427,PD MARPAUNG NURAINI,PD MARPAUN,GG. AHMAD DAHLAN NO. 097,TUAL,ID-53,18615,+62 (297) 035 2547,CV,PROSES,AKTIF,1,0,API-P,12189-API,,2026-02-21,AKTIF
425251618575,917105080549147,OSS-7447353,CV SALAHUDIN TBK,SALAHUDIN,GG. GEDEBAGE SELATAN NO. 94,DUMAI,ID-99,49305,+62-0788-033-1836,CV,DISAHKAN,AKTIF,1,0,API-P,11338-API,,2026-02-19,AKTIF
013855002957,380101245718158,OSS-0619499,CV WACANA,WACANA,GG. SADANG SERANG NO. 919,SAMARINDA,ID-77,87186,(0170) 804-9293,Firma,DISAHKAN,AKTIF,0,1,,,NIPER-28507,2026-02-25,AKTIF
027376149981,291799989088390,OSS-6767270,CV HUTAGALUNG PADMASARI TBK (DUPLICATE),HUTAGALUNG,JALAN CIHAMPELAS NO. 014,SORONG,ID-80,51499,+62 (28) 921-4155,Firma,TERDAFTAR,DIBEKUKAN,0,1,,,NIPER-84153,2026-01-13,AKTIF
115111866949,770238791341123,OSS-7050587,CV LAILASARI (PERSERO) TBK,LAILASARI,JL. OTTO ISKANDARDINATA NO. 1,PALANGKARAYA,ID-38,71478,+62-50-246-9565,CV,DISAHKAN,AKTIF,1,0,API-U,14021-API,,2026-02-21,AKTIF
409054449625,216538973907666,OSS-7524420,PT SINAGA LAKSMIWATI,SINAGA LAK,GG. SENTOT ALIBASA NO. 1,BLITAR,ID-58,50778,+62-0635-096-8019,CV,TERDAFTAR,TIDAK AKTIF,1,0,API-P,22716-API,,2026-01-04,AKTIF
641216525784,081072096056688,OSS-7825241,CV WAHYUNI (PERSERO) TBK,WAHYUNI (P,JL. R.E MARTADINATA NO. 3,TEGAL,ID-26,36853,(0919) 046-5843,PT,DISAHKAN,AKTIF,0,0,,,,2026-03-02,AKTIF
556821069088,403875359662354,OSS-6795383,PD RIYANTI MUSTOFA TBK,PD RIYANTI,JALAN RAYA UJUNGBERUNG NO. 93,MEULABOH,ID-97,28855,+62 (98) 002 4614,Firma,DISAHKAN,AKTIF,0,0,,,,2026-02-07,AKTIF
218270062686,108447607798989,OSS-6286743,CV SAFITRI YUNIAR,SAFITRI YU,GG. STASIUN WONOKROMO NO. 0,SAMARINDA,ID-29,25255,0803153953,CV,TERDAFTAR,AKTIF,1,0,API-P,13135-API,,2026-02-01,AKTIF
417775823165,864702601680474,OSS-3694680,UD YULIARTI TBK,UD YULIART,GANG CIWASTRA NO. 30,DEPOK,ID-59,37725,+62-929-146-9685,Perum,TERDAFTAR,AKTIF,0,1,,,NIPER-12673,2026-01-14,AKTIF
707163312161,889554523689627,OSS-7120527,PT SALAHUDIN,SALAHUDIN,JL. R.E MARTADINATA NO. 40,SAMARINDA,ID-40,60921,+62 (025) 388-3600,Perum,PROSES,AKTIF,1,1,API-P,86920-API,NIPER-04606,2026-01-23,AKTIF
225592595588,437059788584720,OSS-0509246,CV PRANOWO (PERSERO) TBK,PRANOWO (P,JALAN ASIA AFRIKA NO. 8,TANGERANG SELATAN,ID-54,20039,+62-889-181-3005,Perum,TERDAFTAR,DIBEKUKAN,1,1,API-U,54454-API,NIPER-66968,2026-02-11,AKTIF
801114259369,807297862066672,OSS-0442060,UWAIS YULIANTI,UWAIS YULI,GANG INDRAGIRI NO. 268,PONTIANAK,ID-60,61825,+62-018-122-9839,CV,TERDAFTAR,DIBEKUKAN,0,1,,,NIPER-11162,2026-01-12,AKTIF
048596048761,862239919703207,OSS-8329392,PD NABABAN PERMADI (PERSERO) TBK,PD NABABAN,JL. JEND. SUDIRMAN NO. 40,MOJOKERTO,ID-93,93767,+62-0866-355-0565,Perum,TERDAFTAR,TIDAK AKTIF,0,0,,,,2026-01-25,AKTIF
637472917311,146210518439950,OSS-0365091,PERUM PERMATA (DUPLICATE),PERUM PERM,GG. ANTAPANI LAMA NO. 154,DEPOK,ID-87,97557,+62 (0807) 258 8644,Firma,PROSES,TIDAK AKTIF,0,0,,,,2026-02-03,AKTIF
674675986362,811906422147711,OSS-8830774,PD LAKSITA,PD LAKSITA,GG. INDRAGIRI NO. 7,CIREBON,ID-53,23153,+62 (01) 946 3869,PT,PROSES,TIDAK AKTIF,1,1,API-P,85879-API,NIPER-95443,2026-02-13,AKTIF
292780992839,863910620467863,OSS-0381691,PERUM WIJAYA TBK,PERUM WIJA,GANG KENDALSARI NO. 6,KOTA ADMINISTRASI JAKARTA TIMUR,ID-38,91185,+62 (001) 542 7255,Firma,DISAHKAN,TIDAK AKTIF,1,0,API-P,73018-API,,2026-01-18,AKTIF
388022278692,292300319102654,OSS-2146761,UD KUSWANDARI MAULANA TBK,UD KUSWAND,GG. JEND. SUDIRMAN NO. 40,PEKALONGAN,ID-44,91742,+62-75-256-3638,PT,DISAHKAN,DIBEKUKAN,0,0,,,,2026-01-26,AKTIF
748687648162,940300432384725,OSS-2329140,PERUM PRABOWO PUSPITA (PERSERO) TBK,PERUM PRAB,GANG PELAJAR PEJUANG NO. 136,PEMATANGSIANTAR,ID-11,52989,(0853) 743 0668,CV,TERDAFTAR,DIBEKUKAN,0,1,,,NIPER-51587,2026-01-31,AKTIF
840293764526,587280238656260,OSS-0805980,PERUM PUSPASARI,PERUM PUSP,JL. ABDUL MUIS NO. 537,PROBOLINGGO,ID-81,87220,+62-071-081-6922,CV,TERDAFTAR,AKTIF,1,0,API-P,39766-API,,2026-02-19,AKTIF
708200480675,712369149611287,OSS-9429688,PD WIJAYA PRASTUTI,PD WIJAYA,GG. CIHAMPELAS NO. 5,TASIKMALAYA,ID-36,41961,+62 (607) 832-7488,Perum,DISAHKAN,TIDAK AKTIF,1,1,API-P,35651-API,NIPER-79624,2026-02-05,AKTIF
920275053360,732629866996598,OSS-0854726,CV SUWARNO TAMPUBOLON TBK,SUWARNO TA,JL. K.H. WAHID HASYIM NO. 1,MOJOKERTO,ID-11,66941,+62-75-884-3373,Perum,DISAHKAN,AKTIF,0,0,,,,2026-02-13,AKTIF
216983602359,384716159801128,OSS-1001773,UD DONGORAN,UD DONGORA,GG. GARDUJATI NO. 84,PAGARALAM,ID-46,57307,+62 (441) 164 2250,CV,PROSES,AKTIF,1,1,API-U,03992-API,NIPER-78174,2026-01-06,AKTIF
638276651759,584939950604833,OSS-4194841,PD ARDIANTO,PD ARDIANT,JL. CIUMBULEUIT NO. 06,TUAL,ID-10,06207,+62 (022) 905-3040,PT,DISAHKAN,AKTIF,0,1,,,NIPER-82822,2026-03-01,AKTIF
878847965566,924894693766365,OSS-1857771,PD WALUYO (PERSERO) TBK,PD WALUYO,JL. PACUAN KUDA NO. 05,SURABAYA,ID-26,11604,(099) 132-2492,CV,DISAHKAN,AKTIF,1,1,API-U,37618-API,NIPER-47398,2026-02-14,AKTIF
047941612365,289393357574458,OSS-2574237,CV DABUKKE RAJATA (PERSERO) TBK,DABUKKE RA,GANG LASWI NO. 395,SAMARINDA,ID-24,68787,+62 (039) 503-8543,Perum,PROSES,AKTIF,0,0,,,,2026-01-07,AKTIF
313799818100,962426578963558,OSS-7745263,PERUM NURDIYANTI (PERSERO) TBK,PERUM NURD,JALAN RAYA SETIABUDHI NO. 42,SUBULUSSALAM,ID-11,35117,088 280 5034,Firma,PROSES,AKTIF,0,1,,,NIPER-55388,2026-01-02,AKTIF
929480822766,584445640950040,OSS-4855298,ANGGRAINI,ANGGRAINI,GG. PASTEUR NO. 327,BENGKULU,ID-51,09362,+62 (22) 244-1498,PT,PROSES,TIDAK AKTIF,1,0,API-U,52673-API,,2026-01-16,AKTIF
237391266269,072631068154444,OSS-4523764,PERUM PRADANA KURNIAWAN TBK,PERUM PRAD,GG. DR. DJUNJUNAN NO. 56,KEDIRI,ID-19,44092,+62-013-270-8930,CV,TERDAFTAR,TIDAK AKTIF,0,1,,,NIPER-07142,2026-01-13,AKTIF
130947602682,977446962661717,OSS-9516161,PERUM LAKSMIWATI WIJAYANTI TBK,PERUM LAKS,JL. GEDEBAGE SELATAN NO. 4,TEGAL,ID-62,10837,0855904082,Perum,TERDAFTAR,DIBEKUKAN,0,1,,,NIPER-08981,2026-01-09,AKTIF
284267861784,054851206126873,OSS-7014498,PD JANUAR UTAMA (PERSERO) TBK,PD JANUAR,JL. SETIABUDHI NO. 8,JAMBI,ID-66,97936,086 421 5112,CV,TERDAFTAR,DIBEKUKAN,1,0,API-U,61091-API,,2026-01-06,AKTIF
107711991808,121352478712552,OSS-1376037,UD MAYASARI (PERSERO) TBK,UD MAYASAR,GANG VETERAN NO. 32,KEDIRI,ID-16,66678,+62 (072) 081-1556,CV,PROSES,TIDAK AKTIF,1,1,API-P,26060-API,NIPER-29084,2026-02-10,AKTIF
073970163162,869580890276774,OSS-6606485,UD SANTOSO (PERSERO) TBK,UD SANTOSO,JALAN PASTEUR NO. 9,KUPANG,ID-20,38684,+62 (126) 527 6673,Perum,PROSES,DIBEKUKAN,1,0,API-U,15525-API,,2026-01-11,AKTIF
224531981728,376160520867323,OSS-8217884,PT DONGORAN WIDIASTUTI,DONGORAN W,GG. RAJAWALI BARAT NO. 95,PALU,ID-77,81507,+62 (08) 091 5710,Perum,TERDAFTAR,TIDAK AKTIF,0,0,,,,2026-02-26,AKTIF
268402786812,649066031752342,OSS-7773379,CV PRAYOGA MAHENDRA,PRAYOGA MA,JL. JAYAWIJAYA NO. 45,CIMAHI,ID-93,89272,+62 (007) 231-9959,CV,DISAHKAN,AKTIF,0,1,,,NIPER-49690,2026-01-20,AKTIF
821223552165,058714692182192,OSS-5967908,CV ASTUTI TBK,ASTUTI TBK,JL. BKR NO. 09,SURABAYA,ID-61,94842,+62 (0959) 881-1457,Firma,TERDAFTAR,TIDAK AKTIF,1,1,API-U,88707-API,NIPER-15238,2026-02-06,AKTIF
676134282334,430471427205139,OSS-5414916,PT HUTAPEA,HUTAPEA,JALAN RAYA SETIABUDHI NO. 19,CIREBON,ID-56,26862,+62 (137) 727-6905,PT,PROSES,DIBEKUKAN,1,0,API-U,55908-API,,2026-01-17,AKTIF
162159389676,353673558960707,OSS-2288341,CV SITUMORANG KURNIAWAN,SITUMORANG,JL. PASTEUR NO. 097,CIMAHI,ID-55,49366,+62-0579-671-4803,CV,TERDAFTAR,TIDAK AKTIF,1,0,API-P,00735-API,,2026-01-29,AKTIF
616344148405,331894418541215,OSS-2116558,PD HUTAPEA ZULAIKA,PD HUTAPEA,JL. IR. H. DJUANDA NO. 8,PAREPARE,ID-98,12476,+62 (15) 866 8660,PT,PROSES,TIDAK AKTIF,1,0,API-P,21462-API,,2026-01-15,AKTIF
720337514100,712421015044796,OSS-6570358,CV NUGROHO TBK,NUGROHO TB,GG. BKR NO. 65,BLITAR,ID-70,08764,+62-130-610-7536,Firma,DISAHKAN,DIBEKUKAN,1,0,API-U,35319-API,,2026-01-17,AKTIF
132562928923,710603949258391,OSS-8073209,PD HUTAPEA,PD HUTAPEA,GANG W.R. SUPRATMAN NO. 612,TARAKAN,ID-47,56876,+62-94-742-3065,CV,PROSES,DIBEKUKAN,0,0,,,,2026-01-24,AKTIF
523900359282,733975425253115,OSS-1186689,PD MAYASARI NAINGGOLAN (PERSERO) TBK,PD MAYASAR,GANG SURAPATI NO. 995,SUNGAI PENUH,ID-82,95510,+62 (097) 193 5388,Firma,DISAHKAN,AKTIF,0,0,,,,2026-02-15,AKTIF
531158707914,813982981086044,OSS-1593850,PERUM HIDAYAT,PERUM HIDA,GANG PASTEUR NO. 5,KENDARI,ID-90,15974,+62-0334-341-1825,Firma,PROSES,AKTIF,0,1,,,NIPER-14864,2026-02-21,AKTIF
412404396848,359600018208716,OSS-3881939,PD HUTAPEA PRATIWI,PD HUTAPEA,JL. KENDALSARI NO. 7,BENGKULU,ID-73,50181,(0576) 018 0867,PT,TERDAFTAR,AKTIF,1,1,API-U,52262-API,NIPER-49152,2026-02-26,AKTIF
516730953267,084886865629258,OSS-2282801,CV PRASASTA WAHYUDIN,PRASASTA W,JALAN PACUAN KUDA NO. 9,PRABUMULIH,ID-55,67678,+62-96-458-3744,Perum,PROSES,AKTIF,0,0,,,,2026-02-13,AKTIF
701529506354,167853044567598,OSS-1863243,UD ANGGRIAWAN NASYIAH,UD ANGGRIA,JL. GEGERKALONG HILIR NO. 48,MEULABOH,ID-31,69852,+62-56-605-9993,PT,PROSES,AKTIF,1,0,API-U,21974-API,,2026-01-19,AKTIF
015997364350,701929505086610,OSS-9165049,PERUM WASTUTI NOVITASARI (DUPLICATE),PERUM WAST,JALAN RAJAWALI BARAT NO. 21,BINJAI,ID-42,03626,+62 (336) 564 3694,CV,DISAHKAN,TIDAK AKTIF,0,0,,,,2026-02-20,AKTIF
370031157524,911421095231191,OSS-1761714,CV KUSWOYO ADRIANSYAH (PERSERO) TBK (DUPLICATE),KUSWOYO AD,GANG ASTANA ANYAR NO. 8,BENGKULU,ID-56,75624,+62 (220) 688 1584,CV,DISAHKAN,AKTIF,0,0,,,,2026-01-18,AKTIF
063062447951,330531949796958,OSS-6780555,PD MARYADI TBK,PD MARYADI,JL. MERDEKA NO. 104,SURABAYA,ID-87,78513,085 445 7702,CV,PROSES,AKTIF,0,0,,,,2026-01-12,AKTIF
672868112303,885681193978145,OSS-9009921,PD PERMATA HARDIANSYAH TBK,PD PERMATA,GG. W.R. SUPRATMAN NO. 3,MEDAN,ID-82,58807,+62-53-260-1193,CV,PROSES,AKTIF,1,0,API-U,91038-API,,2026-01-17,AKTIF
474683329887,765427855133423,OSS-8531141,PT WIDODO,WIDODO,JL. JAYAWIJAYA NO. 936,TANGERANG,ID-87,86126,(081) 678-0446,PT,TERDAFTAR,TIDAK AKTIF,1,0,API-U,34071-API,,2026-02-10,AKTIF
933427105090,897171356275424,OSS-3163254,UD NAPITUPULU,UD NAPITUP,JALAN DIPENOGORO NO. 2,PEKALONGAN,ID-86,01502,+62 (0340) 677 9185,CV,TERDAFTAR,AKTIF,0,0,,,,2026-02-11,AKTIF
396660248412,958306609454342,OSS-2217988,CV FIRGANTORO PRABOWO (PERSERO) TBK,FIRGANTORO,JALAN KUTAI NO. 78,TANGERANG SELATAN,ID-18,22651,+62 (986) 526-9941,PT,TERDAFTAR,TIDAK AKTIF,0,1,,,NIPER-58266,2026-01-06,AKTIF
235158501530,173167156058790,OSS-5224413,PERUM SIMBOLON SAMOSIR,PERUM SIMB,JALAN SUKABUMI NO. 53,TANGERANG SELATAN,ID-96,79057,+62 (091) 898-6646,CV,PROSES,AKTIF,1,0,API-U,93656-API,,2026-02-05,AKTIF
287923264870,494787300244714,OSS-6273014,RAHIMAH TARIHORAN TBK,RAHIMAH TA,GANG GEDEBAGE SELATAN NO. 89,KOTA ADMINISTRASI JAKARTA SELATAN,ID-29,90257,+62 (52) 045 6504,Firma,TERDAFTAR,AKTIF,0,0,,,,2026-01-08,AKTIF
594861225443,858109420924142,OSS-4245937,CV FIRMANSYAH WASTUTI,FIRMANSYAH,GANG STASIUN WONOKROMO NO. 715,BANJAR,ID-22,53841,+62-0863-360-0213,Firma,PROSES,DIBEKUKAN,0,0,,,,2026-01-28,AKTIF
362033299392,355884799746293,OSS-3026748,CV WACANA PUSPASARI,WACANA PUS,JALAN SILIWANGI NO. 23,PONTIANAK,ID-61,92266,+62-018-143-4036,PT,PROSES,DIBEKUKAN,0,0,,,,2026-02-18,AKTIF
948388342003,782443266005876,OSS-3956748,PERUM KURNIAWAN,PERUM KURN,GANG MONGINSIDI NO. 29,AMBON,ID-42,34839,+62 (094) 001-4109,Perum,TERDAFTAR,DIBEKUKAN,0,1,,,NIPER-02830,2026-02-14,AKTIF
846910276554,231593208266193,OSS-1459437,CV RAJASA,RAJASA,GG. OTTO ISKANDARDINATA NO. 6,KEDIRI,ID-95,55148,(0759) 147 0251,PT,TERDAFTAR,DIBEKUKAN,1,0,API-P,08547-API,,2026-01-24,AKTIF
548995299787,729343010713966,OSS-0558303,UD HIDAYAT TBK,UD HIDAYAT,JALAN GARDUJATI NO. 5,MOJOKERTO,ID-74,23557,(0027) 278-5760,Firma,TERDAFTAR,TIDAK AKTIF,1,0,API-P,84958-API,,2026-01-07,AKTIF
981742545728,595216635997035,OSS-8780538,CV BUDIMAN SANTOSO TBK,BUDIMAN SA,JALAN PACUAN KUDA NO. 7,BANJARMASIN,ID-79,66117,0807612782,CV,DISAHKAN,DIBEKUKAN,0,0,,,,2026-02-23,AKTIF
375374947232,558180582360956,OSS-7497724,UD PERTIWI (PERSERO) TBK,UD PERTIWI,JL. PACUAN KUDA NO. 4,KOTAMOBAGU,ID-94,44247,+62 (0477) 558 7401,CV,TERDAFTAR,DIBEKUKAN,0,1,,,NIPER-62475,2026-01-10,AKTIF
158925849073,420319777486759,OSS-5141864,CV ADRIANSYAH MARDHIYAH,ADRIANSYAH,GANG MONGINSIDI NO. 19,CILEGON,ID-57,32605,0869427674,CV,PROSES,TIDAK AKTIF,0,0,,,,2026-01-27,AKTIF
053514984228,911912207907834,OSS-7364625,PD RAHAYU PERMADI (PERSERO) TBK,PD RAHAYU,JL. CEMPAKA NO. 02,KOTA ADMINISTRASI JAKARTA UTARA,ID-27,52681,+62-246-974-8684,Perum,TERDAFTAR,TIDAK AKTIF,1,1,API-P,54983-API,NIPER-84970,2026-01-26,AKTIF
633340357395,261847434229238,OSS-1756577,CV SIHOTANG (PERSERO) TBK,SIHOTANG (,GANG RAJAWALI BARAT NO. 873,KOTA ADMINISTRASI JAKARTA PUSAT,ID-68,51995,+62 (0059) 507 3335,Perum,TERDAFTAR,AKTIF,1,0,API-P,62176-API,,2026-01-25,AKTIF
340301095679,756491579554623,OSS-4712476,GUNAWAN,GUNAWAN,JL. BKR NO. 068,BENGKULU,ID-98,64172,(080) 808-1571,CV,DISAHKAN,DIBEKUKAN,0,1,,,NIPER-29015,2026-02-19,AKTIF
064746872343,098050097882081,OSS-2191361,PERUM RIYANTI GUNARTO,PERUM RIYA,GANG PASIRKOJA NO. 534,BLITAR,ID-37,75107,+62 (018) 384-2513,Firma,TERDAFTAR,AKTIF,1,1,API-P,54278-API,,2026-01-07,DICABUT
214857517431,926219731457265,OSS-4258660,PERUM SAPTONO,PERUM SAPT,JL. W.R. SUPRATMAN NO. 810,LANGSA,ID-60,25486,+62 (050) 855-1108,Firma,DISAHKAN,TIDAK AKTIF,1,1,API-P,03061-API,NIPER-54710,2026-02-11,AKTIF
390390920056,260702474857988,OSS-8921327,PERUM LAZUARDI SITOMPUL,PERUM LAZU,JL. JEND. SUDIRMAN NO. 972,KOTA ADMINISTRASI JAKARTA PUSAT,ID-62,14938,+62 (0754) 318-8645,Firma,PROSES,DIBEKUKAN,0,1,,,NIPER-94780,2026-01-01,AKTIF
631297557261,694963788119389,OSS-9906820,CV YUNIAR,YUNIAR,JALAN W.R. SUPRATMAN NO. 53,BINJAI,ID-56,33613,+62 (079) 854 9004,Perum,TERDAFTAR,AKTIF,0,1,,,NIPER-90372,2026-03-01,AKTIF
542951501999,484652428134533,OSS-7262293,SAPUTRA WASTUTI (PERSERO) TBK,SAPUTRA WA,JL. CIHAMPELAS NO. 319,SOLOK,ID-97,56272,+62 (048) 133-4370,Perum,TERDAFTAR,AKTIF,0,0,,,,2026-02-18,AKTIF
027376149981,291799989088390,OSS-6767270,CV HUTAGALUNG PADMASARI TBK,HUTAGALUNG,JALAN CIHAMPELAS NO. 014,SORONG,ID-80,51499,+62 (28) 921-4155,CV,TERDAFTAR,DIBEKUKAN,0,1,,,NIPER-84153,2026-01-13,AKTIF
568542096893,590038929380215,OSS-0316740,PERUM HASSANAH MANULLANG TBK,PERUM HASS,GG. SENTOT ALIBASA NO. 221,TEGAL,ID-39,26902,+62 (0977) 773 1336,Perum,PROSES,AKTIF,1,1,API-P,26661-API,NIPER-47763,2026-02-01,AKTIF
364499514370,434249162631777,OSS-4422212,CV YULIARTI (PERSERO) TBK,YULIARTI (,JL. RAJAWALI TIMUR NO. 3,KEDIRI,ID-98,73175,+62 (002) 958-3850,Firma,DISAHKAN,DIBEKUKAN,0,1,,,NIPER-83327,2026-02-24,AKTIF
120210914916,875749222008441,OSS-6864574,PD KUSMAWATI MARPAUNG (PERSERO) TBK,PD KUSMAWA,GANG MONGINSIDI NO. 28,KUPANG,ID-31,73756,(0984) 750 8824,PT,TERDAFTAR,DIBEKUKAN,1,0,API-P,62165-API,,2026-01-30,AKTIF
146118519592,647435227623710,OSS-0359384,PD FUJIATI,PD FUJIATI,GG. ASTANA ANYAR NO. 3,TEGAL,ID-69,70260,+62 (874) 782-2251,PT,PROSES,TIDAK AKTIF,0,0,,,,2026-02-22,AKTIF
535736968727,475848761129794,OSS-3255884,PT SARAGIH (PERSERO) TBK,SARAGIH (P,JL. PHH. MUSTOFA NO. 83,BAU-BAU,ID-75,60279,+62-516-413-1711,PT,DISAHKAN,AKTIF,1,0,API-U,18551-API,,2026-02-23,AKTIF
270072867711,761893984613202,OSS-5149206,PD SIRAIT SANTOSO (PERSERO) TBK,PD SIRAIT,JL. KENDALSARI NO. 98,KOTAMOBAGU,ID-39,23314,+62 (606) 045 7799,Firma,PROSES,TIDAK AKTIF,0,0,,,,2026-02-02,AKTIF
998201771993,122739687312747,OSS-1260887,PERUM AGUSTINA SAPTONO,PERUM AGUS,GG. KAPTEN MUSLIHAT NO. 74,BANDAR LAMPUNG,ID-23,86392,+62 (0266) 497-1351,Perum,PROSES,DIBEKUKAN,0,1,,,NIPER-14846,2026-02-28,AKTIF
299910880698,640223513401073,OSS-0199896,PT MANGUNSONG,MANGUNSONG,GANG MONGINSIDI NO. 54,BIMA,ID-65,73952,(068) 050-6570,Perum,DISAHKAN,AKTIF,1,0,API-P,71261-API,,2026-01-31,AKTIF
073970163162,958107719676741,OSS-6606485,UD SANTOSO (PERSERO) TBK (DUPLICATE),UD SANTOSO,JALAN PASTEUR NO. 9,KUPANG,ID-20,38684,+62 (126) 527 6673,Perum,PROSES,DIBEKUKAN,1,0,API-U,15525-API,,2026-01-11,AKTIF
538909728321,528506762515381,OSS-4474430,CV SAMOSIR YUNIAR (PERSERO) TBK,SAMOSIR YU,JALAN SETIABUDHI NO. 975,MANADO,ID-47,05265,+62-16-731-8826,Firma,PROSES,TIDAK AKTIF,0,0,,,,2026-01-12,AKTIF
114310753987,747234985349753,OSS-4383816,UD MANSUR NAMAGA TBK,UD MANSUR,GG. JAYAWIJAYA NO. 74,SABANG,ID-61,75289,(0245) 979-8982,Perum,TERDAFTAR,DIBEKUKAN,1,1,API-U,24554-API,NIPER-04210,2026-02-05,AKTIF
818769208283,230898138815881,OSS-4458220,PD PUTRA MANDALA (PERSERO) TBK,PD PUTRA M,GG. CIUMBULEUIT NO. 81,PALU,ID-13,45000,+62-00-152-9113,PT,TERDAFTAR,DIBEKUKAN,1,0,API-P,71785-API,,2026-02-11,AKTIF
337522964842,109222514557953,OSS-7237660,SURYONO (PERSERO) TBK,SURYONO (P,JALAN CIKUTRA BARAT NO. 970,JAYAPURA,ID-54,22982,+62 (009) 352-4392,CV,TERDAFTAR,DIBEKUKAN,1,0,API-P,29501-API,,2026-01-22,AKTIF
336796082896,713605494692085,OSS-6490132,PERUM UWAIS (PERSERO) TBK,PERUM UWAI,JALAN SURYAKENCANA NO. 115,MOJOKERTO,ID-48,75808,+62-038-890-4410,CV,DISAHKAN,AKTIF,1,1,API-U,40431-API,NIPER-56685,2026-01-05,AKTIF
789537928063,968248172971311,OSS-5825084,UD WIDIASTUTI NASHIRUDDIN,UD WIDIAST,JL. DIPENOGORO NO. 8,PRABUMULIH,ID-74,91454,(0054) 332 1259,PT,DISAHKAN,AKTIF,1,0,API-U,54324-API,,2026-02-10,AKTIF
341341880917,189428337526470,OSS-9177790,PD SAFITRI FARIDA TBK,PD SAFITRI,JL. MOCH. RAMDAN NO. 041,BOGOR,ID-69,10824,+62-029-073-8066,Perum,DISAHKAN,AKTIF,0,1,,,NIPER-01032,2026-01-03,AKTIF
527062433653,339029651462139,OSS-3621695,UD YOLANDA TBK (DUPLICATE),UD YOLANDA,JL. KH AMIN JASUTA NO. 482,KOTA ADMINISTRASI JAKARTA PUSAT,ID-22,24005,(0357) 379-5270,PT,PROSES,TIDAK AKTIF,1,1,API-U,79515-API,NIPER-27098,2026-01-05,AKTIF
132501410898,162197189383829,OSS-8274333,PT HASTUTI BUDIMAN (DUPLICATE),HASTUTI BU,JALAN CIHAMPELAS NO. 77,CILEGON,ID-11,69310,+62 (85) 738 6431,Firma,DISAHKAN,TIDAK AKTIF,1,1,API-P,49083-API,NIPER-63178,2026-01-14,AKTIF
983198470320,751142107681548,OSS-0302913,CV BUDIYANTO (PERSERO) TBK,BUDIYANTO,JALAN SADANG SERANG NO. 6,BITUNG,ID-40,45053,(0634) 942-2049,PT,TERDAFTAR,DIBEKUKAN,0,1,,,NIPER-79784,2026-02-08,AKTIF
934903265769,642063477555046,OSS-2752871,PERUM WIJAYANTI,PERUM WIJA,JALAN CIKUTRA TIMUR NO. 6,MEDAN,ID-72,99232,(0699) 251-7188,Firma,PROSES,DIBEKUKAN,0,1,,,NIPER-75172,2026-01-02,AKTIF
128851280803,421716249605485,OSS-0597309,CV KUSWANDARI,KUSWANDARI,GANG MOCH. TOHA NO. 60,MEDAN,ID-61,22022,+62 (0779) 606-2771,Perum,TERDAFTAR,TIDAK AKTIF,1,1,API-P,89765-API,NIPER-80817,2026-01-17,AKTIF
488303550957,485593201031644,OSS-2828310,PD ASTUTI (PERSERO) TBK (DUPLICATE),PD ASTUTI,JL. ASTANA ANYAR NO. 2,TANGERANG SELATAN,ID-86,16565,088 805 4098,Firma,PROSES,TIDAK AKTIF,0,1,,,NIPER-11383,2026-02-11,AKTIF
615760146508,849559070268492,OSS-5503452,PT RAHIMAH (PERSERO) TBK,RAHIMAH (P,JALAN GARDUJATI NO. 1,SALATIGA,ID-67,97749,084 639 7594,PT,TERDAFTAR,DIBEKUKAN,0,1,,,NIPER-88214,2026-01-02,AKTIF
982165061179,396490455002993,OSS-8512788,PERUM KUSWOYO PRASETYO,PERUM KUSW,GG. LASWI NO. 81,KOTAMOBAGU,ID-70,94737,(0262) 696-7642,Perum,PROSES,AKTIF,1,1,API-U,23084-API,NIPER-32247,2026-02-26,AKTIF
151335946756,179512108837416,OSS-2643534,PERMADI LAKSMIWATI (PERSERO) TBK,PERMADI LA,JL. K.H. WAHID HASYIM NO. 63,TANJUNGBALAI,ID-22,14704,+62 (49) 931-7800,PT,DISAHKAN,AKTIF,0,0,,,,2026-01-06,AKTIF
331098749484,660636308560544,OSS-5619488,UD OKTAVIANI MULYANI (PERSERO) TBK (DUPLICATE),UD OKTAVIA,JALAN W.R. SUPRATMAN NO. 7,TANGERANG SELATAN,ID-52,21154,089 604 7589,Perum,DISAHKAN,DIBEKUKAN,1,1,API-P,10930-API,NIPER-50332,2026-02-16,AKTIF
265534078178,387451806903570,OSS-7217714,HARYANTI,HARYANTI,JL. SURAPATI NO. 66,PEKALONGAN,ID-85,96753,+62 (018) 666 4029,CV,TERDAFTAR,DIBEKUKAN,1,0,API-U,20443-API,,2026-01-04,AKTIF
361337605230,458816502544724,OSS-1916503,UD DABUKKE TBK,UD DABUKKE,GG. RONGGOWARSITO NO. 1,TANJUNGPINANG,ID-20,98980,0880678214,Firma,DISAHKAN,DIBEKUKAN,0,1,,,NIPER-17468,2026-01-17,AKTIF
618567635325,028136606841012,OSS-6984233,CV PRAYOGA,PRAYOGA,GG. DIPATIUKUR NO. 1,TARAKAN,ID-89,23219,+62-57-445-8810,PT,PROSES,AKTIF,0,0,,,,2026-01-19,AKTIF
984635858952,922834282675363,OSS-7981263,PERUM WINARSIH NARPATI TBK,PERUM WINA,JL. KAPTEN MUSLIHAT NO. 2,TUAL,ID-86,05151,+62 (305) 225 8305,CV,PROSES,TIDAK AKTIF,0,0,,,,2026-02-20,AKTIF
937478802481,298828493641799,OSS-5745265,PERUM GUNARTO ARYANI,PERUM GUNA,JL. JEND. A. YANI NO. 15,BANDAR LAMPUNG,ID-54,80059,+62-0853-569-6304,Firma,DISAHKAN,DIBEKUKAN,1,0,API-P,67688-API,,2026-02-19,AKTIF
560120792831,717652786222045,OSS-8599319,UD MULYANI,UD MULYANI,GANG JAYAWIJAYA NO. 29,SOLOK,ID-50,91966,0815930616,CV,TERDAFTAR,AKTIF,0,0,,,,2026-01-07,AKTIF
786340582909,704683227359471,OSS-4553401,PERUM PERMATA,PERUM PERM,GANG CEMPAKA NO. 9,PALU,ID-67,70743,+62 (0875) 002 9809,CV,DISAHKAN,AKTIF,1,1,API-U,65590-API,NIPER-42168,2026-01-18,AKTIF
350495364035,270320361362639,OSS-8384248,CV HALIM,HALIM,JL. DIPATIUKUR NO. 62,CILEGON,ID-82,08500,+62-091-976-5794,Perum,PROSES,TIDAK AKTIF,0,1,,,NIPER-10503,2026-02-25,AKTIF
877689617687,296204297581014,OSS-1008259,CV HARDIANSYAH WIBISONO,HARDIANSYA,JL. RONGGOWARSITO NO. 82,BITUNG,ID-91,28800,+62 (0960) 546-9050,Perum,TERDAFTAR,DIBEKUKAN,1,1,API-P,84951-API,NIPER-70420,2026-01-27,AKTIF
598248132818,012955844573526,OSS-4071491,GUNARTO SAPTONO,GUNARTO SA,JALAN YOS SUDARSO NO. 04,PALANGKARAYA,ID-78,54312,+62-038-265-1294,Perum,PROSES,TIDAK AKTIF,0,0,,,,2026-01-21,AKTIF
484132697179,328586427157016,OSS-3943665,PT MAHENDRA,MAHENDRA,GANG CIHAMPELAS NO. 198,KOTAMOBAGU,ID-39,62152,(0381) 855-6954,PT,PROSES,AKTIF,0,0,,,,2026-01-15,AKTIF
568443138883,075897811418060,OSS-6526505,PT ARDIANTO (PERSERO) TBK,ARDIANTO (,GANG MONGINSIDI NO. 7,KUPANG,ID-16,83568,+62 (55) 164 8167,Firma,TERDAFTAR,TIDAK AKTIF,0,1,,,NIPER-77260,2026-02-22,AKTIF
156823428402,246267132025342,OSS-3867077,SARAGIH MANSUR (PERSERO) TBK,SARAGIH MA,GANG WARINGIN NO. 08,PASURUAN,ID-21,10752,+62 (0003) 305-1097,Firma,PROSES,DIBEKUKAN,0,0,,,,2026-01-14,AKTIF
080808207311,417656932394461,OSS-3959829,UD UTAMA SIREGAR (PERSERO) TBK,UD UTAMA S,GANG CIHAMPELAS NO. 1,BUKITTINGGI,ID-56,78258,+62-13-443-3609,Perum,DISAHKAN,TIDAK AKTIF,0,1,,,NIPER-55141,2026-02-09,AKTIF
646662820460,529896392921253,OSS-3117965,UD ZULKARNAIN (PERSERO) TBK,UD ZULKARN,GANG KENDALSARI NO. 373,KOTA ADMINISTRASI JAKARTA UTARA,ID-26,07346,(0682) 859-1565,PT,PROSES,DIBEKUKAN,0,1,,,NIPER-97318,2026-01-28,AKTIF
828607506423,945940609161965,OSS-5578896,PERUM MUSTOFA HASANAH TBK,PERUM MUST,GANG OTTO ISKANDARDINATA NO. 2,PALEMBANG,ID-28,87204,(059) 496 9039,CV,PROSES,DIBEKUKAN,0,1,,,NIPER-64063,2026-02-20,AKTIF
058801901386,300651247853724,OSS-9285111,PT FIRMANSYAH YUNIAR (PERSERO) TBK,FIRMANSYAH,GG. GARDUJATI NO. 209,PALANGKARAYA,ID-12,17618,+62 (14) 599-0498,Perum,PROSES,TIDAK AKTIF,0,1,,,NIPER-39545,2026-01-24,AKTIF
386059291900,796360215339216,OSS-1506420,UD TAMPUBOLON UTAMA (PERSERO) TBK,UD TAMPUBO,JALAN GARDUJATI NO. 0,TANJUNGPINANG,ID-64,69602,+62 (0372) 187 7631,PT,TERDAFTAR,AKTIF,0,0,,,,2026-02-26,AKTIF
784908245609,432013022393540,OSS-3571338,UD LAKSITA (PERSERO) TBK,UD LAKSITA,JL. GARDUJATI NO. 6,SUBULUSSALAM,ID-91,35154,(006) 607 6647,Firma,TERDAFTAR,DIBEKUKAN,1,0,API-P,12434-API,,2026-02-13,AKTIF
026101585263,231078577884620,OSS-5420118,PD MELANI NATSIR TBK,PD MELANI,JALAN RAJAWALI BARAT NO. 188,KOTAMOBAGU,ID-96,74181,082 715 1319,Perum,TERDAFTAR,AKTIF,1,1,API-U,48288-API,NIPER-27634,2026-01-13,AKTIF
023703803054,964154101952924,OSS-9464177,PT FARIDA,FARIDA,JALAN SOEKARNO HATTA NO. 3,SIBOLGA,ID-66,81367,(077) 644-8628,CV,PROSES,TIDAK AKTIF,1,1,API-P,88179-API,NIPER-58523,2026-01-22,AKTIF
729848407018,054508676193206,OSS-4738826,PD ANDRIANI (PERSERO) TBK,PD ANDRIAN,JL. JOYOBOYO NO. 4,SORONG,ID-51,17141,+62 (023) 650 5354,Perum,TERDAFTAR,AKTIF,0,1,,,NIPER-63234,2026-01-11,AKTIF
500095689138,080789295672036,OSS-7887013,UD HARDIANSYAH TBK,UD HARDIAN,JALAN PASTEUR NO. 22,TASIKMALAYA,ID-65,34189,+62 (090) 902-2544,PT,PROSES,AKTIF,1,0,API-U,66866-API,,2026-02-06,AKTIF
942897506904,925897312918922,OSS-0254556,PD HIDAYANTO HUTAPEA,PD HIDAYAN,JL. JOYOBOYO NO. 136,SABANG,ID-55,08368,+62 (65) 736-7597,PT,PROSES,DIBEKUKAN,1,0,API-P,95395-API,,2026-01-07,AKTIF
975992170099,459127630885029,OSS-5738293,PERUM WINARNO HARIYAH,PERUM WINA,JALAN K.H. WAHID HASYIM NO. 60,CIMAHI,ID-37,48797,+62-876-830-8168,Perum,PROSES,DIBEKUKAN,1,0,API-U,52773-API,,2026-01-01,AKTIF
159613842378,499603875098272,OSS-3296252,PERUM SURYATMI TBK,PERUM SURY,JL. CIHAMPELAS NO. 94,PALU,ID-48,13494,+62-351-842-2785,CV,DISAHKAN,AKTIF,0,0,,,,2026-01-10,AKTIF
130233295927,881911551925099,OSS-1715679,HASSANAH (PERSERO) TBK,HASSANAH (,GG. HOS. COKROAMINOTO NO. 73,BANDAR LAMPUNG,ID-59,95503,+62 (0902) 809-9567,Perum,DISAHKAN,TIDAK AKTIF,1,1,API-P,36261-API,NIPER-71931,2026-01-09,AKTIF
509282073941,038916849001165,OSS-1465013,UD HIDAYAT KUSMAWATI (PERSERO) TBK,UD HIDAYAT,JALAN MONGINSIDI NO. 74,SALATIGA,ID-22,24522,+62 (0080) 380-6492,CV,DISAHKAN,TIDAK AKTIF,0,1,,,NIPER-47366,2026-02-12,AKTIF
876283350561,107079341072349,OSS-0869715,CV UWAIS,UWAIS,JL. AHMAD YANI NO. 902,SUKABUMI,ID-95,87809,+62 (80) 414-4287,CV,DISAHKAN,AKTIF,0,1,,,NIPER-84904,2026-01-03,AKTIF
354488950329,419996019106871,OSS-8249083,UD PERMADI USADA,UD PERMADI,GG. RAJAWALI TIMUR NO. 00,SERANG,ID-75,99079,+62 (14) 270-7423,PT,DISAHKAN,DIBEKUKAN,0,0,,,,2026-02-05,AKTIF
223142112534,044440721112596,OSS-6795611,PERUM NAINGGOLAN TAMPUBOLON,PERUM NAIN,JL. INDRAGIRI NO. 633,SEMARANG,ID-37,57789,(0761) 276-5149,Firma,TERDAFTAR,AKTIF,0,1,,,NIPER-24100,2026-02-13,AKTIF
096965738537,512207215980560,OSS-2224703,PT PRAKASA NAINGGOLAN,PRAKASA NA,JL. SUKAJADI NO. 4,SINGKAWANG,ID-84,42938,+62 (550) 793-2008,Perum,TERDAFTAR,AKTIF,0,1,,,NIPER-22449,2026-01-31,AKTIF
999870933913,694126410603267,OSS-5318057,CV IRAWAN FIRGANTORO (PERSERO) TBK,IRAWAN FIR,GANG PHH. MUSTOFA NO. 12,JAYAPURA,ID-23,06400,+62 (0748) 679 4869,PT,DISAHKAN,AKTIF,1,1,API-P,89484-API,NIPER-81703,2026-01-11,AKTIF
206867364389,415235982029016,OSS-6515174,PD MANULLANG PRASASTA TBK,PD MANULLA,GANG MEDOKAN AYU NO. 47,SORONG,ID-72,50335,+62-46-801-5276,PT,TERDAFTAR,AKTIF,0,0,,,,2026-02-10,AKTIF
063353310600,833681520486470,OSS-9386613,PT TAMBA SINAGA,TAMBA SINA,GG. SURYAKENCANA NO. 06,PALU,ID-22,14950,+62 (036) 497 1892,PT,DISAHKAN,AKTIF,0,1,,,NIPER-41956,2026-02-14,AKTIF
267489378112,218503504528535,OSS-8209751,UD MAHESWARA SURYATMI (PERSERO) TBK,UD MAHESWA,GANG ASTANA ANYAR NO. 690,MEULABOH,ID-28,51212,+62 (0787) 657-4178,Firma,PROSES,AKTIF,1,0,API-P,15188-API,,2026-01-02,AKTIF
774348734714,345581223623166,OSS-5876036,PERUM DAMANIK PERMATA TBK,PERUM DAMA,GG. RAJAWALI BARAT NO. 68,PASURUAN,ID-58,46706,+62 (627) 298 0699,Firma,DISAHKAN,DIBEKUKAN,0,0,,,,2026-02-23,AKTIF
327258795792,045222779487598,OSS-9442664,UD MANSUR LATUPONO,UD MANSUR,GANG CIKUTRA TIMUR NO. 948,PONTIANAK,ID-13,94361,+62-063-758-7386,CV,PROSES,DIBEKUKAN,1,1,API-P,38258-API,NIPER-26196,2026-01-26,AKTIF
510207032673,755879894987679,OSS-8889497,HASANAH,HASANAH,JALAN ASIA AFRIKA NO. 795,BONTANG,ID-79,16301,(0324) 200 4335,Perum,DISAHKAN,TIDAK AKTIF,0,0,,,,2026-02-04,AKTIF
520469074390,648477392024440,OSS-7319718,PT HIDAYAT,HIDAYAT,GG. SUNIARAJA NO. 74,TERNATE,ID-84,94261,(066) 471 0793,CV,TERDAFTAR,TIDAK AKTIF,1,1,API-P,52756-API,NIPER-52083,2026-01-06,AKTIF
596654638967,832384093536352,OSS-6727965,UD ARYANI TBK,UD ARYANI,JL. STASIUN WONOKROMO NO. 8,BIMA,ID-60,72748,(071) 562-3347,Firma,TERDAFTAR,AKTIF,1,0,API-U,40961-API,,2026-01-13,AKTIF
270232585298,262111486032835,OSS-1063166,CV MEGANTARA (PERSERO) TBK,MEGANTARA,GANG SILIWANGI NO. 01,TEGAL,ID-68,03732,+62 (032) 483 2664,Perum,TERDAFTAR,DIBEKUKAN,1,1,API-P,08391-API,NIPER-03518,2026-01-20,AKTIF
399180229230,048427024749173,OSS-9918844,UD SINAGA UTAMA,UD SINAGA,GANG AHMAD YANI NO. 9,MEULABOH,ID-26,78121,+62-0538-531-1685,Firma,PROSES,DIBEKUKAN,1,0,API-P,95640-API,,2026-01-29,AKTIF
564113731439,534646725597131,OSS-5330607,UD LAKSMIWATI,UD LAKSMIW,GG. MERDEKA NO. 6,MALANG,ID-83,23525,(071) 349 6755,PT,DISAHKAN,DIBEKUKAN,0,0,,,,2026-02-07,AKTIF
129803102623,705067482522925,OSS-4654763,PD SUARTINI,PD SUARTIN,GANG SETIABUDHI NO. 0,MEULABOH,ID-28,35423,(0246) 676 2267,Firma,PROSES,AKTIF,1,1,API-U,61747-API,NIPER-90455,2026-01-05,AKTIF
939630446155,637027702538152,OSS-8976184,UD WALUYO HUTAPEA (PERSERO) TBK,UD WALUYO,JALAN SADANG SERANG NO. 360,MEULABOH,ID-70,23017,(050) 128-0772,CV,DISAHKAN,DIBEKUKAN,1,1,API-P,12122-API,NIPER-76425,2026-02-08,AKTIF
152478268000,988006651977556,OSS-5931700,CV SIMANJUNTAK PRAKASA,SIMANJUNTA,JL. KAPTEN MUSLIHAT NO. 0,TEGAL,ID-54,99039,+62 (334) 807-8511,PT,TERDAFTAR,TIDAK AKTIF,1,0,API-U,95451-API,,2026-01-28,AKTIF
149091009166,595454300178462,OSS-7420522,PERUM PERTIWI TBK,PERUM PERT,GG. KIARACONDONG NO. 166,PADANG,ID-34,07086,+62 (017) 134 0250,Perum,PROSES,TIDAK AKTIF,0,1,,,NIPER-06422,2026-01-26,AKTIF
500776312042,628573756846962,OSS-5121802,PT SIHOTANG (PERSERO) TBK,SIHOTANG (,GG. MOCH. TOHA NO. 719,SIBOLGA,ID-68,28190,+62 (0660) 287 9023,Perum,TERDAFTAR,TIDAK AKTIF,0,1,,,NIPER-14995,2026-01-01,AKTIF
011747337391,274789569313203,OSS-6252378,HALIM MEGANTARA,HALIM MEGA,JALAN KUTAI NO. 9,SURABAYA,ID-29,69589,+62 (031) 775-0383,Firma,TERDAFTAR,AKTIF,1,0,API-U,26467-API,,2026-01-19,AKTIF
677282043735,646145212318085,OSS-4178710,PT SALAHUDIN PALASTRI TBK,SALAHUDIN,JL. DIPATIUKUR NO. 995,BLITAR,ID-99,13724,+62 (931) 090 4875,Firma,DISAHKAN,TIDAK AKTIF,1,0,API-P,84070-API,,2026-01-30,AKTIF
197972974671,930948658313015,OSS-2493844,MARDHIYAH PERMATA (PERSERO) TBK,MARDHIYAH,JALAN SUKABUMI NO. 3,PARIAMAN,ID-49,96736,+62-0111-712-0483,PT,DISAHKAN,TIDAK AKTIF,0,1,,,NIPER-26178,2026-01-30,AKTIF
074918477219,017509556368976,OSS-0416687,UD RAMADAN PUSPITA TBK,UD RAMADAN,JL. TEBET BARAT DALAM NO. 0,SEMARANG,ID-93,39422,+62-09-298-1323,CV,TERDAFTAR,DIBEKUKAN,1,0,API-U,20066-API,,2026-02-20,AKTIF
449529349765,850141340061826,OSS-6568075,ASTUTI,ASTUTI,GANG PETA NO. 59,SORONG,ID-60,43252,(002) 335-2362,CV,TERDAFTAR,AKTIF,0,1,,,NIPER-30675,2026-02-27,AKTIF
764349465265,053477411602859,OSS-5388755,UD PRATIWI NASHIRUDDIN (PERSERO) TBK,UD PRATIWI,GG. RAYA UJUNGBERUNG NO. 823,BENGKULU,ID-92,43032,(0744) 433-2945,Perum,DISAHKAN,AKTIF,0,0,,,,2026-01-17,AKTIF
094890635388,677153508521292,OSS-4040635,PD SAPUTRA PRASASTA,PD SAPUTRA,JALAN CIKAPAYANG NO. 920,MEDAN,ID-59,34675,+62 (036) 186 2171,Perum,DISAHKAN,DIBEKUKAN,0,0,,,,2026-02-19,AKTIF
739268754095,896617923353760,OSS-9062753,CV YULIARTI,YULIARTI,JALAN RAJAWALI BARAT NO. 322,BANJAR,ID-46,77966,(067) 959 7502,Perum,DISAHKAN,DIBEKUKAN,1,1,API-U,54915-API,NIPER-77236,2026-02-25,AKTIF
318140626153,881222685974345,OSS-3750173,PERUM PURWANTI WASTUTI,PERUM PURW,GG. IR. H. DJUANDA NO. 731,SEMARANG,ID-51,82759,+62 (0091) 262-0656,PT,TERDAFTAR,DIBEKUKAN,0,1,,,NIPER-33496,2026-01-13,AKTIF
170868933053,700924757817434,OSS-4384003,PD NASHIRUDDIN (PERSERO) TBK,PD NASHIRU,GG. PETA NO. 79,BANJAR,ID-47,68554,+62-47-090-5703,Perum,TERDAFTAR,TIDAK AKTIF,0,1,,,NIPER-70077,2026-01-23,AKTIF
032200748597,243871295145205,OSS-8028606,UD PUSPASARI,UD PUSPASA,JL. PASIRKOJA NO. 654,KOTA ADMINISTRASI JAKARTA SELATAN,ID-49,69509,+62-41-898-5664,Perum,DISAHKAN,AKTIF,0,1,,,NIPER-30165,2026-01-06,AKTIF
460876092734,260969964891497,OSS-5524808,UD WAHYUDIN (DUPLICATE),UD WAHYUDI,JL. JEND. SUDIRMAN NO. 8,MADIUN,ID-60,59304,+62-269-568-3481,Perum,PROSES,DIBEKUKAN,0,1,,,NIPER-69099,2026-01-18,AKTIF
855359520561,006799006968018,OSS-6774037,CV PRATAMA (PERSERO) TBK,PRATAMA (P,GANG MERDEKA NO. 067,METRO,ID-93,55032,+62 (017) 365-4262,Firma,PROSES,AKTIF,0,1,,,NIPER-41784,2026-01-04,AKTIF
599597818198,249107299531561,OSS-2917680,PD HARYANTO,PD HARYANT,JL. MOCH. TOHA NO. 71,PEKALONGAN,ID-73,67462,+62-0466-221-5239,Perum,DISAHKAN,TIDAK AKTIF,1,0,API-U,36366-API,,2026-02-22,AKTIF
792809078899,904227164075160,OSS-0517929,PD WIJAYA NASYIAH TBK (DUPLICATE),PD WIJAYA,JL. R.E MARTADINATA NO. 4,LUBUKLINGGAU,ID-10,05786,+62 (0197) 011 8341,CV,PROSES,AKTIF,0,0,,,,2026-01-30,AKTIF
745182927269,673129039705405,OSS-1245134,PD LAZUARDI KUSUMO,PD LAZUARD,GANG SUKAJADI NO. 2,BANJARMASIN,ID-58,38533,+62 (88) 163 5081,PT,PROSES,DIBEKUKAN,1,1,API-P,28269-API,NIPER-50484,2026-02-19,AKTIF
036199932603,861574236837803,OSS-7171865,PD SURYONO,PD SURYONO,JL. CIHAMPELAS NO. 65,MADIUN,ID-85,56636,+62-638-139-2223,Perum,TERDAFTAR,AKTIF,1,0,API-P,04210-API,,2026-02-10,AKTIF
939387166986,286055107001715,OSS-2768892,PD OKTAVIANI FIRMANSYAH (PERSERO) TBK,PD OKTAVIA,JL. WARINGIN NO. 1,BANDAR LAMPUNG,ID-74,57920,+62-0924-815-5578,Perum,PROSES,DIBEKUKAN,0,1,,,NIPER-29221,2026-02-07,AKTIF
729926337009,511391222761584,OSS-2511874,CV PERMADI LAZUARDI,PERMADI LA,JL. LEMBONG NO. 975,BANDAR LAMPUNG,ID-15,40971,0814854362,CV,PROSES,TIDAK AKTIF,1,0,API-U,74818-API,,2026-01-21,AKTIF
051211272589,698066877357453,OSS-1542561,UD WIDIASTUTI PRAKASA,UD WIDIAST,JL. OTTO ISKANDARDINATA NO. 63,TANGERANG SELATAN,ID-46,31408,+62-40-884-4542,PT,PROSES,TIDAK AKTIF,1,1,API-U,03919-API,NIPER-08976,2026-02-26,AKTIF
290356935262,715232703657819,OSS-3288191,PERUM HALIM (PERSERO) TBK,PERUM HALI,GANG RONGGOWARSITO NO. 406,KOTAMOBAGU,ID-12,69707,+62 (918) 603-5797,CV,PROSES,AKTIF,0,0,,,,2026-01-30,AKTIF
255778720665,361615809833501,OSS-5874105,LESTARI YULIANTI (PERSERO) TBK,LESTARI YU,GANG LASWI NO. 887,LUBUKLINGGAU,ID-14,84826,085 153 0379,PT,DISAHKAN,TIDAK AKTIF,1,0,API-P,44345-API,,2026-01-28,AKTIF
800077473355,915799654594098,OSS-1561880,PD HAKIM,PD HAKIM,GG. CIKUTRA BARAT NO. 232,PARIAMAN,ID-68,38095,+62 (0584) 506-3120,CV,PROSES,DIBEKUKAN,0,0,,,,2026-02-12,AKTIF
379953420566,807352675652980,OSS-5303610,UD UTAMI,UD UTAMI,GG. DR. DJUNJUNAN NO. 019,AMBON,ID-36,98726,+62 (0627) 167 5205,Perum,PROSES,TIDAK AKTIF,1,1,API-U,93541-API,NIPER-57239,2026-02-28,AKTIF
211492242998,119441284720620,OSS-4251744,PD PERMADI TBK,PD PERMADI,GANG RUMAH SAKIT NO. 678,MAKASSAR,ID-95,83342,+62 (53) 204-1788,Firma,PROSES,TIDAK AKTIF,1,0,API-U,10524-API,,2026-02-20,AKTIF
988437721183,185175309720486,OSS-8182041,PERUM MANDALA SITOMPUL,PERUM MAND,JALAN JEND. SUDIRMAN NO. 445,SORONG,ID-18,31468,(0041) 151-6695,PT,TERDAFTAR,DIBEKUKAN,1,1,API-U,53921-API,NIPER-81124,2026-01-12,AKTIF
482923792599,686506601165586,OSS-5115035,UD PUSPASARI (PERSERO) TBK,UD PUSPASA,GG. SURAPATI NO. 0,PAGARALAM,ID-49,72136,+62-08-438-0063,PT,PROSES,DIBEKUKAN,0,1,,,NIPER-99378,2026-01-07,AKTIF
176669578994,342053485373388,OSS-3625600,CV WACANA (PERSERO) TBK,WACANA (PE,JL. CIWASTRA NO. 91,SERANG,ID-30,48303,+62 (095) 138 1155,Perum,PROSES,TIDAK AKTIF,1,0,API-P,26278-API,,2026-01-01,AKTIF
168013807670,167100709543828,OSS-5941227,PERUM TAMPUBOLON,PERUM TAMP,JALAN PASIR KOJA NO. 55,KOTAMOBAGU,ID-66,41515,(0943) 893-8646,Perum,PROSES,TIDAK AKTIF,0,1,,,NIPER-52487,2026-01-26,AKTIF
784504966393,363436887643396,OSS-8556954,UD PRASETYA UYAINAH,UD PRASETY,JALAN TUBAGUS ISMAIL NO. 596,BINJAI,ID-33,13139,(059) 684-9053,PT,DISAHKAN,TIDAK AKTIF,1,1,API-U,01852-API,NIPER-91536,2026-01-30,AKTIF
114339314343,983885342630157,OSS-7940905,PERUM BUDIYANTO PRASETYA TBK,PERUM BUDI,JL. WARINGIN NO. 83,BENGKULU,ID-83,36111,+62-697-938-0619,Firma,PROSES,DIBEKUKAN,0,1,,,NIPER-01552,2026-02-22,AKTIF
255491615585,827218101756099,OSS-2525010,UD HIDAYAT,UD HIDAYAT,GG. HOS. COKROAMINOTO NO. 7,BANDAR LAMPUNG,ID-66,74506,+62 (0542) 594 6549,Firma,DISAHKAN,DIBEKUKAN,1,0,API-U,86638-API,,2026-02-20,AKTIF
200289254421,331496830643506,OSS-1062539,PD GUNARTO SURYONO (PERSERO) TBK,PD GUNARTO,GG. M.H THAMRIN NO. 4,SABANG,ID-99,95497,(063) 617-7664,Perum,DISAHKAN,AKTIF,0,0,,,,2026-02-28,AKTIF
499217791298,522597454993645,OSS-7767874,UD PRADANA,UD PRADANA,GANG PACUAN KUDA NO. 9,PEMATANGSIANTAR,ID-46,66711,+62 (054) 947 0281,Firma,TERDAFTAR,DIBEKUKAN,0,0,,,,2026-03-01,AKTIF
562389505216,792771280241589,OSS-0191157,CV WALUYO,WALUYO,JALAN CIWASTRA NO. 68,KUPANG,ID-36,53987,(0487) 355 9628,PT,TERDAFTAR,AKTIF,0,0,,,,2026-01-15,AKTIF
562253190378,321892907201801,OSS-2303293,PERUM SAFITRI,PERUM SAFI,GANG H.J MAEMUNAH NO. 00,PALU,ID-96,81689,+62-0024-141-9170,PT,DISAHKAN,DIBEKUKAN,0,1,,,NIPER-71850,2026-02-23,AKTIF
439243617645,926025881652032,OSS-3955875,UD PERTIWI HARIYAH TBK,UD PERTIWI,JL. RAWAMANGUN NO. 59,SUKABUMI,ID-91,80700,(028) 248-6428,CV,PROSES,TIDAK AKTIF,0,1,,,NIPER-95127,2026-01-15,AKTIF
057470253143,699273678630587,OSS-1051193,CV MARYADI PRASASTA,MARYADI PR,JALAN TEBET BARAT DALAM NO. 7,BANDA ACEH,ID-38,78733,+62 (740) 024-7129,PT,TERDAFTAR,AKTIF,1,0,API-P,78704-API,,2026-02-14,AKTIF
351107022794,523103559088112,OSS-8114288,CV MANSUR,MANSUR,GG. HOS. COKROAMINOTO NO. 6,TUAL,ID-66,36913,+62-069-993-9200,Firma,TERDAFTAR,TIDAK AKTIF,0,1,,,NIPER-16221,2026-01-08,AKTIF
251071555870,940422456411992,OSS-5512538,PD MARYATI,PD MARYATI,JL. SENTOT ALIBASA NO. 534,TUAL,ID-49,97157,+62 (571) 663 2824,Firma,TERDAFTAR,AKTIF,0,1,,,NIPER-63061,2026-02-16,AKTIF
417205046578,466627131240132,OSS-6537339,PERUM UWAIS HABIBI (PERSERO) TBK,PERUM UWAI,JALAN MOCH. TOHA NO. 554,BANJAR,ID-68,75019,+62-0344-365-9153,Firma,DISAHKAN,TIDAK AKTIF,0,0,,,,2026-02-18,AKTIF
230796764490,026653500756886,OSS-4080077,PD SURYONO LATUPONO,PD SURYONO,JALAN PASIR KOJA NO. 06,BITUNG,ID-20,08681,(084) 750 9117,Firma,TERDAFTAR,AKTIF,0,0,,,,2026-01-11,AKTIF
044546266330,693425984980350,OSS-2292227,PD MANSUR GUNAWAN,PD MANSUR,JL. H.J MAEMUNAH NO. 760,JAYAPURA,ID-39,05576,+62 (0207) 092 1758,Firma,DISAHKAN,TIDAK AKTIF,0,0,,,,2026-03-02,AKTIF
832483527634,723066858784498,OSS-1619488,PT NUGROHO,NUGROHO,JL. KAPTEN MUSLIHAT NO. 27,SEMARANG,ID-75,07765,+62 (051) 652 9752,PT,TERDAFTAR,DIBEKUKAN,0,1,,,NIPER-59935,2026-01-23,AKTIF
876651687400,848590983367047,OSS-7871825,CV NAMAGA,NAMAGA,GANG DR. DJUNJUNAN NO. 94,MAKASSAR,ID-80,18314,+62 (025) 536-2453,CV,TERDAFTAR,TIDAK AKTIF,1,0,API-U,41516-API,,2026-01-10,AKTIF
954317350583,199717911006512,OSS-0704961,PURWANTI,PURWANTI,GANG SURAPATI NO. 963,PALU,ID-78,76991,+62 (078) 593 1109,Perum,DISAHKAN,TIDAK AKTIF,0,1,,,NIPER-19392,2026-02-05,AKTIF
334557356232,770045358597302,OSS-7322857,UD MARPAUNG,UD MARPAUN,GG. CIKUTRA BARAT NO. 0,PEMATANGSIANTAR,ID-27,97704,+62 (016) 788-1596,PT,TERDAFTAR,AKTIF,1,1,API-U,46738-API,NIPER-65690,2026-02-23,AKTIF
330241598449,679484716756948,OSS-5648309,PERUM HUTAPEA,PERUM HUTA,JALAN OTTO ISKANDARDINATA NO. 40,JAMBI,ID-82,62640,0859551495,Perum,TERDAFTAR,AKTIF,1,0,API-P,72281-API,,2026-02-25,AKTIF
341355796552,924290494069775,OSS-4528107,PT WASKITA SAEFULLAH,WASKITA SA,JALAN RAYA SETIABUDHI NO. 3,PURWOKERTO,ID-63,28672,+62 (0275) 405-2845,Perum,TERDAFTAR,AKTIF,0,1,,,NIPER-91477,2026-02-19,AKTIF
024181597349,140693989227998,OSS-6240991,PERUM ZULKARNAIN PADMASARI,PERUM ZULK,GG. RAJIMAN NO. 19,SURAKARTA,ID-36,26148,(0914) 757-5901,CV,PROSES,DIBEKUKAN,1,0,API-U,76078-API,,2026-01-06,AKTIF
863914183590,949044474270725,OSS-4452786,PT SUARTINI,SUARTINI,GANG SURYAKENCANA NO. 874,PALU,ID-33,19391,+62 (0603) 782 8035,Perum,PROSES,TIDAK AKTIF,0,0,,,,2026-02-12,AKTIF
637574419481,659760150213411,OSS-6252294,UD UTAMA UYAINAH,UD UTAMA U,JL. LEMBONG NO. 2,DENPASAR,ID-50,30928,089 064 1465,Firma,PROSES,AKTIF,1,1,API-U,49372-API,NIPER-47023,2026-01-03,AKTIF
288961242165,511628009567404,OSS-2443134,PERUM UTAMA YUNIAR TBK,PERUM UTAM,JL. JEND. A. YANI NO. 000,BALIKPAPAN,ID-45,44077,(021) 765 1747,PT,DISAHKAN,TIDAK AKTIF,0,0,,,,2026-01-25,AKTIF
288930780426,510705472817618,OSS-9583951,CV HARYANTI,HARYANTI,JALAN SURAPATI NO. 6,PONTIANAK,ID-65,17023,(0699) 958-8867,PT,TERDAFTAR,DIBEKUKAN,1,0,API-P,60173-API,,2026-02-28,AKTIF
275258753827,443102716908703,OSS-0443444,CV SARAGIH PRANOWO TBK,SARAGIH PR,GANG K.H. WAHID HASYIM NO. 2,SINGKAWANG,ID-85,33261,+62 (89) 953 9177,Perum,DISAHKAN,AKTIF,0,0,,,,2026-02-19,AKTIF
057275466857,397441808167968,OSS-7713711,CV THAMRIN,THAMRIN,GANG MONGINSIDI NO. 6,MEDAN,ID-75,56369,(0700) 249-1727,Firma,TERDAFTAR,AKTIF,0,0,,,,2026-01-08,AKTIF
695614266053,392033009898939,OSS-6157443,CV PUSPASARI (PERSERO) TBK,PUSPASARI,GANG K.H. WAHID HASYIM NO. 8,BALIKPAPAN,ID-19,07228,(0116) 488 7898,Firma,DISAHKAN,TIDAK AKTIF,0,0,,,,2026-02-10,AKTIF
299613807186,069939945106838,OSS-2921629,SAMOSIR NASHIRUDDIN TBK,SAMOSIR NA,JALAN CIKUTRA BARAT NO. 630,METRO,ID-51,62509,(094) 123 5288,PT,TERDAFTAR,TIDAK AKTIF,0,1,,,NIPER-89908,2026-02-07,AKTIF
413727768576,063494290461755,OSS-1887017,CV SALAHUDIN NAJMUDIN (DUPLICATE),SALAHUDIN,GG. STASIUN WONOKROMO NO. 744,BATU,ID-42,23456,+62 (386) 947 9025,CV,PROSES,DIBEKUKAN,0,1,,,NIPER-48536,2026-02-01,AKTIF
827719591199,413644772911884,OSS-4014708,CV IRAWAN RAHAYU,IRAWAN RAH,GG. SURYAKENCANA NO. 588,TANGERANG SELATAN,ID-64,42718,+62-45-591-2899,CV,TERDAFTAR,AKTIF,1,0,API-U,51217-API,,2026-01-14,AKTIF
440027489424,437936660448671,OSS-1881618,PD FARIDA YULIARTI,PD FARIDA,GANG RAWAMANGUN NO. 96,PEMATANGSIANTAR,ID-10,52733,+62 (088) 156-7541,Firma,TERDAFTAR,TIDAK AKTIF,0,0,,,,2026-02-01,AKTIF
830486782885,378381496234021,OSS-6466719,UD WAHYUNI MARYADI,UD WAHYUNI,GG. JAYAWIJAYA NO. 922,JAYAPURA,ID-84,27115,+62 (35) 781 4818,Perum,TERDAFTAR,AKTIF,1,1,API-U,02054-API,NIPER-05827,2026-02-24,AKTIF
541280949305,534009467480411,OSS-4575339,PT TAMBA TBK,TAMBA TBK,JALAN VETERAN NO. 80,BEKASI,ID-36,46530,(0229) 955-2157,Perum,DISAHKAN,TIDAK AKTIF,1,0,API-P,23148-API,,2026-02-21,AKTIF
642240592082,353097669194896,OSS-2980568,HUTASOIT KUSMAWATI,HUTASOIT K,JL. CIHAMPELAS NO. 6,BENGKULU,ID-56,95724,+62-43-474-1253,PT,TERDAFTAR,AKTIF,1,0,API-P,13795-API,,2026-01-11,AKTIF
694181325634,912384726608956,OSS-8664280,CV HUTAPEA TBK,HUTAPEA TB,JALAN LASWI NO. 8,MOJOKERTO,ID-64,38121,(062) 550 1616,Perum,TERDAFTAR,AKTIF,1,1,API-P,80049-API,NIPER-35893,2026-02-22,AKTIF
972520565679,167127944013059,OSS-7253324,HARYANTI WIDIASTUTI (PERSERO) TBK,HARYANTI W,GANG M.H THAMRIN NO. 7,BINJAI,ID-70,02285,+62 (0040) 261-6684,Firma,PROSES,DIBEKUKAN,1,0,API-U,50156-API,,2026-01-01,AKTIF
029903480424,796000940916573,OSS-7624266,CV UTAMA RAJATA,UTAMA RAJA,JL. TUBAGUS ISMAIL NO. 3,SERANG,ID-19,40152,(0311) 722 6414,Firma,PROSES,DIBEKUKAN,0,1,,,NIPER-75690,2026-01-26,AKTIF
154242644451,939954157783142,OSS-8605454,PD FIRMANSYAH,PD FIRMANS,JL. ERLANGGA NO. 810,MAGELANG,ID-56,92298,+62-521-442-4291,Firma,DISAHKAN,DIBEKUKAN,1,0,API-U,00246-API,,2026-02-21,AKTIF
249876415572,131913968390282,OSS-9767220,PT YUNIAR HUTAGALUNG (PERSERO) TBK,YUNIAR HUT,JL. KEBONJATI NO. 68,SIBOLGA,ID-94,92783,(077) 447-3245,Perum,DISAHKAN,DIBEKUKAN,1,1,API-P,71955-API,NIPER-49684,2026-02-14,AKTIF
931728288759,589541238943682,OSS-6048362,PD FIRGANTORO TBK,PD FIRGANT,GANG W.R. SUPRATMAN NO. 414,PANGKALPINANG,ID-74,22771,+62 (039) 284-9797,Firma,DISAHKAN,AKTIF,0,1,,,NIPER-87446,2026-02-04,AKTIF
353910389166,770952185868043,OSS-9429008,UD NAMAGA USADA,UD NAMAGA,JALAN RUNGKUT INDUSTRI NO. 8,DEPOK,ID-84,03773,+62 (020) 588 6948,CV,DISAHKAN,TIDAK AKTIF,0,0,,,,2026-01-21,AKTIF
222959677201,205785463062848,OSS-6395062,CV NATSIR PRATAMA (PERSERO) TBK (DUPLICATE),NATSIR PRA,JL. PASTEUR NO. 43,KOTA ADMINISTRASI JAKARTA BARAT,ID-52,40536,+62-031-598-9798,CV,DISAHKAN,AKTIF,0,0,,,,2026-01-27,AKTIF
085479613948,068899710749227,OSS-3528567,UD THAMRIN HASANAH TBK,UD THAMRIN,GG. BANGKA RAYA NO. 7,LANGSA,ID-29,61668,(0393) 519 0401,CV,PROSES,DIBEKUKAN,0,1,,,NIPER-05378,2026-02-13,AKTIF
545628145135,989715683323140,OSS-8663773,PT HARIYAH HARIYAH TBK,HARIYAH HA,JL. ASTANA ANYAR NO. 6,PALEMBANG,ID-40,95039,+62 (205) 347 2560,PT,PROSES,TIDAK AKTIF,0,1,,,NIPER-18363,2026-02-01,AKTIF
330559782457,598339914038843,OSS-6604432,DABUKKE TBK,DABUKKE TB,GANG IR. H. DJUANDA NO. 68,SERANG,ID-18,51474,+62-974-292-5010,PT,DISAHKAN,TIDAK AKTIF,0,1,,,NIPER-58752,2026-01-03,AKTIF
889475786218,081636020962868,OSS-6044099,UD HARTATI HALIM TBK (DUPLICATE),UD HARTATI,JALAN SUKABUMI NO. 8,CIREBON,ID-66,43788,+62 (058) 141 0882,PT,DISAHKAN,AKTIF,1,1,API-U,65257-API,NIPER-56907,2026-01-04,AKTIF
261847599231,045901000440724,OSS-9146307,PD NASYIAH SIHOTANG (PERSERO) TBK,PD NASYIAH,JL. SUKABUMI NO. 866,CIMAHI,ID-57,62369,+62-0825-309-0803,PT,TERDAFTAR,DIBEKUKAN,1,0,API-U,45330-API,,2026-02-11,AKTIF
628271288263,567109923793474,OSS-1682043,PERUM ISWAHYUDI MANSUR,PERUM ISWA,JALAN GARDUJATI NO. 74,TANGERANG,ID-73,89437,0887242758,Firma,TERDAFTAR,TIDAK AKTIF,0,0,,,,2026-02-01,AKTIF
413707870330,141182606068217,OSS-9764670,PD SALAHUDIN (PERSERO) TBK,PD SALAHUD,JALAN H.J MAEMUNAH NO. 800,BATAM,ID-58,60620,+62 (019) 906-8870,CV,TERDAFTAR,TIDAK AKTIF,0,0,,,,2026-02-28,AKTIF
277685755644,292775019325267,OSS-4942221,PD HAKIM SURYATMI TBK,PD HAKIM S,JL. PELAJAR PEJUANG NO. 8,BATU,ID-25,20357,(0793) 124-0493,PT,DISAHKAN,TIDAK AKTIF,0,1,,,NIPER-86362,2026-02-19,AKTIF
741714180605,352759367240113,OSS-5632776,UD FARIDA SITOMPUL (PERSERO) TBK (DUPLICATE),UD FARIDA,GG. PASTEUR NO. 2,SIBOLGA,ID-32,30001,+62 (086) 406 2256,PT,TERDAFTAR,DIBEKUKAN,0,0,,,,2026-01-25,AKTIF
580257699858,939725108966417,OSS-2885518,UD PRADANA TBK,UD PRADANA,GG. SENTOT ALIBASA NO. 385,BINJAI,ID-41,61110,+62 (597) 942-2341,Firma,TERDAFTAR,DIBEKUKAN,1,0,API-P,32426-API,,2026-02-12,AKTIF
406958051840,477350318849741,OSS-6322855,CV PRADANA ANGGRAINI TBK,PRADANA AN,JL. RUMAH SAKIT NO. 179,BIMA,ID-82,82891,+62-0051-027-1905,Perum,PROSES,DIBEKUKAN,1,0,API-P,81479-API,,2026-01-31,AKTIF
783781210988,744013517987997,OSS-3645504,PT RAJASA,RAJASA,GANG KAPTEN MUSLIHAT NO. 64,PEKALONGAN,ID-51,52215,(0900) 017-3131,PT,DISAHKAN,TIDAK AKTIF,0,1,,,NIPER-27106,2026-02-01,AKTIF
920123080450,734257377795057,OSS-0711266,CV WIDIASTUTI PRASETYA TBK,WIDIASTUTI,GG. TEBET BARAT DALAM NO. 85,SUNGAI PENUH,ID-56,94230,+62-134-598-3826,Perum,TERDAFTAR,TIDAK AKTIF,0,1,,,NIPER-09238,2026-01-07,AKTIF
992104382388,663981410704584,OSS-4218538,UD YOLANDA TBK,UD YOLANDA,GG. PELAJAR PEJUANG NO. 4,PALANGKARAYA,ID-32,41256,+62-017-986-0028,Firma,TERDAFTAR,TIDAK AKTIF,0,1,,,NIPER-95049,2026-02-28,AKTIF
593012508955,481934576429351,OSS-1244462,PD PRASETYO,PD PRASETY,JALAN PHH. MUSTOFA NO. 96,TANJUNGPINANG,ID-15,03990,+62-763-163-1907,CV,TERDAFTAR,TIDAK AKTIF,0,1,,,NIPER-91363,2026-01-21,AKTIF
187428313933,642716070958652,OSS-3821764,PT ASTUTI (PERSERO) TBK,ASTUTI (PE,GG. SUKABUMI NO. 3,SERANG,ID-82,93198,+62 (0787) 450-0595,Firma,TERDAFTAR,AKTIF,1,0,API-U,06218-API,,2026-02-08,AKTIF
722170430305,463710812390163,OSS-6676527,UD MARYATI SANTOSO (PERSERO) TBK,UD MARYATI,GG. RUNGKUT INDUSTRI NO. 845,BAU-BAU,ID-38,44796,+62 (75) 705-9640,PT,DISAHKAN,AKTIF,0,0,,,,2026-02-07,AKTIF
054754253063,008566556842077,OSS-8155089,PT PRASASTA TBK,PRASASTA T,JL. R.E MARTADINATA NO. 151,SUBULUSSALAM,ID-56,33909,(0242) 817-9667,Firma,TERDAFTAR,DIBEKUKAN,1,0,API-P,70044-API,,2026-02-16,AKTIF
294499544678,456283591782959,OSS-1071082,PRANOWO HARYANTI (PERSERO) TBK,PRANOWO HA,JALAN TUBAGUS ISMAIL NO. 328,MEULABOH,ID-40,83985,+62 (09) 392-4742,Perum,PROSES,TIDAK AKTIF,1,1,API-P,85752-API,NIPER-00307,2026-01-11,AKTIF
112659746030,231217817042327,OSS-5888118,PERUM MARBUN (PERSERO) TBK (DUPLICATE),PERUM MARB,JL. PASIRKOJA NO. 652,CIMAHI,ID-57,18910,+62 (310) 017-9251,PT,TERDAFTAR,AKTIF,1,0,API-P,36223-API,,2026-01-06,AKTIF
447107923595,510725457027892,OSS-9214762,PERUM OKTAVIANI WIJAYANTI,PERUM OKTA,JALAN STASIUN WONOKROMO NO. 310,PAGARALAM,ID-63,75926,+62 (993) 878 8858,Firma,PROSES,TIDAK AKTIF,0,0,,,,2026-02-27,AKTIF
178840954833,689401078596247,OSS-7960352,PD AGUSTINA (PERSERO) TBK (DUPLICATE),PD AGUSTIN,GG. S. PARMAN NO. 9,AMBON,ID-44,03085,+62 (0407) 934-0814,CV,DISAHKAN,DIBEKUKAN,1,0,API-P,04505-API,,2026-02-02,AKTIF
900642307146,221657454113264,OSS-5400165,PD GUNARTO ASTUTI TBK,PD GUNARTO,JL. INDRAGIRI NO. 7,PADANGPANJANG,ID-32,37949,+62 (021) 911-7249,Perum,TERDAFTAR,TIDAK AKTIF,0,1,,,NIPER-58481,2026-02-23,AKTIF
723967783907,516380662679409,OSS-9073722,PD WIBISONO,PD WIBISON,JL. SURAPATI NO. 454,BANDAR LAMPUNG,ID-97,91956,+62 (058) 484 1492,CV,DISAHKAN,TIDAK AKTIF,1,1,API-P,28356-API,NIPER-02293,2026-01-29,AKTIF
904394799828,868457874298014,OSS-8137293,PERUM GUNAWAN GUNARTO (DUPLICATE),PERUM GUNA,JL. LASWI NO. 87,SURAKARTA,ID-92,13981,(073) 435 1804,PT,PROSES,AKTIF,1,1,API-U,48741-API,NIPER-86520,2026-01-15,AKTIF
110145061615,072919606144948,OSS-2202775,UD JAILANI (PERSERO) TBK,UD JAILANI,GANG JAKARTA NO. 741,KOTA ADMINISTRASI JAKARTA PUSAT,ID-51,19921,+62 (81) 857 1631,CV,DISAHKAN,AKTIF,1,0,API-U,03010-API,,2026-01-14,AKTIF
141552865703,116743688061189,OSS-1771392,CV SAMOSIR,SAMOSIR,JL. TEBET BARAT DALAM NO. 1,AMBON,ID-56,27881,+62 (32) 193 5596,Perum,PROSES,DIBEKUKAN,0,0,,,,2026-03-01,AKTIF
945017491236,157822585609214,OSS-2072899,PERUM NURAINI TBK,PERUM NURA,JL. PASIR KOJA NO. 895,BLITAR,ID-42,74431,(0564) 297 9032,Firma,PROSES,DIBEKUKAN,0,1,,,NIPER-84445,2026-01-25,AKTIF
703893136490,365716889729319,OSS-0101855,WAHYUDIN TBK,WAHYUDIN T,GANG ASIA AFRIKA NO. 817,PARIAMAN,ID-35,74907,+62 (32) 853-3736,CV,PROSES,DIBEKUKAN,0,0,,,,2026-01-16,AKTIF
299721146308,621147459150633,OSS-4217803,PERUM WIBISONO PANGESTU,PERUM WIBI,JL. PASIR KOJA NO. 4,SALATIGA,ID-13,97297,(0749) 668-0794,CV,DISAHKAN,AKTIF,0,1,,,NIPER-93090,2026-02-06,AKTIF
230576207266,931858521862539,OSS-5639487,CV MANSUR TBK,MANSUR TBK,JALAN KUTAI NO. 426,PADANG SIDEMPUAN,ID-24,44483,+62-41-054-5896,Firma,TERDAFTAR,TIDAK AKTIF,1,1,API-P,01937-API,NIPER-72867,2026-02-05,AKTIF
516357720897,918836164569398,OSS-2161199,PERUM MARYATI (PERSERO) TBK,PERUM MARY,GG. SURYAKENCANA NO. 1,PRABUMULIH,ID-97,00075,+62-0714-227-6903,Firma,PROSES,DIBEKUKAN,1,0,API-U,62644-API,,2026-01-10,AKTIF
771872970345,058820244694397,OSS-4225779,SARAGIH YUNIAR,SARAGIH YU,GG. RAYA UJUNGBERUNG NO. 823,CIMAHI,ID-88,30193,0868226723,CV,DISAHKAN,AKTIF,1,1,API-U,56119-API,NIPER-43614,2026-02-27,AKTIF
331012857191,151604902343306,OSS-5727133,PD HARDIANSYAH NASYIAH,PD HARDIAN,GANG CIUMBULEUIT NO. 65,BEKASI,ID-69,54725,+62-023-066-9493,Firma,PROSES,DIBEKUKAN,0,0,,,,2026-01-01,AKTIF
564815963503,141098335140130,OSS-5046727,CV PERMATA (PERSERO) TBK,PERMATA (P,JL. ASTANA ANYAR NO. 683,PEKANBARU,ID-49,80031,+62 (0684) 625-0939,PT,PROSES,DIBEKUKAN,0,1,,,NIPER-56759,2026-03-01,AKTIF
044546266330,693425984980350,OSS-2292227,PD MANSUR GUNAWAN,PD MANSUR,JL. H.J MAEMUNAH NO. 760,JAYAPURA,ID-39,05576,+62 (0207) 092 1758,Perum,DISAHKAN,TIDAK AKTIF,0,0,,,,2026-03-02,AKTIF
914854137458,820859511226480,OSS-1822624,CV UTAMI PRAYOGA,UTAMI PRAY,JALAN R.E MARTADINATA NO. 2,METRO,ID-32,81732,+62 (0368) 719 4923,CV,DISAHKAN,TIDAK AKTIF,0,0,,,,2026-01-23,AKTIF
055775382488,148887523523881,OSS-0224896,UTAMI PALASTRI (PERSERO) TBK,UTAMI PALA,JL. ERLANGGA NO. 014,PURWOKERTO,ID-89,79259,+62 (0976) 873 0909,Perum,TERDAFTAR,AKTIF,0,0,,,,2026-01-26,AKTIF
467573251415,617312432197924,OSS-7617403,CV FIRGANTORO (PERSERO) TBK,FIRGANTORO,GANG GEDEBAGE SELATAN NO. 27,KOTA ADMINISTRASI JAKARTA TIMUR,ID-94,69754,+62 (032) 630-1508,PT,DISAHKAN,AKTIF,0,0,,,,2026-02-28,AKTIF
467179576024,375738395972466,OSS-5729341,CV NATSIR PANGESTU (PERSERO) TBK,NATSIR PAN,GG. YOS SUDARSO NO. 33,BANDA ACEH,ID-51,45228,+62-015-619-3183,PT,DISAHKAN,DIBEKUKAN,1,1,API-U,74550-API,NIPER-84289,2026-02-12,AKTIF
195905340054,163976386597560,OSS-6108675,PRAKASA ANDRIANI,PRAKASA AN,GANG ASIA AFRIKA NO. 34,PAREPARE,ID-31,53291,+62 (0752) 413 9886,Perum,TERDAFTAR,DIBEKUKAN,0,0,,,,2026-02-11,AKTIF
499764914546,456392854212708,OSS-7886946,PERUM ASTUTI (PERSERO) TBK,PERUM ASTU,JALAN M.H THAMRIN NO. 9,PEKALONGAN,ID-53,56746,+62-0915-990-1664,PT,TERDAFTAR,TIDAK AKTIF,1,1,API-U,23432-API,NIPER-09678,2026-01-14,AKTIF
442043805719,838638406665800,OSS-4397359,CV SIHOMBING HASSANAH,SIHOMBING,JL. JEND. SUDIRMAN NO. 8,METRO,ID-31,64842,+62 (94) 057-2025,PT,DISAHKAN,DIBEKUKAN,0,1,,,NIPER-90947,2026-02-12,AKTIF
169200755166,533893440262957,OSS-4374669,UD LATUPONO DONGORAN TBK,UD LATUPON,GANG SOEKARNO HATTA NO. 34,TEGAL,ID-85,35179,(031) 503-3918,Firma,TERDAFTAR,TIDAK AKTIF,1,1,API-P,59026-API,NIPER-75529,2026-02-01,AKTIF
479998200458,392175129854188,OSS-5062014,UD YULIANTI PRATIWI (PERSERO) TBK,UD YULIANT,JALAN M.T HARYONO NO. 4,PARIAMAN,ID-44,52382,+62-692-817-5923,PT,TERDAFTAR,AKTIF,0,1,,,NIPER-60973,2026-02-24,AKTIF
881618110101,382593928724880,OSS-5059236,PD WINARNO TBK,PD WINARNO,GANG DR. DJUNJUNAN NO. 247,PEMATANGSIANTAR,ID-36,38723,(073) 117-7726,Firma,PROSES,TIDAK AKTIF,0,0,,,,2026-01-18,AKTIF
538611511162,714359341061650,OSS-4725531,PD PANGESTU,PD PANGEST,JL. IR. H. DJUANDA NO. 725,PROBOLINGGO,ID-60,52408,086 096 9253,CV,TERDAFTAR,DIBEKUKAN,0,1,,,NIPER-36010,2026-01-25,AKTIF
380058307158,336611363288089,OSS-1266480,PERUM NATSIR NABABAN (PERSERO) TBK,PERUM NATS,JL. TEBET BARAT DALAM NO. 225,PONTIANAK,ID-62,45663,+62 (90) 899-5493,Firma,TERDAFTAR,AKTIF,1,0,API-P,83171-API,,2026-01-30,AKTIF
499780481090,565463641996645,OSS-5436710,PD ANGGRIAWAN MAHESWARA TBK,PD ANGGRIA,JL. MONGINSIDI NO. 234,TANGERANG,ID-56,65891,+62 (38) 719-7276,Perum,DISAHKAN,DIBEKUKAN,0,1,,,NIPER-97678,2026-02-27,AKTIF
155333179313,475619617650210,OSS-0027864,PERUM WINARSIH TBK,PERUM WINA,GG. GEDEBAGE SELATAN NO. 2,KEDIRI,ID-51,63190,+62 (376) 932 8792,PT,TERDAFTAR,AKTIF,1,0,API-U,74622-API,,2026-01-12,AKTIF
189189552628,333672530611002,OSS-4710797,PT KUSWOYO,KUSWOYO,GANG LASWI NO. 8,PALANGKARAYA,ID-35,37174,+62 (259) 511-1659,Firma,PROSES,AKTIF,0,1,,,NIPER-90611,2026-01-14,AKTIF
631916661287,768921190066705,OSS-8856493,PERUM UTAMI,PERUM UTAM,JL. KIARACONDONG NO. 587,PAGARALAM,ID-23,88661,(018) 644-0829,Perum,TERDAFTAR,AKTIF,0,1,,,NIPER-98057,2026-03-01,AKTIF
251463018044,697183327380773,OSS-7977955,PERUM PRADANA,PERUM PRAD,JL. SETIABUDHI NO. 15,KEDIRI,ID-64,76020,+62 (032) 739-4172,Perum,TERDAFTAR,AKTIF,1,1,API-U,49775-API,NIPER-71627,2026-01-02,AKTIF
131638820200,070266577792694,OSS-8262599,CV HASANAH TBK,HASANAH TB,JALAN H.J MAEMUNAH NO. 48,SUNGAI PENUH,ID-38,34487,+62 (0008) 837-4971,Firma,TERDAFTAR,DIBEKUKAN,1,0,API-P,79982-API,,2026-02-17,AKTIF
297130666798,126759988229716,OSS-0877686,UD MAYASARI TBK,UD MAYASAR,JL. MONGINSIDI NO. 582,SIBOLGA,ID-90,43935,+62 (0109) 083-7775,Firma,DISAHKAN,DIBEKUKAN,1,1,API-P,57993-API,NIPER-96833,2026-01-02,AKTIF
975992170099,176277770632085,OSS-5738293,PERUM WINARNO HARIYAH,PERUM WINA,JALAN K.H. WAHID HASYIM NO. 60,CIMAHI,ID-37,48797,+62-876-830-8168,Perum,PROSES,DIBEKUKAN,1,0,API-U,52773-API,,2026-01-01,AKTIF
206462066729,836194102829638,OSS-0264928,CV HUTAGALUNG,HUTAGALUNG,JL. JEND. A. YANI NO. 6,SUKABUMI,ID-77,77292,+62 (783) 636-8123,PT,DISAHKAN,TIDAK AKTIF,0,1,,,NIPER-05325,2026-01-28,AKTIF
199774737914,920273239239463,OSS-0838614,PERUM BUDIMAN HALIM (DUPLICATE),PERUM BUDI,GANG CEMPAKA NO. 6,KOTA ADMINISTRASI JAKARTA TIMUR,ID-50,53530,+62 (43) 242-9581,Perum,DISAHKAN,DIBEKUKAN,1,0,API-P,75974-API,,2026-02-06,AKTIF
946654977053,644349541217620,OSS-8012893,PERUM MARPAUNG (PERSERO) TBK,PERUM MARP,JL. SETIABUDHI NO. 650,SUBULUSSALAM,ID-91,68696,+62-001-923-3152,Perum,PROSES,TIDAK AKTIF,1,1,API-U,40415-API,NIPER-75842,2026-02-06,AKTIF
974954767658,053981855743882,OSS-7344243,CV SURYATMI,SURYATMI,GG. INDRAGIRI NO. 9,PARIAMAN,ID-71,16752,+62 (66) 267 5964,PT,PROSES,AKTIF,0,1,,,NIPER-34993,2026-02-14,AKTIF
672673835870,863642997452769,OSS-7264803,CV NAJMUDIN (PERSERO) TBK,NAJMUDIN (,JL. TEBET BARAT DALAM NO. 818,TANGERANG,ID-23,94676,0884592059,Firma,PROSES,AKTIF,1,0,API-P,49761-API,,2026-01-09,AKTIF
680199050240,651174711706485,OSS-7968863,CV RAJASA,RAJASA,JALAN RAJAWALI TIMUR NO. 4,KOTA ADMINISTRASI JAKARTA BARAT,ID-97,90114,+62 (676) 776 1952,CV,TERDAFTAR,TIDAK AKTIF,1,0,API-P,49601-API,,2026-01-03,AKTIF
212555371952,168872090353798,OSS-1899967,CV SITOMPUL SUWARNO,SITOMPUL S,GG. ASIA AFRIKA NO. 777,PADANGPANJANG,ID-41,90259,+62 (37) 541 1904,CV,DISAHKAN,DIBEKUKAN,0,1,,,NIPER-13423,2026-02-19,AKTIF
057519434254,825085115494750,OSS-4653425,CV MARYADI (PERSERO) TBK (DUPLICATE),MARYADI (P,GG. ABDUL MUIS NO. 974,MADIUN,ID-52,96873,+62-520-188-9761,CV,PROSES,DIBEKUKAN,1,0,API-P,10976-API,,2026-02-24,AKTIF
166239567125,593502767490641,OSS-2272765,PT SURYONO UWAIS,SURYONO UW,GG. DR. DJUNJUNAN NO. 00,KOTAMOBAGU,ID-21,58345,+62 (955) 621-6833,PT,PROSES,DIBEKUKAN,1,0,API-U,57668-API,,2026-02-27,AKTIF
746174987691,990974988676899,OSS-7125611,PERUM SANTOSO,PERUM SANT,JL. PASTEUR NO. 832,PALU,ID-45,76889,+62 (14) 506-8642,Perum,TERDAFTAR,TIDAK AKTIF,0,1,,,NIPER-99681,2026-02-22,AKTIF
493012875076,339689246863321,OSS-3683344,PD NAINGGOLAN SAEFULLAH (DUPLICATE),PD NAINGGO,GANG MOCH. RAMDAN NO. 395,PEKALONGAN,ID-47,30361,+62-169-929-1694,CV,TERDAFTAR,TIDAK AKTIF,0,1,,,NIPER-66281,2026-02-01,AKTIF
448429534469,418253254700924,OSS-8307207,CV WALUYO TBK,WALUYO TBK,JL. JAMIKA NO. 8,MAGELANG,ID-91,67722,+62-70-241-6764,Firma,TERDAFTAR,DIBEKUKAN,0,1,,,NIPER-53462,2026-02-21,AKTIF
540054352792,996503244751630,OSS-9083878,CV MANGUNSONG (PERSERO) TBK,MANGUNSONG,GANG HOS. COKROAMINOTO NO. 108,TIDORE KEPULAUAN,ID-80,93870,+62 (41) 962-1306,Perum,DISAHKAN,DIBEKUKAN,1,1,API-P,31420-API,NIPER-54105,2026-01-14,AKTIF
940381559572,654056021557874,OSS-3616041,CV TAMPUBOLON UTAMA,TAMPUBOLON,JL. MOCH. TOHA NO. 8,SUBULUSSALAM,ID-94,42100,+62-007-186-6695,Perum,TERDAFTAR,DIBEKUKAN,1,0,API-U,48402-API,,2026-01-03,AKTIF
470075712786,418555212166986,OSS-2478802,UD WINARNO,UD WINARNO,JL. DR. DJUNJUNAN NO. 93,LHOKSEUMAWE,ID-76,43692,+62-45-639-7486,PT,TERDAFTAR,AKTIF,0,1,,,NIPER-32355,2026-01-29,AKTIF
655309222212,881690358322327,OSS-2344241,MARYATI PRABOWO (PERSERO) TBK,MARYATI PR,JALAN OTTO ISKANDARDINATA NO. 332,PEKALONGAN,ID-47,66199,(0108) 186 3213,Perum,DISAHKAN,DIBEKUKAN,1,0,API-U,37521-API,,2026-02-20,AKTIF
070771881585,822793562559165,OSS-4349670,CV MAYASARI SUDIATI (PERSERO) TBK,MAYASARI S,JL. MONGINSIDI NO. 101,BEKASI,ID-66,80520,(035) 724-3440,CV,DISAHKAN,TIDAK AKTIF,1,0,API-U,48902-API,,2026-02-07,AKTIF
700743250290,448835360549169,OSS-0612930,SUSANTI NURAINI,SUSANTI NU,GANG GEDEBAGE SELATAN NO. 00,KOTA ADMINISTRASI JAKARTA UTARA,ID-58,99787,+62 (896) 944 7511,CV,DISAHKAN,AKTIF,1,1,API-P,96793-API,NIPER-98879,2026-01-31,AKTIF
048175496513,709859317461200,OSS-4711382,PD UWAIS WINARSIH TBK,PD UWAIS W,JALAN RAJIMAN NO. 6,BANDUNG,ID-97,37735,+62 (058) 506-4317,Firma,PROSES,TIDAK AKTIF,0,0,,,,2026-01-08,AKTIF
745387684896,296456566516680,OSS-3391489,ARYANI TBK,ARYANI TBK,JALAN LASWI NO. 2,TEBINGTINGGI,ID-93,93007,+62 (034) 435-9682,Firma,DISAHKAN,TIDAK AKTIF,0,0,,,,2026-02-05,AKTIF
421825480575,950242426335231,OSS-7548771,CV ADRIANSYAH MANGUNSONG,ADRIANSYAH,JALAN LASWI NO. 2,KENDARI,ID-88,86767,+62 (0482) 287 8073,Firma,DISAHKAN,TIDAK AKTIF,0,0,,,,2026-01-12,AKTIF
306356735775,694298410400327,OSS-3032482,UD WIBOWO PUTRA TBK,UD WIBOWO,GG. TUBAGUS ISMAIL NO. 188,BALIKPAPAN,ID-82,80695,086 218 5311,Firma,DISAHKAN,TIDAK AKTIF,1,0,API-U,12817-API,,2026-01-01,AKTIF
495941920470,804782619954258,OSS-8706912,CV SIHOTANG SAPUTRA (PERSERO) TBK,SIHOTANG S,GANG SETIABUDHI NO. 4,BOGOR,ID-89,56735,+62 (584) 991 4440,Firma,DISAHKAN,DIBEKUKAN,0,1,,,NIPER-76558,2026-01-29,AKTIF
516480727910,336829635339055,OSS-0448177,PD THAMRIN THAMRIN TBK,PD THAMRIN,JL. ERLANGGA NO. 52,PROBOLINGGO,ID-45,64649,+62 (011) 109-6179,CV,TERDAFTAR,TIDAK AKTIF,0,1,,,NIPER-81789,2026-01-06,AKTIF
707670310051,708498893000320,OSS-3586558,CV MAYASARI,MAYASARI,GANG BKR NO. 63,TARAKAN,ID-14,06787,+62-0841-107-3429,Perum,PROSES,TIDAK AKTIF,0,0,,,,2026-02-09,AKTIF
914524794085,950513092421097,OSS-9195934,PT HASSANAH,HASSANAH,JL. LEMBONG NO. 1,SAWAHLUNTO,ID-48,41836,(0566) 671 0292,Firma,PROSES,DIBEKUKAN,1,1,API-U,47475-API,NIPER-98580,2026-02-10,AKTIF
754865807887,833808585753807,OSS-2410074,UD ANDRIANI TBK (DUPLICATE),UD ANDRIAN,GG. PETA NO. 878,METRO,ID-62,50640,+62 (044) 885-2896,CV,TERDAFTAR,TIDAK AKTIF,0,1,,,NIPER-01956,2026-02-13,AKTIF
959826349459,053754990495114,OSS-1010898,CV WALUYO PERTIWI (PERSERO) TBK,WALUYO PER,GANG DIPENOGORO NO. 739,METRO,ID-98,69598,+62 (083) 703 9473,PT,DISAHKAN,DIBEKUKAN,0,1,,,NIPER-12549,2026-01-25,AKTIF
390547546464,760950008651173,OSS-3311870,CV SARAGIH FIRMANSYAH,SARAGIH FI,GG. PASIR KOJA NO. 1,TUAL,ID-72,70844,(0112) 744-3428,PT,DISAHKAN,TIDAK AKTIF,0,1,,,NIPER-93294,2026-01-18,AKTIF
232127509244,873722770155900,OSS-5376130,PD FARIDA,PD FARIDA,JL. S. PARMAN NO. 964,TANGERANG SELATAN,ID-86,16729,(091) 360-9539,Perum,PROSES,AKTIF,1,1,API-U,34923-API,NIPER-06794,2026-01-19,AKTIF
672479291789,258437777309692,OSS-8618402,CV RIYANTI TBK,RIYANTI TB,GG. JAMIKA NO. 97,BENGKULU,ID-17,89557,+62 (94) 516 0917,PT,DISAHKAN,AKTIF,0,0,,,,2026-02-17,AKTIF
094691395310,555884923260815,OSS-7640797,PD PANGESTU PURWANTI,PD PANGEST,GANG KAPTEN MUSLIHAT NO. 3,SERANG,ID-45,20660,+62-058-977-1889,Firma,DISAHKAN,AKTIF,1,1,API-U,43453-API,NIPER-51272,2026-02-09,AKTIF
410149748916,976053539090861,OSS-6693349,CV WACANA TBK,WACANA TBK,JALAN SUKAJADI NO. 7,KOTA ADMINISTRASI JAKARTA TIMUR,ID-24,99969,(0882) 143-9103,CV,TERDAFTAR,AKTIF,0,0,,,,2026-02-25,AKTIF
302126065019,179202521310962,OSS-2728476,PD YULIARTI (PERSERO) TBK,PD YULIART,JL. CIKUTRA BARAT NO. 0,PEKALONGAN,ID-14,06678,+62 (0984) 362 4186,Firma,DISAHKAN,AKTIF,0,0,,,,2026-01-07,AKTIF
831869841588,398036624627394,OSS-0035463,CV WAHYUNI (PERSERO) TBK,WAHYUNI (P,JALAN LASWI NO. 337,KEDIRI,ID-76,86679,085 007 7454,PT,PROSES,TIDAK AKTIF,1,1,API-U,51141-API,NIPER-42336,2026-02-20,AKTIF
821719553560,039073887466025,OSS-2724055,UD MUSTOFA SUDIATI,UD MUSTOFA,JALAN KAPTEN MUSLIHAT NO. 148,PAYAKUMBUH,ID-23,37458,+62 (0384) 588-1056,CV,TERDAFTAR,DIBEKUKAN,1,1,API-P,97413-API,NIPER-28348,2026-01-15,AKTIF
862415027456,449485625728703,OSS-2032074,PD FUJIATI LATUPONO,PD FUJIATI,GG. SETIABUDHI NO. 8,PALU,ID-83,12151,+62-422-849-9390,PT,TERDAFTAR,TIDAK AKTIF,0,1,,,NIPER-89261,2026-02-03,AKTIF
412136198578,413857840045272,OSS-6480807,CV PRATIWI RAHAYU (PERSERO) TBK (DUPLICATE),PRATIWI RA,GG. CIKUTRA BARAT NO. 9,SUNGAI PENUH,ID-78,47011,+62-125-209-6227,Perum,TERDAFTAR,DIBEKUKAN,0,1,,,NIPER-32606,2026-01-28,AKTIF
145011622126,014718446118619,OSS-5594099,PERUM NURAINI TBK,PERUM NURA,GG. LEMBONG NO. 2,JAMBI,ID-67,01698,+62 (0657) 836 6882,PT,TERDAFTAR,AKTIF,0,1,,,NIPER-16309,2026-01-30,AKTIF
972739988507,395382512470472,OSS-1482826,UD ISWAHYUDI HAKIM (PERSERO) TBK,UD ISWAHYU,JL. JAYAWIJAYA NO. 3,METRO,ID-22,27448,+62 (0423) 162 1898,Firma,TERDAFTAR,TIDAK AKTIF,1,1,API-P,20405-API,NIPER-72750,2026-02-18,AKTIF
258625449630,509018753909843,OSS-2135420,NASYIAH ASTUTI,NASYIAH AS,JALAN R.E MARTADINATA NO. 526,BONTANG,ID-61,58797,+62-899-104-7126,PT,TERDAFTAR,AKTIF,0,0,,,,2026-01-13,AKTIF
175465597041,008060343271803,OSS-0208292,PD PUTRA WIBOWO,PD PUTRA W,GG. CIHAMPELAS NO. 020,PONTIANAK,ID-99,73395,+62 (0094) 939-5221,Perum,DISAHKAN,AKTIF,0,1,,,NIPER-68174,2026-01-16,AKTIF
340492630747,746406623898436,OSS-3962559,PERUM SIMBOLON LAILASARI,PERUM SIMB,GANG LASWI NO. 45,KOTA ADMINISTRASI JAKARTA BARAT,ID-11,79186,0836282061,Firma,TERDAFTAR,DIBEKUKAN,0,1,,,NIPER-72072,2026-02-24,AKTIF
574052224130,424244253357703,OSS-9007680,PD MARPAUNG,PD MARPAUN,JALAN YOS SUDARSO NO. 536,DEPOK,ID-82,42718,+62 (062) 889-8326,Firma,TERDAFTAR,DIBEKUKAN,0,0,,,,2026-01-04,AKTIF
219933548891,471493612255018,OSS-1380947,PUSPASARI SURYATMI TBK,PUSPASARI,JALAN DR. DJUNJUNAN NO. 02,KOTA ADMINISTRASI JAKARTA UTARA,ID-39,07154,(067) 377 4597,Perum,DISAHKAN,DIBEKUKAN,0,1,,,NIPER-54149,2026-01-27,AKTIF
228702824591,246518493091675,OSS-5128120,PERUM MANDASARI (PERSERO) TBK,PERUM MAND,JL. SUKABUMI NO. 555,PADANGPANJANG,ID-24,76763,+62 (0519) 465 1946,Firma,PROSES,TIDAK AKTIF,1,0,API-U,33337-API,,2026-01-06,AKTIF
371580940572,188260327248755,OSS-3495913,PD SUARTINI SIMANJUNTAK (PERSERO) TBK (DUPLICATE),PD SUARTIN,JL. RAYA UJUNGBERUNG NO. 78,PALEMBANG,ID-23,11201,+62 (053) 867-4600,Perum,PROSES,AKTIF,1,1,API-P,19801-API,NIPER-65074,2026-01-01,AKTIF
711351395927,468162026883715,OSS-7140692,PD LAZUARDI (PERSERO) TBK,PD LAZUARD,GG. DIPENOGORO NO. 35,PASURUAN,ID-20,44937,(031) 310 8556,PT,DISAHKAN,DIBEKUKAN,1,1,API-P,04991-API,NIPER-76549,2026-02-01,AKTIF
177362751251,160766890073512,OSS-1291606,CV WIBISONO MAYASARI,WIBISONO M,JL. SURYAKENCANA NO. 05,KOTA ADMINISTRASI JAKARTA UTARA,ID-72,32056,+62 (15) 106-6843,Perum,DISAHKAN,TIDAK AKTIF,0,1,,,NIPER-55525,2026-02-06,AKTIF
378590821183,702746731558669,OSS-4413787,PERUM UYAINAH WIJAYANTI (PERSERO) TBK,PERUM UYAI,JL. CIWASTRA NO. 12,KOTA ADMINISTRASI JAKARTA TIMUR,ID-29,03215,+62 (007) 621 1723,Perum,TERDAFTAR,TIDAK AKTIF,1,0,API-U,88293-API,,2026-02-27,AKTIF
469061096033,564303913018611,OSS-7059250,PERUM USAMAH,PERUM USAM,JL. TUBAGUS ISMAIL NO. 6,YOGYAKARTA,ID-64,76778,087 130 8483,Firma,TERDAFTAR,AKTIF,0,0,,,,2026-02-10,AKTIF
768160855717,490584968814499,OSS-0803586,UD GUNAWAN WULANDARI,UD GUNAWAN,GANG PASIRKOJA NO. 09,GORONTALO,ID-60,45352,(0911) 110 8518,Firma,PROSES,AKTIF,1,0,API-U,46689-API,,2026-02-17,AKTIF
716886207506,446966146740600,OSS-8623889,PD SARAGIH,PD SARAGIH,GG. KUTISARI SELATAN NO. 14,SERANG,ID-64,25715,+62 (0400) 829 1557,CV,PROSES,TIDAK AKTIF,0,1,,,NIPER-38555,2026-01-18,AKTIF
836983754408,890699324968382,OSS-6234178,UD HALIMAH,UD HALIMAH,GG. KAPTEN MUSLIHAT NO. 55,JAYAPURA,ID-54,75182,+62 (032) 155 3439,Perum,DISAHKAN,AKTIF,1,1,API-U,25718-API,NIPER-63447,2026-01-25,AKTIF
874112304778,667693295406828,OSS-3041517,UD SIMANJUNTAK NASYIDAH,UD SIMANJU,JL. RAJIMAN NO. 4,BEKASI,ID-47,30669,+62 (0939) 521-5518,PT,TERDAFTAR,DIBEKUKAN,0,0,,,,2026-02-11,AKTIF
619469301946,159541958862932,OSS-3078026,PD SURYONO (PERSERO) TBK,PD SURYONO,JL. KUTAI NO. 6,BUKITTINGGI,ID-52,01346,+62-62-159-9390,Perum,PROSES,DIBEKUKAN,0,1,,,NIPER-49134,2026-02-18,AKTIF
006652853004,557868592222006,OSS-5977414,CV UYAINAH (PERSERO) TBK,UYAINAH (P,JL. PETA NO. 068,CIREBON,ID-53,70466,087 081 7962,CV,PROSES,TIDAK AKTIF,1,0,API-U,11671-API,,2026-01-15,AKTIF
730292231969,128313583119661,OSS-3164340,UD ZULAIKA HARTATI (PERSERO) TBK,UD ZULAIKA,GG. MERDEKA NO. 86,TANJUNGPINANG,ID-33,84083,+62 (38) 994-2155,CV,TERDAFTAR,AKTIF,1,0,API-P,70377-API,,2026-01-21,AKTIF
258566146994,442359536796540,OSS-8515556,CV WINARSIH (PERSERO) TBK,WINARSIH (,GANG S. PARMAN NO. 8,PASURUAN,ID-90,38080,082 383 4088,Firma,DISAHKAN,TIDAK AKTIF,0,1,,,NIPER-76124,2026-02-08,AKTIF
599143539595,691720703679889,OSS-3736301,CV HALIMAH TBK,HALIMAH TB,GANG R.E MARTADINATA NO. 184,PROBOLINGGO,ID-98,89052,+62 (084) 409-0025,CV,DISAHKAN,DIBEKUKAN,0,0,,,,2026-01-14,AKTIF
673702197617,432641722551458,OSS-8501829,PERUM ISWAHYUDI,PERUM ISWA,JL. JEND. A. YANI NO. 39,BALIKPAPAN,ID-46,99073,+62 (0883) 403 9060,Perum,DISAHKAN,DIBEKUKAN,0,0,,,,2026-02-23,AKTIF
180632543107,427990772625701,OSS-6580464,SAFITRI SITORUS,SAFITRI SI,JALAN GARDUJATI NO. 57,MATARAM,ID-45,28183,+62 (53) 817 9335,PT,TERDAFTAR,DIBEKUKAN,0,0,,,,2026-01-19,AKTIF
262539213429,880387408618259,OSS-4949390,UD MARBUN,UD MARBUN,JALAN LEMBONG NO. 950,SABANG,ID-74,44607,(088) 999-1618,Firma,PROSES,DIBEKUKAN,0,1,,,NIPER-46964,2026-02-10,AKTIF
029106337273,978671381175980,OSS-8947137,PT WAHYUDIN UYAINAH TBK (DUPLICATE),WAHYUDIN U,JL. KUTAI NO. 45,MEULABOH,ID-27,49602,+62-744-818-0496,PT,DISAHKAN,AKTIF,0,0,,,,2026-02-18,AKTIF
961986144301,776269732292993,OSS-0123970,CV SAFITRI TBK,SAFITRI TB,JALAN OTTO ISKANDARDINATA NO. 6,PALANGKARAYA,ID-94,13641,+62-008-029-9997,CV,TERDAFTAR,AKTIF,0,0,,,,2026-02-10,AKTIF
053276549632,793510806327218,OSS-5238003,CV WIBOWO KURNIAWAN (PERSERO) TBK,WIBOWO KUR,JALAN KAPTEN MUSLIHAT NO. 539,TASIKMALAYA,ID-80,62726,+62-038-073-8424,CV,TERDAFTAR,TIDAK AKTIF,1,0,API-P,32173-API,,2026-02-03,AKTIF
029017698307,021809078691452,OSS-1613390,UD HALIMAH HALIM TBK,UD HALIMAH,GANG RUNGKUT INDUSTRI NO. 4,PADANGPANJANG,ID-80,97376,(0406) 370-1408,CV,TERDAFTAR,TIDAK AKTIF,0,1,,,NIPER-68077,2026-01-19,AKTIF
389059509428,168362577210872,OSS-7410591,PD PERTIWI (PERSERO) TBK,PD PERTIWI,GANG DIPATIUKUR NO. 4,TASIKMALAYA,ID-24,29643,+62 (221) 732 8424,Perum,PROSES,TIDAK AKTIF,0,0,,,,2026-01-06,AKTIF
116543010385,241658418709813,OSS-9938771,UD HANDAYANI,UD HANDAYA,GANG YOS SUDARSO NO. 89,BONTANG,ID-74,98975,(006) 113-8358,Perum,DISAHKAN,DIBEKUKAN,0,0,,,,2026-02-14,AKTIF
481158449932,324041284882777,OSS-0082197,PERUM PANGESTU HIDAYANTO (PERSERO) TBK (DUPLICATE),PERUM PANG,JL. KIARACONDONG NO. 604,BANJARBARU,ID-55,71259,+62 (056) 197 8310,Firma,TERDAFTAR,AKTIF,0,1,,,NIPER-76580,2026-02-16,AKTIF
148803401855,297954550758837,OSS-6308510,PERUM MARYATI ADRIANSYAH TBK,PERUM MARY,GG. SADANG SERANG NO. 94,TANJUNGPINANG,ID-52,01712,+62 (793) 885-9712,PT,TERDAFTAR,DIBEKUKAN,1,0,API-U,03763-API,,2026-02-17,AKTIF
397155376130,070359361856479,OSS-8330382,PD ADRIANSYAH TBK,PD ADRIANS,JL. JAMIKA NO. 150,MAGELANG,ID-28,00997,+62-334-839-9859,PT,DISAHKAN,DIBEKUKAN,1,1,API-U,06338-API,NIPER-19904,2026-02-24,AKTIF
450670142010,029848531074645,OSS-5877043,UD HASANAH SIRAIT,UD HASANAH,JALAN RAYA SETIABUDHI NO. 09,SAMARINDA,ID-71,32341,+62 (0115) 440-9426,Perum,TERDAFTAR,TIDAK AKTIF,1,1,API-U,26775-API,NIPER-04568,2026-02-20,AKTIF
204765908882,506609646782680,OSS-3794174,UD PRABOWO (PERSERO) TBK,UD PRABOWO,JALAN PETA NO. 374,MEDAN,ID-70,28122,(047) 874-8763,CV,DISAHKAN,DIBEKUKAN,0,0,,,,2026-01-21,AKTIF
827814696767,149838648878873,OSS-8129465,PD WIJAYANTI FIRMANSYAH (PERSERO) TBK,PD WIJAYAN,JL. RAJAWALI TIMUR NO. 90,MATARAM,ID-92,81664,+62-17-489-0901,PT,TERDAFTAR,AKTIF,0,0,,,,2026-02-19,AKTIF
216983602359,384716159801128,OSS-1001773,UD DONGORAN (DUPLICATE),UD DONGORA,GG. GARDUJATI NO. 84,PAGARALAM,ID-46,57307,+62 (441) 164 2250,CV,PROSES,AKTIF,1,1,API-U,03992-API,NIPER-78174,2026-01-06,AKTIF
634654250352,041386270498929,OSS-3719743,PD WAHYUNI (PERSERO) TBK,PD WAHYUNI,JALAN KEBONJATI NO. 918,JAMBI,ID-29,33243,+62 (019) 877 2482,PT,TERDAFTAR,AKTIF,1,1,API-U,10627-API,NIPER-37202,2026-01-31,AKTIF
648710270493,964117744940136,OSS-1607599,DABUKKE,DABUKKE,JL. IR. H. DJUANDA NO. 8,SUNGAI PENUH,ID-81,02562,+62-028-356-2043,PT,DISAHKAN,AKTIF,1,0,API-U,89500-API,,2026-02-09,AKTIF
063062447951,330531949796958,OSS-6780555,PD MARYADI TBK,PD MARYADI,JL. TEBET BARAT DALAM NO. 46,SURABAYA,ID-87,78513,085 445 7702,CV,PROSES,AKTIF,0,0,,,,2026-01-12,AKTIF
870036191353,057840620101524,OSS-5533524,UD SITUMORANG WULANDARI TBK,UD SITUMOR,GANG CIKUTRA TIMUR NO. 39,SAWAHLUNTO,ID-71,50024,(0142) 235 7699,PT,TERDAFTAR,TIDAK AKTIF,1,0,API-U,49068-API,,2026-01-06,AKTIF
876181035514,799118796884207,OSS-2891524,PT SAPTONO,SAPTONO,GG. PASTEUR NO. 076,KENDARI,ID-97,75481,+62 (072) 357 9888,CV,TERDAFTAR,DIBEKUKAN,1,0,API-P,23698-API,,2026-01-19,AKTIF
868431050994,970201769344736,OSS-2927462,PD NUGROHO,PD NUGROHO,JL. KUTISARI SELATAN NO. 560,SOLOK,ID-18,71711,+62-0638-774-9769,Firma,PROSES,AKTIF,1,0,API-U,51631-API,,2026-01-03,AKTIF
197795379926,926672973535105,OSS-6994471,PT UTAMA TBK,UTAMA TBK,JL. RAJIMAN NO. 912,PALOPO,ID-71,81679,+62 (061) 907-6822,Firma,PROSES,AKTIF,0,0,,,,2026-01-17,AKTIF
986161846122,922153334743712,OSS-9303363,PERUM PRASETYO MEGANTARA,PERUM PRAS,JL. SADANG SERANG NO. 4,MEULABOH,ID-77,18356,+62 (0511) 546 2102,Perum,TERDAFTAR,AKTIF,0,1,,,NIPER-51384,2026-02-25,AKTIF
222207429257,789827677074068,OSS-1740638,UD MANSUR TBK,UD MANSUR,GG. DR. DJUNJUNAN NO. 11,PALEMBANG,ID-19,59136,+62 (085) 620-1861,Perum,DISAHKAN,TIDAK AKTIF,1,0,API-P,14516-API,,2026-02-26,AKTIF
713088873317,722182731759028,OSS-7770285,UD MARYATI NAJMUDIN (PERSERO) TBK,UD MARYATI,JL. K.H. WAHID HASYIM NO. 5,BATAM,ID-71,68962,+62 (65) 476 3216,PT,DISAHKAN,AKTIF,1,1,API-U,53167-API,NIPER-07378,2026-02-20,AKTIF
080706336998,795098221040164,OSS-8188044,PERUM KUSMAWATI MANDASARI,PERUM KUSM,GG. KEBONJATI NO. 1,KOTA ADMINISTRASI JAKARTA TIMUR,ID-71,21269,+62 (0289) 464-2036,CV,PROSES,TIDAK AKTIF,1,1,API-P,25863-API,NIPER-14417,2026-01-30,AKTIF
017648519976,354847284600846,OSS-5407085,PD MARYADI,PD MARYADI,JL. KUTISARI SELATAN NO. 074,YOGYAKARTA,ID-62,83514,+62 (029) 832-1984,Firma,DISAHKAN,AKTIF,1,1,API-U,92134-API,NIPER-12521,2026-01-20,AKTIF
909891778716,674171322315943,OSS-0290830,UD MUSTOFA ANGGRIAWAN,UD MUSTOFA,GANG RONGGOWARSITO NO. 750,MOJOKERTO,ID-70,24466,087 255 3681,PT,DISAHKAN,TIDAK AKTIF,1,1,API-U,96339-API,NIPER-87333,2026-02-27,AKTIF
022948302204,501467290133788,OSS-3184180,PT USADA HANDAYANI (PERSERO) TBK,USADA HAND,GANG RAJAWALI BARAT NO. 732,KUPANG,ID-24,51386,+62 (075) 565-1739,PT,TERDAFTAR,AKTIF,1,0,API-U,42620-API,,2026-02-03,AKTIF
175481442335,215602324746879,OSS-2718551,PD HABIBI PRANOWO,PD HABIBI,GANG R.E MARTADINATA NO. 0,PEKALONGAN,ID-22,17867,+62-0936-939-4995,PT,TERDAFTAR,TIDAK AKTIF,1,0,API-U,72020-API,,2026-02-04,AKTIF
167530443928,542865383818279,OSS-5475617,PERUM NABABAN SAFITRI (PERSERO) TBK,PERUM NABA,JALAN CIKUTRA BARAT NO. 3,SALATIGA,ID-43,63690,+62 (80) 484 5833,PT,PROSES,AKTIF,1,1,API-P,95769-API,NIPER-37495,2026-01-04,AKTIF
610857327881,476174224386490,OSS-8108186,HARIYAH WIJAYANTI TBK,HARIYAH WI,JALAN S. PARMAN NO. 172,MOJOKERTO,ID-52,16459,(0794) 523 2194,Firma,PROSES,AKTIF,1,1,API-U,16800-API,NIPER-61027,2026-01-22,AKTIF
084241741909,936376133381980,OSS-0778515,ARDIANTO NASYIAH TBK,ARDIANTO N,JALAN KUTISARI SELATAN NO. 2,KOTA ADMINISTRASI JAKARTA UTARA,ID-94,09244,+62-11-282-8285,PT,TERDAFTAR,TIDAK AKTIF,0,1,,,NIPER-42532,2026-01-13,AKTIF
778145555367,419642060720153,OSS-4218333,PT YULIANTI WINARSIH TBK,YULIANTI W,GG. RAYA UJUNGBERUNG NO. 54,METRO,ID-75,79809,(0299) 091 8574,Firma,PROSES,DIBEKUKAN,1,0,API-P,62110-API,,2026-02-02,AKTIF
465720793760,942823461951144,OSS-9640565,NASYIDAH,NASYIDAH,GG. SENTOT ALIBASA NO. 953,DEPOK,ID-22,15286,+62 (27) 267-6092,Firma,DISAHKAN,TIDAK AKTIF,1,0,API-P,47729-API,,2026-02-15,AKTIF
025488348681,278075599971630,OSS-8215031,PT SUSANTI TBK,SUSANTI TB,GANG RAYA UJUNGBERUNG NO. 266,TANGERANG,ID-67,96609,+62 (898) 550 2687,CV,PROSES,TIDAK AKTIF,0,0,,,,2026-02-12,AKTIF
594280745023,868392561698577,OSS-1515411,PERUM HARDIANSYAH RAHAYU,PERUM HARD,JL. AHMAD YANI NO. 46,CIREBON,ID-34,58393,+62 (31) 447-0725,Firma,PROSES,AKTIF,0,0,,,,2026-02-26,AKTIF
663185838587,126422071425069,OSS-7025023,PD HARIYAH MARDHIYAH (PERSERO) TBK,PD HARIYAH,JL. MOCH. RAMDAN NO. 3,SAWAHLUNTO,ID-13,16109,(006) 151-3732,PT,TERDAFTAR,TIDAK AKTIF,0,0,,,,2026-02-21,AKTIF
872980202917,265134204578131,OSS-4562530,MANDALA SETIAWAN,MANDALA SE,JL. ANTAPANI LAMA NO. 131,PAGARALAM,ID-58,42143,(0780) 559 2277,Perum,TERDAFTAR,AKTIF,1,0,API-P,02604-API,,2026-02-06,AKTIF
350078733548,251773987336366,OSS-5574887,CV YUNIAR,YUNIAR,GANG SUKAJADI NO. 397,BATAM,ID-21,81548,(056) 924 1983,Perum,TERDAFTAR,AKTIF,0,0,,,,2026-02-12,AKTIF
385271466379,550236078355029,OSS-5571392,ARDIANTO KUSWANDARI TBK,ARDIANTO K,GG. R.E MARTADINATA NO. 28,MAKASSAR,ID-29,34884,089 837 8861,Firma,TERDAFTAR,AKTIF,0,0,,,,2026-02-27,AKTIF
608723299228,030217565470239,OSS-2335429,PT SAPUTRA (PERSERO) TBK,SAPUTRA (P,GG. PHH. MUSTOFA NO. 491,PALANGKARAYA,ID-66,47593,+62 (0600) 935-3331,Firma,TERDAFTAR,DIBEKUKAN,1,0,API-P,23759-API,,2026-01-06,AKTIF
247922476867,071671489579257,OSS-8523529,PT SAFITRI,SAFITRI,JALAN MERDEKA NO. 34,KOTA ADMINISTRASI JAKARTA TIMUR,ID-88,47115,+62 (822) 181 9517,PT,PROSES,AKTIF,1,1,API-P,19070-API,NIPER-67769,2026-01-30,AKTIF
148460191344,389982780205869,OSS-5073214,UD SAPUTRA RAHMAWATI (PERSERO) TBK,UD SAPUTRA,JALAN SUKABUMI NO. 93,MADIUN,ID-30,55738,+62 (736) 801 1923,Firma,PROSES,AKTIF,1,0,API-P,60376-API,,2026-03-02,AKTIF
411277816917,714706434012039,OSS-4201691,CV IRAWAN PERTIWI TBK,IRAWAN PER,GG. GEGERKALONG HILIR NO. 757,PALU,ID-80,80297,+62 (0827) 331-0158,Perum,DISAHKAN,DIBEKUKAN,0,0,,,,2026-02-13,AKTIF
535026808643,689406907458960,OSS-6014066,UD PRAKASA LAZUARDI,UD PRAKASA,GANG JEND. SUDIRMAN NO. 570,JAMBI,ID-64,89652,+62-027-607-9196,Perum,DISAHKAN,DIBEKUKAN,0,0,,,,2026-02-28,AKTIF
909645987240,899217735166811,OSS-3397367,PD MANSUR,PD MANSUR,JALAN PHH. MUSTOFA NO. 242,SUKABUMI,ID-19,41983,+62-063-236-5401,Firma,TERDAFTAR,DIBEKUKAN,1,1,API-U,81444-API,NIPER-24842,2026-01-12,AKTIF
561428276885,329038611540629,OSS-5654526,CV OKTAVIANI (PERSERO) TBK,OKTAVIANI,GG. AHMAD YANI NO. 234,MEULABOH,ID-87,09001,+62 (079) 841 2906,Perum,PROSES,TIDAK AKTIF,0,1,,,NIPER-15703,2026-02-20,AKTIF
021605179817,413565311447770,OSS-8033459,SUARTINI (PERSERO) TBK,SUARTINI (,GANG SURYAKENCANA NO. 322,PADANGPANJANG,ID-87,86850,+62 (557) 141-3088,Firma,PROSES,DIBEKUKAN,0,1,,,NIPER-88350,2026-02-02,AKTIF
702074573829,183827083606312,OSS-9917699,UD MANGUNSONG (PERSERO) TBK,UD MANGUNS,JL. MEDOKAN AYU NO. 3,LANGSA,ID-10,12744,+62 (041) 398-3159,Perum,TERDAFTAR,AKTIF,0,0,,,,2026-02-21,AKTIF
087005089996,344157508901717,OSS-8730653,UD ISWAHYUDI,UD ISWAHYU,JL. AHMAD YANI NO. 1,CILEGON,ID-70,10211,+62-025-628-2450,Firma,PROSES,AKTIF,1,0,API-U,64873-API,,2026-02-26,AKTIF
223039460763,459558720113052,OSS-4407646,PD MANGUNSONG NAMAGA,PD MANGUNS,GG. RUMAH SAKIT NO. 46,KOTA ADMINISTRASI JAKARTA PUSAT,ID-83,55845,0839782908,Firma,DISAHKAN,AKTIF,0,0,,,,2026-01-07,AKTIF
962740650158,157612820199509,OSS-3469478,PD SURYONO,PD SURYONO,JL. TUBAGUS ISMAIL NO. 5,DEPOK,ID-10,02577,+62-0516-566-6678,CV,PROSES,TIDAK AKTIF,1,0,API-P,45232-API,,2026-02-01,AKTIF
242437540254,729284222231059,OSS-2745238,UD SITUMORANG,UD SITUMOR,GANG R.E MARTADINATA NO. 841,PADANG,ID-53,27520,0885474929,CV,TERDAFTAR,TIDAK AKTIF,1,1,API-P,75170-API,NIPER-28140,2026-01-08,AKTIF
380326875496,906363504692049,OSS-5020242,PD MAYASARI TBK,PD MAYASAR,GG. MONGINSIDI NO. 21,BANJARBARU,ID-51,79525,0846309547,PT,TERDAFTAR,DIBEKUKAN,0,0,,,,2026-02-11,AKTIF
037174551249,635571395921132,OSS-5089680,PERMATA,PERMATA,JALAN SUKABUMI NO. 843,BENGKULU,ID-54,25443,+62 (012) 132 2374,PT,PROSES,AKTIF,0,1,,,NIPER-19427,2026-02-19,AKTIF
885169920498,656901998667236,OSS-6183160,PT TAMBA,TAMBA,GANG KAPTEN MUSLIHAT NO. 794,PEKANBARU,ID-52,66981,0891311535,Firma,DISAHKAN,DIBEKUKAN,0,0,,,,2026-01-19,AKTIF
220567042768,809166014789818,OSS-4422939,PERUM MARYATI SIMANJUNTAK,PERUM MARY,JALAN CIKUTRA TIMUR NO. 8,PALEMBANG,ID-30,41570,+62-61-908-5802,Firma,TERDAFTAR,TIDAK AKTIF,1,0,API-P,60324-API,,2026-02-04,AKTIF
235491149562,833266965570458,OSS-7766338,PURNAWATI MAULANA (PERSERO) TBK,PURNAWATI,GANG JOYOBOYO NO. 123,KOTA ADMINISTRASI JAKARTA PUSAT,ID-47,01574,(0602) 178-0559,CV,TERDAFTAR,AKTIF,1,1,API-P,36008-API,NIPER-00752,2026-02-02,AKTIF
729052396948,330254772098986,OSS-5285506,CV NASHIRUDDIN,NASHIRUDDI,JALAN CIHAMPELAS NO. 61,CIREBON,ID-50,24085,+62-737-810-1123,PT,DISAHKAN,DIBEKUKAN,1,1,API-P,10785-API,NIPER-57218,2026-01-20,AKTIF
948964200089,436137853552278,OSS-0815435,PT HAKIM TBK,HAKIM TBK,JL. MERDEKA NO. 1,TANGERANG,ID-52,64951,086 286 8957,CV,TERDAFTAR,AKTIF,1,0,API-U,29934-API,,2026-02-13,AKTIF
085878379213,168226080993715,OSS-1931784,PERUM PALASTRI (PERSERO) TBK,PERUM PALA,GG. KH AMIN JASUTA NO. 73,BENGKULU,ID-58,37049,+62 (0624) 554 0770,PT,DISAHKAN,TIDAK AKTIF,0,0,,,,2026-02-09,AKTIF
809915702918,260297483054330,OSS-3179867,PERUM LAKSITA,PERUM LAKS,JALAN MONGINSIDI NO. 7,PALOPO,ID-90,25764,+62 (84) 343 4075,PT,TERDAFTAR,DIBEKUKAN,1,1,API-P,78928-API,NIPER-87561,2026-02-21,AKTIF
783008513457,810413077120844,OSS-0109228,UD KURNIAWAN WASKITA (PERSERO) TBK,UD KURNIAW,JL. GEGERKALONG HILIR NO. 75,MAKASSAR,ID-11,88300,+62-38-321-0364,PT,PROSES,TIDAK AKTIF,1,1,API-P,84936-API,NIPER-63200,2026-02-15,AKTIF
868067932891,368306036483668,OSS-5622082,PERUM PUSPITA,PERUM PUSP,GANG JOYOBOYO NO. 68,AMBON,ID-15,56722,+62 (49) 789 9524,Perum,TERDAFTAR,DIBEKUKAN,0,0,,,,2026-01-08,AKTIF
500173259007,397130722113869,OSS-0871672,PT DONGORAN RAMADAN,DONGORAN R,GANG GARDUJATI NO. 19,PURWOKERTO,ID-89,70744,+62-0602-344-2252,Perum,PROSES,TIDAK AKTIF,1,0,API-U,16025-API,,2026-01-01,AKTIF
523605736118,191047635884261,OSS-8775246,UD WASITA LAKSITA TBK,UD WASITA,GANG RAYA SETIABUDHI NO. 8,KOTA ADMINISTRASI JAKARTA TIMUR,ID-78,58002,(059) 684 9010,Perum,DISAHKAN,TIDAK AKTIF,1,1,API-U,05582-API,NIPER-38516,2026-01-09,AKTIF
317328742578,622892820031116,OSS-6104870,UD NARPATI FUJIATI TBK,UD NARPATI,GANG AHMAD DAHLAN NO. 45,SURABAYA,ID-19,30067,+62 (636) 685-9688,Perum,DISAHKAN,AKTIF,1,0,API-P,84544-API,,2026-01-12,AKTIF
830177626094,927453795696826,OSS-0692804,PD SUSANTI,PD SUSANTI,JL. MOCH. TOHA NO. 500,PALEMBANG,ID-62,60028,+62 (503) 847 1068,Perum,PROSES,DIBEKUKAN,0,1,,,NIPER-97317,2026-01-07,AKTIF
132823192365,448514538902681,OSS-3597742,PERUM HARTATI HUTASOIT,PERUM HART,GG. CIKUTRA TIMUR NO. 225,MANADO,ID-28,99668,080 266 8310,PT,TERDAFTAR,DIBEKUKAN,0,0,,,,2026-02-12,AKTIF
256284278747,755668146170485,OSS-4351158,PERUM KUSUMO AGUSTINA (PERSERO) TBK,PERUM KUSU,JALAN H.J MAEMUNAH NO. 425,MATARAM,ID-67,14976,(0263) 261-9970,Perum,DISAHKAN,AKTIF,1,1,API-P,13541-API,NIPER-62731,2026-02-17,AKTIF
003816060326,124433749568896,OSS-8273470,CV SURYONO ASTUTI (PERSERO) TBK,SURYONO AS,GANG AHMAD DAHLAN NO. 20,SURABAYA,ID-10,06728,+62 (36) 083 5233,Perum,TERDAFTAR,TIDAK AKTIF,1,0,API-U,91998-API,,2026-03-01,AKTIF
046337861371,576605384444630,OSS-6000258,UD NARPATI TBK,UD NARPATI,JALAN KENDALSARI NO. 6,SAMARINDA,ID-16,26265,082 631 2819,Firma,TERDAFTAR,AKTIF,0,0,,,,2026-02-20,AKTIF
125655254425,270452612782923,OSS-6606626,CV HASSANAH RAHMAWATI TBK,HASSANAH R,GANG IR. H. DJUANDA NO. 2,BONTANG,ID-87,43000,+62 (0902) 439 0127,Perum,TERDAFTAR,TIDAK AKTIF,1,0,API-U,79147-API,,2026-01-02,AKTIF
076233275094,448317493601616,OSS-8763073,CV MARYADI WAHYUNI TBK,MARYADI WA,GANG AHMAD DAHLAN NO. 639,PALEMBANG,ID-24,13898,0810295788,Perum,PROSES,DIBEKUKAN,1,1,API-P,22335-API,NIPER-86234,2026-01-29,AKTIF
147593097377,716066040164880,OSS-5144752,CV MULYANI (PERSERO) TBK,MULYANI (P,GG. MEDOKAN AYU NO. 19,SUBULUSSALAM,ID-43,87223,+62-017-970-8414,Perum,PROSES,AKTIF,1,0,API-P,46463-API,,2026-02-14,AKTIF
848795930003,706721532044054,OSS-5203281,UD WIJAYANTI (PERSERO) TBK,UD WIJAYAN,GG. CIKUTRA TIMUR NO. 67,BANJARMASIN,ID-84,57270,+62-0731-003-3829,CV,DISAHKAN,TIDAK AKTIF,0,0,,,,2026-02-09,AKTIF
493012875076,339689246863321,OSS-3683344,PD NAINGGOLAN SAEFULLAH,PD NAINGGO,GANG MOCH. RAMDAN NO. 395,PEKALONGAN,ID-47,30361,+62-169-929-1694,CV,TERDAFTAR,TIDAK AKTIF,0,1,,,NIPER-66281,2026-02-01,AKTIF
971715235964,744056059410243,OSS-7606073,PD HIDAYANTO (PERSERO) TBK,PD HIDAYAN,GG. M.H THAMRIN NO. 836,PROBOLINGGO,ID-31,60825,(0214) 220-1087,Firma,DISAHKAN,AKTIF,1,1,API-U,14829-API,NIPER-33384,2026-01-01,AKTIF
503599650850,584495854896811,OSS-7807471,UD YULIARTI AGUSTINA TBK,UD YULIART,JALAN KH AMIN JASUTA NO. 106,SABANG,ID-12,12545,(093) 885 4570,Perum,DISAHKAN,TIDAK AKTIF,0,0,,,,2026-01-22,AKTIF
249278523461,512167608960106,OSS-6589782,CV UWAIS TBK (DUPLICATE),UWAIS TBK,JL. STASIUN WONOKROMO NO. 40,TEBINGTINGGI,ID-86,50398,(038) 346 6908,CV,TERDAFTAR,DIBEKUKAN,1,0,API-U,14498-API,,2026-01-23,AKTIF
593297150968,832753273524103,OSS-9773973,PD MARDHIYAH YUNIAR,PD MARDHIY,JALAN PACUAN KUDA NO. 10,TANGERANG SELATAN,ID-66,87616,+62 (0819) 807 7046,PT,DISAHKAN,TIDAK AKTIF,1,0,API-P,05687-API,,2026-02-20,AKTIF
666538442621,543853041887117,OSS-0233921,CV HALIMAH (PERSERO) TBK,HALIMAH (P,GG. RAJAWALI BARAT NO. 722,SIBOLGA,ID-32,80759,+62-839-263-2503,Perum,DISAHKAN,TIDAK AKTIF,1,1,API-U,86827-API,NIPER-60939,2026-01-12,AKTIF
985941661215,691085119766496,OSS-7119614,PT SIHOMBING,SIHOMBING,JALAN SADANG SERANG NO. 43,PALU,ID-63,52832,(042) 692-2664,PT,DISAHKAN,DIBEKUKAN,1,1,API-P,00914-API,NIPER-17625,2026-01-16,AKTIF
169970567317,996917693174295,OSS-5194804,UD HABIBI,UD HABIBI,GANG SETIABUDHI NO. 620,PALEMBANG,ID-19,80610,+62-309-398-5242,PT,PROSES,DIBEKUKAN,1,1,API-P,47793-API,NIPER-44783,2026-02-23,AKTIF
550807610403,115110420020789,OSS-2208661,UD SINAGA PRASTUTI TBK,UD SINAGA,GG. H.J MAEMUNAH NO. 0,TANGERANG SELATAN,ID-32,43965,0897928101,PT,TERDAFTAR,AKTIF,0,0,,,,2026-01-23,AKTIF
737538483370,736715436891759,OSS-0965862,UD HASTUTI,UD HASTUTI,JL. KUTISARI SELATAN NO. 982,MADIUN,ID-28,59745,+62 (0572) 649-3405,CV,PROSES,DIBEKUKAN,0,0,,,,2026-03-01,AKTIF
292721113144,804263481421134,OSS-8339461,CV NASYIDAH,NASYIDAH,GANG OTTO ISKANDARDINATA NO. 8,DENPASAR,ID-16,00338,+62-0206-087-5233,PT,TERDAFTAR,TIDAK AKTIF,0,1,,,NIPER-14082,2026-01-25,AKTIF
511748636938,058460704351759,OSS-3172610,UD WIDODO (PERSERO) TBK,UD WIDODO,GANG KUTAI NO. 12,MAGELANG,ID-34,88997,+62 (585) 379-9788,PT,TERDAFTAR,AKTIF,0,1,,,NIPER-16680,2026-02-23,AKTIF
521289915114,551293913044881,OSS-8984841,SARAGIH ANDRIANI (PERSERO) TBK,SARAGIH AN,JALAN HOS. COKROAMINOTO NO. 190,PARIAMAN,ID-77,75681,+62 (0298) 315 2291,Perum,DISAHKAN,DIBEKUKAN,1,1,API-U,07322-API,NIPER-83608,2026-01-09,AKTIF
248138344280,577224878996020,OSS-1137433,UD NASYIDAH (PERSERO) TBK,UD NASYIDA,GANG DR. DJUNJUNAN NO. 1,TANJUNGBALAI,ID-71,21535,(019) 897-2169,PT,DISAHKAN,TIDAK AKTIF,0,0,,,,2026-01-02,AKTIF
749285063606,838205322657760,OSS-7964873,UD RAHIMAH MARBUN,UD RAHIMAH,GG. CIUMBULEUIT NO. 9,BUKITTINGGI,ID-87,02686,+62 (570) 917 4196,CV,PROSES,TIDAK AKTIF,1,0,API-U,14045-API,,2026-01-30,AKTIF
534814172203,564424973863151,OSS-0149350,PERUM NAMAGA,PERUM NAMA,GANG STASIUN WONOKROMO NO. 06,BINJAI,ID-63,36030,087 336 3350,Firma,PROSES,TIDAK AKTIF,0,0,,,,2026-01-04,AKTIF
823228793283,748318357262819,OSS-9796892,UD UYAINAH TBK,UD UYAINAH,JALAN PASTEUR NO. 8,BATAM,ID-59,61510,+62-529-705-4584,PT,PROSES,DIBEKUKAN,0,0,,,,2026-02-27,AKTIF
156697975012,113915987315009,OSS-0442557,UD YUNIAR KUSUMO,UD YUNIAR,GG. DIPATIUKUR NO. 597,SORONG,ID-45,80410,+62-017-521-6050,PT,TERDAFTAR,AKTIF,0,0,,,,2026-02-12,AKTIF
867637431503,759727477799904,OSS-1643453,PD HASSANAH,PD HASSANA,GG. BKR NO. 0,BALIKPAPAN,ID-30,67419,+62 (004) 050-3363,Firma,TERDAFTAR,TIDAK AKTIF,0,0,,,,2026-02-28,AKTIF
883970271203,700342239263754,OSS-8364177,CV SAMOSIR MARPAUNG,SAMOSIR MA,JL. CIUMBULEUIT NO. 3,PONTIANAK,ID-98,47144,(0279) 032-8534,Perum,DISAHKAN,TIDAK AKTIF,0,0,,,,2026-02-10,AKTIF
757313005103,973409024593749,OSS-0370785,CV KUSUMO HARDIANSYAH (DUPLICATE),KUSUMO HAR,GG. JEND. A. YANI NO. 5,TERNATE,ID-59,90530,086 866 0476,CV,DISAHKAN,DIBEKUKAN,0,0,,,,2026-02-04,AKTIF
562172792841,593110438106085,OSS-6414645,CV MUSTOFA (PERSERO) TBK,MUSTOFA (P,JALAN SENTOT ALIBASA NO. 281,PALOPO,ID-45,52364,+62 (18) 800-2832,Firma,DISAHKAN,TIDAK AKTIF,0,0,,,,2026-02-08,AKTIF
314698036584,484358859807123,OSS-6098581,CV PERMADI SAPTONO,PERMADI SA,JL. KENDALSARI NO. 608,SIBOLGA,ID-60,96495,+62 (0638) 221 3611,CV,DISAHKAN,TIDAK AKTIF,1,1,API-P,99800-API,NIPER-41499,2026-02-20,AKTIF
185067165726,284987769453147,OSS-3799650,UD NAJMUDIN LAKSITA (PERSERO) TBK,UD NAJMUDI,GANG PELAJAR PEJUANG NO. 4,PEMATANGSIANTAR,ID-78,13678,+62-0777-014-3634,CV,TERDAFTAR,TIDAK AKTIF,0,0,,,NIPER-CONFLICT,2026-01-25,AKTIF
293708609157,725214605997775,OSS-3399829,PERUM MANULLANG (PERSERO) TBK,PERUM MANU,GANG PASIRKOJA NO. 760,CIREBON,ID-43,35251,+62 (062) 484-9904,PT,PROSES,DIBEKUKAN,1,1,API-U,73010-API,NIPER-72188,2026-01-10,AKTIF
360794817090,562463539722973,OSS-2597529,PERUM RAJASA,PERUM RAJA,JALAN RAJAWALI BARAT NO. 85,LUBUKLINGGAU,ID-17,11013,+62 (99) 168 3670,Perum,DISAHKAN,TIDAK AKTIF,1,0,API-U,41506-API,,2026-01-01,AKTIF
658271336769,519491999648191,OSS-5977814,UD PUSPITA SUSANTI TBK,UD PUSPITA,GANG CIHAMPELAS NO. 00,TARAKAN,ID-47,81975,+62 (30) 465 8863,Firma,DISAHKAN,AKTIF,1,0,API-P,93124-API,,2026-01-21,AKTIF
930022909979,499000749309344,OSS-3363234,PERUM JAILANI (PERSERO) TBK (DUPLICATE),PERUM JAIL,JL. LEMBONG NO. 2,MAGELANG,ID-53,18610,(034) 285 1612,Perum,TERDAFTAR,DIBEKUKAN,0,0,,,,2026-01-29,AKTIF
309194968357,912923585293125,OSS-6707219,RAJATA RAHIMAH TBK,RAJATA RAH,GG. GARDUJATI NO. 944,KOTA ADMINISTRASI JAKARTA SELATAN,ID-56,22369,+62 (948) 171-2306,CV,DISAHKAN,TIDAK AKTIF,0,0,,,,2026-02-16,AKTIF
579798351245,758099583732001,OSS-3077160,PERUM AGUSTINA GUNAWAN TBK,PERUM AGUS,GANG RAJAWALI TIMUR NO. 71,PADANGPANJANG,ID-67,11162,084 437 6313,PT,DISAHKAN,AKTIF,0,1,,,NIPER-71368,2026-02-24,AKTIF
601515325947,950740717327980,OSS-5950310,PD SUWARNO,PD SUWARNO,JALAN LASWI NO. 9,AMBON,ID-44,52036,+62-089-411-8491,Firma,DISAHKAN,DIBEKUKAN,0,1,,,NIPER-35992,2026-02-16,AKTIF
481755253912,552500308973760,OSS-2787033,YUNIAR SIRAIT,YUNIAR SIR,JALAN CIHAMPELAS NO. 928,PONTIANAK,ID-28,74360,+62 (0898) 833-6281,CV,DISAHKAN,DIBEKUKAN,1,0,API-P,75060-API,,2026-01-09,AKTIF
826899008441,455325815016109,OSS-9331476,PERUM SAFITRI MAYASARI TBK,PERUM SAFI,GG. H.J MAEMUNAH NO. 866,KOTA ADMINISTRASI JAKARTA PUSAT,ID-91,81743,+62-95-328-5950,Perum,DISAHKAN,DIBEKUKAN,1,1,API-P,04586-API,NIPER-04145,2026-02-12,AKTIF
134047940454,650761881895717,OSS-2336614,PERUM PUSPASARI SUDIATI,PERUM PUSP,GANG CIHAMPELAS NO. 8,BANJARBARU,ID-15,51402,(002) 755-4897,Firma,DISAHKAN,AKTIF,1,0,API-U,35769-API,,2026-01-04,AKTIF
399702146169,047610296544190,OSS-4377029,PD FIRMANSYAH SITOMPUL (PERSERO) TBK,PD FIRMANS,GANG JEND. A. YANI NO. 724,SURAKARTA,ID-32,56048,+62 (119) 906-5632,CV,PROSES,TIDAK AKTIF,0,1,,,NIPER-26791,2026-02-09,AKTIF
963748448921,306560474828140,OSS-1313031,CV MAULANA TBK,MAULANA TB,JL. CEMPAKA NO. 28,PADANG,ID-85,34375,+62 (29) 999-3991,CV,PROSES,TIDAK AKTIF,1,0,API-P,68969-API,,2026-03-01,AKTIF
673414486339,491009822099431,OSS-1606380,CV HIDAYAT TBK,HIDAYAT TB,JALAN S. PARMAN NO. 556,SUNGAI PENUH,ID-26,06650,(0693) 268-4736,Perum,DISAHKAN,TIDAK AKTIF,0,1,,,NIPER-40397,2026-01-29,AKTIF
247152589996,739031697281885,OSS-8407343,PERUM DAMANIK,PERUM DAMA,JALAN PELAJAR PEJUANG NO. 98,TARAKAN,ID-58,58970,+62 (054) 227 0955,Perum,PROSES,DIBEKUKAN,1,1,API-U,77200-API,NIPER-53688,2026-02-18,AKTIF
651603920927,756294488829563,OSS-6956766,PT RAJASA PRAYOGA,RAJASA PRA,JL. DIPATIUKUR NO. 8,PANGKALPINANG,ID-61,10903,+62 (041) 962 5531,Perum,PROSES,AKTIF,0,0,,,,2026-02-16,AKTIF
729976656206,703933677744108,OSS-4397118,BUDIMAN PRATAMA,BUDIMAN PR,JL. RUMAH SAKIT NO. 8,PARIAMAN,ID-54,73203,+62 (006) 664 6518,PT,PROSES,AKTIF,1,1,API-P,47887-API,NIPER-97888,2026-02-24,AKTIF
822375228700,957533992348332,OSS-5414928,PERUM PUDJIASTUTI TBK,PERUM PUDJ,GANG SUNIARAJA NO. 721,TANGERANG SELATAN,ID-11,02255,+62 (0047) 499-7109,PT,DISAHKAN,AKTIF,1,0,API-P,45460-API,,2026-01-12,AKTIF
833909143318,753570226782443,OSS-4706747,PD SURYATMI,PD SURYATM,GANG CIKAPAYANG NO. 778,AMBON,ID-22,74215,(073) 985-2608,Perum,TERDAFTAR,DIBEKUKAN,0,0,,,,2026-02-01,AKTIF
413090915386,028262542041231,OSS-9057720,UD HARYANTO (PERSERO) TBK,UD HARYANT,GANG DIPENOGORO NO. 3,KOTA ADMINISTRASI JAKARTA TIMUR,ID-19,38109,(0941) 224-8709,PT,TERDAFTAR,TIDAK AKTIF,0,0,,,,2026-01-09,AKTIF
786315354376,558547863227558,OSS-6314823,PD RAJATA (PERSERO) TBK (DUPLICATE),PD RAJATA,JALAN JAKARTA NO. 7,LUBUKLINGGAU,ID-74,31006,+62 (621) 203 5096,Perum,DISAHKAN,TIDAK AKTIF,0,1,,,NIPER-61668,2026-02-24,AKTIF
694489197875,551551067606912,OSS-3917376,PD HALIMAH,PD HALIMAH,GANG RONGGOWARSITO NO. 74,SUBULUSSALAM,ID-14,24488,+62-27-087-6871,PT,TERDAFTAR,TIDAK AKTIF,1,1,API-U,83991-API,NIPER-04330,2026-02-14,AKTIF
539913854131,818271918162741,OSS-0258855,NOVITASARI,NOVITASARI,GG. DIPENOGORO NO. 874,KOTA ADMINISTRASI JAKARTA BARAT,ID-47,59964,(008) 725 4777,Perum,DISAHKAN,DIBEKUKAN,1,0,API-P,53881-API,,2026-02-04,AKTIF
192283491430,921527259783367,OSS-4089120,PERUM PADMASARI TBK,PERUM PADM,GANG KUTAI NO. 8,BEKASI,ID-36,25620,0836108802,CV,DISAHKAN,AKTIF,1,0,API-U,57016-API,,2026-01-05,AKTIF
288148356315,735348370839263,OSS-7443335,SAPTONO PRASETYO TBK,SAPTONO PR,JL. WARINGIN NO. 17,BANJAR,ID-19,20651,(0934) 046-7825,CV,TERDAFTAR,AKTIF,0,1,,,NIPER-45183,2026-02-24,AKTIF
869782922169,958669346547226,OSS-9848583,CV OKTAVIANI SIREGAR,OKTAVIANI,JL. S. PARMAN NO. 5,TUAL,ID-65,87996,0846081062,Firma,DISAHKAN,TIDAK AKTIF,1,0,API-P,00342-API,,2026-02-13,AKTIF
934705038436,469721776710719,OSS-2479807,PERUM LAILASARI BUDIMAN TBK,PERUM LAIL,GG. SURAPATI NO. 104,MAGELANG,ID-32,20237,082 545 3432,Perum,DISAHKAN,DIBEKUKAN,1,1,API-U,94107-API,NIPER-97075,2026-02-10,AKTIF
177565702316,283298312358520,OSS-8119797,LESTARI TBK,LESTARI TB,GANG MOCH. TOHA NO. 88,TARAKAN,ID-32,41672,081 394 0535,Firma,DISAHKAN,AKTIF,0,0,,,,2026-01-12,AKTIF
855098901041,796827835451854,OSS-6561208,JAILANI,JAILANI,GANG CIHAMPELAS NO. 77,BANJAR,ID-47,75551,+62 (043) 457-5975,Perum,PROSES,TIDAK AKTIF,0,1,,,NIPER-61519,2026-02-19,AKTIF
676870954927,480847773177340,OSS-5244341,CV ADRIANSYAH,ADRIANSYAH,GANG SURYAKENCANA NO. 3,BONTANG,ID-61,93278,(060) 162-3943,Perum,PROSES,AKTIF,1,0,API-U,74398-API,,2026-01-09,AKTIF
525504570701,853921085742663,OSS-4718018,PERUM HARDIANSYAH PERMATA,PERUM HARD,GG. KUTISARI SELATAN NO. 8,PADANG,ID-56,90669,+62-0546-226-6521,CV,TERDAFTAR,DIBEKUKAN,1,0,API-U,49590-API,,2026-01-19,AKTIF
271682133851,663184983413457,OSS-0817753,CV PRASETYA TBK,PRASETYA T,GANG RAYA SETIABUDHI NO. 30,BONTANG,ID-69,61380,+62-056-347-4382,Perum,DISAHKAN,AKTIF,1,0,API-U,88259-API,,2026-01-23,AKTIF
366222889933,972550321438135,OSS-5004215,PD USAMAH TBK,PD USAMAH,GANG PASIR KOJA NO. 75,MAGELANG,ID-49,74138,+62-0580-814-7019,Perum,DISAHKAN,TIDAK AKTIF,1,1,API-P,72574-API,NIPER-83036,2026-01-27,AKTIF
586349940347,260720462217347,OSS-1271145,SIRAIT,SIRAIT,GG. BKR NO. 9,CIMAHI,ID-22,03977,+62 (254) 332-5545,CV,DISAHKAN,AKTIF,0,0,,,,2026-01-30,AKTIF
045057326630,562597223709144,OSS-2884583,PD ARDIANTO,PD ARDIANT,JALAN WONOAYU NO. 330,PANGKALPINANG,ID-25,62928,(0504) 532 8248,Firma,DISAHKAN,DIBEKUKAN,0,0,,,,2026-01-11,AKTIF
671299679212,997935746435355,OSS-5962998,CV SUWARNO BUDIMAN,SUWARNO BU,JALAN GEDEBAGE SELATAN NO. 7,PAGARALAM,ID-22,06713,+62 (50) 499-3141,CV,DISAHKAN,DIBEKUKAN,0,0,,,,2026-02-27,AKTIF
928102760846,324036460118869,OSS-3332580,PT MARYATI OKTAVIANI (DUPLICATE),MARYATI OK,GANG KUTISARI SELATAN NO. 0,PASURUAN,ID-11,16830,+62-675-210-1702,PT,PROSES,AKTIF,0,1,,,NIPER-85583,2026-01-09,AKTIF
987681605191,702423637437380,OSS-1318434,CV SITUMORANG,SITUMORANG,GG. STASIUN WONOKROMO NO. 611,TERNATE,ID-34,76207,+62-478-735-4145,Perum,PROSES,AKTIF,0,1,,,NIPER-56473,2026-02-09,AKTIF
572123107879,678335749990143,OSS-3466186,PERUM SUDIATI RAJATA (PERSERO) TBK,PERUM SUDI,GANG PASIR KOJA NO. 2,SAWAHLUNTO,ID-40,10315,+62 (0675) 687 8849,PT,DISAHKAN,TIDAK AKTIF,0,1,,,NIPER-61634,2026-01-16,AKTIF
905744488809,802932051762927,OSS-8304488,CV WINARNO,WINARNO,GANG MONGINSIDI NO. 0,KOTA ADMINISTRASI JAKARTA BARAT,ID-15,05257,0887676027,Perum,TERDAFTAR,DIBEKUKAN,1,0,API-U,31991-API,,2026-01-06,AKTIF
403507695559,355881082277547,OSS-7774592,UD LAZUARDI (PERSERO) TBK,UD LAZUARD,JALAN PETA NO. 9,PARIAMAN,ID-11,90070,+62 (0559) 484-9674,PT,TERDAFTAR,DIBEKUKAN,0,0,,,,2026-02-12,AKTIF
534619198787,582735623261002,OSS-7031442,PT HAKIM (PERSERO) TBK,HAKIM (PER,JL. ABDUL MUIS NO. 37,SURABAYA,ID-19,17292,0883229837,Perum,DISAHKAN,AKTIF,1,1,API-U,46122-API,NIPER-07073,2026-01-21,AKTIF
082882305046,360588656276708,OSS-1521150,CV MAHENDRA SIHOMBING TBK,MAHENDRA S,JALAN PETA NO. 26,PEKANBARU,ID-30,29033,+62 (68) 575 8497,PT,DISAHKAN,DIBEKUKAN,1,1,API-P,04440-API,NIPER-35295,2026-01-28,AKTIF
774714227244,911982623081365,OSS-9467573,UD HAKIM (PERSERO) TBK,UD HAKIM (,GG. GEDEBAGE SELATAN NO. 17,PAGARALAM,ID-12,32490,(090) 700 2424,Perum,TERDAFTAR,DIBEKUKAN,0,1,,,NIPER-59894,2026-02-25,AKTIF
820698300034,433786562891918,OSS-5893453,PT KUSWANDARI (PERSERO) TBK,KUSWANDARI,GANG CIKUTRA TIMUR NO. 900,SUNGAI PENUH,ID-80,31833,+62 (958) 996 7337,PT,DISAHKAN,TIDAK AKTIF,1,1,API-P,54825-API,NIPER-65822,2026-01-02,AKTIF
100115477349,431487225578564,OSS-1354741,PERUM SITOMPUL YULIANTI TBK,PERUM SITO,GG. JAKARTA NO. 285,MALANG,ID-52,95794,(0581) 660-2841,PT,TERDAFTAR,TIDAK AKTIF,0,0,,,,2026-01-04,AKTIF
634292421959,730912185273411,OSS-4613315,UD NAPITUPULU (PERSERO) TBK,UD NAPITUP,JALAN BKR NO. 044,PALOPO,ID-27,81109,(059) 845-5766,PT,TERDAFTAR,AKTIF,0,0,,,,2026-01-11,AKTIF
272799503771,202283916510331,OSS-4059531,PD HIDAYAT TBK,PD HIDAYAT,GG. GEDEBAGE SELATAN NO. 501,SINGKAWANG,ID-70,97659,+62 (588) 691 2370,PT,DISAHKAN,DIBEKUKAN,1,1,API-U,92189-API,NIPER-27114,2026-02-09,AKTIF
578733148774,286581298381468,OSS-9364158,PT NURAINI ISWAHYUDI TBK,NURAINI IS,JALAN SUKAJADI NO. 1,TANJUNGPINANG,ID-12,70189,+62 (45) 798-3585,Firma,TERDAFTAR,TIDAK AKTIF,0,0,,,,2026-01-11,AKTIF
751404445376,006773306655621,OSS-2613716,PT PRAYOGA (PERSERO) TBK,PRAYOGA (P,JALAN SENTOT ALIBASA NO. 00,PANGKALPINANG,ID-26,16917,+62 (0187) 861 4873,Firma,TERDAFTAR,AKTIF,0,0,,,,2026-02-01,AKTIF
812072171151,989093552771232,OSS-4805076,PD KURNIAWAN HARDIANSYAH,PD KURNIAW,GG. CIHAMPELAS NO. 552,BANDUNG,ID-71,33721,+62-0877-816-8110,Perum,DISAHKAN,DIBEKUKAN,0,0,,,,2026-01-24,AKTIF
937325969845,331904899174198,OSS-2802616,PD MARYATI SIREGAR,PD MARYATI,GG. PASTEUR NO. 9,PEKALONGAN,ID-63,53140,(0666) 309-6825,Perum,TERDAFTAR,TIDAK AKTIF,1,1,API-P,61100-API,NIPER-42624,2026-02-10,AKTIF
481832192855,445189520284576,OSS-5213283,PERUM SUSANTI NOVITASARI,PERUM SUSA,GANG CIUMBULEUIT NO. 207,LHOKSEUMAWE,ID-76,27985,+62 (40) 132-2342,Perum,DISAHKAN,TIDAK AKTIF,1,0,API-P,32161-API,,2026-02-25,AKTIF
090921465142,603626027985296,OSS-9998284,PT NURDIYANTI MARYATI,NURDIYANTI,GG. CEMPAKA NO. 7,DENPASAR,ID-84,28384,+62 (0246) 997 4141,CV,PROSES,TIDAK AKTIF,0,1,,,NIPER-58851,2026-01-21,AKTIF
927678146562,275912443323154,OSS-4844826,PT SARAGIH TBK,SARAGIH TB,GG. SUKABUMI NO. 2,SUBULUSSALAM,ID-33,71116,+62 (198) 842-4078,CV,TERDAFTAR,TIDAK AKTIF,0,1,,,NIPER-18041,2026-01-21,AKTIF
577026127990,584076697723097,OSS-3301343,CV MARDHIYAH (PERSERO) TBK,MARDHIYAH,GG. SILIWANGI NO. 2,MANADO,ID-67,48125,(038) 839-6859,CV,TERDAFTAR,AKTIF,0,0,,,,2026-02-25,AKTIF
992807635823,357323195317592,OSS-7482961,UD MANDALA (PERSERO) TBK,UD MANDALA,GG. LEMBONG NO. 119,GORONTALO,ID-25,42562,+62 (0581) 865 9632,Perum,TERDAFTAR,AKTIF,1,1,API-P,04238-API,NIPER-71556,2026-01-13,AKTIF
952766540577,817066913032373,OSS-4504967,CV IRAWAN SUDIATI,IRAWAN SUD,GANG ABDUL MUIS NO. 6,KOTA ADMINISTRASI JAKARTA BARAT,ID-59,58738,0899653033,Firma,PROSES,TIDAK AKTIF,1,0,API-U,83887-API,,2026-01-12,AKTIF
035704634413,374130645654934,OSS-4173156,PT MANDALA,MANDALA,GG. JAKARTA NO. 220,PEKANBARU,ID-27,04249,+62 (24) 547 7917,PT,DISAHKAN,TIDAK AKTIF,0,1,,,NIPER-48412,2026-01-22,AKTIF
745956263516,091077726644739,OSS-5262777,PERUM SIMBOLON SAPTONO (PERSERO) TBK,PERUM SIMB,GG. KUTISARI SELATAN NO. 60,LANGSA,ID-94,45872,+62 (0072) 053 4043,Perum,PROSES,AKTIF,1,1,API-P,58260-API,NIPER-74693,2026-02-11,AKTIF
459867392112,196187200102927,OSS-1822909,UD WIBOWO TBK,UD WIBOWO,GG. SILIWANGI NO. 461,TANGERANG,ID-67,47141,+62 (067) 396 4506,PT,TERDAFTAR,DIBEKUKAN,0,0,,,,2026-02-09,AKTIF
351057555737,596232335449257,OSS-2811966,GUNARTO,GUNARTO,GG. CEMPAKA NO. 6,PAREPARE,ID-97,29511,+62 (15) 350 0212,CV,PROSES,DIBEKUKAN,1,1,API-P,64163-API,NIPER-68851,2026-01-12,AKTIF
197453145955,080029069547356,OSS-4272943,PT FIRGANTORO SURYATMI (PERSERO) TBK (DUPLICATE),FIRGANTORO,GANG CIKUTRA BARAT NO. 8,KOTA ADMINISTRASI JAKARTA SELATAN,ID-34,47023,(007) 417-0602,CV,PROSES,TIDAK AKTIF,1,1,API-P,25255-API,NIPER-31341,2026-02-16,AKTIF
540167518666,136412627659900,OSS-9985638,PT RAHMAWATI TBK,RAHMAWATI,GANG CIKUTRA TIMUR NO. 181,MATARAM,ID-75,99964,+62 (034) 031 2563,CV,PROSES,AKTIF,1,1,API-U,27498-API,NIPER-21675,2026-01-26,AKTIF
677751429260,543147674111071,OSS-9100687,KUSUMO HARTATI,KUSUMO HAR,GANG KUTAI NO. 94,TOMOHON,ID-12,50839,(026) 581 3662,Perum,DISAHKAN,TIDAK AKTIF,0,0,,,,2026-02-25,AKTIF
516730953267,084886865629258,OSS-2282801,CV PRASASTA WAHYUDIN,PRASASTA W,GG. MONGINSIDI NO. 5,PRABUMULIH,ID-55,67678,+62-96-458-3744,Perum,PROSES,AKTIF,0,0,,,,2026-02-13,AKTIF
349649912054,632972859636361,OSS-8271962,PD MULYANI HASSANAH (PERSERO) TBK,PD MULYANI,JALAN S. PARMAN NO. 37,PONTIANAK,ID-52,64397,+62 (042) 576 6172,CV,DISAHKAN,DIBEKUKAN,0,0,,,,2026-01-16,AKTIF
454949861194,470029899698522,OSS-9821623,PD NATSIR TBK,PD NATSIR,GANG SETIABUDHI NO. 62,BONTANG,ID-99,57227,+62 (26) 387 6267,PT,TERDAFTAR,TIDAK AKTIF,1,0,API-U,01021-API,,2026-01-03,AKTIF
482072712633,402937813267273,OSS-3262776,UD FUJIATI SUSANTI TBK,UD FUJIATI,GANG JAYAWIJAYA NO. 74,SAMARINDA,ID-98,49931,+62-675-726-6849,Perum,DISAHKAN,DIBEKUKAN,1,1,API-P,05366-API,NIPER-78320,2026-02-19,AKTIF
095653429875,688175025216174,OSS-9877842,UD PRATAMA PRADIPTA,UD PRATAMA,GANG HOS. COKROAMINOTO NO. 22,BANJARBARU,ID-20,84650,+62 (027) 272-5982,Firma,TERDAFTAR,AKTIF,0,0,,,,2026-02-11,AKTIF
270472334466,610514961806862,OSS-8868879,UD RAMADAN SUARTINI,UD RAMADAN,JL. SURYAKENCANA NO. 9,BAU-BAU,ID-40,95613,+62 (0408) 833-1838,CV,TERDAFTAR,DIBEKUKAN,1,1,API-P,01693-API,NIPER-47691,2026-01-25,AKTIF
094952444389,589756444624842,OSS-6855611,PT YULIANTI,YULIANTI,JALAN R.E MARTADINATA NO. 0,AMBON,ID-97,71910,+62 (0152) 501-3902,CV,TERDAFTAR,TIDAK AKTIF,1,1,API-P,99923-API,NIPER-43242,2026-01-13,AKTIF
541580152223,550774893834377,OSS-0106290,PERUM SARAGIH TBK,PERUM SARA,GG. PASIR KOJA NO. 643,TANJUNGPINANG,ID-37,39529,(088) 220-0244,CV,PROSES,AKTIF,0,1,,,NIPER-10145,2026-02-23,AKTIF
332788557492,627773023603165,OSS-0875517,PERUM SUARTINI MANSUR,PERUM SUAR,JALAN TEBET BARAT DALAM NO. 71,KOTA ADMINISTRASI JAKARTA PUSAT,ID-24,42318,+62 (014) 073-1919,CV,TERDAFTAR,TIDAK AKTIF,1,0,API-U,75683-API,,2026-01-18,AKTIF
751382444293,454626657540172,OSS-0944030,PT SINAGA THAMRIN,SINAGA THA,JL. RAJAWALI TIMUR NO. 067,JAYAPURA,ID-81,20310,+62-65-232-1132,PT,DISAHKAN,TIDAK AKTIF,1,1,API-P,30424-API,NIPER-41491,2026-01-23,AKTIF
311645520513,266199840448463,OSS-6984102,PD NAMAGA LAILASARI,PD NAMAGA,GG. SADANG SERANG NO. 1,SUBULUSSALAM,ID-45,29640,+62-17-182-4675,CV,PROSES,DIBEKUKAN,0,0,,,,2026-02-03,AKTIF
177207447227,643911722837519,OSS-8287048,PERUM SITUMORANG (PERSERO) TBK,PERUM SITU,JALAN SUKABUMI NO. 969,TERNATE,ID-67,68775,+62 (0118) 476 2974,CV,PROSES,DIBEKUKAN,1,0,API-P,94979-API,,2026-01-24,AKTIF
769300707652,127245299592114,OSS-6312932,PT SANTOSO TAMPUBOLON,SANTOSO TA,GANG KEBONJATI NO. 8,LANGSA,ID-85,64974,+62 (0752) 517 4773,Firma,PROSES,AKTIF,1,0,API-U,59344-API,,2026-02-28,AKTIF
991627765029,425012291535375,OSS-9271976,PT WALUYO MARBUN TBK,WALUYO MAR,JL. AHMAD DAHLAN NO. 107,BINJAI,ID-46,74460,0834864917,PT,TERDAFTAR,TIDAK AKTIF,1,1,API-P,50783-API,NIPER-12331,2026-01-30,AKTIF
502186439025,143516288026884,OSS-6232026,PERUM LAKSITA PRATAMA (PERSERO) TBK (DUPLICATE),PERUM LAKS,JALAN SUKAJADI NO. 09,PALU,ID-16,60591,(092) 283-9382,Perum,PROSES,AKTIF,0,0,,,,2026-01-15,AKTIF
725058333430,311587605457694,OSS-7576945,UD PERMADI FUJIATI,UD PERMADI,GANG SUNIARAJA NO. 98,BATAM,ID-51,34212,+62 (450) 809 5948,Perum,TERDAFTAR,DIBEKUKAN,0,0,,,,2026-01-14,AKTIF
557740891691,856983059922156,OSS-7986161,PD HASANAH SIHOTANG (DUPLICATE),PD HASANAH,GANG DIPENOGORO NO. 075,PEKALONGAN,ID-29,84044,+62 (0414) 410-8981,PT,TERDAFTAR,TIDAK AKTIF,1,0,API-U,52701-API,,2026-01-26,AKTIF
801370209819,401469613607727,OSS-2045098,PD PUTRA,PD PUTRA,JL. LASWI NO. 01,TARAKAN,ID-17,62510,+62 (0946) 173-0515,Firma,PROSES,AKTIF,1,0,API-U,13320-API,,2026-01-09,AKTIF
305209674919,912352796137786,OSS-8414830,CV SURYONO BUDIYANTO,SURYONO BU,GANG CIKUTRA BARAT NO. 109,DENPASAR,ID-60,83806,+62 (091) 971 2565,CV,PROSES,AKTIF,1,0,API-U,78883-API,,2026-02-06,AKTIF
988245709860,900594609676381,OSS-2724996,PT LATUPONO PUSPASARI,LATUPONO P,GANG SURYAKENCANA NO. 433,DENPASAR,ID-74,79873,+62-76-252-9512,Perum,TERDAFTAR,DIBEKUKAN,0,0,,,,2026-01-31,AKTIF
787999497734,126061040304996,OSS-2313923,PERUM KUSWANDARI,PERUM KUSW,JL. DR. DJUNJUNAN NO. 7,TANJUNGPINANG,ID-99,05004,+62 (40) 899 5056,Firma,TERDAFTAR,DIBEKUKAN,1,1,API-P,68541-API,NIPER-88292,2026-01-11,AKTIF
972652735435,209042177625349,OSS-2929831,PERUM LESTARI PRATAMA TBK,PERUM LEST,JALAN W.R. SUPRATMAN NO. 3,MADIUN,ID-34,93929,+62-60-078-0686,Firma,TERDAFTAR,TIDAK AKTIF,1,0,API-U,71773-API,,2026-01-20,AKTIF
286452082192,323269427342254,OSS-1451092,UD SIMANJUNTAK WIDODO (PERSERO) TBK,UD SIMANJU,GANG ANTAPANI LAMA NO. 608,SEMARANG,ID-53,03219,(055) 953 7233,Firma,DISAHKAN,DIBEKUKAN,1,0,API-U,27350-API,,2026-01-07,AKTIF
714158046572,118728843597903,OSS-5651169,LAILASARI LAILASARI TBK,LAILASARI,JL. TEBET BARAT DALAM NO. 595,CIREBON,ID-48,08580,+62 (0267) 269 6682,Perum,DISAHKAN,DIBEKUKAN,0,1,,,NIPER-49474,2026-02-28,AKTIF
362334704071,469714797341855,OSS-9508374,PD FIRGANTORO (PERSERO) TBK,PD FIRGANT,JL. RUNGKUT INDUSTRI NO. 10,PALU,ID-60,90017,+62-067-949-0786,Perum,TERDAFTAR,TIDAK AKTIF,0,1,,,NIPER-92855,2026-02-13,AKTIF
703673108099,478732235461342,OSS-1281040,CV WAHYUNI TBK,WAHYUNI TB,GANG JEND. A. YANI NO. 67,TUAL,ID-91,92928,+62 (515) 075-6120,Firma,TERDAFTAR,DIBEKUKAN,1,0,API-U,47686-API,,2026-01-16,AKTIF
935392820031,322867785083415,OSS-6228009,PERUM UTAMI IRAWAN TBK,PERUM UTAM,GANG TUBAGUS ISMAIL NO. 17,BANDAR LAMPUNG,ID-47,75279,+62-015-735-3487,PT,PROSES,DIBEKUKAN,1,1,API-P,20061-API,NIPER-94565,2026-02-03,AKTIF
206850021089,249507622358749,OSS-3615514,CV THAMRIN WIDIASTUTI,THAMRIN WI,GG. GEGERKALONG HILIR NO. 4,BANDA ACEH,ID-10,57829,+62 (061) 178-7692,Firma,DISAHKAN,AKTIF,0,0,,,,2026-03-02,AKTIF
634229929266,647979995408987,OSS-1155473,UD WASKITA SUDIATI TBK,UD WASKITA,JALAN ASIA AFRIKA NO. 24,SURABAYA,ID-11,50737,+62 (038) 835 0574,Firma,TERDAFTAR,DIBEKUKAN,0,1,,,NIPER-67228,2026-02-15,AKTIF
214357243349,110045531086992,OSS-3427348,HARYANTI,HARYANTI,GG. JOYOBOYO NO. 6,YOGYAKARTA,ID-60,29244,+62 (051) 949-0002,Firma,TERDAFTAR,DIBEKUKAN,0,1,,,NIPER-53665,2026-01-15,AKTIF
863438056830,562586842370825,OSS-2986643,PD HUTAGALUNG,PD HUTAGAL,JL. R.E MARTADINATA NO. 81,MOJOKERTO,ID-94,09960,+62 (526) 812 2274,CV,DISAHKAN,AKTIF,0,0,,,,2026-01-25,AKTIF
549078725505,415190937577079,OSS-6061694,CV UTAMA,UTAMA,GG. STASIUN WONOKROMO NO. 695,SEMARANG,ID-37,82770,(099) 226-9156,Firma,TERDAFTAR,AKTIF,1,1,API-P,94906-API,NIPER-08276,2026-02-20,AKTIF
771047847458,601128566568827,OSS-3124452,PT DAMANIK,DAMANIK,JL. SURAPATI NO. 062,BANDA ACEH,ID-68,89072,+62 (0686) 096 3514,CV,DISAHKAN,DIBEKUKAN,0,0,,,,2026-01-28,AKTIF
244644235986,484092702907542,OSS-2489801,PD WIBISONO (PERSERO) TBK (DUPLICATE),PD WIBISON,JL. RUMAH SAKIT NO. 6,TUAL,ID-21,68140,+62-0484-545-3679,Perum,TERDAFTAR,TIDAK AKTIF,0,0,,,,2026-02-14,AKTIF
732427869163,365526833747219,OSS-3165370,NASYIAH KUSWANDARI,NASYIAH KU,JALAN MEDOKAN AYU NO. 45,BANJAR,ID-18,15264,(051) 498-9850,Perum,DISAHKAN,AKTIF,1,1,API-P,23489-API,NIPER-51504,2026-02-15,AKTIF
937062723526,436113887057162,OSS-9847548,PT HABIBI PURNAWATI TBK,HABIBI PUR,JALAN PASTEUR NO. 99,PEKANBARU,ID-27,85601,(068) 586-7789,PT,TERDAFTAR,AKTIF,1,1,API-P,53249-API,NIPER-75393,2026-01-31,AKTIF
368474883607,658173906375791,OSS-4521182,PD RAHAYU PRAYOGA,PD RAHAYU,GG. KENDALSARI NO. 89,BANJARMASIN,ID-15,46452,+62-059-960-4387,CV,DISAHKAN,DIBEKUKAN,1,1,API-U,87535-API,NIPER-77881,2026-01-01,AKTIF
721514940976,263748453986289,OSS-5090591,PERUM HARYANTO,PERUM HARY,JL. PACUAN KUDA NO. 2,BANDAR LAMPUNG,ID-39,15116,(066) 725 2145,CV,DISAHKAN,TIDAK AKTIF,1,1,API-U,26471-API,NIPER-24633,2026-01-24,AKTIF
646051069003,441449119637543,OSS-8609372,PD UYAINAH (PERSERO) TBK,PD UYAINAH,JL. MOCH. TOHA NO. 0,SAWAHLUNTO,ID-60,21966,+62 (0434) 850-6550,Firma,PROSES,TIDAK AKTIF,1,0,API-U,54072-API,,2026-02-12,AKTIF
753321157144,033083921359287,OSS-1566311,PUSPASARI PERTIWI TBK (DUPLICATE),PUSPASARI,GANG DR. DJUNJUNAN NO. 2,PAREPARE,ID-54,70800,+62 (146) 424 0600,CV,DISAHKAN,TIDAK AKTIF,1,1,API-P,58010-API,NIPER-00153,2026-01-31,AKTIF
420147575612,643103295414538,OSS-6591622,PERUM SAMOSIR LATUPONO,PERUM SAMO,JL. LEMBONG NO. 0,TARAKAN,ID-73,86423,086 107 8921,PT,PROSES,DIBEKUKAN,0,1,,,NIPER-31104,2026-01-20,AKTIF
731001879401,846883536488876,OSS-3205268,PERUM NAJMUDIN TBK,PERUM NAJM,JL. CIHAMPELAS NO. 9,PADANGPANJANG,ID-76,97567,+62 (017) 515-2822,Perum,TERDAFTAR,DIBEKUKAN,1,1,API-P,04158-API,NIPER-17560,2026-02-17,AKTIF
505412174251,548670246613857,OSS-5327687,PD WIDODO TBK,PD WIDODO,GG. JAYAWIJAYA NO. 52,JAYAPURA,ID-44,54211,+62-524-339-3266,CV,PROSES,TIDAK AKTIF,0,0,,,,2026-01-18,AKTIF
066429579268,954570802491547,OSS-2099329,UD HARYANTI RAMADAN,UD HARYANT,JALAN JAKARTA NO. 459,PEKANBARU,ID-47,26477,+62 (000) 754 1958,Firma,DISAHKAN,TIDAK AKTIF,0,1,,,NIPER-63192,2026-02-19,AKTIF
409050442188,884940380111597,OSS-4359110,PERUM SURYONO ARDIANTO (PERSERO) TBK,PERUM SURY,JL. JAYAWIJAYA NO. 437,PADANG,ID-65,35979,0855211524,Firma,TERDAFTAR,DIBEKUKAN,1,1,API-P,29242-API,NIPER-20502,2026-02-10,AKTIF
767721903404,384279788191485,OSS-8078361,UD FIRMANSYAH HARTATI,UD FIRMANS,JALAN CEMPAKA NO. 339,TARAKAN,ID-66,29233,+62-095-849-8254,Firma,PROSES,DIBEKUKAN,1,0,API-U,49481-API,,2026-02-12,AKTIF
632019019094,596765929667149,OSS-6397684,PD SURYONO TBK,PD SURYONO,GG. GARDUJATI NO. 7,BALIKPAPAN,ID-58,17853,+62 (633) 098-0026,PT,TERDAFTAR,TIDAK AKTIF,1,0,API-U,50180-API,,2026-01-14,AKTIF
524236129226,769577981955377,OSS-5398245,PERUM SIMANJUNTAK (PERSERO) TBK (DUPLICATE),PERUM SIMA,JALAN HOS. COKROAMINOTO NO. 503,PANGKALPINANG,ID-43,47333,+62 (0282) 400 6127,Perum,DISAHKAN,AKTIF,0,0,,,,2026-01-18,AKTIF
046861114576,832102192378584,OSS-7129618,CV PANGESTU,PANGESTU,JALAN SUNIARAJA NO. 508,BINJAI,ID-33,98042,+62 (373) 377 7312,Perum,PROSES,TIDAK AKTIF,1,1,API-P,68812-API,NIPER-28217,2026-03-01,AKTIF
419911908781,371609730511496,OSS-0783618,PERUM SINAGA TBK,PERUM SINA,GG. DR. DJUNJUNAN NO. 749,MANADO,ID-45,14830,+62 (044) 566 7394,PT,PROSES,AKTIF,0,1,,,NIPER-19770,2026-01-14,AKTIF
832941484687,879807803677675,OSS-0391041,PT PUSPASARI WACANA (PERSERO) TBK,PUSPASARI,GANG YOS SUDARSO NO. 819,BEKASI,ID-22,33874,+62 (33) 931-6608,Perum,TERDAFTAR,DIBEKUKAN,0,0,,,,2026-02-05,AKTIF
243233302399,344606069430695,OSS-2357865,PERUM SAMOSIR ISWAHYUDI,PERUM SAMO,JALAN RONGGOWARSITO NO. 0,METRO,ID-99,48854,0875311980,Firma,PROSES,AKTIF,0,1,,,NIPER-42554,2026-02-15,AKTIF
208259927677,740363909532613,OSS-2832200,PERUM MARYADI TBK,PERUM MARY,JALAN JAYAWIJAYA NO. 16,BONTANG,ID-29,53888,+62 (346) 657-7907,Perum,PROSES,AKTIF,0,1,,,NIPER-73843,2026-02-20,AKTIF
727857302394,847714673390921,OSS-3701832,UD ANGGRIAWAN NABABAN (PERSERO) TBK,UD ANGGRIA,GANG PASTEUR NO. 418,TUAL,ID-81,76515,+62-021-864-5982,PT,DISAHKAN,AKTIF,1,1,API-U,19415-API,NIPER-17638,2026-01-20,AKTIF
977650719746,294292175903901,OSS-3841284,CV ZULAIKA TBK,ZULAIKA TB,GG. KIARACONDONG NO. 73,KENDARI,ID-22,35444,+62-775-543-7069,CV,TERDAFTAR,DIBEKUKAN,0,1,,,NIPER-54595,2026-01-01,AKTIF
581152027406,678752273352948,OSS-5094023,CV HARDIANSYAH MEGANTARA TBK,HARDIANSYA,JL. PELAJAR PEJUANG NO. 2,SEMARANG,ID-92,20217,+62-718-862-9660,Perum,PROSES,AKTIF,0,0,,,,2026-01-23,AKTIF
254122055317,738061295639083,OSS-9699194,UD LAZUARDI WALUYO,UD LAZUARD,JL. SADANG SERANG NO. 41,BUKITTINGGI,ID-28,68693,(024) 226-6682,PT,TERDAFTAR,TIDAK AKTIF,1,0,API-P,21923-API,,2026-01-06,AKTIF
062932880983,221010232001867,OSS-6610089,PD MAHESWARA ANGGRIAWAN (PERSERO) TBK,PD MAHESWA,GG. SUKAJADI NO. 403,LUBUKLINGGAU,ID-63,19807,+62 (0682) 354 6951,CV,TERDAFTAR,TIDAK AKTIF,0,0,,,,2026-02-20,AKTIF
830851904740,512576293914550,OSS-4095693,UD WALUYO (DUPLICATE),UD WALUYO,JALAN BKR NO. 6,BOGOR,ID-88,25532,+62-220-223-6047,Perum,PROSES,DIBEKUKAN,0,1,,,NIPER-38953,2026-02-03,AKTIF
365348563374,884868096548070,OSS-4038767,PD PRABOWO LAKSMIWATI,PD PRABOWO,JALAN KEBONJATI NO. 3,MAGELANG,ID-98,43022,+62-68-010-4924,Perum,TERDAFTAR,AKTIF,0,1,,,NIPER-21243,2026-01-23,AKTIF
588679787959,349209782490434,OSS-9350228,PERUM ARYANI,PERUM ARYA,GG. MOCH. TOHA NO. 73,PALEMBANG,ID-54,54893,+62-70-900-4912,PT,TERDAFTAR,TIDAK AKTIF,0,0,,,,2026-01-09,AKTIF
670379634737,742950668066698,OSS-8198088,UD KURNIAWAN TBK,UD KURNIAW,GG. PASTEUR NO. 076,SABANG,ID-58,41363,+62 (0912) 098 7694,CV,DISAHKAN,TIDAK AKTIF,0,1,,,NIPER-18254,2026-01-25,AKTIF
362733089034,544684321095496,OSS-8617730,PERUM ADRIANSYAH PERTIWI (PERSERO) TBK,PERUM ADRI,GANG VETERAN NO. 709,BITUNG,ID-93,03562,+62 (762) 109 0280,PT,TERDAFTAR,DIBEKUKAN,1,0,API-P,57955-API,,2026-01-18,AKTIF
089622629913,909652110798157,OSS-0412658,PD NURAINI LAKSMIWATI (PERSERO) TBK,PD NURAINI,JL. JAMIKA NO. 029,MEULABOH,ID-52,96650,+62 (86) 298-1443,CV,TERDAFTAR,TIDAK AKTIF,1,1,API-P,54981-API,NIPER-68588,2026-01-31,AKTIF
214758812828,995951064099759,OSS-6645799,PD FIRMANSYAH PANGESTU,PD FIRMANS,JL. KIARACONDONG NO. 96,PAYAKUMBUH,ID-82,95066,(014) 165 3217,Perum,PROSES,AKTIF,0,0,,,,2026-02-02,AKTIF
683146492651,422080739776847,OSS-7610003,PD PERMATA (DUPLICATE),PD PERMATA,GG. TUBAGUS ISMAIL NO. 4,GORONTALO,ID-79,19213,+62 (921) 853-4646,Firma,DISAHKAN,AKTIF,1,0,API-P,63014-API,,2026-02-13,AKTIF
542446706592,260873907634805,OSS-0417953,PD NAINGGOLAN WIJAYANTI (PERSERO) TBK,PD NAINGGO,JL. KEBONJATI NO. 0,SABANG,ID-26,20511,+62 (85) 429-6159,Perum,DISAHKAN,AKTIF,1,1,API-U,91378-API,NIPER-91856,2026-01-01,AKTIF
706865000171,754997939065452,OSS-6078240,OKTAVIANI,OKTAVIANI,GG. TUBAGUS ISMAIL NO. 173,SALATIGA,ID-26,83406,+62 (13) 210 4216,Perum,PROSES,TIDAK AKTIF,0,0,,,,2026-01-30,AKTIF
345651234344,070806313959435,OSS-7845907,MANGUNSONG NURDIYANTI,MANGUNSONG,JL. CIUMBULEUIT NO. 642,SURABAYA,ID-93,54478,089 377 0705,Firma,DISAHKAN,AKTIF,1,1,API-U,07095-API,NIPER-06263,2026-01-12,AKTIF
304943097289,950291555913905,OSS-2741636,PD WIBISONO (PERSERO) TBK,PD WIBISON,JL. LASWI NO. 1,TANGERANG SELATAN,ID-56,62868,+62 (079) 185-0544,CV,DISAHKAN,TIDAK AKTIF,1,0,API-P,85126-API,,2026-02-24,AKTIF
896756573813,131864272233950,OSS-6099758,PERUM SIREGAR TBK,PERUM SIRE,GANG JEND. A. YANI NO. 03,BAU-BAU,ID-21,10545,+62-0275-271-0992,CV,PROSES,AKTIF,1,1,API-P,67258-API,NIPER-45292,2026-02-07,AKTIF
013086182181,095139766865271,OSS-6131764,SIHOMBING SIHOMBING (DUPLICATE),SIHOMBING,JL. SADANG SERANG NO. 7,BIMA,ID-68,58158,+62 (628) 585-8507,CV,TERDAFTAR,AKTIF,1,0,API-P,09872-API,,2026-01-09,AKTIF
832227477203,348289911827697,OSS-2246019,PURWANTI RAJASA,PURWANTI R,JALAN JOYOBOYO NO. 52,MADIUN,ID-33,61476,0842838883,Perum,TERDAFTAR,TIDAK AKTIF,1,0,API-P,01543-API,,2026-02-01,AKTIF
594511549298,695203313462688,OSS-6804317,UD MAHESWARA HARIYAH (PERSERO) TBK,UD MAHESWA,JL. YOS SUDARSO NO. 194,METRO,ID-73,41212,+62-02-081-9745,Firma,DISAHKAN,AKTIF,1,1,API-U,51661-API,NIPER-05757,2026-02-22,AKTIF
051046124481,716732167832337,OSS-3810057,PD KUSUMO NASYIAH TBK,PD KUSUMO,JALAN CIHAMPELAS NO. 665,SIBOLGA,ID-10,29957,0811187462,Perum,TERDAFTAR,AKTIF,1,1,API-U,67014-API,NIPER-20291,2026-02-16,AKTIF
862673664853,207758708943269,OSS-8344369,PERUM FIRMANSYAH TBK,PERUM FIRM,GANG CIKUTRA BARAT NO. 09,PRABUMULIH,ID-99,67200,(0342) 939 0773,Perum,TERDAFTAR,DIBEKUKAN,1,1,API-U,72954-API,NIPER-50380,2026-01-18,AKTIF
788836660902,357806935948005,OSS-5853099,PERUM PRABOWO,PERUM PRAB,GANG JEND. SUDIRMAN NO. 91,KOTAMOBAGU,ID-76,65917,+62-089-396-4687,PT,DISAHKAN,TIDAK AKTIF,1,1,API-P,56644-API,NIPER-95271,2026-02-18,AKTIF
588879470551,694097499309728,OSS-9623091,PT FARIDA SIHOTANG,FARIDA SIH,GG. LASWI NO. 89,TERNATE,ID-69,28385,(0865) 278-5854,PT,PROSES,DIBEKUKAN,1,1,API-U,97334-API,NIPER-84344,2026-01-04,AKTIF
386154640052,256177705264287,OSS-7194807,BUDIMAN WIBOWO TBK,BUDIMAN WI,JALAN KH AMIN JASUTA NO. 98,KOTA ADMINISTRASI JAKARTA SELATAN,ID-77,40748,+62 (820) 847-2967,Firma,DISAHKAN,TIDAK AKTIF,0,0,,,,2026-02-17,AKTIF
361722773228,096724089052078,OSS-1911533,CV TAMBA,TAMBA,JL. SENTOT ALIBASA NO. 72,TARAKAN,ID-16,64092,(0628) 776-3953,CV,TERDAFTAR,AKTIF,1,1,API-U,98219-API,NIPER-63525,2026-01-07,AKTIF
390074628691,105068358776631,OSS-6198640,CV LESTARI TBK,LESTARI TB,GG. CIWASTRA NO. 10,BEKASI,ID-40,52060,+62 (799) 341 2148,PT,TERDAFTAR,DIBEKUKAN,1,0,API-P,85145-API,,2026-02-18,AKTIF
170462265676,913969652880628,OSS-7868633,UD MANGUNSONG SAEFULLAH (PERSERO) TBK,UD MANGUNS,GG. KENDALSARI NO. 331,SERANG,ID-71,79030,(073) 830 2843,CV,DISAHKAN,AKTIF,1,1,API-U,95995-API,NIPER-34283,2026-01-25,AKTIF
461732698796,649126044325694,OSS-4702887,PERUM ADRIANSYAH (PERSERO) TBK,PERUM ADRI,GANG SURYAKENCANA NO. 62,KOTA ADMINISTRASI JAKARTA BARAT,ID-49,93796,+62 (084) 801-9858,PT,PROSES,AKTIF,0,1,,,NIPER-94490,2026-02-10,AKTIF
211513027466,499895956287514,OSS-3428661,PT ANGGRIAWAN NATSIR,ANGGRIAWAN,JALAN IR. H. DJUANDA NO. 3,MAGELANG,ID-61,36053,(098) 570 4302,Perum,DISAHKAN,AKTIF,0,1,,,NIPER-38545,2026-01-07,AKTIF
308580018731,439151143678621,OSS-0781871,PERUM WINARSIH,PERUM WINA,GANG RAJAWALI BARAT NO. 570,SUKABUMI,ID-43,26933,+62 (054) 230 6002,Firma,TERDAFTAR,TIDAK AKTIF,0,1,,,NIPER-30286,2026-02-25,AKTIF
832694125428,125789920231369,OSS-9886232,CV MULYANI (PERSERO) TBK (DUPLICATE),MULYANI (P,JL. ERLANGGA NO. 8,KUPANG,ID-54,25209,+62 (66) 542 0394,Perum,TERDAFTAR,DIBEKUKAN,0,1,,,NIPER-78637,2026-02-13,AKTIF
859923386333,180015337324358,OSS-3171778,PERUM BUDIYANTO (PERSERO) TBK,PERUM BUDI,GG. PHH. MUSTOFA NO. 755,BATAM,ID-18,14410,+62 (0055) 372-0450,CV,DISAHKAN,DIBEKUKAN,1,1,API-P,56127-API,NIPER-75406,2026-01-18,AKTIF
592144842988,363068885033879,OSS-0194312,PERUM MUSTOFA (PERSERO) TBK,PERUM MUST,JL. RAJAWALI TIMUR NO. 07,KOTA ADMINISTRASI JAKARTA UTARA,ID-16,73323,+62 (025) 402-1186,CV,DISAHKAN,AKTIF,0,0,,,,2026-02-03,AKTIF
573719402071,277719101646082,OSS-8219272,UD WIJAYANTI HARYANTI TBK,UD WIJAYAN,JL. KH AMIN JASUTA NO. 2,PALANGKARAYA,ID-66,33022,+62-084-851-1160,Perum,PROSES,TIDAK AKTIF,0,0,,,,2026-01-26,AKTIF
485140450133,897904845791667,OSS-0503533,UD PRASETYO (PERSERO) TBK,UD PRASETY,GANG GARDUJATI NO. 4,PURWOKERTO,ID-56,55826,+62-607-137-3260,CV,DISAHKAN,TIDAK AKTIF,0,0,,,,2026-01-06,AKTIF
263912328359,865523917857056,OSS-3107696,PERUM MUSTOFA TBK,PERUM MUST,GANG JAYAWIJAYA NO. 00,MANADO,ID-92,12053,(0511) 996-0936,CV,TERDAFTAR,AKTIF,1,1,API-U,92275-API,NIPER-13751,2026-01-20,AKTIF
649911928567,285021553830775,OSS-5821262,UD PRATAMA SUDIATI TBK,UD PRATAMA,GANG PETA NO. 6,PALOPO,ID-57,75199,+62 (098) 177-5512,PT,PROSES,DIBEKUKAN,0,1,,,NIPER-94414,2026-01-17,AKTIF
524364027011,686462252237281,OSS-7932302,UD WASITA FARIDA,UD WASITA,JL. PHH. MUSTOFA NO. 614,MAKASSAR,ID-39,93771,+62-04-090-1380,Perum,PROSES,TIDAK AKTIF,1,0,API-P,69847-API,,2026-01-17,AKTIF
909859271436,947493476889386,OSS-1618776,UD NOVITASARI (PERSERO) TBK,UD NOVITAS,JL. WONOAYU NO. 52,TANJUNGBALAI,ID-53,90053,+62 (026) 055 7402,PT,DISAHKAN,TIDAK AKTIF,1,0,API-P,84595-API,,2026-01-02,AKTIF
523375751386,896433943032617,OSS-7344576,LAKSMIWATI SUSANTI (PERSERO) TBK,LAKSMIWATI,JL. M.T HARYONO NO. 492,PASURUAN,ID-77,25019,+62 (031) 451-4536,Firma,DISAHKAN,DIBEKUKAN,1,0,API-U,20838-API,,2026-01-23,AKTIF
006217488190,960760456501638,OSS-5731968,PD BUDIYANTO (PERSERO) TBK,PD BUDIYAN,JALAN S. PARMAN NO. 378,PEKALONGAN,ID-62,26353,+62 (56) 589-9317,Firma,DISAHKAN,TIDAK AKTIF,0,0,,,,2026-02-28,AKTIF
048596048761,862239919703207,OSS-8329392,PD NABABAN PERMADI (PERSERO) TBK (DUPLICATE),PD NABABAN,JL. JEND. SUDIRMAN NO. 40,MOJOKERTO,ID-93,93767,+62-0866-355-0565,Perum,TERDAFTAR,TIDAK AKTIF,0,0,,,,2026-01-25,AKTIF
637549557517,574159091199921,OSS-6298061,PERUM SUDIATI (PERSERO) TBK,PERUM SUDI,GG. KIARACONDONG NO. 341,TANJUNGBALAI,ID-37,70912,+62-0635-837-3455,Firma,DISAHKAN,TIDAK AKTIF,1,0,API-P,64677-API,,2026-01-16,AKTIF
992715603387,885285898681843,OSS-9763090,PD PRAKASA,PD PRAKASA,GANG PELAJAR PEJUANG NO. 74,KOTA ADMINISTRASI JAKARTA UTARA,ID-70,07692,(026) 543-4759,Firma,TERDAFTAR,TIDAK AKTIF,1,0,API-U,16043-API,,2026-02-02,AKTIF
020739360021,318768626532522,OSS-0280099,PD PRANOWO (DUPLICATE),PD PRANOWO,GANG MONGINSIDI NO. 5,SURABAYA,ID-49,93152,+62 (0981) 515 9734,CV,DISAHKAN,DIBEKUKAN,0,1,,,NIPER-09194,2026-01-20,AKTIF
399431095188,857878280957283,OSS-9783018,UD USAMAH YUNIAR TBK,UD USAMAH,GG. PHH. MUSTOFA NO. 62,TANGERANG,ID-22,70327,+62 (088) 758-7509,PT,DISAHKAN,TIDAK AKTIF,1,0,API-U,80207-API,,2026-01-09,AKTIF
220368499515,421447732449134,OSS-2138820,PERUM NASYIAH,PERUM NASY,GG. ASTANA ANYAR NO. 34,TEGAL,ID-57,82741,+62 (076) 741-2415,Firma,PROSES,TIDAK AKTIF,1,0,API-U,13152-API,,2026-02-26,AKTIF
831996432788,128169045459208,OSS-8184674,PERUM PUSPITA TBK,PERUM PUSP,JL. RONGGOWARSITO NO. 86,PEMATANGSIANTAR,ID-68,80666,(032) 066-5956,Firma,DISAHKAN,DIBEKUKAN,1,0,API-P,90652-API,,2026-01-23,AKTIF
208967604062,822828859094963,OSS-0586531,CV SAPUTRA (PERSERO) TBK,SAPUTRA (P,GG. CIHAMPELAS NO. 31,PALU,ID-33,22287,+62 (0995) 893 6742,CV,TERDAFTAR,DIBEKUKAN,0,0,,,,2026-01-23,AKTIF
350640101495,460951697055800,OSS-7070757,CV WAHYUDIN RAHIMAH,WAHYUDIN R,GANG ASIA AFRIKA NO. 526,SABANG,ID-10,60409,+62-411-129-1358,Firma,PROSES,AKTIF,1,1,API-U,42374-API,NIPER-53674,2026-01-31,AKTIF
240328546270,855319279605060,OSS-4998140,UD MANSUR TBK,UD MANSUR,GANG KAPTEN MUSLIHAT NO. 561,LANGSA,ID-60,46355,+62 (85) 385-9914,PT,TERDAFTAR,DIBEKUKAN,0,0,,,,2026-02-15,AKTIF
061467158911,190033064592317,OSS-6067420,PD SUDIATI PRAKASA,PD SUDIATI,GANG R.E MARTADINATA NO. 31,SORONG,ID-66,70767,+62-073-947-4210,Firma,DISAHKAN,TIDAK AKTIF,1,1,API-U,85371-API,NIPER-09839,2026-02-12,AKTIF
333611875779,374775542022110,OSS-9897297,CV WIDODO,WIDODO,JL. KEBONJATI NO. 988,METRO,ID-71,56682,(0505) 314 1744,Firma,PROSES,DIBEKUKAN,0,0,,,,2026-01-09,AKTIF
994342769481,609590839327891,OSS-1196975,PT SIHOMBING PRADIPTA,SIHOMBING,JL. AHMAD DAHLAN NO. 5,CIREBON,ID-82,57693,085 312 1703,PT,TERDAFTAR,AKTIF,0,0,,,,2026-02-11,AKTIF
624520480057,347644967825308,OSS-7748819,UD HASSANAH ZULKARNAIN,UD HASSANA,JL. WARINGIN NO. 51,TANGERANG SELATAN,ID-37,77608,+62 (0023) 104-9914,PT,DISAHKAN,TIDAK AKTIF,0,0,,,,2026-02-10,AKTIF
480164403734,167812778221021,OSS-7982134,CV PERTIWI PALASTRI TBK,PERTIWI PA,JALAN W.R. SUPRATMAN NO. 831,PROBOLINGGO,ID-78,60539,(0079) 866 1770,PT,TERDAFTAR,TIDAK AKTIF,1,1,API-U,67368-API,NIPER-20506,2026-02-26,AKTIF
364953660014,516960662409275,OSS-9567813,PERUM PANGESTU PERMATA (PERSERO) TBK,PERUM PANG,JALAN S. PARMAN NO. 155,KOTA ADMINISTRASI JAKARTA PUSAT,ID-85,28199,+62 (080) 949 1538,Firma,PROSES,DIBEKUKAN,0,1,,,NIPER-99180,2026-01-10,AKTIF
022948302204,872874394358621,OSS-3184180,USADA HANDAYANI (PERSERO) TBK,USADA HAND,GANG RAJAWALI BARAT NO. 732,KUPANG,ID-24,51386,+62 (075) 565-1739,PT,TERDAFTAR,AKTIF,1,0,API-U,42620-API,,2026-02-03,AKTIF
290090682183,762315465898477,OSS-4689299,PD RIYANTI SAFITRI (PERSERO) TBK,PD RIYANTI,GG. SILIWANGI NO. 339,MOJOKERTO,ID-91,60327,+62 (003) 156-9254,Perum,TERDAFTAR,TIDAK AKTIF,1,1,API-P,64773-API,NIPER-92435,2026-02-19,AKTIF
941761114832,409652612166948,OSS-1001123,MAHESWARA ANDRIANI,MAHESWARA,GANG SOEKARNO HATTA NO. 6,KOTA ADMINISTRASI JAKARTA BARAT,ID-42,38368,+62 (0143) 446-2280,Firma,PROSES,DIBEKUKAN,1,0,API-U,74905-API,,2026-02-15,AKTIF
809778787983,694123532803769,OSS-4325971,UD NARPATI PRATIWI (PERSERO) TBK,UD NARPATI,GANG LEMBONG NO. 91,TANJUNGPINANG,ID-74,02431,085 793 4991,Firma,DISAHKAN,DIBEKUKAN,0,1,,,NIPER-62502,2026-01-02,AKTIF
884731628686,704829623457632,OSS-8303452,CV PUSPITA KUSMAWATI TBK (DUPLICATE),PUSPITA KU,JL. RAJIMAN NO. 7,SUBULUSSALAM,ID-92,00436,0840651289,PT,TERDAFTAR,AKTIF,1,0,API-U,49950-API,,2026-01-16,AKTIF
369499910871,988054122214338,OSS-7004078,PT BUDIYANTO,BUDIYANTO,GANG KUTISARI SELATAN NO. 5,AMBON,ID-13,00067,+62 (058) 551-8220,CV,DISAHKAN,DIBEKUKAN,0,0,,,,2026-01-12,AKTIF
339334622642,400174259144738,OSS-3336707,CV MARYATI BUDIYANTO TBK,MARYATI BU,GG. HOS. COKROAMINOTO NO. 40,PAYAKUMBUH,ID-74,10027,+62 (789) 868 7781,Perum,DISAHKAN,DIBEKUKAN,0,1,,,NIPER-16490,2026-01-03,AKTIF
947614406540,656047679379756,OSS-5200391,HARTATI PERMADI (PERSERO) TBK,HARTATI PE,JALAN WARINGIN NO. 527,GORONTALO,ID-10,50539,(076) 047-8669,PT,TERDAFTAR,DIBEKUKAN,1,0,API-P,32772-API,,2026-01-28,AKTIF
234945523076,639279317822927,OSS-5827565,RIYANTI USADA (PERSERO) TBK,RIYANTI US,JALAN M.H THAMRIN NO. 13,PEMATANGSIANTAR,ID-30,30589,(057) 524-2900,Firma,TERDAFTAR,DIBEKUKAN,0,0,,,,2026-01-08,AKTIF
688061557894,926695658000339,OSS-4531257,PD LAKSMIWATI HABIBI (PERSERO) TBK,PD LAKSMIW,GANG JEND. SUDIRMAN NO. 85,PALU,ID-42,59451,+62-589-747-9663,Perum,DISAHKAN,DIBEKUKAN,0,1,,,NIPER-64002,2026-02-15,AKTIF
567832395936,019412706618536,OSS-0878072,CV DABUKKE,DABUKKE,JL. CIKUTRA TIMUR NO. 099,MOJOKERTO,ID-92,63720,+62-734-483-6567,PT,DISAHKAN,AKTIF,0,0,,,,2026-02-27,AKTIF
960224591102,586150153534295,OSS-0161116,PD HABIBI,PD HABIBI,GG. SURAPATI NO. 66,LUBUKLINGGAU,ID-64,22132,+62 (12) 600 8325,Perum,PROSES,TIDAK AKTIF,1,0,API-P,45773-API,,2026-02-11,AKTIF
706537947383,473597746886239,OSS-2407581,UD HUTASOIT,UD HUTASOI,GANG MONGINSIDI NO. 613,MALANG,ID-77,60685,+62-0615-305-1522,Perum,TERDAFTAR,DIBEKUKAN,0,1,,,NIPER-04727,2026-02-18,AKTIF
918086178508,642007462108785,OSS-8108334,WACANA (PERSERO) TBK,WACANA (PE,GG. KUTISARI SELATAN NO. 595,BATU,ID-62,53591,+62 (094) 812-5634,Perum,DISAHKAN,TIDAK AKTIF,1,0,API-U,97496-API,,2026-02-23,AKTIF
028749072648,810503916781288,OSS-3793985,PT PUSPITA MANGUNSONG,PUSPITA MA,JALAN PELAJAR PEJUANG NO. 95,SEMARANG,ID-83,36982,+62-0207-248-6115,Perum,PROSES,TIDAK AKTIF,0,0,,,,2026-02-03,AKTIF
173891455056,420244642859525,OSS-2924209,UD MANGUNSONG,UD MANGUNS,JALAN JEND. SUDIRMAN NO. 9,DEPOK,ID-71,80772,+62 (44) 146 3327,Perum,PROSES,DIBEKUKAN,1,1,API-U,88459-API,NIPER-30506,2026-02-14,AKTIF
798170191644,093830764043696,OSS-9952134,PERUM NURAINI NOVITASARI TBK,PERUM NURA,JL. SURYAKENCANA NO. 659,TOMOHON,ID-76,11479,+62 (0599) 450-7674,Firma,PROSES,AKTIF,0,0,,,,2026-01-18,AKTIF
831730662931,518178824265594,OSS-6989062,CV HARYANTI MEGANTARA,HARYANTI M,JALAN CIHAMPELAS NO. 8,BUKITTINGGI,ID-64,37900,(054) 870-8477,CV,DISAHKAN,DIBEKUKAN,0,1,,,NIPER-95417,2026-02-04,AKTIF
453960424081,744253968527682,OSS-0918812,UD WINARNO WIBISONO,UD WINARNO,JALAN JAYAWIJAYA NO. 970,BALIKPAPAN,ID-96,90963,+62 (159) 117-5331,Firma,PROSES,DIBEKUKAN,1,1,API-U,70253-API,NIPER-37970,2026-01-07,AKTIF
929988219469,477377937819474,OSS-5282982,PT HARYANTO,HARYANTO,GG. WONOAYU NO. 77,PADANG SIDEMPUAN,ID-45,71846,+62-0529-381-3128,Firma,PROSES,DIBEKUKAN,1,0,API-P,39844-API,,2026-02-12,AKTIF
368172031369,552862092973525,OSS-9533222,CV SUSANTI NAINGGOLAN (PERSERO) TBK,SUSANTI NA,GANG WARINGIN NO. 3,JAYAPURA,ID-42,36618,+62 (076) 108-7082,PT,PROSES,AKTIF,0,1,,,NIPER-69718,2026-02-07,AKTIF
822425175214,563944078489373,OSS-4023206,PT PRABOWO,PRABOWO,JALAN WARINGIN NO. 9,TANGERANG SELATAN,ID-99,59985,(083) 345 0120,Perum,DISAHKAN,TIDAK AKTIF,0,0,,,,2026-02-14,AKTIF
279687283087,916027587484896,OSS-7520961,CV NAMAGA HARDIANSYAH,NAMAGA HAR,JL. MOCH. TOHA NO. 699,MANADO,ID-43,27044,084 956 5841,Firma,TERDAFTAR,TIDAK AKTIF,0,1,,,NIPER-50218,2026-02-16,AKTIF
722574236758,055204197975760,OSS-1108528,PERUM SUWARNO (DUPLICATE),PERUM SUWA,GANG ABDUL MUIS NO. 161,SORONG,ID-65,70912,+62 (695) 259-6317,PT,PROSES,AKTIF,0,0,,,,2026-01-10,AKTIF
370170926407,030880817262829,OSS-6824485,PT HARYANTI,HARYANTI,JALAN H.J MAEMUNAH NO. 7,BEKASI,ID-56,68069,+62 (096) 127-6620,PT,PROSES,AKTIF,1,1,API-U,80820-API,NIPER-39170,2026-02-13,AKTIF
016272046537,556464170805310,OSS-0330923,PD WINARSIH LATUPONO,PD WINARSI,GANG SOEKARNO HATTA NO. 991,LHOKSEUMAWE,ID-57,90496,(031) 931 4919,Firma,TERDAFTAR,DIBEKUKAN,1,0,API-P,05865-API,,2026-02-14,AKTIF
628468915558,229250055276701,OSS-7693915,UD PURWANTI,UD PURWANT,JL. WONOAYU NO. 4,TANGERANG,ID-45,75657,+62-64-292-2012,CV,TERDAFTAR,TIDAK AKTIF,0,1,,,NIPER-23373,2026-01-20,AKTIF
039542382217,218396098783683,OSS-3485000,PERUM PRABOWO TBK,PERUM PRAB,GANG AHMAD YANI NO. 645,BANJARBARU,ID-67,91095,0820306200,CV,PROSES,TIDAK AKTIF,0,0,,,,2026-02-18,AKTIF
853779832137,060362188479805,OSS-2922954,PD PRABOWO (PERSERO) TBK,PD PRABOWO,JALAN H.J MAEMUNAH NO. 932,MADIUN,ID-73,66387,+62 (21) 174-0983,CV,TERDAFTAR,TIDAK AKTIF,1,1,API-P,07583-API,NIPER-31844,2026-01-16,AKTIF
100764758834,351754416190406,OSS-4209000,MUSTOFA,MUSTOFA,GANG SUKABUMI NO. 4,DEPOK,ID-29,18319,+62-68-087-5573,PT,DISAHKAN,DIBEKUKAN,1,1,API-U,13785-API,NIPER-62436,2026-02-03,AKTIF
181510387868,881410150631942,OSS-6689557,UD SAFITRI SARAGIH TBK (DUPLICATE),UD SAFITRI,GG. AHMAD YANI NO. 7,MANADO,ID-51,10997,+62 (0789) 557-1637,Firma,PROSES,AKTIF,0,0,,,,2026-02-27,AKTIF
224777173164,735620511483879,OSS-1485345,PERUM SURYATMI,PERUM SURY,GG. STASIUN WONOKROMO NO. 230,BITUNG,ID-65,33581,+62-0308-136-6949,CV,PROSES,AKTIF,0,1,,,NIPER-71233,2026-02-01,AKTIF
280722298124,894405353604855,OSS-6739538,UD WULANDARI WIBOWO TBK,UD WULANDA,JL. KEBONJATI NO. 973,SAWAHLUNTO,ID-49,17557,+62 (0217) 308 0686,Firma,TERDAFTAR,TIDAK AKTIF,0,0,,,,2026-02-13,AKTIF
189189552628,333672530611002,OSS-4710797,KUSWOYO (DUPLICATE),KUSWOYO,GANG LASWI NO. 8,PALANGKARAYA,ID-35,37174,+62 (259) 511-1659,Firma,PROSES,AKTIF,0,1,,,NIPER-90611,2026-01-14,AKTIF
996633092356,540307991540273,OSS-2012953,PERUM SIMBOLON,PERUM SIMB,GG. GEGERKALONG HILIR NO. 182,TUAL,ID-76,82048,+62 (009) 305-4847,CV,DISAHKAN,DIBEKUKAN,0,1,,,NIPER-38577,2026-01-27,AKTIF
587640688992,069111294039919,OSS-8149821,CV SETIAWAN MULYANI (PERSERO) TBK (DUPLICATE),SETIAWAN M,JALAN RAYA UJUNGBERUNG NO. 08,PALOPO,ID-84,56670,(0393) 149-2419,Firma,TERDAFTAR,TIDAK AKTIF,1,1,API-U,37099-API,NIPER-93249,2026-01-09,AKTIF
701984328867,481036345602732,OSS-3885156,PERUM NURAINI,PERUM NURA,JALAN TUBAGUS ISMAIL NO. 25,TANJUNGPINANG,ID-35,92412,+62 (74) 683 1328,CV,TERDAFTAR,AKTIF,0,0,,,,2026-01-19,AKTIF
707670310051,112776138672938,OSS-3586558,CV MAYASARI,MAYASARI,GANG BKR NO. 63,TARAKAN,ID-14,06787,+62-0841-107-3429,Perum,PROSES,TIDAK AKTIF,0,0,,,,2026-02-09,AKTIF
751558577575,927351820797350,OSS-5255619,PERUM GUNAWAN RAJASA (PERSERO) TBK,PERUM GUNA,GANG YOS SUDARSO NO. 395,TEBINGTINGGI,ID-78,53644,(0290) 012 1797,Firma,DISAHKAN,DIBEKUKAN,1,0,API-P,15178-API,,2026-02-27,AKTIF
260011812307,388801221243652,OSS-1010745,PT TAMPUBOLON HABIBI,TAMPUBOLON,JL. RUNGKUT INDUSTRI NO. 7,MADIUN,ID-48,85111,+62 (041) 225 0112,CV,TERDAFTAR,DIBEKUKAN,0,1,,,NIPER-87508,2026-02-27,AKTIF
983677810708,240893513315792,OSS-0823661,CV BUDIYANTO HUTASOIT TBK,BUDIYANTO,JALAN TEBET BARAT DALAM NO. 660,SEMARANG,ID-79,11084,+62-39-092-7673,CV,TERDAFTAR,DIBEKUKAN,1,1,API-U,60863-API,NIPER-33995,2026-02-07,AKTIF
620672517264,188562577125059,OSS-5096771,CV PRANOWO SIREGAR,PRANOWO SI,GG. PHH. MUSTOFA NO. 171,JAYAPURA,ID-41,72463,+62 (084) 180 5487,PT,DISAHKAN,TIDAK AKTIF,0,1,,,NIPER-13350,2026-02-15,AKTIF
505395341839,815759811082744,OSS-0537634,PD HIDAYAT LAKSITA,PD HIDAYAT,GG. ABDUL MUIS NO. 906,KENDARI,ID-33,12537,+62 (014) 231 3113,Perum,DISAHKAN,TIDAK AKTIF,0,0,,,,2026-02-28,AKTIF
117235278417,568430307869509,OSS-1614527,CV WIJAYANTI FIRMANSYAH TBK,WIJAYANTI,GANG RAJIMAN NO. 607,SOLOK,ID-40,39821,+62-091-610-5693,PT,DISAHKAN,DIBEKUKAN,1,0,API-P,18310-API,,2026-01-18,AKTIF
715440159724,541056685179369,OSS-7066244,PD YUNIAR TBK,PD YUNIAR,GANG IR. H. DJUANDA NO. 47,SEMARANG,ID-99,82244,+62 (452) 452-0493,CV,TERDAFTAR,DIBEKUKAN,0,0,,,,2026-02-20,AKTIF
304781423459,130756290936918,OSS-2915469,PERUM LAKSITA SITOMPUL (PERSERO) TBK,PERUM LAKS,GANG H.J MAEMUNAH NO. 427,TEGAL,ID-99,93555,+62 (12) 509 0885,Perum,TERDAFTAR,AKTIF,0,0,,,,2026-01-04,AKTIF
118722824718,301817960757898,OSS-4974997,UD MARPAUNG (DUPLICATE),UD MARPAUN,GG. GEDEBAGE SELATAN NO. 486,PADANGPANJANG,ID-75,81898,+62 (006) 173-5631,PT,TERDAFTAR,AKTIF,0,0,,,,2026-01-16,AKTIF
435497129011,684414776057129,OSS-8066734,PERUM DAMANIK ARYANI (PERSERO) TBK (DUPLICATE),PERUM DAMA,JALAN VETERAN NO. 77,MAKASSAR,ID-61,58712,+62-188-152-4715,Firma,DISAHKAN,TIDAK AKTIF,0,1,,,NIPER-62643,2026-01-30,AKTIF
592820978739,351570731457704,OSS-4976023,PERUM PERMATA RIYANTI (DUPLICATE),PERUM PERM,JL. PELAJAR PEJUANG NO. 04,KOTA ADMINISTRASI JAKARTA PUSAT,ID-85,80060,089 232 2990,CV,TERDAFTAR,AKTIF,0,0,,,,2026-01-07,AKTIF
981886961158,890171872970126,OSS-8315624,WIBISONO HARDIANSYAH,WIBISONO H,JL. SURAPATI NO. 7,SINGKAWANG,ID-70,54352,(082) 194 7190,Firma,PROSES,DIBEKUKAN,1,1,API-U,23271-API,NIPER-07325,2026-02-21,AKTIF
339143827646,123955452591372,OSS-0677309,PERUM DONGORAN PERMADI (PERSERO) TBK,PERUM DONG,GANG JAMIKA NO. 753,SERANG,ID-69,93828,+62 (083) 507 3984,Firma,TERDAFTAR,DIBEKUKAN,0,1,,,NIPER-85505,2026-01-28,AKTIF
000137271047,119873872620881,OSS-6756665,UD ANGGRAINI ADRIANSYAH (PERSERO) TBK,UD ANGGRAI,JL. R.E MARTADINATA NO. 1,KENDARI,ID-21,66719,+62 (47) 802 3332,Perum,PROSES,AKTIF,1,0,API-P,37695-API,,2026-03-01,AKTIF
093609653633,422830184950778,OSS-6024896,UD PUDJIASTUTI,UD PUDJIAS,GANG PETA NO. 274,PALOPO,ID-22,01924,+62 (10) 397 1075,PT,TERDAFTAR,DIBEKUKAN,1,0,API-U,56333-API,,2026-01-10,AKTIF
490528137294,681165354811992,OSS-8828221,PERUM MANDALA WIJAYA,PERUM MAND,JL. VETERAN NO. 45,SUNGAI PENUH,ID-57,40937,+62-084-744-0820,Firma,DISAHKAN,DIBEKUKAN,1,1,API-U,25135-API,NIPER-13066,2026-02-24,AKTIF
533145252857,775445413119080,OSS-3810352,PERUM RAMADAN HALIMAH (DUPLICATE),PERUM RAMA,JALAN JEND. SUDIRMAN NO. 15,BONTANG,ID-89,06411,+62 (0182) 710 6415,PT,DISAHKAN,AKTIF,1,1,API-U,26509-API,NIPER-32343,2026-01-09,AKTIF
909877674967,194712509370091,OSS-1165377,UD ANDRIANI (PERSERO) TBK,UD ANDRIAN,JALAN S. PARMAN NO. 394,SAMARINDA,ID-61,77572,0854071499,PT,PROSES,DIBEKUKAN,0,1,,,NIPER-18916,2026-02-27,AKTIF
815796194238,021245824708070,OSS-9278574,PD SUWARNO MARPAUNG,PD SUWARNO,JALAN TEBET BARAT DALAM NO. 70,MEULABOH,ID-69,54666,+62 (07) 297 2231,CV,PROSES,TIDAK AKTIF,0,1,,,NIPER-87086,2026-01-12,AKTIF
208604845673,186916709791154,OSS-7533756,PD WALUYO TBK,PD WALUYO,GG. MERDEKA NO. 32,TANGERANG SELATAN,ID-99,31664,+62 (0331) 580 4411,Perum,DISAHKAN,DIBEKUKAN,1,0,API-U,67904-API,,2026-02-14,AKTIF
213828321732,775740533628768,OSS-8744691,UD PALASTRI TBK,UD PALASTR,GANG PETA NO. 875,PEKANBARU,ID-44,07311,(025) 355 5054,PT,TERDAFTAR,DIBEKUKAN,0,0,,,,2026-02-19,AKTIF
879054116691,153405242699696,OSS-9768699,HASTUTI,HASTUTI,GG. ANTAPANI LAMA NO. 13,SEMARANG,ID-75,40497,+62-038-341-0311,Perum,PROSES,AKTIF,1,1,API-U,15577-API,NIPER-01830,2026-02-10,AKTIF
491516644622,716892293068220,OSS-1484241,PERUM WAHYUDIN KUSWOYO,PERUM WAHY,JALAN PHH. MUSTOFA NO. 60,PAREPARE,ID-43,81390,(072) 882 6704,CV,TERDAFTAR,AKTIF,1,1,API-P,07766-API,NIPER-87228,2026-02-10,AKTIF
845843538185,448713404683318,OSS-7635514,PERUM SETIAWAN MAHESWARA,PERUM SETI,GANG SOEKARNO HATTA NO. 7,KEDIRI,ID-78,37800,(044) 008-7282,Perum,PROSES,DIBEKUKAN,1,1,API-U,72702-API,NIPER-94398,2026-01-29,AKTIF
997767849192,602299613971211,OSS-6428181,UD SETIAWAN,UD SETIAWA,GG. JAYAWIJAYA NO. 326,SUBULUSSALAM,ID-55,15140,(049) 848-1614,Perum,PROSES,AKTIF,0,1,,,NIPER-44405,2026-02-20,AKTIF
633723644697,136482704100222,OSS-7509158,PRAYOGA MANDASARI (PERSERO) TBK,PRAYOGA MA,JALAN BANGKA RAYA NO. 1,LUBUKLINGGAU,ID-10,50338,+62 (0963) 790-1938,Firma,TERDAFTAR,AKTIF,0,0,,,,2026-01-31,AKTIF
735583106212,889169404963650,OSS-8829031,PERUM ANDRIANI,PERUM ANDR,JL. SURAPATI NO. 66,TEBINGTINGGI,ID-34,85624,+62 (553) 810 9042,CV,PROSES,AKTIF,0,1,,,NIPER-98565,2026-01-16,AKTIF
302678335387,520522756850707,OSS-0995932,UD WIBISONO LAZUARDI TBK,UD WIBISON,GG. CIKUTRA BARAT NO. 26,TEBINGTINGGI,ID-51,75990,+62 (0546) 178-3188,CV,DISAHKAN,DIBEKUKAN,1,1,API-U,69735-API,NIPER-44851,2026-02-23,AKTIF
674751274530,695048625622421,OSS-5767105,UD PERMADI,UD PERMADI,JALAN RAJAWALI BARAT NO. 52,GORONTALO,ID-51,96589,+62-30-496-4519,PT,TERDAFTAR,DIBEKUKAN,1,0,API-U,86436-API,,2026-01-31,AKTIF
598762202341,326111780068114,OSS-9216433,PD UTAMI (PERSERO) TBK,PD UTAMI (,JL. BKR NO. 5,PAREPARE,ID-10,84872,0829979688,Firma,DISAHKAN,TIDAK AKTIF,1,1,API-P,45783-API,NIPER-17456,2026-02-04,AKTIF
343874612375,428041695705545,OSS-5667499,CV USAMAH HIDAYAT (PERSERO) TBK,USAMAH HID,JALAN RONGGOWARSITO NO. 231,SUBULUSSALAM,ID-15,03599,(005) 863 9492,Perum,DISAHKAN,TIDAK AKTIF,0,1,,,NIPER-01693,2026-02-05,AKTIF
625177699897,083696042644608,OSS-9887476,PD LAKSMIWATI SUWARNO,PD LAKSMIW,GANG ASTANA ANYAR NO. 13,DUMAI,ID-61,02731,+62 (078) 790-0910,Perum,PROSES,DIBEKUKAN,1,0,API-P,60282-API,,2026-02-25,AKTIF
621591669620,811356103701238,OSS-6891672,GUNARTO PRADIPTA,GUNARTO PR,JALAN K.H. WAHID HASYIM NO. 03,BALIKPAPAN,ID-22,78395,(007) 152-3408,CV,DISAHKAN,TIDAK AKTIF,1,1,API-P,63812-API,NIPER-65080,2026-01-18,AKTIF
852850188998,546762800791790,OSS-9695849,CV YULIANTI ASTUTI,YULIANTI A,GG. ANTAPANI LAMA NO. 7,MAKASSAR,ID-74,53800,+62 (067) 832-2866,PT,PROSES,DIBEKUKAN,1,0,API-U,27083-API,,2026-02-06,AKTIF
924559488731,091837516211376,OSS-6260729,UD HANDAYANI MAHENDRA (PERSERO) TBK,UD HANDAYA,GANG YOS SUDARSO NO. 955,SORONG,ID-15,21736,+62 (487) 432-1602,CV,PROSES,AKTIF,1,1,API-U,36418-API,NIPER-36665,2026-01-07,AKTIF
291632300031,889078125287608,OSS-4722329,CV PRAYOGA MARYATI,PRAYOGA MA,GANG PACUAN KUDA NO. 32,JAYAPURA,ID-81,87523,(0666) 143-0267,Firma,TERDAFTAR,TIDAK AKTIF,1,0,API-P,08140-API,,2026-02-20,AKTIF
255491615585,827218101756099,OSS-2525010,UD HIDAYAT (DUPLICATE),UD HIDAYAT,GG. HOS. COKROAMINOTO NO. 7,BANDAR LAMPUNG,ID-66,74506,+62 (0542) 594 6549,Firma,DISAHKAN,DIBEKUKAN,1,0,API-U,86638-API,,2026-02-20,AKTIF
667644988447,155522774773770,OSS-5343974,UD SAFITRI (PERSERO) TBK,UD SAFITRI,GG. CIKAPAYANG NO. 492,BEKASI,ID-75,71604,082 293 8360,Perum,DISAHKAN,TIDAK AKTIF,1,1,API-U,10419-API,NIPER-88633,2026-02-02,AKTIF
428860207602,193134573160740,OSS-8093695,SINAGA WIBOWO TBK,SINAGA WIB,GANG GEGERKALONG HILIR NO. 6,BALIKPAPAN,ID-17,08645,+62-0881-126-2887,Perum,TERDAFTAR,AKTIF,0,1,,,NIPER-53622,2026-02-10,AKTIF
701785020502,904050683524944,OSS-9974753,UD RIYANTI HARTATI TBK,UD RIYANTI,GG. JAKARTA NO. 94,BANJARMASIN,ID-61,16415,+62-740-513-3793,CV,PROSES,DIBEKUKAN,0,1,,,NIPER-76699,2026-02-13,AKTIF
777920175038,528931650653758,OSS-7084519,PRASETYO HIDAYANTO (PERSERO) TBK,PRASETYO H,GG. RUNGKUT INDUSTRI NO. 265,MALANG,ID-57,85610,(0895) 318 5598,CV,PROSES,AKTIF,1,0,API-P,48294-API,,2026-01-11,AKTIF
038575975276,348678032767444,OSS-7527113,CV LAKSITA,LAKSITA,GANG MERDEKA NO. 1,MAGELANG,ID-14,87411,(013) 456-0317,CV,TERDAFTAR,DIBEKUKAN,1,1,API-U,13760-API,NIPER-22124,2026-01-01,AKTIF
567591056396,704477714057702,OSS-5015544,PT UYAINAH TBK,UYAINAH TB,JALAN SOEKARNO HATTA NO. 37,KOTA ADMINISTRASI JAKARTA TIMUR,ID-22,55576,(033) 542-0509,CV,TERDAFTAR,AKTIF,0,1,,,NIPER-53072,2026-02-22,AKTIF
379677498796,862941589126014,OSS-9572648,UD ISWAHYUDI LATUPONO,UD ISWAHYU,JL. ASTANA ANYAR NO. 163,METRO,ID-41,40595,+62-094-057-6058,CV,DISAHKAN,AKTIF,0,1,,,NIPER-48464,2026-01-11,AKTIF
937113412023,165283607744252,OSS-3282576,PD YOLANDA PRANOWO,PD YOLANDA,JL. PASTEUR NO. 508,BOGOR,ID-99,40537,(085) 937-7525,PT,DISAHKAN,AKTIF,0,1,,,NIPER-39752,2026-01-31,AKTIF
905403359811,251540477468625,OSS-0101118,UD MARYATI,UD MARYATI,GANG RAJAWALI BARAT NO. 609,MALANG,ID-65,08763,+62 (0974) 705 3320,Perum,PROSES,AKTIF,1,1,API-P,12214-API,NIPER-21860,2026-02-28,AKTIF
745021453115,449342331581993,OSS-1455092,UD ADRIANSYAH (PERSERO) TBK,UD ADRIANS,JALAN IR. H. DJUANDA NO. 1,PROBOLINGGO,ID-20,09526,+62-627-422-5853,Firma,PROSES,DIBEKUKAN,1,1,API-U,96350-API,NIPER-29983,2026-02-28,AKTIF
987967596126,087020928930847,OSS-1627813,CV NOVITASARI TBK,NOVITASARI,JL. M.T HARYONO NO. 5,MAKASSAR,ID-24,67921,+62 (0462) 034-0768,PT,TERDAFTAR,TIDAK AKTIF,0,0,,,,2026-01-28,AKTIF
246704359979,723050987231215,OSS-5414864,CV SAFITRI TBK,SAFITRI TB,GG. RAJAWALI BARAT NO. 54,KOTA ADMINISTRASI JAKARTA SELATAN,ID-43,63877,+62-0687-855-1596,Firma,TERDAFTAR,AKTIF,0,0,,,,2026-01-23,AKTIF
430690355641,672090691221898,OSS-0326310,CV MELANI,MELANI,JALAN RUNGKUT INDUSTRI NO. 6,CIMAHI,ID-38,31912,+62 (66) 755-5383,Firma,DISAHKAN,AKTIF,1,0,API-U,73579-API,,2026-02-20,AKTIF
694930925279,830234876859814,OSS-0021931,UD HUTASOIT TBK,UD HUTASOI,GANG MONGINSIDI NO. 6,KOTA ADMINISTRASI JAKARTA PUSAT,ID-46,25881,(092) 367-2401,Perum,PROSES,TIDAK AKTIF,1,1,API-U,42919-API,NIPER-20882,2026-02-08,AKTIF
795047006225,017759174890923,OSS-9360447,PD USAMAH,PD USAMAH,GANG CIKAPAYANG NO. 5,SINGKAWANG,ID-11,52739,0831125982,PT,DISAHKAN,AKTIF,0,1,,,NIPER-21898,2026-02-05,AKTIF
796324194236,266783424894491,OSS-7600157,PERUM WIBOWO (PERSERO) TBK (DUPLICATE),PERUM WIBO,JALAN KEBONJATI NO. 8,PEKANBARU,ID-83,88294,+62-012-117-8868,PT,PROSES,DIBEKUKAN,0,1,,,NIPER-29482,2026-02-02,AKTIF
412070645399,395576735018821,OSS-0623878,CV WIJAYANTI,WIJAYANTI,GANG HOS. COKROAMINOTO NO. 5,YOGYAKARTA,ID-23,50595,(071) 783 7357,CV,TERDAFTAR,AKTIF,1,1,API-U,46771-API,NIPER-16191,2026-02-11,AKTIF
343919972879,837870582699586,OSS-5482610,PERUM PERTIWI (PERSERO) TBK,PERUM PERT,JALAN CIKAPAYANG NO. 166,TEGAL,ID-71,46063,+62-0379-088-1345,PT,PROSES,AKTIF,0,0,,,,2026-03-02,AKTIF
162585150204,502814353127943,OSS-3795311,CV PERMADI,PERMADI,GG. JEND. A. YANI NO. 52,KOTA ADMINISTRASI JAKARTA SELATAN,ID-20,86625,+62 (008) 573-8385,CV,TERDAFTAR,DIBEKUKAN,0,1,,,NIPER-54514,2026-01-21,AKTIF
020067553463,716403318555605,OSS-5803709,PERUM MAYASARI TBK,PERUM MAYA,GG. LASWI NO. 41,YOGYAKARTA,ID-47,37812,083 769 9720,Firma,DISAHKAN,TIDAK AKTIF,1,0,API-U,54801-API,,2026-02-17,AKTIF
159367535946,457526213387960,OSS-2041558,KUSUMO WINARSIH,KUSUMO WIN,GANG BANGKA RAYA NO. 121,PRABUMULIH,ID-10,31090,(092) 951 2490,Firma,PROSES,DIBEKUKAN,0,0,,,,2026-01-30,AKTIF
581799489954,548792531411247,OSS-8874958,PD MANDALA UTAMI (PERSERO) TBK,PD MANDALA,JL. PETA NO. 115,PEKANBARU,ID-50,06350,087 868 7868,Perum,TERDAFTAR,AKTIF,1,0,API-P,95355-API,,2026-01-05,AKTIF
871427322912,621398852000599,OSS-0067847,CV RAMADAN MANULLANG (PERSERO) TBK,RAMADAN MA,JL. WARINGIN NO. 88,MAGELANG,ID-22,09898,+62 (94) 801 4352,CV,TERDAFTAR,AKTIF,0,0,,,,2026-01-04,AKTIF
786340582909,704683227359471,OSS-4553401,PERUM PERMATA (DUPLICATE),PERUM PERM,GANG CEMPAKA NO. 9,PALU,ID-67,70743,+62 (0875) 002 9809,CV,DISAHKAN,AKTIF,1,1,API-U,65590-API,NIPER-42168,2026-01-18,AKTIF
501160124181,160762109692621,OSS-6847202,PD NABABAN,PD NABABAN,JALAN BKR NO. 2,KOTA ADMINISTRASI JAKARTA PUSAT,ID-62,29540,+62 (686) 429-6172,Firma,TERDAFTAR,DIBEKUKAN,1,1,API-U,47273-API,NIPER-18897,2026-02-24,AKTIF
673521608340,289740939349647,OSS-9353956,SIMBOLON SIREGAR,SIMBOLON S,JALAN TUBAGUS ISMAIL NO. 18,PADANG SIDEMPUAN,ID-27,01361,+62 (066) 732 2177,Firma,DISAHKAN,TIDAK AKTIF,0,0,,,,2026-01-27,AKTIF
944723615219,954845868371123,OSS-4098406,UD RAJASA,UD RAJASA,GG. CIUMBULEUIT NO. 53,PANGKALPINANG,ID-73,96567,(0939) 297 4052,Perum,DISAHKAN,DIBEKUKAN,0,0,,,,2026-02-13,AKTIF
558226231675,011532703414775,OSS-6886371,PD RAHAYU RAHMAWATI,PD RAHAYU,JL. RUMAH SAKIT NO. 828,CIREBON,ID-35,39657,+62 (376) 445-1256,Firma,TERDAFTAR,DIBEKUKAN,1,1,API-U,22208-API,NIPER-34644,2026-01-08,AKTIF
903188135581,039098803254286,OSS-4449476,SIHOMBING NAJMUDIN TBK (DUPLICATE),SIHOMBING,JALAN RAJAWALI BARAT NO. 09,MALANG,ID-15,24179,+62 (0245) 092-0301,PT,DISAHKAN,TIDAK AKTIF,0,1,,,NIPER-95228,2026-01-03,AKTIF
544659147907,966291345993475,OSS-7984171,PD KUSMAWATI,PD KUSMAWA,JL. PASIRKOJA NO. 45,PALOPO,ID-50,28962,+62 (74) 970 1640,Perum,DISAHKAN,DIBEKUKAN,1,1,API-U,47756-API,NIPER-65543,2026-01-25,AKTIF
076836253666,777675556283333,OSS-9395786,UD PRABOWO TBK,UD PRABOWO,JALAN R.E MARTADINATA NO. 7,SOLOK,ID-57,03358,+62 (68) 627-0369,CV,TERDAFTAR,TIDAK AKTIF,1,0,API-U,24926-API,,2026-02-23,AKTIF
166946021246,572251405087737,OSS-4988495,CV WIBISONO,WIBISONO,JL. PACUAN KUDA NO. 146,PADANGPANJANG,ID-29,71665,(0813) 049-9504,PT,TERDAFTAR,TIDAK AKTIF,0,1,,,NIPER-38964,2026-02-27,AKTIF
090203397079,417586973224183,OSS-9584231,CV PERTIWI (PERSERO) TBK,PERTIWI (P,GANG AHMAD YANI NO. 931,TERNATE,ID-72,92731,+62 (066) 815-9513,Firma,TERDAFTAR,DIBEKUKAN,0,0,,,,2026-03-02,AKTIF
016352396662,426436858095663,OSS-8983210,PD RAMADAN LAKSITA (PERSERO) TBK,PD RAMADAN,JL. PETA NO. 582,SAMARINDA,ID-14,31804,+62 (0708) 813-9139,CV,PROSES,TIDAK AKTIF,0,1,,,NIPER-40088,2026-01-26,AKTIF
883970271203,700342239263754,OSS-8364177,CV SAMOSIR MARPAUNG (DUPLICATE),SAMOSIR MA,JL. CIUMBULEUIT NO. 3,PONTIANAK,ID-98,47144,(0279) 032-8534,Perum,DISAHKAN,TIDAK AKTIF,0,0,,,,2026-02-10,AKTIF
358149188243,675800662277121,OSS-0207432,PT SIREGAR,SIREGAR,JL. CEMPAKA NO. 645,KUPANG,ID-83,12517,+62-841-750-2278,Firma,TERDAFTAR,TIDAK AKTIF,1,0,API-U,31169-API,,2026-02-21,AKTIF
897790364964,422169689286979,OSS-7934859,CV TARIHORAN KUSMAWATI (PERSERO) TBK,TARIHORAN,JL. RAYA SETIABUDHI NO. 605,SEMARANG,ID-76,81575,081 001 5447,Perum,PROSES,TIDAK AKTIF,1,0,API-P,51245-API,,2026-02-20,AKTIF
810452427722,039306442893967,OSS-3113687,PERUM MAHENDRA KUSWANDARI,PERUM MAHE,GG. JAKARTA NO. 0,LUBUKLINGGAU,ID-76,93268,+62 (22) 665 4586,Perum,TERDAFTAR,DIBEKUKAN,1,1,API-P,12138-API,NIPER-23219,2026-01-24,AKTIF
561040867325,868481062471656,OSS-9386512,UD SAPTONO,UD SAPTONO,JALAN S. PARMAN NO. 786,PANGKALPINANG,ID-76,01696,+62 (02) 336 2706,CV,DISAHKAN,TIDAK AKTIF,1,0,API-P,53813-API,,2026-02-05,AKTIF
735558328691,913448486398302,OSS-3391186,PERUM HARDIANSYAH TBK,PERUM HARD,GG. DIPATIUKUR NO. 45,SERANG,ID-71,57014,+62-25-713-0390,Perum,DISAHKAN,TIDAK AKTIF,0,0,,,,2026-01-06,AKTIF
316834870972,232105797822015,OSS-3568820,UD HARYANTI WASITA TBK,UD HARYANT,JL. LEMBONG NO. 931,BLITAR,ID-52,27021,+62 (77) 903 1408,CV,PROSES,AKTIF,1,1,API-U,94400-API,NIPER-76310,2026-02-05,AKTIF
982165061179,396490455002993,OSS-8512788,PERUM KUSWOYO PRASETYO,PERUM KUSW,JALAN DIPENOGORO NO. 16,KOTAMOBAGU,ID-70,94737,(0262) 696-7642,Perum,PROSES,AKTIF,1,1,API-U,23084-API,NIPER-32247,2026-02-26,AKTIF
110412588604,960225092011988,OSS-5526172,PD GUNARTO MAHENDRA,PD GUNARTO,JL. SOEKARNO HATTA NO. 2,SAWAHLUNTO,ID-23,60402,(0183) 010 0849,Perum,TERDAFTAR,DIBEKUKAN,0,0,,,,2026-02-24,AKTIF
443121542936,968167549271781,OSS-3834655,UD MARPAUNG SETIAWAN (PERSERO) TBK,UD MARPAUN,GANG KIARACONDONG NO. 35,SURABAYA,ID-66,56866,+62 (33) 352-5597,CV,TERDAFTAR,TIDAK AKTIF,1,0,API-U,51821-API,,2026-03-01,AKTIF
175252324342,139579656280733,OSS-5006455,UD MARYATI,UD MARYATI,JL. JAKARTA NO. 782,PEMATANGSIANTAR,ID-90,25587,+62 (93) 706-2587,PT,PROSES,DIBEKUKAN,1,0,API-U,36080-API,,2026-01-17,AKTIF
476172757355,481471266615393,OSS-9294270,SITUMORANG HALIM,SITUMORANG,GG. MERDEKA NO. 3,PALANGKARAYA,ID-15,79895,082 477 3391,CV,DISAHKAN,DIBEKUKAN,1,0,API-U,29903-API,,2026-02-19,AKTIF
213940891262,514033011917182,OSS-7021258,PT ADRIANSYAH (PERSERO) TBK,ADRIANSYAH,GG. MONGINSIDI NO. 3,BANJARBARU,ID-94,00382,(0874) 260 7754,Firma,PROSES,DIBEKUKAN,1,1,API-U,84872-API,NIPER-81453,2026-01-01,AKTIF
576801782926,889851551965781,OSS-6917231,PT SAPTONO (PERSERO) TBK,SAPTONO (P,GG. RAJAWALI BARAT NO. 1,PAREPARE,ID-54,26892,+62-005-820-9357,Perum,TERDAFTAR,DIBEKUKAN,1,1,API-P,44181-API,NIPER-46950,2026-02-01,AKTIF
763760760694,202225885238416,OSS-4979847,PT LATUPONO (PERSERO) TBK,LATUPONO (,JALAN MOCH. RAMDAN NO. 103,MEULABOH,ID-90,49492,+62-611-677-4773,PT,DISAHKAN,AKTIF,1,1,API-U,13341-API,NIPER-17027,2026-02-02,AKTIF
539641638251,172303582172633,OSS-0804808,KURNIAWAN MARBUN TBK,KURNIAWAN,GANG MOCH. RAMDAN NO. 657,BLITAR,ID-65,12716,081 098 1766,Perum,TERDAFTAR,AKTIF,1,1,API-U,35215-API,NIPER-26737,2026-02-10,AKTIF
463707315061,820908924277781,OSS-1737123,PERUM JAILANI MULYANI,PERUM JAIL,GG. SURAPATI NO. 990,TASIKMALAYA,ID-51,53664,+62 (77) 421-5229,Perum,DISAHKAN,DIBEKUKAN,1,0,API-U,95721-API,,2026-02-07,AKTIF
454188633395,747214770760881,OSS-6168814,WIBOWO WASTUTI,WIBOWO WAS,JALAN MOCH. RAMDAN NO. 30,BLITAR,ID-32,39352,+62-72-623-4112,Perum,TERDAFTAR,DIBEKUKAN,0,1,,,NIPER-39499,2026-03-02,AKTIF
723014665057,135109618970141,OSS-2980626,PT OKTAVIANI THAMRIN (PERSERO) TBK,OKTAVIANI,GG. SUKABUMI NO. 9,TASIKMALAYA,ID-34,72925,(0911) 144-6330,Firma,DISAHKAN,TIDAK AKTIF,0,0,,,,2026-01-12,AKTIF
152778702268,540277234890262,OSS-1819892,PT YULIANTI TBK,YULIANTI T,GANG TEBET BARAT DALAM NO. 863,LHOKSEUMAWE,ID-57,89549,(071) 608-9064,Perum,PROSES,AKTIF,0,1,,,NIPER-72422,2026-02-11,AKTIF
221399666237,710859706603376,OSS-1239502,PD HARTATI,PD HARTATI,JL. CIWASTRA NO. 213,LUBUKLINGGAU,ID-43,43955,086 590 2310,Firma,DISAHKAN,DIBEKUKAN,0,0,,,,2026-01-10,AKTIF
068516508648,066189283210753,OSS-6030539,CV HALIM TBK,HALIM TBK,JALAN BANGKA RAYA NO. 700,BANDUNG,ID-90,56096,+62-12-657-1470,Firma,TERDAFTAR,TIDAK AKTIF,0,0,,,,2026-03-01,AKTIF
867157421782,317307142902891,OSS-1762728,PD PRAKASA PRANOWO TBK,PD PRAKASA,JALAN AHMAD YANI NO. 620,PONTIANAK,ID-32,76335,(0830) 176-4385,Firma,PROSES,AKTIF,0,1,,,NIPER-19719,2026-01-03,AKTIF
148179265904,382423523849109,OSS-8104957,CV FUJIATI WINARSIH,FUJIATI WI,GANG ASIA AFRIKA NO. 5,BANDA ACEH,ID-95,88722,0862985426,CV,DISAHKAN,TIDAK AKTIF,1,0,API-P,56335-API,,2026-01-28,AKTIF
360678293258,697363940963362,OSS-1609813,PD SIHOMBING (PERSERO) TBK,PD SIHOMBI,JALAN CIHAMPELAS NO. 255,TEBINGTINGGI,ID-45,68890,+62-06-458-0676,Perum,PROSES,TIDAK AKTIF,1,0,API-P,22927-API,,2026-01-23,AKTIF
548995299787,729343010713966,OSS-0558303,UD HIDAYAT TBK (DUPLICATE),UD HIDAYAT,JALAN GARDUJATI NO. 5,MOJOKERTO,ID-74,23557,(0027) 278-5760,Firma,TERDAFTAR,TIDAK AKTIF,1,0,API-P,84958-API,,2026-01-07,AKTIF
807301048765,705356325251187,OSS-1650183,UD RAJATA FIRGANTORO (PERSERO) TBK,UD RAJATA,JALAN MERDEKA NO. 303,SALATIGA,ID-40,89159,+62 (812) 978 9587,Perum,PROSES,DIBEKUKAN,0,0,,,,2026-02-05,AKTIF
861207501102,481934667665061,OSS-8091901,PERUM KURNIAWAN TBK,PERUM KURN,GG. CEMPAKA NO. 60,CILEGON,ID-70,26842,+62 (0508) 821-0099,PT,DISAHKAN,TIDAK AKTIF,0,0,,,,2026-02-26,AKTIF
139519047718,673085626239241,OSS-5134017,PERUM WIDIASTUTI TBK,PERUM WIDI,GG. PASIRKOJA NO. 254,PEMATANGSIANTAR,ID-40,08164,0877397865,Firma,TERDAFTAR,AKTIF,0,0,,,,2026-02-24,AKTIF
661036472184,946046695719693,OSS-2845981,UD BUDIYANTO WASTUTI,UD BUDIYAN,GANG SOEKARNO HATTA NO. 62,SAMARINDA,ID-78,42654,+62 (0532) 941-8740,CV,TERDAFTAR,TIDAK AKTIF,1,1,API-U,45340-API,NIPER-91308,2026-02-17,AKTIF
452365677819,474473366357209,OSS-9449409,PERUM YUNIAR (PERSERO) TBK,PERUM YUNI,JALAN SUNIARAJA NO. 1,BATAM,ID-33,76923,+62-34-905-4108,Perum,TERDAFTAR,DIBEKUKAN,1,1,API-U,92832-API,NIPER-63280,2026-01-25,AKTIF
291595071627,854742905789584,OSS-2952496,CV WALUYO PADMASARI TBK,WALUYO PAD,JL. KEBONJATI NO. 0,BANJAR,ID-11,35042,+62 (853) 868-3511,Firma,PROSES,TIDAK AKTIF,0,0,,,,2026-01-06,AKTIF
158160636077,734822146704544,OSS-4084857,PERUM MARBUN WASKITA (PERSERO) TBK,PERUM MARB,JL. SUKAJADI NO. 407,SURABAYA,ID-97,60659,(0288) 859-7386,Perum,PROSES,AKTIF,1,1,API-U,83454-API,NIPER-82721,2026-02-03,AKTIF
426417852080,280181598776762,OSS-8814153,PD MANDASARI UYAINAH,PD MANDASA,JL. SUKABUMI NO. 704,SAWAHLUNTO,ID-71,27769,+62 (22) 387 0763,Perum,PROSES,TIDAK AKTIF,1,0,API-U,98940-API,,2026-02-10,AKTIF
491358147329,316218591344997,OSS-6807029,PT YOLANDA (PERSERO) TBK,YOLANDA (P,GANG YOS SUDARSO NO. 661,PADANGPANJANG,ID-57,42445,+62 (571) 079-2401,PT,TERDAFTAR,DIBEKUKAN,1,1,API-P,75760-API,NIPER-12835,2026-01-20,AKTIF
448725029462,466108076156038,OSS-3414504,PD DONGORAN PUTRA,PD DONGORA,JL. YOS SUDARSO NO. 59,TANJUNGBALAI,ID-33,03776,+62 (0317) 150-5292,CV,PROSES,DIBEKUKAN,1,1,API-P,85054-API,NIPER-72609,2026-03-01,AKTIF
086046259858,987835635928265,OSS-9628455,PT PUSPITA TBK,PUSPITA TB,GANG AHMAD YANI NO. 5,KOTA ADMINISTRASI JAKARTA TIMUR,ID-17,74732,+62 (0887) 739 5301,Perum,DISAHKAN,DIBEKUKAN,1,1,API-P,28305-API,NIPER-62759,2026-02-21,AKTIF
514503467243,282937312629150,OSS-0533852,PD LAILASARI (DUPLICATE),PD LAILASA,GANG MEDOKAN AYU NO. 7,BANJAR,ID-14,35171,+62 (0447) 568-1727,PT,TERDAFTAR,TIDAK AKTIF,1,0,API-U,01485-API,,2026-01-14,AKTIF
671558479392,308359305867371,OSS-8713662,PT RAJASA,RAJASA,GANG PACUAN KUDA NO. 9,BENGKULU,ID-68,46344,(0231) 131-4552,Firma,DISAHKAN,DIBEKUKAN,1,1,API-P,65154-API,NIPER-78757,2026-01-02,AKTIF
617568634549,642206992558300,OSS-3580875,CV RAJASA SIREGAR (PERSERO) TBK,RAJASA SIR,JALAN PHH. MUSTOFA NO. 8,BAU-BAU,ID-23,72778,+62-407-932-8181,PT,DISAHKAN,DIBEKUKAN,0,0,,,,2026-02-21,AKTIF
955651607326,121276677423904,OSS-4123078,CV HUTAGALUNG TBK,HUTAGALUNG,GANG VETERAN NO. 0,TARAKAN,ID-47,65496,+62 (73) 187-2123,Firma,PROSES,DIBEKUKAN,0,0,,,,2026-02-28,AKTIF
371834979922,910807785859919,OSS-2892176,PT PRADANA NASYIDAH (PERSERO) TBK,PRADANA NA,GANG JAKARTA NO. 46,TEBINGTINGGI,ID-30,15018,(005) 035-0907,Firma,PROSES,DIBEKUKAN,0,0,,,,2026-01-19,AKTIF
487254086505,703569721438722,OSS-0226199,CV ARYANI,ARYANI,GG. KENDALSARI NO. 55,PADANGPANJANG,ID-96,13776,+62 (079) 535 9185,Perum,TERDAFTAR,DIBEKUKAN,0,1,,,NIPER-10827,2026-01-13,AKTIF
650680622962,640404387626259,OSS-6727767,UD USADA,UD USADA,GANG KEBONJATI NO. 957,MEDAN,ID-46,85164,(0295) 746-3180,CV,TERDAFTAR,AKTIF,0,1,,,NIPER-11125,2026-02-21,AKTIF
187902458842,256805855134339,OSS-3134819,PD MULYANI WAHYUNI TBK,PD MULYANI,GANG RAYA UJUNGBERUNG NO. 952,MAKASSAR,ID-59,75426,+62-364-519-6764,Firma,PROSES,DIBEKUKAN,1,0,API-U,99057-API,,2026-02-04,AKTIF
921268293267,922688284329344,OSS-3631604,PRADANA,PRADANA,JALAN SUNIARAJA NO. 2,DEPOK,ID-59,83343,+62 (0906) 333-6091,PT,PROSES,DIBEKUKAN,0,1,,,NIPER-28988,2026-01-22,AKTIF
252111697366,540800438652684,OSS-1860539,PT OKTAVIANI,OKTAVIANI,GANG AHMAD DAHLAN NO. 369,PADANGPANJANG,ID-32,65666,+62-0308-025-4373,Firma,TERDAFTAR,DIBEKUKAN,1,0,API-P,16769-API,,2026-01-25,AKTIF
389114821991,206244185016641,OSS-5099575,PERUM IRAWAN HIDAYANTO (PERSERO) TBK,PERUM IRAW,JL. SADANG SERANG NO. 293,KOTA ADMINISTRASI JAKARTA SELATAN,ID-87,92822,+62-596-347-2624,CV,PROSES,DIBEKUKAN,1,0,API-P,71939-API,,2026-01-01,AKTIF
448946067800,347751188273350,OSS-5789449,PERUM YOLANDA RAHAYU,PERUM YOLA,JALAN S. PARMAN NO. 885,KOTA ADMINISTRASI JAKARTA BARAT,ID-87,15935,(0930) 444 1654,CV,DISAHKAN,DIBEKUKAN,0,0,,,,2026-01-22,AKTIF
732491394303,250274962383844,OSS-0376543,CV PURWANTI TBK,PURWANTI T,JL. ASTANA ANYAR NO. 6,BENGKULU,ID-58,86329,+62-085-050-4871,CV,PROSES,TIDAK AKTIF,0,1,,,NIPER-59051,2026-01-23,AKTIF
362654590733,804046115343565,OSS-6577013,UD WALUYO HARIYAH,UD WALUYO,JALAN WONOAYU NO. 6,PALOPO,ID-66,74774,+62-87-244-7262,PT,DISAHKAN,TIDAK AKTIF,0,0,,,,2026-02-06,AKTIF
969686159206,423218081166809,OSS-6486039,CV MARYADI NABABAN,MARYADI NA,JALAN CIHAMPELAS NO. 0,KOTA ADMINISTRASI JAKARTA PUSAT,ID-58,08042,0860203493,Firma,TERDAFTAR,TIDAK AKTIF,1,0,API-U,42330-API,,2026-02-06,AKTIF
772216417582,313348458714939,OSS-2523622,UD MARYATI KUSMAWATI,UD MARYATI,JALAN PASIRKOJA NO. 45,LHOKSEUMAWE,ID-17,55746,(060) 606 5274,Perum,TERDAFTAR,TIDAK AKTIF,1,0,API-U,03344-API,,2026-02-02,AKTIF
446103955240,433744983962963,OSS-0632375,PERUM NURAINI NATSIR,PERUM NURA,JL. IR. H. DJUANDA NO. 7,SINGKAWANG,ID-75,85203,(0231) 072-5747,Firma,DISAHKAN,TIDAK AKTIF,1,0,API-U,00218-API,,2026-02-12,AKTIF
139851549708,998501199122666,OSS-6161193,CV HANDAYANI TBK,HANDAYANI,JL. LEMBONG NO. 405,PAYAKUMBUH,ID-68,05778,+62-030-503-2593,Perum,PROSES,DIBEKUKAN,1,0,API-U,45625-API,,2026-02-14,AKTIF
515324424725,692698701084048,OSS-2093043,CV HUTASOIT (PERSERO) TBK (DUPLICATE),HUTASOIT (,GANG KEBONJATI NO. 75,YOGYAKARTA,ID-30,97883,+62 (661) 401 7825,Perum,PROSES,DIBEKUKAN,1,0,API-P,12695-API,,2026-02-08,AKTIF
257464157480,866316489593536,OSS-1038748,WIBISONO RAJASA TBK,WIBISONO R,JALAN IR. H. DJUANDA NO. 053,BINJAI,ID-26,40079,(058) 914 9765,Firma,PROSES,AKTIF,0,1,,,NIPER-19017,2026-01-07,AKTIF
165303207365,115691649112774,OSS-1503259,PT BUDIYANTO TBK,BUDIYANTO,GANG SENTOT ALIBASA NO. 2,PALEMBANG,ID-59,43963,+62-820-653-5605,Perum,TERDAFTAR,DIBEKUKAN,0,1,,,NIPER-09115,2026-02-15,AKTIF
981713032928,442213843321330,OSS-0042956,CV DABUKKE,DABUKKE,JL. INDRAGIRI NO. 87,BANDAR LAMPUNG,ID-90,07520,+62-25-569-3186,Perum,PROSES,AKTIF,1,0,API-U,06231-API,,2026-01-04,AKTIF
309742735003,425099187751220,OSS-0033924,HARYANTI,HARYANTI,JALAN JAYAWIJAYA NO. 35,SAMARINDA,ID-88,69285,+62 (06) 512-1400,CV,PROSES,DIBEKUKAN,1,1,API-P,09730-API,NIPER-65102,2026-02-14,AKTIF
574257172613,489644613907643,OSS-3071381,PD HASTUTI (PERSERO) TBK,PD HASTUTI,GANG DIPENOGORO NO. 9,MAKASSAR,ID-66,29706,(0217) 076-3731,Firma,PROSES,AKTIF,1,1,API-P,76665-API,NIPER-52088,2026-02-20,AKTIF
793722391761,968225885843135,OSS-7408747,HARTATI (PERSERO) TBK,HARTATI (P,GG. DR. DJUNJUNAN NO. 7,PADANG SIDEMPUAN,ID-90,77990,(018) 344 2511,Perum,PROSES,AKTIF,1,0,API-U,80954-API,,2026-02-12,AKTIF
833533610443,725000274722487,OSS-2709487,PT SAFITRI FARIDA (PERSERO) TBK,SAFITRI FA,GG. SOEKARNO HATTA NO. 64,MOJOKERTO,ID-22,69541,+62 (76) 348 5116,CV,TERDAFTAR,TIDAK AKTIF,1,1,API-P,44810-API,NIPER-72843,2026-01-06,AKTIF
936924864223,013736292055799,OSS-2344226,PT HALIMAH SIHOMBING TBK,HALIMAH SI,GANG KUTAI NO. 1,PEKANBARU,ID-50,96820,+62 (0883) 288 3713,Perum,PROSES,AKTIF,0,1,,,NIPER-89488,2026-01-11,AKTIF
788836660902,077442710278189,OSS-5853099,PERUM PRABOWO,PERUM PRAB,GANG JEND. SUDIRMAN NO. 91,KOTAMOBAGU,ID-76,65917,+62-089-396-4687,PT,DISAHKAN,TIDAK AKTIF,1,1,API-P,56644-API,NIPER-95271,2026-02-18,AKTIF
852464844941,163187328077113,OSS-0621136,PD MEGANTARA TBK,PD MEGANTA,JL. RAYA SETIABUDHI NO. 902,KOTA ADMINISTRASI JAKARTA PUSAT,ID-65,57306,(024) 813 2357,PT,TERDAFTAR,TIDAK AKTIF,1,0,API-P,07139-API,,2026-03-01,AKTIF
837034473677,625288162103787,OSS-4248399,PT SAEFULLAH NABABAN TBK,SAEFULLAH,GG. MOCH. TOHA NO. 2,SOLOK,ID-95,62519,+62 (847) 666-6554,Firma,DISAHKAN,DIBEKUKAN,0,0,,,,2026-02-14,AKTIF
598161809809,880409336272445,OSS-2275942,PD PRADIPTA MANSUR TBK,PD PRADIPT,JL. DR. DJUNJUNAN NO. 53,LUBUKLINGGAU,ID-25,16993,+62 (97) 451-1651,Firma,DISAHKAN,DIBEKUKAN,1,0,API-P,60862-API,,2026-02-03,AKTIF
297209317441,878754275407448,OSS-9926485,UD YULIANTI GUNARTO,UD YULIANT,GANG KH AMIN JASUTA NO. 043,BATU,ID-12,31868,0858984046,CV,TERDAFTAR,TIDAK AKTIF,1,0,API-P,61319-API,,2026-02-06,AKTIF
559223973518,711166568704030,OSS-6804218,PT SINAGA HARIYAH,SINAGA HAR,JL. MEDOKAN AYU NO. 95,BANJAR,ID-41,26683,+62 (32) 600 8789,Perum,DISAHKAN,DIBEKUKAN,0,1,,,NIPER-81074,2026-01-22,AKTIF
249876415572,131913968390282,OSS-9767220,YUNIAR HUTAGALUNG (PERSERO) TBK,YUNIAR HUT,GG. PASTEUR NO. 80,SIBOLGA,ID-94,92783,(077) 447-3245,Perum,DISAHKAN,DIBEKUKAN,1,1,API-P,71955-API,NIPER-49684,2026-02-14,AKTIF
532958644229,518770815376048,OSS-2965284,PT PUTRA PRASASTA (PERSERO) TBK,PUTRA PRAS,JALAN HOS. COKROAMINOTO NO. 04,SIBOLGA,ID-92,06738,+62-97-453-2314,PT,TERDAFTAR,TIDAK AKTIF,1,0,API-P,56397-API,,2026-02-13,AKTIF
181048728989,937738579435586,OSS-3956351,PT WALUYO GUNAWAN (PERSERO) TBK,WALUYO GUN,JALAN STASIUN WONOKROMO NO. 5,SIBOLGA,ID-45,08157,0805140749,PT,DISAHKAN,AKTIF,1,1,API-U,88608-API,NIPER-11184,2026-02-22,AKTIF
884707117633,661815159472841,OSS-2958553,HIDAYANTO,HIDAYANTO,JALAN CEMPAKA NO. 00,PEKANBARU,ID-31,55160,+62 (017) 949 3823,Perum,TERDAFTAR,TIDAK AKTIF,0,0,,,,2026-01-05,AKTIF
254891740783,861418399164341,OSS-3170342,CV WIBOWO SIHOMBING,WIBOWO SIH,GANG YOS SUDARSO NO. 9,SORONG,ID-97,73533,(0823) 348 9709,PT,TERDAFTAR,AKTIF,1,0,API-P,18620-API,,2026-01-01,AKTIF
548640155778,817884795137116,OSS-2411241,PD MARYADI PUTRA,PD MARYADI,GANG R.E MARTADINATA NO. 756,TERNATE,ID-23,43103,085 695 5798,PT,PROSES,TIDAK AKTIF,0,1,,,NIPER-87749,2026-01-31,AKTIF
498182540745,622720891564719,OSS-7956570,UD SALAHUDIN JAILANI,UD SALAHUD,JALAN PASIRKOJA NO. 886,KOTA ADMINISTRASI JAKARTA UTARA,ID-99,30462,+62 (24) 225 5231,PT,DISAHKAN,DIBEKUKAN,0,1,,,NIPER-51046,2026-02-24,AKTIF
568255918985,399233771643751,OSS-3721013,CV YULIANTI TBK,YULIANTI T,JALAN ASIA AFRIKA NO. 908,CIREBON,ID-72,34825,+62-40-658-4436,Perum,PROSES,AKTIF,0,1,,,NIPER-00823,2026-02-12,AKTIF
443584981184,651242106378170,OSS-4836481,PD SIRAIT,PD SIRAIT,GANG JOYOBOYO NO. 21,PAYAKUMBUH,ID-61,13636,+62 (972) 767 6877,PT,TERDAFTAR,AKTIF,0,0,,,,2026-02-16,AKTIF
989326076966,907212092997755,OSS-0896552,PERUM SAPTONO NASHIRUDDIN TBK,PERUM SAPT,GG. KEBONJATI NO. 89,PAREPARE,ID-22,48036,0822108075,PT,TERDAFTAR,TIDAK AKTIF,1,1,API-P,75873-API,NIPER-38591,2026-02-01,AKTIF
637715772842,775504811881306,OSS-1308903,SINAGA TBK (DUPLICATE),SINAGA TBK,JALAN MERDEKA NO. 49,MEULABOH,ID-24,31697,+62 (403) 198-1676,CV,PROSES,AKTIF,1,1,API-P,68424-API,NIPER-15285,2026-02-19,AKTIF
126691782729,721369086602296,OSS-3165012,SIHOMBING (PERSERO) TBK,SIHOMBING,JALAN RONGGOWARSITO NO. 09,BINJAI,ID-36,77793,086 404 7042,Perum,TERDAFTAR,DIBEKUKAN,1,1,API-P,08664-API,NIPER-78635,2026-01-13,AKTIF
710038036467,086412318652437,OSS-4610094,PT SUARTINI (PERSERO) TBK,SUARTINI (,JALAN ASIA AFRIKA NO. 688,TOMOHON,ID-80,58585,089 941 4159,PT,TERDAFTAR,DIBEKUKAN,0,1,,,NIPER-46283,2026-02-13,AKTIF
822173366214,050354217719418,OSS-3516463,IRAWAN RAMADAN,IRAWAN RAM,GG. PELAJAR PEJUANG NO. 437,CIREBON,ID-79,76770,+62 (027) 857 2686,PT,PROSES,TIDAK AKTIF,1,1,API-U,32070-API,NIPER-88809,2026-02-01,AKTIF
930688100231,356551428697850,OSS-6134229,UD KUSWOYO,UD KUSWOYO,JL. SUNIARAJA NO. 90,BANDA ACEH,ID-20,18663,+62 (039) 362 0580,CV,TERDAFTAR,TIDAK AKTIF,0,1,,,NIPER-87138,2026-02-22,AKTIF
842530428973,179128685787255,OSS-8777496,CV PRASETYA,PRASETYA,JALAN SUNIARAJA NO. 466,MEDAN,ID-14,81214,(0853) 907 8956,CV,PROSES,DIBEKUKAN,0,1,,,NIPER-77665,2026-01-22,AKTIF
404834576825,413214607781843,OSS-9395784,PD TAMPUBOLON ADRIANSYAH TBK,PD TAMPUBO,GANG YOS SUDARSO NO. 45,BAU-BAU,ID-76,86782,+62-627-842-3740,Firma,TERDAFTAR,AKTIF,1,1,API-P,51717-API,NIPER-57322,2026-01-28,AKTIF
230644096530,145391781629456,OSS-1070478,PERUM NASYIDAH PRASETYO TBK,PERUM NASY,GG. AHMAD DAHLAN NO. 32,PAREPARE,ID-98,11683,+62 (057) 494-9302,CV,TERDAFTAR,TIDAK AKTIF,0,1,,,NIPER-26297,2026-02-11,AKTIF
602492558606,047239614978196,OSS-1115259,PT MANSUR (PERSERO) TBK,MANSUR (PE,GG. ERLANGGA NO. 575,KUPANG,ID-86,48133,(043) 656-4855,PT,DISAHKAN,TIDAK AKTIF,1,0,API-P,25812-API,,2026-02-12,AKTIF
411371346310,789078695760188,OSS-3041544,UD MANDASARI PERMADI (PERSERO) TBK,UD MANDASA,GG. SURYAKENCANA NO. 9,KOTA ADMINISTRASI JAKARTA BARAT,ID-57,97016,085 253 1750,Firma,DISAHKAN,DIBEKUKAN,0,1,,,NIPER-40937,2026-02-25,AKTIF
535736968727,475848761129794,OSS-3255884,SARAGIH (PERSERO) TBK (DUPLICATE),SARAGIH (P,JL. PHH. MUSTOFA NO. 83,BAU-BAU,ID-75,60279,+62-516-413-1711,PT,DISAHKAN,AKTIF,1,0,API-U,18551-API,,2026-02-23,AKTIF
039276656423,987644852246107,OSS-8424909,CV KUSWANDARI HARIYAH,KUSWANDARI,JALAN RONGGOWARSITO NO. 2,TUAL,ID-46,95843,+62 (53) 250 3385,PT,DISAHKAN,TIDAK AKTIF,0,0,,,,2026-02-26,AKTIF
394966891314,570442908859882,OSS-3844034,PERUM HARTATI (DUPLICATE),PERUM HART,GANG PASIR KOJA NO. 638,MAGELANG,ID-24,32077,+62 (0132) 981 4161,CV,TERDAFTAR,DIBEKUKAN,1,1,API-P,18750-API,NIPER-23462,2026-02-17,AKTIF
306433285700,502924772809269,OSS-9661240,CV JANUAR (PERSERO) TBK,JANUAR (PE,GANG JEND. SUDIRMAN NO. 7,BUKITTINGGI,ID-51,73805,+62-627-895-1751,Perum,PROSES,TIDAK AKTIF,0,1,,,NIPER-17728,2026-01-17,AKTIF
518697566717,524097586139347,OSS-4950044,PERUM TAMBA,PERUM TAMB,GG. BKR NO. 079,KENDARI,ID-98,34861,+62 (658) 879 3404,Firma,DISAHKAN,AKTIF,0,1,,,NIPER-86938,2026-02-08,AKTIF
508485284677,037846797008307,OSS-6440583,UD ARDIANTO (PERSERO) TBK,UD ARDIANT,GG. JEND. A. YANI NO. 97,TEBINGTINGGI,ID-23,82901,0832051121,CV,PROSES,DIBEKUKAN,0,1,,,NIPER-34063,2026-02-26,AKTIF
007185921906,211697431920515,OSS-8318861,UD NUGROHO (PERSERO) TBK,UD NUGROHO,JALAN TUBAGUS ISMAIL NO. 5,PASURUAN,ID-22,92323,(0994) 801 1248,Perum,PROSES,DIBEKUKAN,1,1,API-P,71556-API,NIPER-38015,2026-02-19,AKTIF
351057555737,596232335449257,OSS-2811966,GUNARTO,GUNARTO,JL. SUNIARAJA NO. 206,PAREPARE,ID-97,29511,+62 (15) 350 0212,CV,PROSES,DIBEKUKAN,1,1,API-P,64163-API,NIPER-68851,2026-01-12,AKTIF
241301606449,035934177334307,OSS-1821821,PT FUJIATI WIDIASTUTI (PERSERO) TBK,FUJIATI WI,JL. AHMAD DAHLAN NO. 78,TANGERANG,ID-52,08023,0883697025,Firma,PROSES,TIDAK AKTIF,0,0,,,,2026-02-28,AKTIF
249299520038,178059015827854,OSS-9926452,UD WINARNO WAHYUNI,UD WINARNO,JALAN SENTOT ALIBASA NO. 061,SUNGAI PENUH,ID-97,12508,+62 (603) 838 4759,Firma,DISAHKAN,AKTIF,0,0,,,,2026-02-25,AKTIF
425170135881,215552489930871,OSS-3016188,UD HIDAYAT (DUPLICATE),UD HIDAYAT,JL. KAPTEN MUSLIHAT NO. 610,PAGARALAM,ID-37,02967,+62 (0697) 780 3493,CV,PROSES,TIDAK AKTIF,1,1,API-U,16393-API,NIPER-48355,2026-01-08,AKTIF
607250874321,196348703919643,OSS-5377638,PERUM WAHYUDIN,PERUM WAHY,GG. DIPENOGORO NO. 89,TANJUNGPINANG,ID-76,86676,+62 (065) 339 2956,Firma,PROSES,AKTIF,0,1,,,NIPER-41651,2026-01-30,AKTIF
184553758268,295081499402323,OSS-5859358,CV WINARSIH,WINARSIH,JL. SADANG SERANG NO. 750,TASIKMALAYA,ID-60,97354,+62 (0252) 477-7744,Firma,DISAHKAN,TIDAK AKTIF,0,1,,,NIPER-49649,2026-02-21,AKTIF
142554923013,555597578868447,OSS-2079497,PD WIJAYA,PD WIJAYA,GG. VETERAN NO. 2,BINJAI,ID-61,45784,086 025 4029,PT,PROSES,TIDAK AKTIF,1,1,API-P,01685-API,NIPER-29919,2026-01-07,AKTIF
415454795251,017101225241360,OSS-1456927,UD HABIBI GUNAWAN TBK,UD HABIBI,JALAN RAYA SETIABUDHI NO. 957,BATU,ID-90,65350,(0960) 936 7303,PT,PROSES,AKTIF,1,0,API-P,33642-API,,2026-01-21,AKTIF
762280954175,401637905848281,OSS-7393396,PT PALASTRI,PALASTRI,GANG BANGKA RAYA NO. 206,MEULABOH,ID-86,67647,0856250845,CV,TERDAFTAR,DIBEKUKAN,1,1,API-U,01439-API,NIPER-99257,2026-01-29,AKTIF
965266218388,432414412510439,OSS-2902033,CV WINARNO (DUPLICATE),WINARNO,GG. RAYA UJUNGBERUNG NO. 14,TARAKAN,ID-80,23957,(0235) 811 6900,PT,PROSES,AKTIF,1,0,API-U,48333-API,,2026-02-04,AKTIF
436736333341,892091448965987,OSS-1184000,PD SIHOTANG SAMOSIR,PD SIHOTAN,JALAN BKR NO. 5,SUBULUSSALAM,ID-24,65286,+62 (158) 419-5515,CV,PROSES,TIDAK AKTIF,1,0,API-P,17201-API,,2026-02-18,AKTIF
172058864624,921169186046305,OSS-5474764,UD MAHESWARA,UD MAHESWA,JALAN SUNIARAJA NO. 544,BUKITTINGGI,ID-93,06087,(0534) 461-3639,Firma,DISAHKAN,TIDAK AKTIF,1,0,API-P,23457-API,,2026-02-09,AKTIF
675879827298,638240712583638,OSS-5357545,PT BUDIMAN,BUDIMAN,GG. BANGKA RAYA NO. 1,DEPOK,ID-23,66131,+62 (098) 239 8304,PT,TERDAFTAR,TIDAK AKTIF,1,1,API-P,65273-API,NIPER-45180,2026-02-16,AKTIF
100977650775,502821910513279,OSS-4845177,UD ARDIANTO NASYIAH,UD ARDIANT,GANG TUBAGUS ISMAIL NO. 18,MEDAN,ID-18,35769,+62 (06) 245 8097,CV,DISAHKAN,TIDAK AKTIF,1,0,API-P,53142-API,,2026-03-01,AKTIF
941989219173,525274807733964,OSS-7625298,UD PURWANTI RAMADAN,UD PURWANT,GG. CIKUTRA BARAT NO. 25,PADANG,ID-48,34985,0873014800,Firma,PROSES,TIDAK AKTIF,0,1,,,NIPER-22764,2026-01-28,AKTIF
267369829429,897134033597829,OSS-8427557,PERUM SAPTONO,PERUM SAPT,JL. JAMIKA NO. 9,MAGELANG,ID-36,46964,0885139302,PT,DISAHKAN,DIBEKUKAN,0,0,,,,2026-02-08,AKTIF
975338429519,325695661147723,OSS-7354840,UD MARYADI NABABAN,UD MARYADI,GANG SUKAJADI NO. 356,SAMARINDA,ID-28,53092,+62-082-311-4509,CV,TERDAFTAR,TIDAK AKTIF,0,1,,,NIPER-82856,2026-02-28,AKTIF
175069904264,148170909416795,OSS-1034721,UD MANDALA WIDODO,UD MANDALA,JL. W.R. SUPRATMAN NO. 0,SOLOK,ID-48,56897,+62 (06) 668-3223,PT,TERDAFTAR,TIDAK AKTIF,1,0,API-U,00775-API,,2026-01-04,AKTIF
712316600767,620901447340433,OSS-7009687,PT SUWARNO UTAMA,SUWARNO UT,GANG WARINGIN NO. 2,SURABAYA,ID-68,88255,(029) 657-5427,PT,DISAHKAN,AKTIF,0,0,,,,2026-01-03,AKTIF
512131701917,700280608388324,OSS-7515523,UD GUNARTO YULIANTI,UD GUNARTO,GANG KH AMIN JASUTA NO. 184,BANJAR,ID-59,95501,+62-372-171-7460,CV,TERDAFTAR,AKTIF,1,0,API-U,57937-API,,2026-02-15,AKTIF
862071389477,854079453934112,OSS-3646285,PD PERTIWI,PD PERTIWI,JALAN ABDUL MUIS NO. 47,AMBON,ID-36,50375,+62-16-055-7047,CV,TERDAFTAR,TIDAK AKTIF,0,1,,,NIPER-87123,2026-01-28,AKTIF
339122246271,811007179170795,OSS-3687028,PD LAKSMIWATI SUARTINI TBK,PD LAKSMIW,GANG CIKAPAYANG NO. 5,PAYAKUMBUH,ID-80,39527,+62 (0503) 635-3243,Perum,DISAHKAN,AKTIF,1,0,API-P,84571-API,,2026-01-08,AKTIF
712189452395,960233159987517,OSS-5790323,PERUM NOVITASARI,PERUM NOVI,JALAN RUNGKUT INDUSTRI NO. 17,BALIKPAPAN,ID-64,41300,(0886) 758 7558,PT,PROSES,AKTIF,1,1,API-U,50959-API,NIPER-14504,2026-01-25,AKTIF
846923613093,963514691759229,OSS-5155115,WINARSIH PRADANA (PERSERO) TBK,WINARSIH P,JL. CIKUTRA BARAT NO. 831,PROBOLINGGO,ID-77,77712,+62 (194) 575 4959,CV,PROSES,TIDAK AKTIF,0,1,,,NIPER-62060,2026-02-12,AKTIF
325623899499,197014262037087,OSS-8211602,UD KUSWOYO,UD KUSWOYO,GG. KENDALSARI NO. 8,BONTANG,ID-34,17088,+62 (0801) 864-4822,CV,DISAHKAN,DIBEKUKAN,1,1,API-P,17588-API,NIPER-39785,2026-01-15,AKTIF
083597750793,568481345972652,OSS-3439925,UD SUSANTI (PERSERO) TBK,UD SUSANTI,GANG BKR NO. 3,BONTANG,ID-74,23097,(006) 924 2791,Firma,PROSES,AKTIF,1,0,API-U,92515-API,,2026-01-17,AKTIF
754394353537,513765158815793,OSS-7639283,PERUM WIDIASTUTI MANDALA TBK,PERUM WIDI,GANG GEDEBAGE SELATAN NO. 668,SAMARINDA,ID-28,32702,+62 (064) 871-2060,Perum,TERDAFTAR,AKTIF,0,0,,,,2026-02-17,AKTIF
913534936860,283096671261709,OSS-8898339,PT PUTRA UYAINAH (PERSERO) TBK,PUTRA UYAI,JL. MERDEKA NO. 430,BLITAR,ID-64,05989,+62 (0039) 900 4313,PT,PROSES,TIDAK AKTIF,0,0,,,,2026-01-15,AKTIF
230970126821,334237436223982,OSS-7006629,CV PERTIWI TBK,PERTIWI TB,JALAN K.H. WAHID HASYIM NO. 93,TEGAL,ID-28,29075,+62 (27) 758 8871,PT,DISAHKAN,TIDAK AKTIF,1,1,API-U,43653-API,NIPER-93479,2026-02-06,AKTIF
692753481340,485455025717601,OSS-4621445,PERUM WASITA RAHMAWATI (PERSERO) TBK,PERUM WASI,GG. OTTO ISKANDARDINATA NO. 492,SUBULUSSALAM,ID-90,95006,+62 (54) 525-3121,Firma,TERDAFTAR,TIDAK AKTIF,0,0,,,,2026-02-28,AKTIF
851718428048,987131389260564,OSS-0563308,UD HUTAGALUNG,UD HUTAGAL,JALAN SUNIARAJA NO. 519,PAYAKUMBUH,ID-37,18930,+62 (026) 010-1279,Firma,TERDAFTAR,DIBEKUKAN,0,0,,,,2026-01-27,AKTIF
121560387108,803546946604903,OSS-7647476,PT ARYANI,ARYANI,JL. GARDUJATI NO. 03,TANJUNGPINANG,ID-16,58681,+62-004-158-9333,PT,DISAHKAN,AKTIF,0,1,,,NIPER-52866,2026-02-02,AKTIF
049061395716,201970019205685,OSS-7379338,CV SUWARNO MANSUR (PERSERO) TBK,SUWARNO MA,JL. CIUMBULEUIT NO. 2,TANJUNGPINANG,ID-65,67769,(095) 778-8582,PT,TERDAFTAR,AKTIF,1,1,API-U,15123-API,NIPER-64589,2026-02-19,AKTIF
387603299148,902423952896699,OSS-9558132,CV PRADANA TBK,PRADANA TB,JALAN SUNIARAJA NO. 7,BANDUNG,ID-69,27331,(0841) 826 0485,Firma,DISAHKAN,AKTIF,1,1,API-U,91313-API,NIPER-03889,2026-01-26,AKTIF
901506183678,387458947193540,OSS-9217882,UD TAMBA PRABOWO TBK (DUPLICATE),UD TAMBA P,GANG KUTAI NO. 428,PROBOLINGGO,ID-50,26919,0810496468,CV,PROSES,TIDAK AKTIF,0,1,,,NIPER-82964,2026-03-01,AKTIF
048994018514,968736894561891,OSS-3493167,UD DABUKKE (PERSERO) TBK,UD DABUKKE,JL. AHMAD DAHLAN NO. 8,SOLOK,ID-34,63797,+62-0678-988-0196,Perum,PROSES,DIBEKUKAN,0,0,,,,2026-02-19,AKTIF
958747644076,127397166099498,OSS-9068916,PERUM SURYONO MARDHIYAH,PERUM SURY,JL. ANTAPANI LAMA NO. 468,BANJARMASIN,ID-64,38089,+62-439-997-8401,Perum,TERDAFTAR,AKTIF,0,1,,,NIPER-14415,2026-01-06,AKTIF
256785862523,406361815026387,OSS-1271766,PD GUNARTO ISWAHYUDI TBK,PD GUNARTO,JALAN MEDOKAN AYU NO. 5,PALOPO,ID-48,80343,(004) 123 6685,CV,PROSES,TIDAK AKTIF,0,1,,,NIPER-26800,2026-02-08,AKTIF
541388703053,338912104940324,OSS-8900562,PD IRAWAN (PERSERO) TBK,PD IRAWAN,JALAN KEBONJATI NO. 174,PADANG SIDEMPUAN,ID-79,75616,(0322) 715-4841,Perum,TERDAFTAR,TIDAK AKTIF,0,0,,,,2026-01-04,AKTIF
094158882045,032615240541007,OSS-3648110,PERUM SAPTONO TBK,PERUM SAPT,JL. ABDUL MUIS NO. 60,SABANG,ID-91,72826,+62 (050) 373-2718,PT,PROSES,TIDAK AKTIF,0,0,,,,2026-01-09,AKTIF
619963679085,211819420900640,OSS-5208461,CV SITUMORANG,SITUMORANG,JALAN SENTOT ALIBASA NO. 54,BAU-BAU,ID-71,62288,(025) 943 4596,PT,PROSES,AKTIF,1,0,API-P,08527-API,,2026-02-09,AKTIF
471771673831,449077238668268,OSS-4651147,HASSANAH (PERSERO) TBK (DUPLICATE),HASSANAH (,JALAN S. PARMAN NO. 1,BAU-BAU,ID-28,67453,+62 (021) 221-7047,Perum,PROSES,AKTIF,1,1,API-U,87089-API,NIPER-63088,2026-02-07,AKTIF
385886407880,265295164693335,OSS-6230397,UD DAMANIK (PERSERO) TBK,UD DAMANIK,JALAN S. PARMAN NO. 9,BANJAR,ID-13,01991,0843113266,Perum,TERDAFTAR,TIDAK AKTIF,0,1,,,NIPER-11584,2026-01-27,AKTIF
107277876597,324605705021192,OSS-5058368,UD HARYANTO HARYANTI,UD HARYANT,GG. SURYAKENCANA NO. 52,PALU,ID-95,69344,+62-222-837-2130,PT,PROSES,AKTIF,1,1,API-P,27322-API,NIPER-04484,2026-01-06,AKTIF
654268368437,714034454595660,OSS-0301196,CV MANDASARI MARYADI,MANDASARI,GANG PASTEUR NO. 2,SUNGAI PENUH,ID-58,36838,+62 (095) 709-3409,Firma,DISAHKAN,TIDAK AKTIF,1,1,API-U,91650-API,NIPER-81136,2026-01-30,AKTIF
130016183215,290074166430860,OSS-4283167,CV MUSTOFA SALAHUDIN,MUSTOFA SA,GANG WARINGIN NO. 060,BANJARMASIN,ID-19,73778,0892141810,Firma,DISAHKAN,AKTIF,1,0,API-P,07290-API,,2026-02-22,AKTIF
942664998754,581990019416755,OSS-7031022,CV HUTAGALUNG TBK (DUPLICATE),HUTAGALUNG,JL. KENDALSARI NO. 07,TANGERANG SELATAN,ID-10,75026,(0799) 594 0343,Firma,TERDAFTAR,AKTIF,0,1,,,NIPER-77452,2026-02-27,AKTIF
439220781050,898940816723369,OSS-3510738,SIMANJUNTAK (PERSERO) TBK,SIMANJUNTA,GANG JEND. A. YANI NO. 816,MALANG,ID-53,09461,(0455) 637 8018,Perum,TERDAFTAR,TIDAK AKTIF,1,1,API-U,71513-API,NIPER-00634,2026-01-01,AKTIF
321021071512,768539941232861,OSS-9947002,PD MELANI (PERSERO) TBK,PD MELANI,JALAN RAJAWALI BARAT NO. 35,SAMARINDA,ID-53,03690,+62 (081) 237-5256,Firma,PROSES,DIBEKUKAN,0,1,,,NIPER-13666,2026-01-18,AKTIF
070886406756,020801929022154,OSS-3904489,PERUM PRASETYO,PERUM PRAS,GG. KEBONJATI NO. 320,KOTA ADMINISTRASI JAKARTA BARAT,ID-56,10255,+62 (019) 354-5036,Firma,TERDAFTAR,AKTIF,1,1,API-U,98884-API,NIPER-39333,2026-01-12,AKTIF
402490418222,130603962102190,OSS-0014180,CV HASTUTI (PERSERO) TBK (DUPLICATE),HASTUTI (P,GANG CIHAMPELAS NO. 922,SUNGAI PENUH,ID-23,33015,+62 (89) 908-6784,Firma,DISAHKAN,DIBEKUKAN,1,1,API-U,37354-API,NIPER-60233,2026-02-16,AKTIF
041834900666,966267206426022,OSS-3941479,PRABOWO,PRABOWO,GANG KEBONJATI NO. 087,SUBULUSSALAM,ID-90,44738,+62-0139-016-0105,CV,DISAHKAN,AKTIF,0,1,,,NIPER-81873,2026-02-06,AKTIF
717584053188,658522887617274,OSS-6003410,PERUM PUSPITA (PERSERO) TBK,PERUM PUSP,JL. SOEKARNO HATTA NO. 719,SURAKARTA,ID-70,45009,(0064) 407-1253,Firma,DISAHKAN,AKTIF,0,1,,,NIPER-46115,2026-02-11,AKTIF
083152158441,769172624144894,OSS-1738446,UD LATUPONO,UD LATUPON,JL. JAYAWIJAYA NO. 553,MAGELANG,ID-24,98095,+62-0468-601-6009,CV,TERDAFTAR,DIBEKUKAN,0,0,,,,2026-01-23,AKTIF
303115961919,519489122652284,OSS-7793982,PRATAMA LAZUARDI (PERSERO) TBK,PRATAMA LA,JALAN SOEKARNO HATTA NO. 4,SABANG,ID-10,87220,+62 (17) 525 7764,Firma,TERDAFTAR,TIDAK AKTIF,1,1,API-U,64975-API,NIPER-89060,2026-01-17,AKTIF
619434852058,470854124478843,OSS-0050735,UD NAINGGOLAN NUGROHO,UD NAINGGO,GANG KENDALSARI NO. 957,PURWOKERTO,ID-36,12860,+62-034-222-5624,PT,DISAHKAN,AKTIF,0,0,,,,2026-02-23,AKTIF
688285031723,513739900631403,OSS-5263560,CV RAHIMAH PRAYOGA (DUPLICATE),RAHIMAH PR,GANG LASWI NO. 4,TANJUNGBALAI,ID-76,66643,(0490) 607-2311,PT,DISAHKAN,AKTIF,1,0,API-U,12712-API,,2026-01-18,AKTIF
689910858777,075013993925679,OSS-7463177,PERUM WASKITA,PERUM WASK,GANG CEMPAKA NO. 8,BATAM,ID-55,33863,0813032624,Firma,PROSES,TIDAK AKTIF,0,1,,,NIPER-98640,2026-02-24,AKTIF
743739433458,614463366848161,OSS-2392866,CV KUSWOYO BUDIYANTO,KUSWOYO BU,GANG LEMBONG NO. 491,CILEGON,ID-40,54156,+62 (31) 127-8176,PT,DISAHKAN,AKTIF,1,0,API-U,85589-API,,2026-01-18,AKTIF
778015260748,699358839784791,OSS-6659144,UD BUDIYANTO (PERSERO) TBK,UD BUDIYAN,JL. JAKARTA NO. 89,TUAL,ID-35,27425,089 159 6545,CV,DISAHKAN,AKTIF,1,1,API-U,82737-API,NIPER-20416,2026-01-16,AKTIF
948209657818,526606658159376,OSS-0014275,CV HARTATI ISWAHYUDI (PERSERO) TBK,HARTATI IS,JALAN PASIR KOJA NO. 95,MADIUN,ID-65,01400,+62 (0441) 376 7423,Perum,TERDAFTAR,TIDAK AKTIF,1,0,API-U,80489-API,,2026-02-21,AKTIF
712174724843,199846887011921,OSS-1605119,CV WAHYUNI,WAHYUNI,JALAN CIHAMPELAS NO. 6,GORONTALO,ID-65,52181,(0903) 825-5400,CV,TERDAFTAR,AKTIF,1,0,API-U,32266-API,,2026-02-15,AKTIF
125343646693,706756440314822,OSS-1194572,UD WAHYUDIN,UD WAHYUDI,JL. DIPENOGORO NO. 85,LUBUKLINGGAU,ID-77,26945,+62-58-360-7228,Perum,DISAHKAN,DIBEKUKAN,0,1,,,NIPER-84993,2026-02-22,AKTIF
417166483695,550952512130189,OSS-7434113,UD BUDIYANTO ARDIANTO,UD BUDIYAN,JL. SADANG SERANG NO. 7,BANDUNG,ID-82,94313,+62 (72) 880-7642,Perum,DISAHKAN,TIDAK AKTIF,1,1,API-P,52209-API,NIPER-49753,2026-02-09,AKTIF
869782922169,958669346547226,OSS-9848583,CV OKTAVIANI SIREGAR,OKTAVIANI,JALAN YOS SUDARSO NO. 57,TUAL,ID-65,87996,0846081062,Firma,DISAHKAN,TIDAK AKTIF,1,0,API-P,00342-API,,2026-02-13,AKTIF
943495410674,100551465228902,OSS-3622689,PT MANSUR HANDAYANI (PERSERO) TBK,MANSUR HAN,GANG ERLANGGA NO. 84,SUNGAI PENUH,ID-44,81596,+62-99-253-8159,Perum,DISAHKAN,AKTIF,1,1,API-P,02000-API,NIPER-44279,2026-02-14,AKTIF
616453454722,398983065031219,OSS-8041847,UD MEGANTARA FUJIATI,UD MEGANTA,JALAN PELAJAR PEJUANG NO. 213,KEDIRI,ID-28,90924,0876230391,Perum,TERDAFTAR,AKTIF,0,0,,,,2026-01-05,AKTIF
189358058307,682054260244211,OSS-7384962,UD PRAYOGA ZULKARNAIN TBK,UD PRAYOGA,GG. ASIA AFRIKA NO. 342,KEDIRI,ID-59,50440,+62 (710) 620-8020,Perum,DISAHKAN,TIDAK AKTIF,0,0,,,,2026-02-21,AKTIF
963916388887,052768373548669,OSS-1425542,UD SITUMORANG (PERSERO) TBK,UD SITUMOR,JL. TEBET BARAT DALAM NO. 7,MADIUN,ID-83,58240,0834158583,Firma,TERDAFTAR,TIDAK AKTIF,1,1,API-P,93660-API,NIPER-55378,2026-02-17,AKTIF
745387684896,646381544941570,OSS-3391489,ARYANI TBK,ARYANI TBK,JALAN LASWI NO. 2,TEBINGTINGGI,ID-93,93007,+62 (034) 435-9682,Firma,DISAHKAN,TIDAK AKTIF,0,0,,,,2026-02-05,AKTIF
362584040933,732608082872388,OSS-5656654,CV HALIM MUSTOFA TBK,HALIM MUST,GANG M.T HARYONO NO. 004,PADANG SIDEMPUAN,ID-60,84165,+62 (016) 399-3197,Firma,TERDAFTAR,DIBEKUKAN,0,1,,,NIPER-33086,2026-02-13,AKTIF
911766947117,717102112281128,OSS-3550952,PD PRANOWO (DUPLICATE),PD PRANOWO,JL. JEND. A. YANI NO. 65,PADANGPANJANG,ID-97,53445,+62 (42) 728 0221,PT,PROSES,AKTIF,1,0,API-P,48766-API,,2026-01-15,AKTIF
988025352348,471244977872685,OSS-6550528,CV ANGGRIAWAN TBK,ANGGRIAWAN,GG. JAKARTA NO. 64,CILEGON,ID-61,03948,+62-053-318-5437,PT,TERDAFTAR,TIDAK AKTIF,0,0,,,,2026-01-12,AKTIF
987346893918,521479599386938,OSS-3038547,PERUM PERMATA WAHYUDIN,PERUM PERM,JL. GEDEBAGE SELATAN NO. 58,METRO,ID-91,97804,0818902901,Firma,PROSES,DIBEKUKAN,0,1,,,NIPER-81814,2026-01-19,AKTIF
599597818198,249107299531561,OSS-2917680,PD HARYANTO (DUPLICATE),PD HARYANT,JL. MOCH. TOHA NO. 71,PEKALONGAN,ID-73,67462,+62-0466-221-5239,Perum,DISAHKAN,TIDAK AKTIF,1,0,API-U,36366-API,,2026-02-22,AKTIF
337971302715,133269018736376,OSS-2742086,PT NUGROHO (DUPLICATE),NUGROHO,JL. RAJAWALI BARAT NO. 644,SOLOK,ID-94,88248,+62-0231-748-4874,PT,TERDAFTAR,AKTIF,0,0,,,,2026-01-13,AKTIF
841363864639,044422183226414,OSS-8229498,PD MAULANA (PERSERO) TBK (DUPLICATE),PD MAULANA,GG. SOEKARNO HATTA NO. 16,LHOKSEUMAWE,ID-70,06366,+62 (84) 582-3423,Perum,DISAHKAN,TIDAK AKTIF,1,0,API-P,84109-API,,2026-01-19,AKTIF
328982868439,460882919439486,OSS-0875897,UD DABUKKE NAPITUPULU (DUPLICATE),UD DABUKKE,JALAN LASWI NO. 39,BATAM,ID-46,10479,(010) 253-9741,CV,DISAHKAN,DIBEKUKAN,0,1,,,NIPER-54485,2026-01-01,AKTIF
666603756542,549759709912302,OSS-1113190,PERUM MULYANI,PERUM MULY,GANG MOCH. TOHA NO. 937,SAWAHLUNTO,ID-28,99601,+62 (05) 168-2187,PT,TERDAFTAR,DIBEKUKAN,1,1,API-P,75161-API,NIPER-22444,2026-01-14,AKTIF
812118588533,929578650952563,OSS-0800003,PT HARTATI,HARTATI,JL. BANGKA RAYA NO. 0,SOLOK,ID-45,03128,+62-072-994-4746,Perum,TERDAFTAR,TIDAK AKTIF,0,0,,,,2026-02-25,AKTIF
504460544296,258085778268972,OSS-1295802,CV SURYATMI,SURYATMI,JL. RAJAWALI BARAT NO. 7,MAKASSAR,ID-85,03475,+62 (172) 303 0180,Firma,PROSES,DIBEKUKAN,0,1,,,NIPER-37618,2026-02-08,AKTIF
083682144488,966997273677462,OSS-0258254,PT NOVITASARI PRATAMA,NOVITASARI,JL. KEBONJATI NO. 239,SUKABUMI,ID-29,49106,+62-18-364-7238,CV,DISAHKAN,DIBEKUKAN,1,1,API-P,75082-API,NIPER-76817,2026-01-11,AKTIF
744512276078,660764420707713,OSS-5992331,PERUM SAFITRI PADMASARI,PERUM SAFI,JL. MONGINSIDI NO. 6,MALANG,ID-78,23112,(025) 748 9466,CV,DISAHKAN,AKTIF,1,0,API-P,74655-API,,2026-02-10,AKTIF
650180054402,776012316257510,OSS-0036685,UD PERMADI PADMASARI TBK,UD PERMADI,GANG KH AMIN JASUTA NO. 845,MEULABOH,ID-89,02129,+62 (082) 363 7251,PT,TERDAFTAR,DIBEKUKAN,0,0,,,,2026-01-23,AKTIF
896488089322,135590545598818,OSS-1286443,PERUM ANGGRIAWAN ANGGRIAWAN TBK,PERUM ANGG,JL. DIPENOGORO NO. 14,PADANGPANJANG,ID-57,49497,(0791) 946-4998,Firma,PROSES,AKTIF,0,1,,,NIPER-35079,2026-01-16,AKTIF
449970755453,882234091708957,OSS-4382678,PERUM MANULLANG FARIDA,PERUM MANU,GANG AHMAD DAHLAN NO. 798,BANJAR,ID-79,13146,+62 (99) 338-6345,Perum,DISAHKAN,AKTIF,0,0,,,,2026-01-15,AKTIF
312727106795,178712580100791,OSS-4566768,UD PRAKASA (PERSERO) TBK,UD PRAKASA,GANG CIHAMPELAS NO. 72,BANJAR,ID-57,19620,(050) 987-1288,PT,DISAHKAN,TIDAK AKTIF,1,1,API-P,49640-API,NIPER-54315,2026-01-21,AKTIF
424907036903,747847537451949,OSS-5963542,CV HUTAPEA,HUTAPEA,GG. IR. H. DJUANDA NO. 590,TIDORE KEPULAUAN,ID-95,72304,085 834 0326,Perum,DISAHKAN,TIDAK AKTIF,1,0,API-U,68079-API,,2026-01-23,AKTIF
837426840801,903124107227358,OSS-3237526,CV SIRAIT PRAKASA TBK (DUPLICATE),SIRAIT PRA,JL. CIHAMPELAS NO. 017,METRO,ID-88,11142,+62-78-952-6767,PT,TERDAFTAR,TIDAK AKTIF,0,0,,,,2026-01-13,AKTIF
363131651949,047271131241685,OSS-8645505,PD PUSPASARI RAMADAN TBK,PD PUSPASA,GG. IR. H. DJUANDA NO. 77,GORONTALO,ID-34,52183,+62 (092) 628-1833,Perum,PROSES,AKTIF,0,0,,,,2026-02-22,AKTIF
341349992554,959528921672234,OSS-0287957,PD PERMADI UYAINAH,PD PERMADI,GANG MERDEKA NO. 466,PAYAKUMBUH,ID-43,13617,+62-0696-540-3568,Firma,TERDAFTAR,DIBEKUKAN,0,0,,,,2026-02-24,AKTIF
262211560052,982103780099349,OSS-3162047,SAPUTRA,SAPUTRA,GANG WARINGIN NO. 825,SALATIGA,ID-37,70088,+62 (0114) 234 3891,Perum,PROSES,TIDAK AKTIF,1,0,API-U,35746-API,,2026-01-22,AKTIF
152031475488,061747383669471,OSS-8344998,PD SIHOMBING TBK,PD SIHOMBI,GANG PACUAN KUDA NO. 6,TANGERANG SELATAN,ID-37,56059,+62 (33) 892-5169,CV,PROSES,DIBEKUKAN,0,1,,,NIPER-13068,2026-01-14,AKTIF
520149118941,843368750926322,OSS-3998213,UD SITORUS SIRAIT TBK,UD SITORUS,GG. BKR NO. 4,PEMATANGSIANTAR,ID-26,05053,(0666) 081-1260,Firma,PROSES,DIBEKUKAN,1,1,API-U,03083-API,NIPER-56691,2026-01-21,AKTIF
892799793483,294807426890175,OSS-0177547,PRASETYA (PERSERO) TBK,PRASETYA (,GG. ERLANGGA NO. 664,SURAKARTA,ID-42,80120,+62-39-081-9704,PT,TERDAFTAR,AKTIF,1,1,API-U,76595-API,NIPER-44088,2026-01-19,AKTIF
894751977352,252891351330055,OSS-1641273,CV SETIAWAN WIBOWO,SETIAWAN W,GG. KENDALSARI NO. 2,SAWAHLUNTO,ID-16,65571,+62-76-915-4931,Firma,TERDAFTAR,DIBEKUKAN,0,0,,,,2026-01-13,AKTIF
057022324355,314216483117144,OSS-4852259,NARPATI,NARPATI,JALAN JOYOBOYO NO. 715,LHOKSEUMAWE,ID-86,60654,+62 (048) 601-9588,PT,TERDAFTAR,AKTIF,0,0,,,,2026-02-19,AKTIF
541047826275,804472367692693,OSS-3025891,SITUMORANG,SITUMORANG,GANG ERLANGGA NO. 44,MOJOKERTO,ID-48,40140,+62 (0374) 964-5376,Firma,TERDAFTAR,AKTIF,0,0,,,,2026-01-10,AKTIF
029048724467,771598689809473,OSS-7612770,CV YUNIAR TBK,YUNIAR TBK,JALAN LEMBONG NO. 4,JAYAPURA,ID-24,83864,+62 (30) 159-3925,PT,DISAHKAN,AKTIF,1,0,API-P,21758-API,,2026-03-01,AKTIF
747152035191,985056513358508,OSS-1432298,PD ZULKARNAIN PUTRA (PERSERO) TBK,PD ZULKARN,JL. YOS SUDARSO NO. 03,PADANG,ID-53,89170,+62-052-291-8457,CV,TERDAFTAR,TIDAK AKTIF,0,1,,,NIPER-49659,2026-01-26,AKTIF
669416203159,157314305961605,OSS-0503518,PERUM WACANA GUNARTO,PERUM WACA,JL. STASIUN WONOKROMO NO. 982,SUNGAI PENUH,ID-81,83280,+62-65-564-2458,Firma,PROSES,DIBEKUKAN,0,0,,,,2026-03-02,AKTIF
120119067736,852374761155849,OSS-7384008,PT HALIM,HALIM,JL. JEND. A. YANI NO. 07,TEBINGTINGGI,ID-82,78619,0866453383,Perum,DISAHKAN,AKTIF,0,1,,,NIPER-73310,2026-02-24,AKTIF
520469074390,648477392024440,OSS-7319718,HIDAYAT,HIDAYAT,JL. SUNIARAJA NO. 29,TERNATE,ID-84,94261,(066) 471 0793,CV,TERDAFTAR,TIDAK AKTIF,1,1,API-P,52756-API,NIPER-52083,2026-01-06,AKTIF
087102800186,898706627705822,OSS-7007368,PERUM BUDIYANTO MARDHIYAH (DUPLICATE),PERUM BUDI,JL. GEGERKALONG HILIR NO. 2,PADANGPANJANG,ID-71,88411,+62 (042) 333-6424,CV,DISAHKAN,DIBEKUKAN,0,1,,,NIPER-06918,2026-03-02,AKTIF
322444165950,433054322773699,OSS-2820507,UD MEGANTARA HALIM (PERSERO) TBK,UD MEGANTA,JL. ABDUL MUIS NO. 629,BIMA,ID-38,00634,+62 (0402) 093 9103,PT,DISAHKAN,TIDAK AKTIF,1,0,API-P,68539-API,,2026-02-20,AKTIF
159253607206,737177835108895,OSS-8371128,PD HASTUTI TBK,PD HASTUTI,JALAN RUMAH SAKIT NO. 71,SERANG,ID-54,52450,+62 (907) 795-7535,Perum,TERDAFTAR,DIBEKUKAN,0,1,,,NIPER-11265,2026-02-17,AKTIF
396687293631,786808888239005,OSS-2238924,CV UYAINAH,UYAINAH,JALAN ERLANGGA NO. 76,PALANGKARAYA,ID-47,18407,+62-087-371-1617,Perum,DISAHKAN,DIBEKUKAN,1,0,API-P,41352-API,,2026-02-08,AKTIF
706759650002,197976470486016,OSS-5612466,UD ZULKARNAIN PRASTUTI,UD ZULKARN,JL. SOEKARNO HATTA NO. 628,CIREBON,ID-55,14228,+62 (0746) 978-5136,CV,TERDAFTAR,DIBEKUKAN,1,1,API-U,81948-API,NIPER-04463,2026-02-21,AKTIF
714272867733,417417828902128,OSS-9769837,PD NASYIDAH TBK,PD NASYIDA,GG. MOCH. RAMDAN NO. 370,SAMARINDA,ID-87,78113,+62 (0651) 172-3582,PT,PROSES,TIDAK AKTIF,1,1,API-U,84477-API,NIPER-94983,2026-01-03,AKTIF
286452082192,323269427342254,OSS-1451092,UD SIMANJUNTAK WIDODO (PERSERO) TBK (DUPLICATE),UD SIMANJU,GANG ANTAPANI LAMA NO. 608,SEMARANG,ID-53,03219,(055) 953 7233,Firma,DISAHKAN,DIBEKUKAN,1,0,API-U,27350-API,,2026-01-07,AKTIF
904127729344,351133595169394,OSS-0313328,PT NAINGGOLAN TBK,NAINGGOLAN,GG. MEDOKAN AYU NO. 975,BENGKULU,ID-84,41688,+62 (159) 324-7782,Perum,PROSES,TIDAK AKTIF,0,1,,,NIPER-19739,2026-01-26,AKTIF
011859689740,952905509579281,OSS-8472668,PD PUTRA (DUPLICATE),PD PUTRA,JALAN W.R. SUPRATMAN NO. 1,SERANG,ID-33,40627,089 088 0683,Firma,DISAHKAN,AKTIF,1,1,API-U,11217-API,NIPER-95928,2026-01-04,AKTIF
084609367584,576941586765111,OSS-7118129,PT WIBOWO SUARTINI TBK,WIBOWO SUA,GANG KAPTEN MUSLIHAT NO. 81,TANJUNGPINANG,ID-74,43222,+62-87-754-6296,Perum,PROSES,TIDAK AKTIF,0,1,,,NIPER-93472,2026-03-02,AKTIF
324040754925,790807855392292,OSS-7967526,UD TAMBA,UD TAMBA,GANG GARDUJATI NO. 313,BONTANG,ID-61,02630,087 632 7100,Perum,TERDAFTAR,TIDAK AKTIF,0,0,,,,2026-02-10,AKTIF
064310589065,689561403891286,OSS-0775937,PD MANSUR,PD MANSUR,GANG LEMBONG NO. 16,SUBULUSSALAM,ID-57,84035,+62-0276-397-0314,PT,DISAHKAN,TIDAK AKTIF,1,1,API-U,42130-API,NIPER-39289,2026-01-04,AKTIF
047722975796,224558399856419,OSS-1339264,PD NASYIDAH FUJIATI,PD NASYIDA,JALAN MOCH. RAMDAN NO. 9,KOTA ADMINISTRASI JAKARTA UTARA,ID-40,48095,+62 (0515) 658 4388,Firma,PROSES,TIDAK AKTIF,0,0,,,,2026-01-30,AKTIF
997417969343,993276242517151,OSS-7754588,UD HASSANAH TBK,UD HASSANA,JALAN DR. DJUNJUNAN NO. 927,PROBOLINGGO,ID-91,80469,+62-50-953-4306,CV,PROSES,TIDAK AKTIF,0,1,,,NIPER-50207,2026-02-12,AKTIF
348623388870,406102982177769,OSS-5644793,PT WIBISONO PRADIPTA TBK,WIBISONO P,JALAN TUBAGUS ISMAIL NO. 4,KOTA ADMINISTRASI JAKARTA SELATAN,ID-78,53659,+62-49-079-1542,Firma,PROSES,AKTIF,0,0,,,,2026-02-14,AKTIF
991676403239,193252826712693,OSS-7949995,CV SIHOTANG NASHIRUDDIN,SIHOTANG N,GANG RAJAWALI BARAT NO. 8,TUAL,ID-16,68681,+62 (014) 330-6409,Firma,TERDAFTAR,TIDAK AKTIF,1,0,API-U,80587-API,,2026-01-19,AKTIF
523593922090,324007212187854,OSS-2702094,UD HASANAH TBK,UD HASANAH,JL. PHH. MUSTOFA NO. 316,BANDAR LAMPUNG,ID-68,78527,+62 (320) 613 4192,Firma,PROSES,AKTIF,1,0,API-U,71339-API,,2026-01-29,AKTIF
166564337607,473448049877295,OSS-5254878,CV KUSWOYO,KUSWOYO,GANG BKR NO. 780,KUPANG,ID-80,50233,+62-090-857-6039,Perum,DISAHKAN,AKTIF,0,1,,,NIPER-68841,2026-01-16,AKTIF
758498755281,093199389635523,OSS-1335862,PERUM SITUMORANG BUDIYANTO (PERSERO) TBK,PERUM SITU,GG. PASTEUR NO. 6,BIMA,ID-99,16329,+62-000-421-9989,PT,TERDAFTAR,AKTIF,1,1,API-U,39607-API,NIPER-33125,2026-02-11,AKTIF
543613003703,662621672205900,OSS-1068448,UD SIREGAR SINAGA,UD SIREGAR,JL. MOCH. RAMDAN NO. 36,BANDA ACEH,ID-69,70162,+62-0319-475-9544,CV,PROSES,DIBEKUKAN,1,1,API-P,95718-API,NIPER-41519,2026-01-10,AKTIF
457128403840,588704919318732,OSS-3351950,CV NAINGGOLAN PRAYOGA TBK,NAINGGOLAN,GG. AHMAD YANI NO. 3,KOTA ADMINISTRASI JAKARTA BARAT,ID-45,37873,+62-0580-582-9989,PT,TERDAFTAR,DIBEKUKAN,0,1,,,NIPER-59814,2026-01-02,AKTIF
572489566546,439899793070046,OSS-6605226,CV SALAHUDIN,SALAHUDIN,JL. ASIA AFRIKA NO. 20,KOTA ADMINISTRASI JAKARTA TIMUR,ID-75,91917,+62-66-935-4891,Firma,PROSES,TIDAK AKTIF,0,0,,,,2026-01-10,AKTIF
837029521221,337300761902013,OSS-4703132,CV RIYANTI MUSTOFA,RIYANTI MU,GG. GARDUJATI NO. 31,KOTA ADMINISTRASI JAKARTA SELATAN,ID-86,34404,(034) 186 9866,CV,PROSES,DIBEKUKAN,0,0,,,,2026-01-19,AKTIF
487696476836,264141246765358,OSS-9389902,UD HALIM TBK,UD HALIM T,GANG K.H. WAHID HASYIM NO. 760,SOLOK,ID-28,83626,(0455) 363-1824,CV,PROSES,AKTIF,0,0,,,,2026-02-17,AKTIF
591951762167,524661655225292,OSS-8115906,PD SAEFULLAH MARYATI TBK,PD SAEFULL,GANG RAJAWALI BARAT NO. 31,CIMAHI,ID-35,36286,+62 (011) 999 7855,PT,PROSES,DIBEKUKAN,1,0,API-U,40014-API,,2026-02-23,AKTIF
282461612384,619320222602541,OSS-9005110,CV WASTUTI,WASTUTI,JALAN KUTISARI SELATAN NO. 97,PURWOKERTO,ID-73,00678,+62-561-721-0376,CV,PROSES,AKTIF,1,0,API-U,13839-API,,2026-02-27,AKTIF
422274573889,522143668090065,OSS-8602311,PERUM SUSANTI,PERUM SUSA,JALAN S. PARMAN NO. 63,PALOPO,ID-43,39816,+62-088-127-9894,PT,PROSES,TIDAK AKTIF,0,1,,,NIPER-30490,2026-01-15,AKTIF
004512979916,716137018110735,OSS-5278451,PD HARYANTO ADRIANSYAH,PD HARYANT,JL. RAJAWALI TIMUR NO. 8,TANGERANG,ID-80,89415,(079) 780 8684,Perum,PROSES,DIBEKUKAN,1,1,API-U,76259-API,NIPER-96723,2026-01-21,AKTIF
247254265416,893927639852381,OSS-8289363,PD PUDJIASTUTI YULIANTI,PD PUDJIAS,GG. CIHAMPELAS NO. 23,PALU,ID-56,18995,+62-0116-992-1353,PT,TERDAFTAR,TIDAK AKTIF,1,1,API-P,47050-API,NIPER-70775,2026-02-05,AKTIF
864304967298,942200225591946,OSS-2794444,PERUM TARIHORAN HUTAPEA TBK,PERUM TARI,GANG KUTAI NO. 66,LHOKSEUMAWE,ID-83,34338,(0609) 812 9775,Firma,TERDAFTAR,TIDAK AKTIF,1,0,API-U,21752-API,,2026-01-23,AKTIF
855567838439,697833664874419,OSS-6224486,PERUM GUNAWAN TBK,PERUM GUNA,GG. DR. DJUNJUNAN NO. 4,KOTA ADMINISTRASI JAKARTA UTARA,ID-41,85901,(042) 962 6789,PT,PROSES,DIBEKUKAN,1,1,API-U,06946-API,NIPER-23057,2026-02-06,AKTIF
013268431149,060467932367053,OSS-6105151,UD SUSANTI HALIM,UD SUSANTI,JL. SETIABUDHI NO. 14,SUBULUSSALAM,ID-72,61533,(013) 317 2533,CV,DISAHKAN,DIBEKUKAN,0,1,,,NIPER-97190,2026-02-22,AKTIF
807804451176,091740402748174,OSS-5830926,PT KUSWANDARI PRASETYA (PERSERO) TBK,KUSWANDARI,GANG MOCH. TOHA NO. 930,DEPOK,ID-44,70271,0860723938,Firma,PROSES,AKTIF,0,0,,,,2026-02-13,AKTIF
114281785228,230524808806220,OSS-7223959,PD PRASASTA TBK,PD PRASAST,JL. JAMIKA NO. 9,BATAM,ID-56,20478,(0688) 687-8599,Perum,PROSES,AKTIF,0,1,,,NIPER-64862,2026-02-08,AKTIF
228982259315,760339422886161,OSS-3821712,PD MELANI NATSIR (PERSERO) TBK,PD MELANI,GANG SOEKARNO HATTA NO. 15,BLITAR,ID-70,64512,+62-0019-682-6052,Perum,DISAHKAN,AKTIF,0,0,,,,2026-01-01,AKTIF
239402826984,728116817865873,OSS-7814832,PD SIRAIT TBK,PD SIRAIT,GG. SENTOT ALIBASA NO. 46,TANJUNGPINANG,ID-39,47755,+62-86-261-4044,PT,PROSES,TIDAK AKTIF,0,0,,,,2026-01-26,AKTIF
023746801297,345699006889632,OSS-7364302,UD PURWANTI,UD PURWANT,GG. R.E MARTADINATA NO. 08,LANGSA,ID-55,75633,(051) 831-7791,CV,PROSES,AKTIF,1,1,API-U,42571-API,NIPER-41044,2026-01-27,AKTIF
141735042994,647567438401523,OSS-3064300,UD NURDIYANTI ZULKARNAIN TBK (DUPLICATE),UD NURDIYA,GG. ABDUL MUIS NO. 54,BAU-BAU,ID-48,20537,(000) 069-4118,CV,PROSES,TIDAK AKTIF,1,0,API-U,52209-API,,2026-01-27,AKTIF
971521035337,442031919156368,OSS-7624024,UD NABABAN TBK,UD NABABAN,GANG JEND. A. YANI NO. 71,LANGSA,ID-54,93421,087 238 3965,CV,TERDAFTAR,AKTIF,1,0,API-U,07818-API,,2026-01-23,AKTIF
787090959027,990463691991838,OSS-6488362,PERUM AGUSTINA HUTAPEA TBK,PERUM AGUS,GANG OTTO ISKANDARDINATA NO. 17,LUBUKLINGGAU,ID-88,96942,(091) 548 9788,PT,DISAHKAN,DIBEKUKAN,1,0,API-P,14124-API,,2026-01-07,AKTIF
109844652488,265234304063252,OSS-9569103,CV SUWARNO (PERSERO) TBK,SUWARNO (P,GANG ERLANGGA NO. 9,PEMATANGSIANTAR,ID-74,85012,+62-83-892-1163,PT,PROSES,DIBEKUKAN,0,0,,,,2026-02-20,AKTIF
720564759231,961076801235592,OSS-6051137,HASTUTI FARIDA,HASTUTI FA,GG. RAWAMANGUN NO. 28,PAREPARE,ID-94,10492,+62-089-861-5951,Perum,DISAHKAN,TIDAK AKTIF,0,0,,,,2026-01-14,AKTIF
750175056655,899065869722324,OSS-2043006,PERTIWI JAILANI,PERTIWI JA,GANG DIPENOGORO NO. 3,TUAL,ID-93,59114,+62 (02) 861 2232,PT,TERDAFTAR,TIDAK AKTIF,0,1,,,NIPER-86140,2026-02-12,AKTIF
729052396948,151347702204212,OSS-5285506,CV NASHIRUDDIN,NASHIRUDDI,JALAN CIHAMPELAS NO. 61,CIREBON,ID-50,24085,+62-737-810-1123,PT,DISAHKAN,DIBEKUKAN,1,1,API-P,10785-API,NIPER-57218,2026-01-20,AKTIF
546885780337,291235205346683,OSS-0388263,UD KURNIAWAN LAZUARDI (PERSERO) TBK,UD KURNIAW,GG. MEDOKAN AYU NO. 9,TIDORE KEPULAUAN,ID-38,30917,+62 (0203) 518 0030,Firma,PROSES,TIDAK AKTIF,1,0,API-U,04672-API,,2026-02-01,AKTIF
192386304637,861436432904561,OSS-0281915,PD OKTAVIANI,PD OKTAVIA,GANG ASIA AFRIKA NO. 553,TARAKAN,ID-70,25735,+62-852-148-8058,PT,PROSES,AKTIF,1,0,API-U,22263-API,,2026-01-19,AKTIF
012854997263,150810866704295,OSS-7903540,UD MARYADI YOLANDA (PERSERO) TBK (DUPLICATE),UD MARYADI,GANG JAYAWIJAYA NO. 7,SOLOK,ID-66,86484,+62 (021) 234 9605,Perum,DISAHKAN,TIDAK AKTIF,0,0,,,,2026-01-11,AKTIF
262912565637,667076018395887,OSS-7846790,CV HABIBI SAMOSIR,HABIBI SAM,GANG GEGERKALONG HILIR NO. 7,SURAKARTA,ID-26,87148,+62 (008) 233-1038,CV,TERDAFTAR,DIBEKUKAN,1,1,API-U,14116-API,NIPER-42774,2026-01-21,AKTIF
833099526888,009019177127158,OSS-4998060,UD PUSPITA,UD PUSPITA,JL. JAYAWIJAYA NO. 986,KUPANG,ID-41,86278,+62 (041) 044 3120,Firma,TERDAFTAR,DIBEKUKAN,0,0,,,,2026-02-09,AKTIF
081051800433,905398363306606,OSS-2578866,CV WACANA (PERSERO) TBK,WACANA (PE,GANG HOS. COKROAMINOTO NO. 5,PAGARALAM,ID-61,70329,+62 (063) 686-4651,CV,TERDAFTAR,DIBEKUKAN,1,0,API-P,39787-API,,2026-01-26,AKTIF
458191531875,960295946566023,OSS-3507557,UTAMA ANGGRIAWAN TBK (DUPLICATE),UTAMA ANGG,GANG SURAPATI NO. 88,PEKALONGAN,ID-62,04588,082 991 7626,CV,TERDAFTAR,DIBEKUKAN,1,1,API-U,24019-API,NIPER-57702,2026-02-12,AKTIF
058389146218,941795758118636,OSS-9076699,PD KUSUMO HARYANTI,PD KUSUMO,GG. DIPENOGORO NO. 58,SALATIGA,ID-87,87325,+62 (045) 460 6076,Perum,PROSES,TIDAK AKTIF,1,0,API-P,49037-API,,2026-02-15,AKTIF
601642624554,620213546922394,OSS-0717343,PD WINARNO (PERSERO) TBK (DUPLICATE),PD WINARNO,GANG CIKAPAYANG NO. 0,BANJARBARU,ID-80,98107,+62 (163) 521-4120,Perum,DISAHKAN,AKTIF,0,0,,,,2026-01-06,AKTIF
466931355097,971134016288495,OSS-7790678,PERUM PRASETYO,PERUM PRAS,JALAN MOCH. TOHA NO. 8,TERNATE,ID-10,22183,+62-71-685-7100,CV,DISAHKAN,DIBEKUKAN,1,0,API-U,90258-API,,2026-02-28,AKTIF
430972032211,636965236675091,OSS-3688921,PD USAMAH PRASETYO,PD USAMAH,JL. RAYA UJUNGBERUNG NO. 7,SERANG,ID-22,58154,+62 (010) 463-6308,CV,TERDAFTAR,DIBEKUKAN,1,1,API-P,18296-API,NIPER-39210,2026-02-23,AKTIF
119129285320,812131539651889,OSS-9904512,PT MAHESWARA,MAHESWARA,GG. ERLANGGA NO. 0,MEDAN,ID-57,07905,(0379) 123-1003,PT,TERDAFTAR,AKTIF,1,0,API-P,96361-API,,2026-02-13,AKTIF
712167370144,860213568738971,OSS-8256274,UD MANSUR,UD MANSUR,JALAN JAMIKA NO. 952,BANDA ACEH,ID-21,12284,+62 (025) 656-4987,Firma,DISAHKAN,TIDAK AKTIF,0,0,,,,2026-01-06,AKTIF
559670716944,814400040756023,OSS-1064079,CV PADMASARI ZULKARNAIN (PERSERO) TBK,PADMASARI,GANG JAKARTA NO. 34,SEMARANG,ID-41,99251,(0366) 547-5878,PT,TERDAFTAR,DIBEKUKAN,1,0,API-U,37105-API,,2026-01-09,AKTIF
811210597012,442360256732291,OSS-7123209,UD SAMOSIR (PERSERO) TBK,UD SAMOSIR,JALAN SUKABUMI NO. 8,SAMARINDA,ID-93,48030,(065) 693 0090,Perum,DISAHKAN,DIBEKUKAN,1,0,API-U,38755-API,,2026-01-16,AKTIF
473087887526,322844133358021,OSS-0377002,CV SIMANJUNTAK NAMAGA,SIMANJUNTA,GG. ASTANA ANYAR NO. 27,SURAKARTA,ID-98,57088,+62-286-041-6143,CV,TERDAFTAR,AKTIF,0,1,,,NIPER-54349,2026-02-18,AKTIF
829167168720,180441190452603,OSS-0293425,PT PRATIWI KUSUMO TBK,PRATIWI KU,JALAN MEDOKAN AYU NO. 575,BITUNG,ID-81,81859,+62-64-004-8048,Perum,TERDAFTAR,DIBEKUKAN,0,1,,,NIPER-33032,2026-03-02,AKTIF
557740891691,856983059922156,OSS-7986161,PD HASANAH SIHOTANG,PD HASANAH,GANG DIPENOGORO NO. 075,PEKALONGAN,ID-29,84044,+62 (0414) 410-8981,PT,TERDAFTAR,TIDAK AKTIF,1,0,API-U,52701-API,,2026-01-26,AKTIF
465878747685,193298632731129,OSS-8298838,UD KUSUMO,UD KUSUMO,GG. TUBAGUS ISMAIL NO. 9,AMBON,ID-70,32956,(0584) 931-9743,CV,PROSES,DIBEKUKAN,1,1,API-P,62714-API,NIPER-17222,2026-01-09,AKTIF
278566647928,378612246493757,OSS-6631243,CV YOLANDA MARYATI,YOLANDA MA,JALAN SURAPATI NO. 448,KENDARI,ID-28,41427,+62-27-598-2750,CV,TERDAFTAR,AKTIF,0,1,,,NIPER-17791,2026-01-12,AKTIF
609316426633,161408231017171,OSS-9945740,PT SUARTINI TBK,SUARTINI T,JL. ABDUL MUIS NO. 67,SUBULUSSALAM,ID-50,26359,+62 (176) 352-4130,Firma,TERDAFTAR,DIBEKUKAN,0,1,,,NIPER-22867,2026-01-18,AKTIF
379829305577,979836760741059,OSS-3948150,CV PURNAWATI (PERSERO) TBK,PURNAWATI,GANG ASTANA ANYAR NO. 858,SOLOK,ID-30,60963,+62 (476) 075-1210,CV,TERDAFTAR,DIBEKUKAN,0,1,,,NIPER-18426,2026-01-26,AKTIF
200115974378,616702149978451,OSS-8762464,CV FIRMANSYAH,FIRMANSYAH,JALAN CIKUTRA TIMUR NO. 86,MAGELANG,ID-61,93766,(0485) 726 1000,Perum,TERDAFTAR,TIDAK AKTIF,0,0,,,,2026-02-17,AKTIF
698945067550,576853443467488,OSS-0222596,UD WIJAYA ISWAHYUDI,UD WIJAYA,GANG MONGINSIDI NO. 24,PADANGPANJANG,ID-91,75393,+62-003-446-4791,CV,TERDAFTAR,AKTIF,1,1,API-U,14246-API,NIPER-47400,2026-01-14,AKTIF
063146720282,436115235292285,OSS-5356665,UD ZULAIKA,UD ZULAIKA,GANG MONGINSIDI NO. 48,PAREPARE,ID-63,16007,+62 (865) 651-7782,Perum,DISAHKAN,TIDAK AKTIF,0,1,,,NIPER-13594,2026-01-09,AKTIF
941989219173,006278348749505,OSS-7625298,UD PURWANTI RAMADAN,UD PURWANT,GG. CIKUTRA BARAT NO. 25,PADANG,ID-48,34985,0873014800,Firma,PROSES,TIDAK AKTIF,0,1,,,NIPER-22764,2026-01-28,AKTIF
016873395004,797480162456506,OSS-0983584,PD MAYASARI,PD MAYASAR,JALAN GEGERKALONG HILIR NO. 655,TOMOHON,ID-34,39868,+62-000-257-8729,PT,TERDAFTAR,DIBEKUKAN,1,1,API-P,82595-API,NIPER-26949,2026-01-23,AKTIF
654906440484,343627610053737,OSS-7587093,PUSPITA PRABOWO,PUSPITA PR,JL. SUNIARAJA NO. 2,SABANG,ID-76,40369,+62-55-555-4438,Perum,TERDAFTAR,DIBEKUKAN,1,0,API-U,29840-API,,2026-02-08,AKTIF
889113179781,814360635019161,OSS-7131876,CV SITUMORANG SANTOSO TBK,SITUMORANG,GANG KIARACONDONG NO. 399,TIDORE KEPULAUAN,ID-82,97892,+62 (033) 806-7083,Perum,DISAHKAN,DIBEKUKAN,1,1,API-U,27040-API,NIPER-73081,2026-01-06,AKTIF
043935160269,577526684803163,OSS-6781752,PERUM HIDAYAT (PERSERO) TBK,PERUM HIDA,GG. SUKAJADI NO. 29,TOMOHON,ID-75,03953,+62 (260) 885-3298,Firma,TERDAFTAR,AKTIF,0,0,,,,2026-01-12,AKTIF
006991838866,505362428055022,OSS-0466435,PERUM WIJAYANTI,PERUM WIJA,JL. SETIABUDHI NO. 6,TERNATE,ID-25,77764,+62 (94) 284 7397,Firma,PROSES,AKTIF,1,0,API-U,63165-API,,2026-02-27,AKTIF
481704967294,279191637980047,OSS-2028882,PERUM HANDAYANI PRATIWI,PERUM HAND,GG. WARINGIN NO. 152,TANGERANG SELATAN,ID-91,44310,+62 (99) 321 0367,Perum,PROSES,DIBEKUKAN,1,1,API-U,40092-API,NIPER-54270,2026-02-03,AKTIF
858052632119,604722053970774,OSS-5447082,HANDAYANI HARYANTO,HANDAYANI,JALAN WONOAYU NO. 5,SAMARINDA,ID-28,67662,(023) 596-0530,Firma,DISAHKAN,TIDAK AKTIF,0,0,,,,2026-01-30,AKTIF
212067069515,695845954515156,OSS-7598922,PERUM UYAINAH PALASTRI,PERUM UYAI,JL. SUKABUMI NO. 4,AMBON,ID-11,90381,+62-095-858-3703,Perum,PROSES,AKTIF,0,0,,,,2026-02-05,AKTIF
011831319211,803891572221043,OSS-4695918,CV SUWARNO LATUPONO,SUWARNO LA,GANG RAJAWALI TIMUR NO. 8,BITUNG,ID-53,08748,+62 (859) 853-1702,CV,PROSES,DIBEKUKAN,1,0,API-P,34642-API,,2026-01-09,AKTIF
210109672914,286364238717647,OSS-2502272,NURAINI SETIAWAN,NURAINI SE,JALAN ANTAPANI LAMA NO. 0,CILEGON,ID-95,59355,+62 (446) 466-4570,CV,PROSES,TIDAK AKTIF,1,1,API-P,00520-API,NIPER-57728,2026-01-23,AKTIF
255314491645,102001963809277,OSS-6539340,PERUM NASHIRUDDIN (PERSERO) TBK,PERUM NASH,JALAN SILIWANGI NO. 339,LHOKSEUMAWE,ID-78,61469,+62 (318) 479 9269,PT,TERDAFTAR,TIDAK AKTIF,0,0,,,,2026-02-14,AKTIF
466723664068,181367332291922,OSS-5885445,NURAINI (PERSERO) TBK,NURAINI (P,JL. ASTANA ANYAR NO. 4,TANJUNGPINANG,ID-48,43298,+62 (0455) 350 1954,Firma,TERDAFTAR,AKTIF,1,1,API-U,63580-API,NIPER-45094,2026-02-22,AKTIF
409054449625,216538973907666,OSS-7524420,PT SINAGA LAKSMIWATI,SINAGA LAK,GANG CIWASTRA NO. 801,BLITAR,ID-58,50778,+62-0635-096-8019,CV,TERDAFTAR,TIDAK AKTIF,1,0,API-P,22716-API,,2026-01-04,AKTIF
729833665380,576919984950637,OSS-3266595,HANDAYANI NATSIR (PERSERO) TBK,HANDAYANI,JALAN KENDALSARI NO. 12,TANGERANG SELATAN,ID-72,69506,+62 (032) 985 6656,Perum,PROSES,DIBEKUKAN,0,1,,,NIPER-96450,2026-02-12,AKTIF
274143596099,553292812012874,OSS-4341772,UD NARPATI WASTUTI,UD NARPATI,JL. PELAJAR PEJUANG NO. 2,BONTANG,ID-87,25748,(060) 442-9953,Firma,DISAHKAN,DIBEKUKAN,1,1,API-U,25508-API,NIPER-03844,2026-01-02,AKTIF
323023852027,064138145635791,OSS-7408378,UD SURYATMI WINARNO TBK,UD SURYATM,JALAN JAYAWIJAYA NO. 87,PRABUMULIH,ID-34,80596,+62-09-129-5453,Perum,TERDAFTAR,DIBEKUKAN,0,0,,,,2026-02-07,AKTIF
016327034914,105269636427212,OSS-6454367,PERUM YULIARTI LAKSMIWATI TBK,PERUM YULI,GANG RONGGOWARSITO NO. 2,SERANG,ID-76,30133,+62-0279-882-1702,Firma,PROSES,DIBEKUKAN,0,0,,,,2026-01-12,AKTIF
693696914931,473701461224659,OSS-3511097,PERUM YUNIAR MAYASARI (DUPLICATE),PERUM YUNI,JALAN RAJAWALI BARAT NO. 238,GORONTALO,ID-53,53241,+62 (74) 644-2334,CV,DISAHKAN,AKTIF,1,0,API-U,83704-API,,2026-01-12,AKTIF
123898265784,308320748309725,OSS-8740748,UD WASKITA,UD WASKITA,JL. S. PARMAN NO. 139,TIDORE KEPULAUAN,ID-59,86306,088 960 8405,CV,DISAHKAN,TIDAK AKTIF,0,0,,,,2026-02-28,AKTIF
010182309626,056025370645610,OSS-6713617,CV SUSANTI,SUSANTI,GG. RAJAWALI TIMUR NO. 9,PONTIANAK,ID-88,87099,+62-127-288-0280,Firma,TERDAFTAR,DIBEKUKAN,0,1,,,NIPER-39841,2026-03-01,AKTIF
684989912638,279414550973330,OSS-9870382,CV RAHAYU TBK,RAHAYU TBK,JALAN PHH. MUSTOFA NO. 7,KOTA ADMINISTRASI JAKARTA UTARA,ID-65,46346,+62 (0749) 659 1311,CV,DISAHKAN,DIBEKUKAN,1,1,API-U,01522-API,NIPER-18159,2026-02-23,AKTIF
855653370854,496553473763027,OSS-2225012,CV SURYATMI,SURYATMI,JL. GEDEBAGE SELATAN NO. 3,BOGOR,ID-21,49501,+62-034-688-3154,PT,PROSES,TIDAK AKTIF,1,0,API-U,55171-API,,2026-02-17,AKTIF
446869607209,969430748817814,OSS-7362677,PT SIHOMBING (PERSERO) TBK,SIHOMBING,JL. PASTEUR NO. 40,SABANG,ID-83,70517,+62 (0004) 043-7051,Perum,PROSES,TIDAK AKTIF,1,1,API-P,36002-API,NIPER-35573,2026-02-26,AKTIF
787439233743,330877429395697,OSS-0018102,CV HANDAYANI,HANDAYANI,JL. LEMBONG NO. 271,BLITAR,ID-49,67756,(0869) 588-7306,Perum,TERDAFTAR,TIDAK AKTIF,1,1,API-U,63550-API,NIPER-63928,2026-02-07,AKTIF
854781506185,380032963347272,OSS-7423183,PD HIDAYAT,PD HIDAYAT,JL. BKR NO. 49,SORONG,ID-30,57824,+62-0477-695-8741,PT,PROSES,AKTIF,0,0,,,,2026-01-18,AKTIF
647528646120,961730099284524,OSS-0321153,UD ANGGRIAWAN TBK,UD ANGGRIA,JALAN HOS. COKROAMINOTO NO. 914,SURAKARTA,ID-59,87797,+62 (47) 925 4221,PT,DISAHKAN,TIDAK AKTIF,0,1,,,NIPER-88345,2026-01-25,AKTIF
644472442035,021931174237040,OSS-0930264,USADA USADA (PERSERO) TBK,USADA USAD,GG. JAKARTA NO. 612,BAU-BAU,ID-59,19220,0886987922,PT,DISAHKAN,DIBEKUKAN,1,1,API-P,34890-API,NIPER-71819,2026-02-19,AKTIF
854709128487,877581281137437,OSS-7154110,PERUM MANGUNSONG TBK (DUPLICATE),PERUM MANG,JALAN KUTISARI SELATAN NO. 263,TASIKMALAYA,ID-61,35276,(0412) 397-8329,Firma,TERDAFTAR,DIBEKUKAN,1,0,API-U,87600-API,,2026-03-02,AKTIF
516164266030,414950093176846,OSS-7972744,CV OKTAVIANI,OKTAVIANI,JALAN KH AMIN JASUTA NO. 688,MAGELANG,ID-47,54580,+62 (64) 348-2531,CV,DISAHKAN,DIBEKUKAN,1,0,API-P,04190-API,,2026-01-11,AKTIF
426066499984,219307063387850,OSS-6352491,PD PRANOWO,PD PRANOWO,JL. MOCH. TOHA NO. 127,SIBOLGA,ID-32,18669,(064) 072 0919,CV,DISAHKAN,DIBEKUKAN,0,1,,,NIPER-26061,2026-01-01,AKTIF
690965380558,934095655522289,OSS-7928031,BUDIYANTO UTAMI (PERSERO) TBK,BUDIYANTO,JALAN CEMPAKA NO. 505,LUBUKLINGGAU,ID-51,97443,(087) 062-0602,Perum,DISAHKAN,TIDAK AKTIF,1,0,API-U,04609-API,,2026-01-21,AKTIF
029807195605,285625581366618,OSS-8009724,PERUM WAHYUDIN TBK,PERUM WAHY,JL. HOS. COKROAMINOTO NO. 556,BIMA,ID-38,40456,084 775 6269,PT,DISAHKAN,TIDAK AKTIF,0,1,,,NIPER-14229,2026-01-16,AKTIF
501163223121,818152804219408,OSS-4747226,PD FUJIATI,PD FUJIATI,GG. DR. DJUNJUNAN NO. 79,MOJOKERTO,ID-57,59436,+62-93-223-5864,Firma,PROSES,DIBEKUKAN,0,0,,,,2026-02-12,AKTIF
903001472386,239285991664443,OSS-2036945,UD NAPITUPULU,UD NAPITUP,GG. MOCH. RAMDAN NO. 4,PASURUAN,ID-20,14901,+62-0960-368-6692,PT,PROSES,AKTIF,0,1,,,NIPER-97608,2026-02-09,AKTIF
886081107149,236036808588444,OSS-3721326,PD AGUSTINA PRABOWO (PERSERO) TBK,PD AGUSTIN,JL. RAJAWALI BARAT NO. 843,YOGYAKARTA,ID-41,97568,+62 (0218) 180 1874,PT,TERDAFTAR,DIBEKUKAN,0,1,,,NIPER-72913,2026-02-20,AKTIF
804202230597,573368287657555,OSS-2586856,PT ARYANI TBK,ARYANI TBK,JALAN KAPTEN MUSLIHAT NO. 48,BINJAI,ID-97,00025,+62 (464) 533-4798,Firma,TERDAFTAR,DIBEKUKAN,0,0,,,,2026-02-24,AKTIF
187552792590,896790047882014,OSS-4347946,PT SUSANTI ADRIANSYAH,SUSANTI AD,JALAN ERLANGGA NO. 86,MOJOKERTO,ID-56,67334,085 353 3261,PT,DISAHKAN,DIBEKUKAN,1,0,API-P,67021-API,,2026-01-12,AKTIF
700878032409,716283475480029,OSS-1467260,PT HUTAGALUNG WIBISONO (PERSERO) TBK,HUTAGALUNG,JL. LASWI NO. 9,BANDUNG,ID-47,20981,+62 (049) 001-8710,PT,TERDAFTAR,AKTIF,1,1,API-P,91267-API,NIPER-61818,2026-01-27,AKTIF
788636498828,872424890139649,OSS-5300516,UD HARIYAH RAHMAWATI,UD HARIYAH,JALAN ERLANGGA NO. 6,BALIKPAPAN,ID-78,18420,(034) 234 7523,Firma,DISAHKAN,TIDAK AKTIF,0,0,,,,2026-02-05,AKTIF
239412094477,269032655132761,OSS-7948024,UD PADMASARI TBK,UD PADMASA,JALAN GEGERKALONG HILIR NO. 191,PRABUMULIH,ID-12,26864,0864786862,Firma,PROSES,TIDAK AKTIF,1,0,API-U,37600-API,,2026-02-02,AKTIF
663375618453,577778592945836,OSS-1883744,CV SAFITRI WALUYO,SAFITRI WA,JALAN PASTEUR NO. 50,MALANG,ID-20,70217,082 959 8816,Perum,PROSES,AKTIF,0,1,,,NIPER-10376,2026-01-24,AKTIF
951786318927,869856879673799,OSS-5688085,PD TAMPUBOLON MEGANTARA (PERSERO) TBK,PD TAMPUBO,GG. AHMAD DAHLAN NO. 86,PEMATANGSIANTAR,ID-17,10511,084 264 1022,Perum,DISAHKAN,DIBEKUKAN,0,0,,,,2026-01-17,AKTIF
560500524357,403346894527592,OSS-7672146,UD BUDIMAN BUDIMAN,UD BUDIMAN,JALAN R.E MARTADINATA NO. 76,TANGERANG SELATAN,ID-85,30734,+62-70-063-2759,Perum,PROSES,DIBEKUKAN,0,1,,,NIPER-23468,2026-02-11,AKTIF
099286102855,143825520328659,OSS-1819805,PERUM PUTRA SUARTINI (DUPLICATE),PERUM PUTR,JALAN ANTAPANI LAMA NO. 73,TEGAL,ID-79,03884,+62-16-776-9219,Firma,DISAHKAN,AKTIF,1,1,API-P,10507-API,NIPER-19709,2026-02-16,AKTIF
531506992456,997764130142254,OSS-7986131,UD HASSANAH (PERSERO) TBK,UD HASSANA,JALAN BKR NO. 340,KEDIRI,ID-71,80488,+62 (055) 285-1191,Firma,TERDAFTAR,AKTIF,1,1,API-U,65081-API,NIPER-76661,2026-01-20,AKTIF
893942418504,890060670876240,OSS-8283300,PD PRATAMA PRADIPTA,PD PRATAMA,JL. RAYA SETIABUDHI NO. 02,TANGERANG,ID-27,21825,(0157) 731-7536,Firma,DISAHKAN,DIBEKUKAN,1,1,API-U,39786-API,NIPER-90361,2026-02-03,AKTIF
352414398401,048807448801927,OSS-6378628,UD DABUKKE USADA,UD DABUKKE,GG. CIKUTRA TIMUR NO. 52,KOTA ADMINISTRASI JAKARTA PUSAT,ID-73,00406,+62-886-984-7595,PT,DISAHKAN,TIDAK AKTIF,1,0,API-U,18656-API,,2026-03-01,AKTIF
681628379249,099750232847349,OSS-3358551,CV WAHYUDIN,WAHYUDIN,GG. CIUMBULEUIT NO. 806,BIMA,ID-84,85111,+62-392-941-8657,CV,TERDAFTAR,AKTIF,0,0,,,,2026-01-17,AKTIF
024181597349,755276425759952,OSS-6240991,PERUM ZULKARNAIN PADMASARI,PERUM ZULK,GG. RAJIMAN NO. 19,SURAKARTA,ID-36,26148,(0914) 757-5901,CV,PROSES,DIBEKUKAN,1,0,API-U,76078-API,,2026-01-06,AKTIF
352414398401,048807448801927,OSS-6378628,UD DABUKKE USADA (DUPLICATE),UD DABUKKE,GG. CIKUTRA TIMUR NO. 52,KOTA ADMINISTRASI JAKARTA PUSAT,ID-73,00406,+62-886-984-7595,PT,DISAHKAN,TIDAK AKTIF,1,0,API-U,18656-API,,2026-03-01,AKTIF
497194562987,636266315864459,OSS-5075151,CV ANDRIANI (PERSERO) TBK,ANDRIANI (,GG. DR. DJUNJUNAN NO. 4,MOJOKERTO,ID-25,95445,+62-51-896-5913,Firma,TERDAFTAR,DIBEKUKAN,1,0,API-P,27845-API,,2026-01-15,AKTIF
730292231969,128313583119661,OSS-3164340,UD ZULAIKA HARTATI (PERSERO) TBK (DUPLICATE),UD ZULAIKA,GG. MERDEKA NO. 86,TANJUNGPINANG,ID-33,84083,+62 (38) 994-2155,CV,TERDAFTAR,AKTIF,1,0,API-P,70377-API,,2026-01-21,AKTIF
350419545002,125246377334440,OSS-6445788,CV MANDALA,MANDALA,JL. JEND. A. YANI NO. 3,KOTA ADMINISTRASI JAKARTA UTARA,ID-34,70229,+62 (83) 200-6441,Firma,DISAHKAN,DIBEKUKAN,0,1,,,NIPER-67434,2026-02-04,AKTIF
653244834387,151547469117087,OSS-0272820,PT GUNAWAN (PERSERO) TBK,GUNAWAN (P,GG. MEDOKAN AYU NO. 9,CIREBON,ID-72,21600,+62 (932) 418-3252,PT,DISAHKAN,DIBEKUKAN,1,1,API-U,76252-API,NIPER-02131,2026-01-21,AKTIF
529537740376,768740420767514,OSS-9753411,PD PRANOWO (PERSERO) TBK,PD PRANOWO,JL. H.J MAEMUNAH NO. 0,TERNATE,ID-15,65658,+62 (34) 453 8565,CV,PROSES,TIDAK AKTIF,1,0,API-P,35232-API,,2026-01-30,AKTIF
711846503186,182366646228665,OSS-5757727,PERUM ADRIANSYAH,PERUM ADRI,GG. BKR NO. 5,BANJARMASIN,ID-19,25942,+62 (990) 813-0400,PT,DISAHKAN,AKTIF,1,1,API-P,77636-API,NIPER-57316,2026-01-09,AKTIF
313623294530,264256283994395,OSS-9137726,PERMADI BUDIYANTO TBK,PERMADI BU,GANG SOEKARNO HATTA NO. 0,PASURUAN,ID-11,60560,(038) 122-5761,Perum,TERDAFTAR,DIBEKUKAN,1,0,API-U,77638-API,,2026-03-02,AKTIF
718888036386,161564516335158,OSS-6671545,PD MAYASARI (DUPLICATE),PD MAYASAR,JALAN ABDUL MUIS NO. 7,KOTA ADMINISTRASI JAKARTA BARAT,ID-79,71394,(0982) 562-9920,Firma,PROSES,AKTIF,1,0,API-U,84366-API,,2026-02-25,AKTIF
053986555106,116389449413024,OSS-9372612,CV LAKSMIWATI SINAGA,LAKSMIWATI,GG. JAMIKA NO. 12,MADIUN,ID-44,90764,(0672) 245 4846,PT,DISAHKAN,AKTIF,0,1,,,NIPER-63084,2026-01-02,AKTIF
629965251646,800276377850634,OSS-8336027,UD SIRAIT MANULLANG TBK,UD SIRAIT,GANG RONGGOWARSITO NO. 639,SUKABUMI,ID-85,37165,+62-084-198-9692,PT,DISAHKAN,DIBEKUKAN,0,0,,,,2026-01-15,AKTIF
690552822471,969869512976093,OSS-1661596,PT HANDAYANI (PERSERO) TBK,HANDAYANI,GG. SUKABUMI NO. 28,TANJUNGPINANG,ID-78,40490,+62 (459) 049 9367,PT,TERDAFTAR,DIBEKUKAN,1,0,API-P,60467-API,,2026-01-23,AKTIF
032573990010,262853507286817,OSS-7341598,CV YULIARTI (DUPLICATE),YULIARTI,GANG WONOAYU NO. 5,SURAKARTA,ID-20,47644,+62 (0368) 480-8000,CV,PROSES,AKTIF,0,1,,,NIPER-15324,2026-01-14,AKTIF
482501478139,233209370571635,OSS-6968669,CV LAILASARI (PERSERO) TBK,LAILASARI,GG. GEGERKALONG HILIR NO. 3,CILEGON,ID-53,53654,(0455) 634-1664,Firma,TERDAFTAR,TIDAK AKTIF,1,0,API-U,22031-API,,2026-01-27,AKTIF
746859026297,611662866034982,OSS-4689670,PD UWAIS,PD UWAIS,GG. RAJIMAN NO. 4,CILEGON,ID-83,57231,+62 (52) 423 5256,CV,DISAHKAN,AKTIF,0,0,,,,2026-01-09,AKTIF
466614590110,797714004938819,OSS-4905315,PT RAJASA SURYATMI,RAJASA SUR,GANG SUNIARAJA NO. 8,SUBULUSSALAM,ID-32,13797,+62 (066) 984-1661,Perum,PROSES,TIDAK AKTIF,1,1,API-P,23740-API,NIPER-77943,2026-02-13,AKTIF
114497491124,809599050952414,OSS-3796568,PT HASANAH (PERSERO) TBK,HASANAH (P,JALAN CIUMBULEUIT NO. 36,TERNATE,ID-11,65106,+62-916-043-7420,Firma,TERDAFTAR,TIDAK AKTIF,1,0,API-P,77252-API,,2026-01-14,AKTIF
708338947793,131977143706295,OSS-3333186,PD LAILASARI PRASTUTI (PERSERO) TBK,PD LAILASA,JL. SUKABUMI NO. 7,BATU,ID-24,19506,(006) 055-2212,Perum,TERDAFTAR,DIBEKUKAN,1,0,API-U,41466-API,,2026-02-25,AKTIF
860437758725,371720153330032,OSS-5696474,CV PRAKASA,PRAKASA,GG. DIPATIUKUR NO. 6,SINGKAWANG,ID-88,84226,(031) 543-0990,Firma,DISAHKAN,TIDAK AKTIF,1,1,API-P,34913-API,NIPER-15653,2026-02-21,AKTIF
181048728989,225788442707285,OSS-3956351,WALUYO GUNAWAN (PERSERO) TBK,WALUYO GUN,JALAN STASIUN WONOKROMO NO. 5,SIBOLGA,ID-45,08157,0805140749,PT,DISAHKAN,AKTIF,1,1,API-U,88608-API,NIPER-11184,2026-02-22,AKTIF
211155691534,444703373052225,OSS-2348135,UD ZULKARNAIN,UD ZULKARN,JALAN IR. H. DJUANDA NO. 2,PALU,ID-76,67200,+62-78-161-1094,CV,TERDAFTAR,DIBEKUKAN,0,0,,,,2026-01-31,AKTIF
952382324988,705074859227920,OSS-7554240,UD KURNIAWAN,UD KURNIAW,GG. KIARACONDONG NO. 018,PALANGKARAYA,ID-76,06554,+62 (0316) 364 7593,Perum,TERDAFTAR,AKTIF,0,0,,,,2026-01-08,AKTIF
383147678230,378624634957294,OSS-0555470,CV FARIDA TBK,FARIDA TBK,GG. CIUMBULEUIT NO. 83,PALOPO,ID-65,49222,+62-066-095-8333,Firma,TERDAFTAR,AKTIF,0,0,,,,2026-01-26,AKTIF
329403804374,126980865510861,OSS-9970783,PRAKASA MAHENDRA,PRAKASA MA,JL. TEBET BARAT DALAM NO. 59,DENPASAR,ID-17,01657,+62 (557) 486-3281,Firma,PROSES,AKTIF,1,1,API-U,07056-API,NIPER-05573,2026-02-23,AKTIF
735668178039,997875563804164,OSS-1014844,PERUM PRASTUTI (PERSERO) TBK,PERUM PRAS,JALAN CIKUTRA BARAT NO. 2,SOLOK,ID-56,46566,(0471) 796 0705,Firma,DISAHKAN,DIBEKUKAN,1,1,API-P,01880-API,NIPER-23259,2026-01-09,AKTIF
648479100311,158665998468568,OSS-8425324,MANSUR NATSIR (PERSERO) TBK (DUPLICATE),MANSUR NAT,JL. SURYAKENCANA NO. 333,SAWAHLUNTO,ID-12,00016,+62 (76) 845 7405,PT,TERDAFTAR,DIBEKUKAN,1,0,API-U,70225-API,,2026-01-30,AKTIF
133915317544,165471154023156,OSS-5447727,PERUM DONGORAN,PERUM DONG,JALAN JAKARTA NO. 0,BANJAR,ID-81,74928,+62 (96) 930 3763,PT,DISAHKAN,AKTIF,0,0,,,,2026-02-12,AKTIF
073735838524,062451480682552,OSS-4862359,PERUM HARDIANSYAH NURDIYANTI,PERUM HARD,GG. RAJIMAN NO. 400,KUPANG,ID-40,43417,+62 (037) 732-5135,Perum,TERDAFTAR,DIBEKUKAN,1,0,API-P,58646-API,,2026-02-23,AKTIF
834479989339,967897412628385,OSS-7943490,CV SETIAWAN,SETIAWAN,GG. OTTO ISKANDARDINATA NO. 1,MALANG,ID-85,68243,+62 (094) 746-0730,CV,PROSES,DIBEKUKAN,1,1,API-U,33894-API,NIPER-45544,2026-01-27,AKTIF
043276299765,736703077960292,OSS-3514385,PERUM TARIHORAN,PERUM TARI,JALAN SADANG SERANG NO. 5,MATARAM,ID-59,79720,(037) 787 6980,Firma,DISAHKAN,TIDAK AKTIF,1,1,API-U,08998-API,NIPER-07555,2026-03-02,AKTIF
759293940612,838600862975967,OSS-0967894,UD SAFITRI,UD SAFITRI,GG. R.E MARTADINATA NO. 91,PROBOLINGGO,ID-16,53878,+62-79-213-1457,Firma,TERDAFTAR,DIBEKUKAN,0,1,,,NIPER-31490,2026-02-27,AKTIF
900719781471,850773490250627,OSS-3706854,UD USAMAH,UD USAMAH,GANG SETIABUDHI NO. 37,BEKASI,ID-56,32289,+62 (0129) 876 5354,Firma,TERDAFTAR,TIDAK AKTIF,0,1,,,NIPER-74884,2026-03-02,AKTIF
176762270254,316391584647256,OSS-0467820,PD SAFITRI DAMANIK,PD SAFITRI,GG. SENTOT ALIBASA NO. 261,KOTA ADMINISTRASI JAKARTA PUSAT,ID-94,97312,+62 (06) 676 6540,Firma,TERDAFTAR,AKTIF,1,0,API-P,53242-API,,2026-02-08,AKTIF
253697322822,960158496851102,OSS-2304179,CV MARBUN PERMATA (PERSERO) TBK,MARBUN PER,GANG SETIABUDHI NO. 8,DENPASAR,ID-31,72502,+62-74-997-7472,Perum,PROSES,AKTIF,1,1,API-P,85134-API,NIPER-51941,2026-02-05,AKTIF
505665883398,741132579706734,OSS-9960105,PERUM UWAIS TBK,PERUM UWAI,GG. HOS. COKROAMINOTO NO. 1,TEGAL,ID-41,22949,+62-817-359-8488,Perum,DISAHKAN,DIBEKUKAN,0,0,,,,2026-02-03,AKTIF
331129931983,751194243896436,OSS-2855474,SANTOSO WIJAYA,SANTOSO WI,JALAN PASIRKOJA NO. 33,BANDUNG,ID-46,09242,+62 (418) 686-5386,PT,TERDAFTAR,DIBEKUKAN,0,1,,,NIPER-80990,2026-01-09,AKTIF
211390224782,278344211751151,OSS-8449249,UD HAKIM,UD HAKIM,JL. KAPTEN MUSLIHAT NO. 74,DUMAI,ID-99,68418,(0018) 523-8456,CV,DISAHKAN,DIBEKUKAN,0,1,,,NIPER-41256,2026-01-31,AKTIF
417245825528,025808465632322,OSS-8258607,CV SITOMPUL SURYONO (PERSERO) TBK,SITOMPUL S,JALAN JEND. SUDIRMAN NO. 55,TARAKAN,ID-55,70436,(096) 436-2823,Firma,TERDAFTAR,TIDAK AKTIF,0,0,,,,2026-02-27,AKTIF
151568191424,644523038356053,OSS-7221820,CV NUGROHO PANGESTU,NUGROHO PA,GG. IR. H. DJUANDA NO. 7,KUPANG,ID-99,63090,+62 (73) 995 5854,Perum,DISAHKAN,TIDAK AKTIF,0,1,,,NIPER-12101,2026-02-21,AKTIF
205849844753,936007481335333,OSS-6941751,HASSANAH,HASSANAH,GANG JAYAWIJAYA NO. 554,PEKALONGAN,ID-62,86123,+62 (879) 050 7309,Firma,PROSES,DIBEKUKAN,1,0,API-U,07294-API,,2026-01-26,AKTIF
300745777414,651831633253363,OSS-0575786,HASANAH HAKIM (PERSERO) TBK,HASANAH HA,GG. SUKABUMI NO. 60,SAMARINDA,ID-49,08526,+62 (006) 896 5532,Perum,TERDAFTAR,DIBEKUKAN,1,0,API-U,64741-API,,2026-02-13,AKTIF
332528613239,456452342864497,OSS-6024986,CV SANTOSO NATSIR (PERSERO) TBK,SANTOSO NA,GG. ERLANGGA NO. 7,KOTA ADMINISTRASI JAKARTA UTARA,ID-88,29735,(015) 266 5591,CV,TERDAFTAR,AKTIF,1,0,API-U,47625-API,,2026-02-06,AKTIF
434758128113,365199161298770,OSS-1953171,CV RAJATA (PERSERO) TBK,RAJATA (PE,JALAN SADANG SERANG NO. 857,TANJUNGBALAI,ID-22,00955,+62 (74) 926-8427,Perum,DISAHKAN,TIDAK AKTIF,1,0,API-U,87466-API,,2026-02-01,AKTIF
891444498355,393543586449639,OSS-2435885,PD PRASTUTI NURDIYANTI,PD PRASTUT,GG. KH AMIN JASUTA NO. 395,SUKABUMI,ID-23,53674,(0852) 491 4168,PT,DISAHKAN,DIBEKUKAN,1,1,API-P,60134-API,NIPER-77894,2026-01-20,AKTIF
230896126944,655173723423823,OSS-8925658,PD WIBOWO (PERSERO) TBK,PD WIBOWO,JALAN AHMAD DAHLAN NO. 42,SINGKAWANG,ID-85,37359,+62 (081) 580-8499,Firma,TERDAFTAR,DIBEKUKAN,1,1,API-P,47662-API,NIPER-73872,2026-01-14,AKTIF
966627139158,195805153149352,OSS-7284152,PERUM PRAKASA,PERUM PRAK,JALAN CIHAMPELAS NO. 64,MADIUN,ID-68,53008,+62 (52) 971 8259,CV,TERDAFTAR,DIBEKUKAN,0,0,,,,2026-02-21,AKTIF
252019306469,126719196993353,OSS-0313878,PT SINAGA YUNIAR,SINAGA YUN,GG. SOEKARNO HATTA NO. 355,PAGARALAM,ID-54,02948,(0478) 112-8269,Perum,TERDAFTAR,DIBEKUKAN,0,1,,,NIPER-93451,2026-02-27,AKTIF
587922426449,779966518432650,OSS-2792037,PD WIDODO TBK,PD WIDODO,JL. M.T HARYONO NO. 550,MANADO,ID-57,62611,(064) 843-0800,PT,PROSES,TIDAK AKTIF,0,1,,,NIPER-46123,2026-02-10,AKTIF
596009851497,579239173511986,OSS-2868711,PD UTAMA TBK (DUPLICATE),PD UTAMA T,JL. WONOAYU NO. 12,CIMAHI,ID-25,70664,082 401 2733,Perum,TERDAFTAR,AKTIF,1,0,API-P,89166-API,,2026-01-07,AKTIF
986825272903,142939106139868,OSS-1497673,PD NAJMUDIN WIDODO TBK,PD NAJMUDI,JALAN MOCH. RAMDAN NO. 4,PARIAMAN,ID-26,97272,(0858) 034-8137,CV,PROSES,DIBEKUKAN,1,1,API-P,60055-API,NIPER-18741,2026-01-04,AKTIF
574454069143,876738431556769,OSS-5979296,PD PRADANA MARBUN,PD PRADANA,JL. PASIRKOJA NO. 703,SAMARINDA,ID-89,56651,+62 (0134) 307 6832,Firma,PROSES,AKTIF,0,0,,,,2026-01-21,AKTIF
012740229758,884236119205039,OSS-0829543,PD ISWAHYUDI HAKIM (DUPLICATE),PD ISWAHYU,GANG CIHAMPELAS NO. 0,SEMARANG,ID-50,40454,+62-026-213-4462,Perum,PROSES,DIBEKUKAN,1,1,API-P,20069-API,NIPER-51601,2026-02-07,AKTIF
696574168745,621327613071050,OSS-1394318,PD NURDIYANTI,PD NURDIYA,GG. ERLANGGA NO. 9,BANDA ACEH,ID-13,11348,+62-123-098-6989,Perum,PROSES,AKTIF,1,1,API-U,78350-API,NIPER-78591,2026-02-09,AKTIF
741637120631,755297760145840,OSS-8114415,CV PALASTRI KUSUMO TBK,PALASTRI K,JALAN CIUMBULEUIT NO. 86,BIMA,ID-42,60361,+62 (089) 260 5554,Firma,PROSES,DIBEKUKAN,0,0,,,,2026-02-11,AKTIF
501329797701,994254973405599,OSS-5834158,CV JANUAR (PERSERO) TBK,JANUAR (PE,JL. SADANG SERANG NO. 43,BIMA,ID-66,51511,+62 (25) 127 4280,Firma,PROSES,TIDAK AKTIF,0,0,,,,2026-01-10,AKTIF
730346319271,833957059397132,OSS-3274656,YOLANDA,YOLANDA,JL. CIWASTRA NO. 56,PANGKALPINANG,ID-44,10322,(0510) 625 5802,CV,PROSES,AKTIF,1,1,API-P,36077-API,NIPER-20591,2026-01-17,AKTIF
635371036743,810704708677347,OSS-7290440,UD HUTAGALUNG PERMATA (PERSERO) TBK,UD HUTAGAL,JALAN STASIUN WONOKROMO NO. 68,BITUNG,ID-97,39198,0841946492,Perum,TERDAFTAR,TIDAK AKTIF,0,0,,,,2026-02-17,AKTIF
106836503567,244312701048045,OSS-8667299,CV PRATIWI TBK,PRATIWI TB,GANG STASIUN WONOKROMO NO. 2,KOTA ADMINISTRASI JAKARTA SELATAN,ID-54,43499,0875214721,Firma,PROSES,AKTIF,0,1,,,NIPER-80215,2026-01-29,AKTIF
909266273931,813144615782872,OSS-3282814,PT PRATAMA (PERSERO) TBK,PRATAMA (P,GANG MEDOKAN AYU NO. 08,TANGERANG SELATAN,ID-51,57899,085 295 9176,CV,PROSES,TIDAK AKTIF,0,0,,,,2026-01-15,AKTIF
470174562757,959306948285446,OSS-4015881,CV PERMADI,PERMADI,JALAN MERDEKA NO. 29,JAMBI,ID-39,94449,+62 (124) 857 0828,CV,DISAHKAN,TIDAK AKTIF,1,0,API-U,36759-API,,2026-02-06,AKTIF
099002962361,588292604928382,OSS-2999932,WIDODO,WIDODO,GG. CIUMBULEUIT NO. 5,AMBON,ID-94,61857,0850357518,Perum,DISAHKAN,TIDAK AKTIF,0,1,,,NIPER-88396,2026-01-29,AKTIF
809778787983,694123532803769,OSS-4325971,UD NARPATI PRATIWI (PERSERO) TBK (DUPLICATE),UD NARPATI,GANG LEMBONG NO. 91,TANJUNGPINANG,ID-74,02431,085 793 4991,Firma,DISAHKAN,DIBEKUKAN,0,1,,,NIPER-62502,2026-01-02,AKTIF
929687729188,443766277286409,OSS-3223492,PERUM KURNIAWAN PRATAMA (PERSERO) TBK,PERUM KURN,JALAN DR. DJUNJUNAN NO. 8,BONTANG,ID-14,52656,+62 (84) 088-7647,Firma,PROSES,DIBEKUKAN,1,0,API-P,49465-API,,2026-02-25,AKTIF
869150309137,128379000273637,OSS-9358944,UD PERMADI,UD PERMADI,GG. KUTISARI SELATAN NO. 4,TANJUNGBALAI,ID-57,92289,+62 (85) 027 4940,CV,TERDAFTAR,AKTIF,0,0,,,,2026-02-14,AKTIF
773188422478,930692905543812,OSS-8582943,NASHIRUDDIN,NASHIRUDDI,JL. SURAPATI NO. 0,MAGELANG,ID-43,25859,+62 (801) 326 4473,Firma,DISAHKAN,TIDAK AKTIF,1,0,API-P,98470-API,,2026-03-02,AKTIF
116885926637,008894383014857,OSS-8165608,UD HIDAYAT,UD HIDAYAT,GG. PETA NO. 28,PALANGKARAYA,ID-62,73460,0873631493,Firma,TERDAFTAR,AKTIF,1,1,API-U,18137-API,NIPER-22938,2026-01-03,AKTIF
998013768367,590177915244614,OSS-4092335,PD SIHOMBING,PD SIHOMBI,GANG RAJAWALI TIMUR NO. 601,KOTA ADMINISTRASI JAKARTA BARAT,ID-44,26319,+62 (695) 592-2776,Firma,PROSES,AKTIF,0,0,,,,2026-02-18,AKTIF
719995521298,283366707649939,OSS-2263225,PERUM NASHIRUDDIN,PERUM NASH,GG. ASIA AFRIKA NO. 38,TANJUNGPINANG,ID-51,97788,(065) 834 9973,PT,TERDAFTAR,TIDAK AKTIF,0,1,,,NIPER-19267,2026-01-14,AKTIF
658271336769,519491999648191,OSS-5977814,UD PUSPITA SUSANTI TBK (DUPLICATE),UD PUSPITA,GANG CIHAMPELAS NO. 00,TARAKAN,ID-47,81975,+62 (30) 465 8863,Firma,DISAHKAN,AKTIF,1,0,API-P,93124-API,,2026-01-21,AKTIF
569729655619,276713771886263,OSS-9561266,PERUM PRASETYA DONGORAN TBK,PERUM PRAS,JALAN ERLANGGA NO. 388,TIDORE KEPULAUAN,ID-68,02234,(014) 466 2763,Firma,TERDAFTAR,TIDAK AKTIF,0,1,,,NIPER-30411,2026-02-24,AKTIF
597088203782,081631259082810,OSS-8563663,PT HASTUTI,HASTUTI,JALAN PHH. MUSTOFA NO. 2,BITUNG,ID-28,20271,+62 (074) 328 1308,CV,TERDAFTAR,DIBEKUKAN,1,0,API-P,80727-API,,2026-01-18,AKTIF
029106337273,978671381175980,OSS-8947137,WAHYUDIN UYAINAH TBK,WAHYUDIN U,JL. GARDUJATI NO. 223,MEULABOH,ID-27,49602,+62-744-818-0496,PT,DISAHKAN,AKTIF,0,0,,,,2026-02-18,AKTIF
717754507568,680477900138859,OSS-7871913,PT LAZUARDI LAKSITA,LAZUARDI L,GANG SUKAJADI NO. 96,KOTA ADMINISTRASI JAKARTA SELATAN,ID-85,97938,+62 (69) 481 3352,Firma,PROSES,TIDAK AKTIF,1,1,API-U,95400-API,NIPER-54530,2026-01-07,AKTIF
032892624753,666802894614554,OSS-5117559,PERUM PRATAMA (PERSERO) TBK,PERUM PRAT,GANG ASIA AFRIKA NO. 5,LHOKSEUMAWE,ID-74,29567,+62 (30) 855-4436,Firma,DISAHKAN,TIDAK AKTIF,1,1,API-U,44937-API,NIPER-47908,2026-01-20,AKTIF
873725901259,968483432978671,OSS-5429599,PD HUTAPEA TBK,PD HUTAPEA,JALAN CIHAMPELAS NO. 19,TERNATE,ID-92,35336,+62-0592-172-3405,Firma,DISAHKAN,AKTIF,0,0,,,,2026-01-28,AKTIF
607527762009,003668027464491,OSS-8762756,PERUM PRABOWO,PERUM PRAB,GANG MOCH. TOHA NO. 66,JAMBI,ID-71,12144,(0752) 047 4703,Perum,PROSES,DIBEKUKAN,1,0,API-U,24264-API,,2026-01-09,AKTIF
784904484340,228958657971053,OSS-8279846,PERUM RAHIMAH TBK,PERUM RAHI,GANG CIKAPAYANG NO. 463,LUBUKLINGGAU,ID-90,09700,+62 (0949) 044-0354,Firma,PROSES,AKTIF,0,0,,,,2026-01-22,AKTIF
989374566234,645173164319602,OSS-2672766,SURYONO,SURYONO,GG. ASIA AFRIKA NO. 023,SAWAHLUNTO,ID-32,84532,(0339) 876 1161,Firma,DISAHKAN,AKTIF,1,0,API-U,40266-API,,2026-02-23,AKTIF
656586892967,039226474093014,OSS-9811091,PERUM NUGROHO YUNIAR,PERUM NUGR,GG. PASIRKOJA NO. 9,PARIAMAN,ID-74,06052,+62-14-041-8487,Perum,DISAHKAN,AKTIF,0,1,,,NIPER-78021,2026-01-09,AKTIF
374456507665,431657921964839,OSS-3662708,PT RAJASA RIYANTI (PERSERO) TBK,RAJASA RIY,GG. PETA NO. 65,KOTAMOBAGU,ID-77,92874,+62 (64) 553 5342,CV,TERDAFTAR,AKTIF,1,1,API-U,73803-API,NIPER-74079,2026-01-07,AKTIF
111978718093,391373265306011,OSS-9875617,PERUM NOVITASARI ANGGRIAWAN (PERSERO) TBK,PERUM NOVI,JL. ASTANA ANYAR NO. 1,PADANGPANJANG,ID-87,82980,+62-0657-744-9160,CV,DISAHKAN,DIBEKUKAN,0,1,,,NIPER-93659,2026-01-21,AKTIF
016452735290,133436946459445,OSS-0040177,PD WAHYUDIN MANDALA (PERSERO) TBK,PD WAHYUDI,GG. JOYOBOYO NO. 4,BINJAI,ID-94,29926,+62 (0408) 410-8672,Firma,DISAHKAN,AKTIF,0,1,,,NIPER-40305,2026-02-28,AKTIF
591985970372,140829594606419,OSS-3375521,UD HAKIM (PERSERO) TBK,UD HAKIM (,JALAN KEBONJATI NO. 97,SAMARINDA,ID-66,95134,+62 (030) 633 6883,Perum,PROSES,DIBEKUKAN,0,0,,,,2026-02-14,AKTIF
739946218671,108312420711232,OSS-4178827,CV PADMASARI TBK,PADMASARI,JALAN GEDEBAGE SELATAN NO. 26,BOGOR,ID-52,85125,+62-0668-165-8444,Firma,DISAHKAN,TIDAK AKTIF,0,0,,,,2026-01-11,AKTIF
601722976664,091693970033718,OSS-3838627,PD SITUMORANG,PD SITUMOR,JALAN PELAJAR PEJUANG NO. 94,KENDARI,ID-95,00075,(048) 494-5413,PT,DISAHKAN,AKTIF,0,1,,,NIPER-86641,2026-01-21,AKTIF
942009834251,025476410703559,OSS-9996046,PD SURYONO (PERSERO) TBK (DUPLICATE),PD SURYONO,JL. STASIUN WONOKROMO NO. 7,LUBUKLINGGAU,ID-87,84749,+62 (048) 221 4260,Firma,TERDAFTAR,TIDAK AKTIF,1,0,API-U,83909-API,,2026-02-12,AKTIF
144074052257,259130003752994,OSS-5582753,PD MANULLANG PRASETYO,PD MANULLA,JL. RAWAMANGUN NO. 5,SIBOLGA,ID-22,69584,+62 (063) 596-7956,Firma,TERDAFTAR,DIBEKUKAN,0,1,,,NIPER-15109,2026-02-09,AKTIF
038724754889,206125324074361,OSS-5845646,PD HUTAPEA LAKSITA,PD HUTAPEA,GANG JAYAWIJAYA NO. 7,PADANG SIDEMPUAN,ID-68,07039,+62-0066-274-7685,Perum,DISAHKAN,DIBEKUKAN,1,0,API-P,74110-API,,2026-01-05,AKTIF
025831530767,200416230831769,OSS-3022267,PD MEGANTARA (PERSERO) TBK (DUPLICATE),PD MEGANTA,JL. KEBONJATI NO. 49,CIREBON,ID-63,30157,+62-070-954-7564,PT,TERDAFTAR,TIDAK AKTIF,0,1,,,NIPER-47643,2026-02-12,AKTIF
180821349222,189364599384471,OSS-3337663,PD MAHENDRA WAHYUDIN,PD MAHENDR,GANG RONGGOWARSITO NO. 108,PALANGKARAYA,ID-63,82956,080 964 5576,CV,PROSES,TIDAK AKTIF,0,1,,,NIPER-62914,2026-01-25,AKTIF
582305150571,619435412130022,OSS-0580311,PT BUDIMAN DAMANIK (PERSERO) TBK,BUDIMAN DA,GG. SURYAKENCANA NO. 58,DENPASAR,ID-75,11407,+62 (000) 567 6136,Perum,DISAHKAN,DIBEKUKAN,0,0,,,,2026-02-05,AKTIF
394317792533,805640581899183,OSS-0280753,MANSUR BUDIMAN,MANSUR BUD,JALAN SUKAJADI NO. 18,SURABAYA,ID-87,25620,+62 (0729) 248 2173,PT,DISAHKAN,DIBEKUKAN,1,0,API-P,21664-API,,2026-01-03,AKTIF
271090554491,413798374279153,OSS-3530334,PD BUDIYANTO PALASTRI TBK,PD BUDIYAN,GANG JEND. SUDIRMAN NO. 56,PEKANBARU,ID-79,21583,+62-045-992-7893,Firma,TERDAFTAR,DIBEKUKAN,0,1,,,NIPER-83160,2026-01-09,AKTIF
477457643439,246955923657971,OSS-2237174,PERUM WIDIASTUTI,PERUM WIDI,GANG SENTOT ALIBASA NO. 848,PALU,ID-46,39206,+62-026-596-4777,Perum,TERDAFTAR,TIDAK AKTIF,0,0,,,,2026-02-13,AKTIF
562837237225,931033700894234,OSS-0370433,CV ZULAIKA MAHESWARA,ZULAIKA MA,GANG SURAPATI NO. 1,MATARAM,ID-53,80473,(0198) 517 6968,CV,PROSES,DIBEKUKAN,0,0,,,,2026-02-10,AKTIF
279687283087,916027587484896,OSS-7520961,CV NAMAGA HARDIANSYAH,NAMAGA HAR,GG. MERDEKA NO. 152,MANADO,ID-43,27044,084 956 5841,Firma,TERDAFTAR,TIDAK AKTIF,0,1,,,NIPER-50218,2026-02-16,AKTIF
512029834122,746335602723841,OSS-1129253,CV LATUPONO,LATUPONO,GANG S. PARMAN NO. 548,KOTA ADMINISTRASI JAKARTA UTARA,ID-24,98173,+62 (0123) 194-9592,PT,DISAHKAN,TIDAK AKTIF,0,0,,,,2026-01-29,AKTIF
461616788911,231994199030534,OSS-6139628,PERUM KURNIAWAN TBK,PERUM KURN,GG. JAYAWIJAYA NO. 6,BONTANG,ID-40,58167,+62 (030) 320-2372,Perum,PROSES,AKTIF,0,0,,,,2026-01-12,AKTIF
438291353941,187274293317561,OSS-3631159,PERUM TAMPUBOLON UTAMI TBK,PERUM TAMP,GG. M.H THAMRIN NO. 885,PAYAKUMBUH,ID-17,34162,+62 (316) 402-3739,Firma,TERDAFTAR,DIBEKUKAN,1,1,API-U,30457-API,NIPER-41298,2026-02-24,AKTIF
671212325620,986970087204630,OSS-6827273,CV SUWARNO LAZUARDI,SUWARNO LA,JL. HOS. COKROAMINOTO NO. 773,SIBOLGA,ID-40,55871,0872433879,PT,TERDAFTAR,TIDAK AKTIF,1,1,API-U,09605-API,NIPER-28918,2026-01-25,AKTIF
985146217264,540017639149632,OSS-2193678,PD KUSUMO THAMRIN TBK,PD KUSUMO,GG. JEND. A. YANI NO. 0,LUBUKLINGGAU,ID-69,47695,+62 (646) 829-3995,Perum,TERDAFTAR,DIBEKUKAN,0,1,,,NIPER-48082,2026-02-10,AKTIF
750677032765,973907144317447,OSS-3521574,UD SIHOTANG (PERSERO) TBK,UD SIHOTAN,GG. GARDUJATI NO. 27,TEGAL,ID-13,23063,+62-016-241-0477,CV,TERDAFTAR,AKTIF,1,1,API-P,94795-API,NIPER-63227,2026-01-29,AKTIF
733310025781,742496323363495,OSS-2234993,PD USAMAH NAJMUDIN TBK,PD USAMAH,GANG MEDOKAN AYU NO. 529,TIDORE KEPULAUAN,ID-58,66924,081 821 1031,Firma,PROSES,DIBEKUKAN,0,0,,,,2026-01-29,AKTIF
117924807887,938082464131851,OSS-3217673,CV DONGORAN TBK,DONGORAN T,JALAN GEGERKALONG HILIR NO. 738,BANJARBARU,ID-31,62996,+62 (382) 078 0582,CV,TERDAFTAR,AKTIF,0,0,,,,2026-02-22,AKTIF
886182070669,010792372982689,OSS-3348649,PT PRASASTA SIHOTANG (PERSERO) TBK,PRASASTA S,GANG ERLANGGA NO. 9,PEMATANGSIANTAR,ID-55,35570,(0731) 231-5550,PT,DISAHKAN,AKTIF,1,0,API-U,57052-API,,2026-02-22,AKTIF
864094052224,628862526753490,OSS-8601374,PERUM HANDAYANI HABIBI,PERUM HAND,GG. DR. DJUNJUNAN NO. 0,BENGKULU,ID-15,91408,+62 (0364) 550 7329,Firma,PROSES,TIDAK AKTIF,1,1,API-P,81874-API,NIPER-17312,2026-02-06,AKTIF
676014279656,294836650303555,OSS-9602078,PERUM SETIAWAN SIHOTANG TBK,PERUM SETI,GANG RUMAH SAKIT NO. 4,DENPASAR,ID-73,05203,(0416) 884 6245,Perum,TERDAFTAR,TIDAK AKTIF,1,0,API-U,20574-API,,2026-01-13,AKTIF
180238061744,518705349493759,OSS-7383206,CV NAMAGA,NAMAGA,GG. ABDUL MUIS NO. 6,BIMA,ID-24,83670,+62 (41) 038 6571,PT,PROSES,AKTIF,1,0,API-U,91826-API,,2026-02-23,AKTIF
874935756058,202199512792375,OSS-0585411,CV MAHESWARA (PERSERO) TBK,MAHESWARA,JALAN RAWAMANGUN NO. 45,PALU,ID-27,41493,+62 (58) 726 6556,Firma,PROSES,TIDAK AKTIF,1,0,API-U,94804-API,,2026-02-10,AKTIF
085274810770,609881980488565,OSS-8755347,PERUM HABIBI,PERUM HABI,JALAN PELAJAR PEJUANG NO. 7,MEDAN,ID-64,65827,+62 (289) 288-5568,CV,DISAHKAN,TIDAK AKTIF,1,1,API-U,76167-API,NIPER-38051,2026-01-12,AKTIF
705483649095,782886265294140,OSS-0724535,UD JAILANI SAFITRI,UD JAILANI,GG. MONGINSIDI NO. 78,BANJARMASIN,ID-46,31462,+62-911-609-3736,Firma,TERDAFTAR,TIDAK AKTIF,1,1,API-U,19030-API,NIPER-61599,2026-02-19,AKTIF
627514566331,494209847648955,OSS-6752647,CV SITOMPUL,SITOMPUL,JL. SUKAJADI NO. 716,METRO,ID-16,66652,085 035 5936,Perum,PROSES,TIDAK AKTIF,0,1,,,NIPER-93589,2026-01-06,AKTIF
574815324606,398180855420609,OSS-9396007,PERUM PRABOWO TBK,PERUM PRAB,JALAN RAJIMAN NO. 23,BANDUNG,ID-44,51134,0865796810,Perum,TERDAFTAR,AKTIF,1,1,API-P,32022-API,NIPER-40173,2026-01-15,AKTIF
394966891314,570442908859882,OSS-3844034,PERUM HARTATI,PERUM HART,GANG PASIR KOJA NO. 638,MAGELANG,ID-24,32077,+62 (0132) 981 4161,CV,TERDAFTAR,DIBEKUKAN,1,1,API-P,18750-API,NIPER-23462,2026-02-17,AKTIF
249761934877,601310986245311,OSS-5718265,CV HASANAH LATUPONO,HASANAH LA,GANG TUBAGUS ISMAIL NO. 65,MATARAM,ID-24,04291,+62-037-497-3645,PT,TERDAFTAR,DIBEKUKAN,0,1,,,NIPER-67121,2026-01-31,AKTIF
745921893105,876869461841657,OSS-1417874,SIMBOLON,SIMBOLON,JALAN GEGERKALONG HILIR NO. 24,JAMBI,ID-46,25786,+62 (357) 866 6736,PT,DISAHKAN,TIDAK AKTIF,1,0,API-U,03211-API,,2026-02-23,AKTIF
148211264685,170246406128424,OSS-9418981,PT YULIARTI,YULIARTI,GG. OTTO ISKANDARDINATA NO. 400,PROBOLINGGO,ID-83,32346,+62 (61) 547 5931,PT,TERDAFTAR,DIBEKUKAN,1,0,API-P,49769-API,,2026-01-22,AKTIF
136565198253,092511426258273,OSS-9021962,PD HUTAPEA,PD HUTAPEA,JL. DIPATIUKUR NO. 9,PADANGPANJANG,ID-39,23248,(0632) 909 2791,PT,PROSES,AKTIF,1,1,API-P,45608-API,NIPER-33181,2026-01-08,AKTIF
068946491773,163062743292201,OSS-4536451,UD SIHOMBING PUTRA,UD SIHOMBI,GANG SURYAKENCANA NO. 89,BOGOR,ID-89,78530,+62 (09) 264 4976,Perum,DISAHKAN,AKTIF,0,0,,,,2026-01-05,AKTIF
927305593194,260218129957858,OSS-9001678,PD PUTRA (DUPLICATE),PD PUTRA,JALAN MERDEKA NO. 1,PAREPARE,ID-46,84016,0889727485,CV,TERDAFTAR,TIDAK AKTIF,0,1,,,NIPER-61366,2026-01-18,AKTIF
086167332593,753605779376320,OSS-1559976,UD UYAINAH (DUPLICATE),UD UYAINAH,JALAN K.H. WAHID HASYIM NO. 43,BANDUNG,ID-51,94567,+62-007-862-1162,PT,TERDAFTAR,AKTIF,0,1,,,NIPER-21115,2026-02-10,AKTIF
460308394789,273774107631008,OSS-5417686,PERUM WINARSIH,PERUM WINA,GANG SADANG SERANG NO. 9,MAGELANG,ID-26,97715,+62-017-271-7300,CV,DISAHKAN,DIBEKUKAN,1,0,API-U,63893-API,,2026-01-22,AKTIF
866486455495,129056520478127,OSS-1410459,PERUM KUSUMO NAPITUPULU TBK,PERUM KUSU,JL. WONOAYU NO. 5,METRO,ID-73,38034,+62 (0328) 369-2340,PT,DISAHKAN,TIDAK AKTIF,0,0,,,,2026-01-23,AKTIF
558996340380,020652395536663,OSS-1758190,HANDAYANI MARYATI (PERSERO) TBK,HANDAYANI,GANG MOCH. RAMDAN NO. 4,TANJUNGPINANG,ID-52,31900,(062) 305 5339,Perum,TERDAFTAR,AKTIF,1,0,API-U,74649-API,,2026-02-27,AKTIF
219933548891,471493612255018,OSS-1380947,PT PUSPASARI SURYATMI TBK,PUSPASARI,GANG PASIR KOJA NO. 550,KOTA ADMINISTRASI JAKARTA UTARA,ID-39,07154,(067) 377 4597,Perum,DISAHKAN,DIBEKUKAN,0,1,,,NIPER-54149,2026-01-27,AKTIF
847980117056,476585757903367,OSS-5947910,PD NURAINI SURYONO,PD NURAINI,JALAN LEMBONG NO. 804,JAMBI,ID-14,43049,0820700026,Perum,TERDAFTAR,AKTIF,0,1,,,NIPER-75547,2026-02-28,AKTIF
230465836599,801665813662220,OSS-8610213,UD DONGORAN,UD DONGORA,GG. RAJIMAN NO. 3,PONTIANAK,ID-45,46082,+62 (0740) 794 3444,Firma,PROSES,TIDAK AKTIF,1,1,API-P,17566-API,NIPER-61962,2026-01-31,AKTIF
246295198861,391742514461497,OSS-5637624,PD UWAIS TBK,PD UWAIS T,GANG BKR NO. 1,CIREBON,ID-51,04653,+62 (025) 066 0512,Perum,PROSES,TIDAK AKTIF,0,1,,,NIPER-49823,2026-02-20,AKTIF
027958355005,010500867202885,OSS-7543677,UD RAHMAWATI WIDIASTUTI TBK (DUPLICATE),UD RAHMAWA,JALAN STASIUN WONOKROMO NO. 5,PURWOKERTO,ID-33,71854,+62 (228) 985 8624,CV,DISAHKAN,AKTIF,1,0,API-P,64640-API,,2026-01-17,AKTIF
286111245658,088002220068874,OSS-9519262,CV KUSWANDARI TBK,KUSWANDARI,JL. PASTEUR NO. 85,SEMARANG,ID-19,04747,+62 (0186) 189-1344,CV,DISAHKAN,TIDAK AKTIF,0,0,,,,2026-01-22,AKTIF
021970206348,323486341521386,OSS-7417144,PERUM ANGGRIAWAN TBK (DUPLICATE),PERUM ANGG,GG. RUMAH SAKIT NO. 84,PURWOKERTO,ID-76,16248,+62 (0388) 933 0449,Firma,TERDAFTAR,AKTIF,0,0,,,,2026-02-08,AKTIF
089411665253,147437091572151,OSS-3845410,UD PRANOWO MARYADI,UD PRANOWO,GANG CIHAMPELAS NO. 268,BONTANG,ID-24,09776,+62 (423) 613 1076,Firma,PROSES,TIDAK AKTIF,0,1,,,NIPER-53052,2026-02-24,AKTIF
872114510159,380344317043047,OSS-4884213,CV SITUMORANG MANULLANG TBK,SITUMORANG,GANG RAJAWALI BARAT NO. 404,BLITAR,ID-85,92576,(096) 777-3281,Firma,TERDAFTAR,AKTIF,0,0,,,,2026-02-16,AKTIF
509801705694,904578847143512,OSS-0045158,PERUM SARAGIH PRASETYA,PERUM SARA,GANG S. PARMAN NO. 5,SOLOK,ID-93,44302,(0891) 174 5618,Perum,DISAHKAN,TIDAK AKTIF,0,1,,,NIPER-51205,2026-01-23,AKTIF
547369579363,481744504293390,OSS-7391222,UD WASITA DONGORAN (PERSERO) TBK,UD WASITA,JL. KIARACONDONG NO. 649,BITUNG,ID-55,64768,+62 (082) 908 6834,Perum,TERDAFTAR,DIBEKUKAN,0,1,,,NIPER-02431,2026-01-29,AKTIF
548303052326,356443367101951,OSS-4184812,CV HUTAPEA (PERSERO) TBK,HUTAPEA (P,GANG SURYAKENCANA NO. 56,TANJUNGBALAI,ID-98,77066,(012) 987-9879,CV,TERDAFTAR,AKTIF,1,0,API-P,94338-API,,2026-02-11,AKTIF
340120776834,768160962411147,OSS-8730116,PD RIYANTI,PD RIYANTI,JL. RAYA UJUNGBERUNG NO. 26,BANDAR LAMPUNG,ID-45,28231,+62 (017) 595 3233,Perum,TERDAFTAR,DIBEKUKAN,0,0,,,,2026-02-25,AKTIF
025408194540,530875960515868,OSS-1829151,PD KUSMAWATI TBK,PD KUSMAWA,GANG KUTISARI SELATAN NO. 08,TEGAL,ID-67,06093,+62 (603) 118-8534,Firma,PROSES,AKTIF,0,0,,,,2026-02-07,AKTIF
946554327144,153747605683865,OSS-4904905,UD YUNIAR BUDIMAN TBK,UD YUNIAR,GANG RAYA SETIABUDHI NO. 83,PONTIANAK,ID-37,40093,+62 (182) 465 1260,Perum,DISAHKAN,TIDAK AKTIF,1,1,API-P,67072-API,NIPER-55183,2026-01-16,AKTIF
966494919516,498771098975167,OSS-1507171,PERUM LESTARI WINARNO TBK,PERUM LEST,GG. RAWAMANGUN NO. 68,TEGAL,ID-29,81367,+62 (042) 658 3584,CV,DISAHKAN,TIDAK AKTIF,0,0,,,,2026-02-18,AKTIF
647716791850,417715002998160,OSS-3572485,PERUM MARDHIYAH WASITA TBK (DUPLICATE),PERUM MARD,JL. VETERAN NO. 4,BUKITTINGGI,ID-82,00028,085 446 3516,CV,TERDAFTAR,DIBEKUKAN,1,0,API-U,51365-API,,2026-01-14,AKTIF
665316193502,946338861234129,OSS-3063456,UD YULIARTI SIHOTANG,UD YULIART,JL. PASTEUR NO. 23,SEMARANG,ID-55,58045,+62 (0378) 745 5670,Firma,TERDAFTAR,DIBEKUKAN,1,0,API-P,53810-API,,2026-01-17,AKTIF
013784740169,308434794461979,OSS-2555947,PERUM MANDASARI (PERSERO) TBK,PERUM MAND,GANG RAWAMANGUN NO. 771,MAGELANG,ID-55,12485,+62 (0445) 883 1598,Perum,TERDAFTAR,DIBEKUKAN,1,1,API-P,71444-API,NIPER-00821,2026-01-07,AKTIF
481856268719,513794375328661,OSS-2250506,CV SIRAIT WACANA,SIRAIT WAC,GANG RAJAWALI TIMUR NO. 9,MEULABOH,ID-61,72833,(075) 393 7330,Perum,DISAHKAN,DIBEKUKAN,1,1,API-U,56886-API,NIPER-39586,2026-02-25,AKTIF
370526351004,627765725659202,OSS-4617520,CV MULYANI SUARTINI,MULYANI SU,JALAN K.H. WAHID HASYIM NO. 00,TASIKMALAYA,ID-97,95501,(0833) 258-4868,Firma,PROSES,TIDAK AKTIF,1,0,API-U,99936-API,,2026-02-05,AKTIF
732625892862,134108227424441,OSS-8699775,PRABOWO LATUPONO,PRABOWO LA,GG. CIWASTRA NO. 430,KOTA ADMINISTRASI JAKARTA BARAT,ID-31,25925,+62-0338-962-4031,CV,PROSES,AKTIF,0,1,,,NIPER-36215,2026-01-01,AKTIF
473704214152,387787000985450,OSS-6935763,PERUM YOLANDA LATUPONO,PERUM YOLA,GG. RAJAWALI BARAT NO. 3,PALANGKARAYA,ID-89,62037,(002) 070-7373,CV,DISAHKAN,DIBEKUKAN,1,0,API-U,66803-API,,2026-02-12,AKTIF
838020841371,111876286764500,OSS-2034920,PT SURYATMI BUDIYANTO (PERSERO) TBK,SURYATMI B,GANG KH AMIN JASUTA NO. 381,TANJUNGBALAI,ID-99,43007,+62 (21) 537-3531,CV,DISAHKAN,AKTIF,1,1,API-U,52946-API,NIPER-06971,2026-02-07,AKTIF
715593307011,457924637078078,OSS-3503780,UD SAFITRI ZULAIKA (PERSERO) TBK,UD SAFITRI,JL. W.R. SUPRATMAN NO. 46,BATU,ID-56,98177,+62 (006) 877-7881,Firma,DISAHKAN,TIDAK AKTIF,1,0,API-U,24990-API,,2026-01-17,AKTIF
129733765803,092201615922734,OSS-3242932,PERUM WIBISONO PRASETYO (PERSERO) TBK,PERUM WIBI,JALAN AHMAD YANI NO. 1,TASIKMALAYA,ID-93,44330,+62 (472) 551-1702,PT,TERDAFTAR,AKTIF,1,0,API-P,07377-API,,2026-02-24,AKTIF
681748528401,289666138510844,OSS-6775682,PD YULIANTI WASTUTI,PD YULIANT,GANG TUBAGUS ISMAIL NO. 1,KOTA ADMINISTRASI JAKARTA SELATAN,ID-29,94991,+62 (170) 629 6568,PT,TERDAFTAR,AKTIF,0,0,,,,2026-01-24,AKTIF
951409619639,935610026995355,OSS-0215005,CV PUSPASARI (PERSERO) TBK,PUSPASARI,GG. SOEKARNO HATTA NO. 79,METRO,ID-33,29708,+62 (001) 895-3139,PT,DISAHKAN,DIBEKUKAN,0,1,,,NIPER-30464,2026-01-20,AKTIF
817017835968,736317342064909,OSS-0932442,PD GUNAWAN PRATAMA,PD GUNAWAN,GG. KEBONJATI NO. 29,BATAM,ID-42,10621,(043) 860-2837,Perum,DISAHKAN,TIDAK AKTIF,1,1,API-U,46319-API,NIPER-03729,2026-02-07,AKTIF
435856932874,342050240905083,OSS-4503735,PERUM NUGROHO,PERUM NUGR,GG. H.J MAEMUNAH NO. 617,BAU-BAU,ID-15,41882,+62 (87) 002-1361,PT,TERDAFTAR,TIDAK AKTIF,1,1,API-P,39992-API,NIPER-32398,2026-02-19,AKTIF
057519434254,825085115494750,OSS-4653425,CV MARYADI (PERSERO) TBK,MARYADI (P,GG. ABDUL MUIS NO. 974,MADIUN,ID-52,96873,+62-520-188-9761,CV,PROSES,DIBEKUKAN,1,0,API-P,10976-API,,2026-02-24,AKTIF
608829138567,611608143230261,OSS-1454509,CV FARIDA RAMADAN TBK,FARIDA RAM,GG. KIARACONDONG NO. 7,BLITAR,ID-31,45635,+62-350-819-7656,PT,PROSES,AKTIF,1,1,API-U,96845-API,NIPER-16535,2026-01-09,AKTIF
885969781733,669936554431815,OSS-7627011,PERUM UYAINAH SITORUS (PERSERO) TBK (DUPLICATE),PERUM UYAI,JL. SETIABUDHI NO. 05,PONTIANAK,ID-53,52160,(0996) 229 6993,PT,PROSES,TIDAK AKTIF,0,1,,,NIPER-36623,2026-01-28,AKTIF
101977815845,100388751247405,OSS-0289241,PERUM DABUKKE RAHIMAH,PERUM DABU,GG. RUNGKUT INDUSTRI NO. 94,SINGKAWANG,ID-65,07680,(078) 930-1741,CV,DISAHKAN,DIBEKUKAN,0,0,,,,2026-02-23,AKTIF
370925075365,416878697602663,OSS-5282994,CV OKTAVIANI,OKTAVIANI,GANG BKR NO. 7,TOMOHON,ID-90,03878,087 362 9125,Perum,DISAHKAN,AKTIF,0,1,,,NIPER-42519,2026-02-16,AKTIF
459492310542,400910250533759,OSS-9035564,UD SAMOSIR,UD SAMOSIR,JALAN OTTO ISKANDARDINATA NO. 747,SIBOLGA,ID-82,91556,(089) 447-6615,PT,DISAHKAN,AKTIF,1,0,API-P,79566-API,,2026-02-02,AKTIF
671690986345,536448030100471,OSS-8875496,UD PRABOWO HALIM (PERSERO) TBK,UD PRABOWO,GG. KH AMIN JASUTA NO. 0,PROBOLINGGO,ID-27,85263,+62-0558-073-2750,Firma,TERDAFTAR,AKTIF,1,1,API-U,25518-API,NIPER-07377,2026-02-15,AKTIF
488215977385,466232360667998,OSS-6491259,PERUM LAKSITA (PERSERO) TBK,PERUM LAKS,GG. K.H. WAHID HASYIM NO. 8,DENPASAR,ID-27,69920,(066) 179 9623,Firma,TERDAFTAR,TIDAK AKTIF,1,1,API-U,56999-API,NIPER-29983,2026-02-15,AKTIF
141970076792,984646540176488,OSS-8099368,CV TAMPUBOLON (PERSERO) TBK,TAMPUBOLON,GANG PASIR KOJA NO. 611,KOTAMOBAGU,ID-68,32318,(001) 695-7860,Perum,PROSES,TIDAK AKTIF,1,1,API-U,93084-API,NIPER-95369,2026-01-01,AKTIF
130105130217,325514923936749,OSS-6810106,SITOMPUL FIRMANSYAH TBK,SITOMPUL F,JL. SOEKARNO HATTA NO. 84,MATARAM,ID-19,97249,+62 (903) 843-5378,Perum,DISAHKAN,AKTIF,1,1,API-U,55917-API,NIPER-29740,2026-01-09,AKTIF
665285141908,274574565992507,OSS-6337364,UD PRADIPTA LAILASARI,UD PRADIPT,JL. PHH. MUSTOFA NO. 30,BANJARMASIN,ID-44,95830,+62 (0286) 323 1026,Firma,TERDAFTAR,DIBEKUKAN,1,1,API-P,55747-API,NIPER-44936,2026-02-22,AKTIF
933427105090,407139198968887,OSS-3163254,UD NAPITUPULU,UD NAPITUP,JALAN DIPENOGORO NO. 2,PEKALONGAN,ID-86,01502,+62 (0340) 677 9185,CV,TERDAFTAR,AKTIF,0,0,,,,2026-02-11,AKTIF
707812945761,304948414235528,OSS-3372875,PD PERTIWI PUSPITA (PERSERO) TBK,PD PERTIWI,JL. VETERAN NO. 64,TASIKMALAYA,ID-97,11588,+62 (18) 708 9410,PT,DISAHKAN,AKTIF,1,1,API-P,79116-API,NIPER-11464,2026-01-18,AKTIF
893439199387,258228530928888,OSS-5765775,PD NUGROHO MULYANI,PD NUGROHO,JL. CEMPAKA NO. 54,BATU,ID-22,28587,+62 (60) 684 9728,Perum,TERDAFTAR,AKTIF,0,1,,,NIPER-38996,2026-01-22,AKTIF
207480334759,799814738850710,OSS-9235156,PERUM SAFITRI PURWANTI TBK,PERUM SAFI,JALAN PASIR KOJA NO. 209,SINGKAWANG,ID-79,51481,(0077) 150-5448,CV,DISAHKAN,DIBEKUKAN,0,1,,,NIPER-68793,2026-02-08,AKTIF
798747120070,921424350003978,OSS-4351920,PD LAKSMIWATI (PERSERO) TBK,PD LAKSMIW,JALAN SUKAJADI NO. 24,MANADO,ID-28,69197,(073) 994-8596,Perum,DISAHKAN,DIBEKUKAN,0,0,,,,2026-01-17,AKTIF
245422492243,023200013278928,OSS-2435097,CV SITORUS,SITORUS,GG. SUKABUMI NO. 762,TERNATE,ID-23,67640,0897795361,PT,DISAHKAN,DIBEKUKAN,1,1,API-P,40830-API,NIPER-70906,2026-01-15,AKTIF
097666930992,405051682489054,OSS-4430744,UD PURWANTI,UD PURWANT,GG. PASTEUR NO. 43,BATU,ID-23,92456,+62-0889-722-5994,Perum,DISAHKAN,TIDAK AKTIF,1,0,API-P,30320-API,,2026-02-14,AKTIF
354407110729,850230506671485,OSS-3331714,PERUM SIMANJUNTAK TAMBA TBK,PERUM SIMA,JL. PHH. MUSTOFA NO. 2,AMBON,ID-84,88152,+62-089-521-7680,CV,DISAHKAN,DIBEKUKAN,1,1,API-P,12696-API,NIPER-25050,2026-01-24,AKTIF
520149118941,548451439996013,OSS-3998213,UD SITORUS SIRAIT TBK,UD SITORUS,GG. BKR NO. 4,PEMATANGSIANTAR,ID-26,05053,(0666) 081-1260,Firma,PROSES,DIBEKUKAN,1,1,API-U,03083-API,NIPER-56691,2026-01-21,AKTIF
671462831435,989262566093141,OSS-8186151,UD SAPUTRA (PERSERO) TBK,UD SAPUTRA,JALAN DIPENOGORO NO. 36,BITUNG,ID-91,84971,085 948 4910,CV,PROSES,TIDAK AKTIF,1,0,API-U,25625-API,,2026-02-10,AKTIF
502186439025,143516288026884,OSS-6232026,PERUM LAKSITA PRATAMA (PERSERO) TBK,PERUM LAKS,JALAN SUKAJADI NO. 09,PALU,ID-16,60591,(092) 283-9382,Perum,PROSES,AKTIF,0,0,,,,2026-01-15,AKTIF
061928737341,694532127538069,OSS-2981518,PD PRANOWO TBK,PD PRANOWO,GANG TUBAGUS ISMAIL NO. 04,SALATIGA,ID-10,72914,+62-87-079-6520,CV,DISAHKAN,AKTIF,0,1,,,NIPER-61755,2026-02-22,AKTIF
524142680566,516502727870285,OSS-4630160,UD MANULLANG,UD MANULLA,JALAN STASIUN WONOKROMO NO. 08,SERANG,ID-53,19239,+62 (049) 465 9502,CV,PROSES,DIBEKUKAN,1,0,API-P,27841-API,,2026-02-10,AKTIF
619620863902,580618716974727,OSS-9520773,PD PURWANTI NASYIAH TBK,PD PURWANT,GANG MOCH. RAMDAN NO. 4,KEDIRI,ID-29,09442,(087) 957-2690,Perum,TERDAFTAR,TIDAK AKTIF,0,1,,,NIPER-68497,2026-03-02,AKTIF
294368131453,948072078458458,OSS-4022277,PT MUSTOFA KUSWOYO (PERSERO) TBK,MUSTOFA KU,GANG GEGERKALONG HILIR NO. 27,TOMOHON,ID-13,44519,+62-067-742-1083,Perum,PROSES,AKTIF,0,1,,,NIPER-06344,2026-01-29,AKTIF
453869016812,094014854672244,OSS-3922445,PD SIRAIT (PERSERO) TBK,PD SIRAIT,JL. DIPENOGORO NO. 89,KOTA ADMINISTRASI JAKARTA UTARA,ID-62,39995,+62 (076) 993 3038,Firma,TERDAFTAR,AKTIF,0,1,,,NIPER-15695,2026-02-06,AKTIF
847871819383,477051047308028,OSS-2131148,UD USAMAH ISWAHYUDI,UD USAMAH,JL. PELAJAR PEJUANG NO. 46,PRABUMULIH,ID-45,25963,+62 (0900) 197-6893,Perum,PROSES,DIBEKUKAN,0,1,,,NIPER-34500,2026-02-19,AKTIF
910905390400,444181769350837,OSS-0065868,CV PRASETYO LAKSITA,PRASETYO L,GG. KIARACONDONG NO. 0,MOJOKERTO,ID-80,97290,+62-064-384-2823,Perum,PROSES,DIBEKUKAN,0,0,,,,2026-01-19,AKTIF
382785968317,482768101498202,OSS-2507895,UD JAILANI NASYIDAH TBK,UD JAILANI,GANG TEBET BARAT DALAM NO. 425,KOTA ADMINISTRASI JAKARTA SELATAN,ID-15,94170,+62 (287) 301 4682,CV,DISAHKAN,TIDAK AKTIF,1,1,API-U,12432-API,NIPER-09317,2026-01-15,AKTIF
872341429399,119686211375964,OSS-8872067,CV PANGESTU PURWANTI TBK,PANGESTU P,JL. SUNIARAJA NO. 9,TANGERANG,ID-16,90010,+62-0801-219-2446,CV,DISAHKAN,TIDAK AKTIF,1,0,API-U,33029-API,,2026-01-23,AKTIF
532272340361,292723424614025,OSS-5426463,PD DABUKKE AGUSTINA,PD DABUKKE,JALAN OTTO ISKANDARDINATA NO. 0,SINGKAWANG,ID-91,18325,(0865) 413-8759,PT,TERDAFTAR,DIBEKUKAN,0,1,,,NIPER-17232,2026-02-02,AKTIF
183359748768,057023771843019,OSS-2209567,CV NAINGGOLAN MEGANTARA,NAINGGOLAN,JL. LASWI NO. 6,KOTA ADMINISTRASI JAKARTA SELATAN,ID-81,28253,+62 (67) 699-2427,Perum,DISAHKAN,AKTIF,0,1,,,NIPER-73923,2026-02-21,AKTIF
524377294209,548149737460523,OSS-3027642,PERUM WIJAYA,PERUM WIJA,GANG SENTOT ALIBASA NO. 61,KOTAMOBAGU,ID-59,86125,+62-047-292-7742,Perum,TERDAFTAR,AKTIF,1,0,API-P,33305-API,,2026-02-06,AKTIF
226441802459,408593565352437,OSS-7950765,PD PRASETYO TBK,PD PRASETY,JALAN RUMAH SAKIT NO. 225,PADANGPANJANG,ID-48,90175,+62 (27) 929-4965,Firma,TERDAFTAR,DIBEKUKAN,1,0,API-U,23967-API,,2026-01-08,AKTIF
440198928914,353542562860781,OSS-3847513,PT HARIYAH TBK,HARIYAH TB,JALAN SOEKARNO HATTA NO. 8,SURAKARTA,ID-14,05546,+62 (120) 690-6119,Firma,PROSES,AKTIF,1,0,API-U,59737-API,,2026-02-26,AKTIF
131759853164,349057432859614,OSS-2187879,UD USAMAH TBK,UD USAMAH,JALAN JOYOBOYO NO. 70,SUNGAI PENUH,ID-84,79368,(052) 748-7449,PT,PROSES,AKTIF,1,0,API-U,41521-API,,2026-01-15,AKTIF
927078689100,872924299906396,OSS-7739232,MAHESWARA (PERSERO) TBK,MAHESWARA,JL. DIPATIUKUR NO. 43,BEKASI,ID-76,19910,(051) 745-8099,Firma,PROSES,DIBEKUKAN,0,1,,,NIPER-74164,2026-01-21,AKTIF
748458786757,763061748876611,OSS-4518777,PD SIMBOLON SURYATMI,PD SIMBOLO,JALAN BANGKA RAYA NO. 88,GORONTALO,ID-61,40933,081 916 6832,Perum,TERDAFTAR,TIDAK AKTIF,1,1,API-U,08534-API,NIPER-58602,2026-01-27,AKTIF
201340834467,278350170984589,OSS-3009565,CV WASITA LAILASARI,WASITA LAI,JALAN SUKABUMI NO. 92,PONTIANAK,ID-52,31055,+62 (419) 880-2045,Firma,PROSES,DIBEKUKAN,1,0,API-P,20715-API,,2026-01-01,AKTIF
618908540303,253555995397205,OSS-6006420,CV TARIHORAN PURNAWATI,TARIHORAN,GG. RAWAMANGUN NO. 710,TARAKAN,ID-94,11303,+62 (23) 235 4337,Firma,DISAHKAN,AKTIF,0,1,,,NIPER-45365,2026-01-27,AKTIF
393004603560,897064937590447,OSS-9058304,PT MAHENDRA LESTARI (PERSERO) TBK,MAHENDRA L,GANG PASIRKOJA NO. 13,TANGERANG SELATAN,ID-93,50198,+62 (754) 738 8084,Perum,DISAHKAN,AKTIF,0,0,,,,2026-01-16,AKTIF
347052434529,278632118513393,OSS-9834378,UD PRAYOGA TBK (DUPLICATE),UD PRAYOGA,GG. PHH. MUSTOFA NO. 3,MAKASSAR,ID-18,19403,087 307 2102,Perum,PROSES,TIDAK AKTIF,0,0,,,,2026-01-07,AKTIF
306370421290,043605221721693,OSS-7513104,PT HIDAYAT,HIDAYAT,GG. M.T HARYONO NO. 4,SINGKAWANG,ID-90,08761,(007) 915 4398,PT,PROSES,AKTIF,1,0,API-P,38605-API,,2026-01-01,AKTIF
302878332067,146703128691321,OSS-4752528,CV NASYIAH TBK,NASYIAH TB,JL. JEND. A. YANI NO. 705,PALEMBANG,ID-28,78047,+62 (0126) 428 8797,PT,TERDAFTAR,AKTIF,0,1,,,NIPER-05326,2026-02-04,AKTIF
141661433637,848708736995953,OSS-4165816,UD ARYANI LAZUARDI,UD ARYANI,GG. PASIRKOJA NO. 23,TANGERANG SELATAN,ID-37,70737,+62 (90) 999 0206,Perum,TERDAFTAR,AKTIF,1,0,API-U,98757-API,,2026-02-21,AKTIF
542920643597,990423396535428,OSS-1362728,PD ZULKARNAIN HIDAYAT,PD ZULKARN,JL. BANGKA RAYA NO. 6,PADANG,ID-63,23328,+62 (82) 458 2917,Firma,TERDAFTAR,TIDAK AKTIF,1,1,API-P,99950-API,NIPER-91531,2026-02-24,AKTIF
856835848909,642489142032123,OSS-3384450,PD NAINGGOLAN (PERSERO) TBK,PD NAINGGO,GANG STASIUN WONOKROMO NO. 38,TANGERANG,ID-37,57946,(070) 473 4037,Perum,DISAHKAN,AKTIF,1,0,API-U,78553-API,,2026-02-13,AKTIF
496764765538,312254846952313,OSS-6281415,PT WASKITA PRANOWO,WASKITA PR,GG. TUBAGUS ISMAIL NO. 159,CIREBON,ID-15,83086,+62 (963) 350-4915,PT,DISAHKAN,AKTIF,1,0,API-U,46361-API,,2026-02-06,AKTIF
222076660512,642376272458708,OSS-1486889,PT SIMBOLON,SIMBOLON,GG. KEBONJATI NO. 54,PURWOKERTO,ID-71,31077,+62 (365) 417-6698,Perum,PROSES,TIDAK AKTIF,0,0,,,,2026-02-12,AKTIF
802086998804,553772640616366,OSS-3190446,PD WIBISONO MAHESWARA TBK,PD WIBISON,JL. ANTAPANI LAMA NO. 2,PADANG SIDEMPUAN,ID-94,41344,+62 (13) 189 0120,Firma,PROSES,TIDAK AKTIF,1,1,API-U,82035-API,NIPER-07430,2026-01-16,AKTIF
337215553196,943099052145684,OSS-9051618,PERUM WIDIASTUTI TBK,PERUM WIDI,JL. CEMPAKA NO. 78,SUNGAI PENUH,ID-10,84509,+62 (0623) 437-9763,CV,DISAHKAN,TIDAK AKTIF,1,0,API-P,52079-API,,2026-02-13,AKTIF
108751998426,940928544588863,OSS-4526581,RAHIMAH (PERSERO) TBK,RAHIMAH (P,GANG GEDEBAGE SELATAN NO. 63,BATAM,ID-42,31155,+62 (291) 149-5286,Firma,TERDAFTAR,TIDAK AKTIF,0,1,,,NIPER-88044,2026-01-04,AKTIF
621513447991,075345942579148,OSS-7734553,CV WASTUTI (PERSERO) TBK (DUPLICATE),WASTUTI (P,GANG ASTANA ANYAR NO. 7,BANDA ACEH,ID-52,93926,(0621) 262-2029,Firma,DISAHKAN,TIDAK AKTIF,0,1,,,NIPER-26435,2026-02-20,AKTIF
706765292747,943623129705855,OSS-8291740,PERUM PUTRA,PERUM PUTR,GANG SADANG SERANG NO. 790,TIDORE KEPULAUAN,ID-30,64484,+62 (80) 483 2089,PT,TERDAFTAR,TIDAK AKTIF,0,0,,,,2026-03-02,AKTIF
945231582863,040296629917217,OSS-4292204,PD HARIYAH,PD HARIYAH,GG. MOCH. TOHA NO. 2,METRO,ID-30,70632,+62 (031) 392-8048,Firma,TERDAFTAR,DIBEKUKAN,0,1,,,NIPER-50220,2026-01-24,AKTIF
339927837877,842987387483916,OSS-4447857,CV NAPITUPULU MARYATI,NAPITUPULU,JALAN JOYOBOYO NO. 301,BANDAR LAMPUNG,ID-95,61308,+62 (307) 484-8920,Firma,DISAHKAN,AKTIF,0,1,,,NIPER-47517,2026-01-20,AKTIF
864924498392,293746648750325,OSS-9414057,PERUM PADMASARI TBK,PERUM PADM,GANG DR. DJUNJUNAN NO. 128,BENGKULU,ID-51,11538,+62 (360) 384-6757,CV,TERDAFTAR,DIBEKUKAN,1,0,API-P,41924-API,,2026-02-13,AKTIF
381525429076,228260330818559,OSS-1572681,PERUM WIBOWO (PERSERO) TBK,PERUM WIBO,GG. AHMAD YANI NO. 1,KOTA ADMINISTRASI JAKARTA UTARA,ID-39,83723,+62 (0974) 540-3347,Firma,PROSES,TIDAK AKTIF,0,0,,,,2026-01-23,AKTIF
362506765503,346948183526780,OSS-0206029,PT SINAGA,SINAGA,JL. YOS SUDARSO NO. 94,TANGERANG,ID-57,82151,+62 (72) 525-3467,PT,PROSES,AKTIF,1,0,API-U,33845-API,,2026-02-03,AKTIF
106076344334,602633564162987,OSS-0252151,CV TAMPUBOLON (PERSERO) TBK,TAMPUBOLON,JL. OTTO ISKANDARDINATA NO. 85,KOTA ADMINISTRASI JAKARTA SELATAN,ID-98,85260,+62 (35) 472 2405,PT,DISAHKAN,DIBEKUKAN,1,0,API-U,53061-API,,2026-01-17,AKTIF
644089268705,685662462873342,OSS-7086688,PD PRASASTA RAJASA,PD PRASAST,JALAN CIHAMPELAS NO. 18,BANJARBARU,ID-43,69901,+62-983-735-4033,Perum,DISAHKAN,TIDAK AKTIF,0,1,,,NIPER-17393,2026-02-14,AKTIF
448883923759,097228582585455,OSS-1391960,UD MARYATI MARBUN,UD MARYATI,GANG R.E MARTADINATA NO. 3,DUMAI,ID-97,93238,+62-04-364-7584,PT,DISAHKAN,AKTIF,1,0,API-U,66486-API,,2026-02-08,AKTIF
629142539814,026870990073644,OSS-6839159,PERUM JANUAR ASTUTI (PERSERO) TBK,PERUM JANU,GANG KENDALSARI NO. 0,BENGKULU,ID-34,69321,+62 (0362) 378-0171,PT,PROSES,TIDAK AKTIF,0,0,,,,2026-01-24,AKTIF
711064802325,869980088148489,OSS-4654112,CV MEGANTARA TBK,MEGANTARA,GANG IR. H. DJUANDA NO. 806,PAREPARE,ID-86,95218,(067) 823-9675,PT,DISAHKAN,TIDAK AKTIF,1,0,API-P,67659-API,,2026-02-20,AKTIF
742842771165,827308574552826,OSS-1308393,CV PRANOWO NARPATI TBK,PRANOWO NA,JL. RAYA UJUNGBERUNG NO. 854,PALEMBANG,ID-45,80217,+62 (28) 211 6765,Perum,DISAHKAN,AKTIF,0,1,,,NIPER-65417,2026-02-06,AKTIF
872363628584,981145758738688,OSS-0507451,UD NUGROHO,UD NUGROHO,JALAN AHMAD DAHLAN NO. 7,BANDA ACEH,ID-55,03003,+62 (275) 172 8632,Firma,TERDAFTAR,AKTIF,0,0,,,,2026-01-26,AKTIF
431003025502,286844705803587,OSS-0729008,PERUM NASYIDAH WULANDARI TBK,PERUM NASY,JALAN SOEKARNO HATTA NO. 915,KOTA ADMINISTRASI JAKARTA SELATAN,ID-53,91309,(029) 234-9749,Perum,TERDAFTAR,TIDAK AKTIF,0,0,,,,2026-01-06,AKTIF
464633802549,736444793461203,OSS-6507385,UD RAJATA NOVITASARI (PERSERO) TBK (DUPLICATE),UD RAJATA,JALAN KEBONJATI NO. 81,YOGYAKARTA,ID-43,31214,+62-0654-321-2827,CV,PROSES,DIBEKUKAN,0,0,,,,2026-01-01,AKTIF
178648006227,044896489955974,OSS-5927594,PERUM FARIDA,PERUM FARI,JL. DR. DJUNJUNAN NO. 91,BANDAR LAMPUNG,ID-52,82518,(063) 940-1453,CV,DISAHKAN,DIBEKUKAN,1,0,API-U,64660-API,,2026-01-16,AKTIF
226367138505,742853985675712,OSS-4063573,UD KUSUMO,UD KUSUMO,GANG CEMPAKA NO. 38,DUMAI,ID-73,01935,+62 (53) 995-6339,CV,DISAHKAN,TIDAK AKTIF,1,1,API-P,60914-API,NIPER-23323,2026-02-26,AKTIF
779922222864,833120711854139,OSS-1721789,UD SIMANJUNTAK RAHIMAH,UD SIMANJU,JALAN PASIR KOJA NO. 5,SABANG,ID-79,10594,+62-050-421-6108,Perum,PROSES,DIBEKUKAN,0,0,,,,2026-01-19,AKTIF
545522397956,493833404753597,OSS-9738984,PT WASITA,WASITA,JL. VETERAN NO. 282,TUAL,ID-44,20044,(095) 379 7008,PT,PROSES,AKTIF,0,1,,,NIPER-49109,2026-01-14,AKTIF
778668382341,481157186642787,OSS-6128623,PD SUWARNO,PD SUWARNO,GANG SETIABUDHI NO. 8,SERANG,ID-67,07170,+62 (0716) 039 3128,PT,TERDAFTAR,AKTIF,1,0,API-U,00142-API,,2026-02-03,AKTIF
253031584643,944280540092319,OSS-5078730,CV PRASTUTI (PERSERO) TBK (DUPLICATE),PRASTUTI (,GG. KH AMIN JASUTA NO. 3,TIDORE KEPULAUAN,ID-48,62055,+62 (562) 849-7565,CV,TERDAFTAR,TIDAK AKTIF,1,0,API-U,78339-API,,2026-02-19,AKTIF
438754492210,883353046561179,OSS-2651236,PERUM SIMANJUNTAK SITUMORANG,PERUM SIMA,JL. DIPENOGORO NO. 690,BONTANG,ID-95,47286,+62 (0779) 184-8318,Perum,DISAHKAN,DIBEKUKAN,0,1,,,NIPER-38637,2026-01-02,AKTIF
762071035323,393477169892210,OSS-4237761,PD SUWARNO (PERSERO) TBK,PD SUWARNO,JALAN SOEKARNO HATTA NO. 6,PADANGPANJANG,ID-18,11601,+62-0644-140-3784,Firma,DISAHKAN,DIBEKUKAN,0,0,,,,2026-01-17,AKTIF
464743671369,594406409097439,OSS-5339421,UD FARIDA,UD FARIDA,JALAN DIPATIUKUR NO. 56,DUMAI,ID-59,85884,+62 (47) 451-7123,Perum,PROSES,TIDAK AKTIF,1,0,API-P,68516-API,,2026-02-05,AKTIF
859067396342,898760550492217,OSS-0486186,WASITA WIJAYA (PERSERO) TBK,WASITA WIJ,JL. SURAPATI NO. 907,SAWAHLUNTO,ID-51,89198,+62 (71) 826-5337,CV,DISAHKAN,TIDAK AKTIF,0,1,,,NIPER-17086,2026-01-12,AKTIF
835260039155,307062226005781,OSS-2862143,UD PRAKASA PANGESTU,UD PRAKASA,JALAN CIKUTRA TIMUR NO. 1,SAMARINDA,ID-84,71807,+62 (06) 149-3523,PT,TERDAFTAR,AKTIF,1,1,API-U,60450-API,NIPER-37001,2026-01-13,AKTIF
860149963750,871871364319429,OSS-0998152,UWAIS MEGANTARA TBK,UWAIS MEGA,JALAN CIHAMPELAS NO. 655,KOTAMOBAGU,ID-98,25091,+62-009-596-7311,Perum,DISAHKAN,AKTIF,0,0,,,,2026-02-05,AKTIF
097876672667,714531673308610,OSS-1209504,PERUM PUSPASARI SIREGAR TBK,PERUM PUSP,JALAN KUTISARI SELATAN NO. 567,MAKASSAR,ID-62,21320,(082) 173 3615,Perum,DISAHKAN,AKTIF,0,1,,,NIPER-03060,2026-02-16,AKTIF
766289004239,376099422123054,OSS-5100871,PD WAHYUDIN,PD WAHYUDI,GG. KH AMIN JASUTA NO. 47,BEKASI,ID-45,63587,(001) 518 5525,PT,TERDAFTAR,DIBEKUKAN,1,1,API-U,41576-API,NIPER-51105,2026-01-13,AKTIF
412804895783,169792230752658,OSS-2280642,UD NABABAN,UD NABABAN,JALAN HOS. COKROAMINOTO NO. 494,PALANGKARAYA,ID-84,52007,0868720321,CV,TERDAFTAR,TIDAK AKTIF,1,0,API-U,43555-API,,2026-02-13,AKTIF
894157221969,381021025185823,OSS-7918584,PD MARYATI SAPUTRA (PERSERO) TBK,PD MARYATI,JL. MEDOKAN AYU NO. 98,MAKASSAR,ID-88,75320,0815937340,CV,DISAHKAN,TIDAK AKTIF,1,0,API-U,13357-API,,2026-03-01,AKTIF
598248891148,030164543673161,OSS-4241700,CV MANDASARI,MANDASARI,JL. VETERAN NO. 7,KOTA ADMINISTRASI JAKARTA TIMUR,ID-97,83674,0846508528,Firma,PROSES,TIDAK AKTIF,0,1,,,NIPER-55864,2026-02-26,AKTIF
345418299126,064506314300213,OSS-6910082,UD MANSUR MAHESWARA,UD MANSUR,GG. S. PARMAN NO. 217,SUBULUSSALAM,ID-50,26996,+62 (08) 347 9100,Perum,TERDAFTAR,DIBEKUKAN,1,1,API-P,59325-API,NIPER-72287,2026-02-19,AKTIF
976750241851,928802600532657,OSS-4591694,UD OKTAVIANI (PERSERO) TBK,UD OKTAVIA,JL. PASIRKOJA NO. 217,KOTA ADMINISTRASI JAKARTA UTARA,ID-51,96555,(087) 486 8034,CV,PROSES,DIBEKUKAN,0,0,,,,2026-02-07,AKTIF
753836355998,066969361001712,OSS-5066072,UD MANDASARI TAMPUBOLON TBK,UD MANDASA,GG. PASIR KOJA NO. 964,SURAKARTA,ID-67,14256,+62 (19) 093 4426,PT,DISAHKAN,TIDAK AKTIF,0,1,,,NIPER-17442,2026-02-14,AKTIF
018429335984,742298359667715,OSS-3902262,PD PRAKASA TBK,PD PRAKASA,JL. KIARACONDONG NO. 990,TARAKAN,ID-48,64761,+62 (0427) 873-5540,Firma,TERDAFTAR,AKTIF,0,1,,,NIPER-42316,2026-02-16,AKTIF
597488769704,220244589023702,OSS-4024187,PERUM SIMBOLON RAHMAWATI (PERSERO) TBK,PERUM SIMB,GANG GARDUJATI NO. 91,SAWAHLUNTO,ID-74,80159,0885101184,Firma,DISAHKAN,AKTIF,0,0,,,,2026-01-22,AKTIF
509499357277,634716960304260,OSS-7359384,PD PRASETYA,PD PRASETY,JALAN SETIABUDHI NO. 0,PAREPARE,ID-54,31063,(0081) 850-6802,PT,PROSES,TIDAK AKTIF,1,0,API-U,08151-API,,2026-01-26,AKTIF
254712993289,998149529247196,OSS-0417684,UD HARYANTO,UD HARYANT,JL. ASIA AFRIKA NO. 96,PAGARALAM,ID-57,50844,+62 (001) 672 2216,Perum,DISAHKAN,DIBEKUKAN,1,1,API-U,65487-API,NIPER-86465,2026-01-05,AKTIF
299721146308,621147459150633,OSS-4217803,PERUM WIBISONO PANGESTU (DUPLICATE),PERUM WIBI,JL. PASIR KOJA NO. 4,SALATIGA,ID-13,97297,(0749) 668-0794,CV,DISAHKAN,AKTIF,0,1,,,NIPER-93090,2026-02-06,AKTIF
705797310802,713622557841903,OSS-2221138,PERUM YUNIAR HIDAYAT TBK,PERUM YUNI,GG. ANTAPANI LAMA NO. 4,TANJUNGBALAI,ID-74,72416,0858453698,PT,TERDAFTAR,DIBEKUKAN,0,1,,,NIPER-10534,2026-03-01,AKTIF
168006421201,240550601656127,OSS-0584155,PERUM NOVITASARI (PERSERO) TBK,PERUM NOVI,GG. SETIABUDHI NO. 98,BALIKPAPAN,ID-42,04694,+62 (0357) 356-6168,PT,PROSES,DIBEKUKAN,1,0,API-P,95667-API,,2026-01-12,AKTIF
650084966600,449536238707480,OSS-1679955,CV ANGGRIAWAN (PERSERO) TBK,ANGGRIAWAN,GG. ASTANA ANYAR NO. 72,MADIUN,ID-30,31937,+62-0955-569-6483,Perum,PROSES,AKTIF,0,0,,,,2026-01-06,AKTIF
801771566557,316792456539623,OSS-7314239,CV OKTAVIANI JAILANI (PERSERO) TBK,OKTAVIANI,GG. KH AMIN JASUTA NO. 322,PROBOLINGGO,ID-54,07032,+62 (0324) 962 2852,PT,PROSES,DIBEKUKAN,1,1,API-P,32756-API,NIPER-77016,2026-01-06,AKTIF
433161669744,697071198951115,OSS-7872390,PD LAZUARDI SINAGA,PD LAZUARD,JALAN K.H. WAHID HASYIM NO. 42,PADANG,ID-67,45884,(093) 714 7875,Firma,PROSES,AKTIF,1,1,API-U,08057-API,NIPER-11784,2026-02-27,AKTIF
227802109261,639684720424056,OSS-6337616,PD MEGANTARA WAHYUDIN,PD MEGANTA,JL. YOS SUDARSO NO. 6,LANGSA,ID-82,28779,+62 (045) 764-3382,PT,PROSES,TIDAK AKTIF,1,1,API-U,54326-API,NIPER-90962,2026-03-01,AKTIF
692643754570,342452130667300,OSS-8116046,UD SALAHUDIN HASTUTI TBK,UD SALAHUD,GG. KIARACONDONG NO. 826,PADANGPANJANG,ID-20,68509,+62 (140) 785 8694,CV,DISAHKAN,DIBEKUKAN,0,0,,,,2026-02-05,AKTIF
698474683592,777317785976769,OSS-8750070,CV NASYIAH SETIAWAN,NASYIAH SE,JL. ASIA AFRIKA NO. 3,MANADO,ID-37,62199,088 099 4368,PT,DISAHKAN,DIBEKUKAN,1,1,API-P,02908-API,NIPER-05091,2026-01-15,AKTIF
464117139386,308582592982812,OSS-2816182,CV MARBUN PURNAWATI,MARBUN PUR,GG. SUKAJADI NO. 078,BIMA,ID-91,57750,+62 (0119) 050 7831,Firma,DISAHKAN,DIBEKUKAN,1,0,API-U,26922-API,,2026-02-26,AKTIF
396982654948,971789888418168,OSS-7687556,PD LAILASARI NARPATI,PD LAILASA,GANG KUTAI NO. 9,SALATIGA,ID-80,65232,+62-034-738-4147,PT,PROSES,DIBEKUKAN,0,1,,,NIPER-69660,2026-01-21,AKTIF
710878414770,626158112322364,OSS-4549778,CV BUDIMAN KURNIAWAN,BUDIMAN KU,GG. LEMBONG NO. 5,KOTA ADMINISTRASI JAKARTA UTARA,ID-35,14951,+62 (0827) 506 4108,PT,DISAHKAN,TIDAK AKTIF,0,0,,,,2026-01-16,AKTIF
509413822581,401011905044281,OSS-6458081,PD PRASETYO,PD PRASETY,JALAN INDRAGIRI NO. 26,KUPANG,ID-17,55658,+62 (47) 682-5845,Firma,PROSES,AKTIF,0,1,,,NIPER-97220,2026-01-11,AKTIF
627506215020,551143719929482,OSS-4254497,UD HALIM (PERSERO) TBK,UD HALIM (,GANG ANTAPANI LAMA NO. 23,DENPASAR,ID-40,78793,(076) 602-6029,Firma,PROSES,AKTIF,0,0,,,,2026-02-20,AKTIF
370880404506,736324203667148,OSS-2016576,PERUM SIHOTANG LESTARI,PERUM SIHO,JALAN STASIUN WONOKROMO NO. 1,KOTAMOBAGU,ID-14,64271,(057) 193-2844,PT,PROSES,AKTIF,0,0,,,,2026-02-02,AKTIF
493871389927,935444589057301,OSS-9952614,PD UYAINAH (PERSERO) TBK,PD UYAINAH,GANG W.R. SUPRATMAN NO. 630,BINJAI,ID-30,81637,(031) 733-3856,Perum,DISAHKAN,AKTIF,1,1,API-P,83695-API,NIPER-70015,2026-01-03,AKTIF
034522026269,303264525733090,OSS-7406351,PERUM SIREGAR MAULANA (PERSERO) TBK,PERUM SIRE,GANG RONGGOWARSITO NO. 12,TARAKAN,ID-47,79900,+62 (366) 933-2763,Firma,DISAHKAN,TIDAK AKTIF,0,1,,,NIPER-34228,2026-01-25,AKTIF
516928842871,585779892965090,OSS-9283073,MARDHIYAH RAJASA TBK (DUPLICATE),MARDHIYAH,JALAN JAMIKA NO. 5,TANGERANG,ID-31,75158,+62 (0857) 053-2034,CV,TERDAFTAR,AKTIF,1,1,API-P,35780-API,NIPER-09041,2026-02-15,AKTIF
337202978933,090883289751299,OSS-9366520,PERUM SUSANTI (PERSERO) TBK,PERUM SUSA,JL. MOCH. TOHA NO. 0,LUBUKLINGGAU,ID-51,06010,+62-44-387-5295,Perum,TERDAFTAR,AKTIF,0,0,,,,2026-01-10,AKTIF
796189195136,442201113011571,OSS-1941984,CV TARIHORAN NUGROHO,TARIHORAN,JALAN YOS SUDARSO NO. 4,TARAKAN,ID-41,40308,0871594853,CV,PROSES,DIBEKUKAN,1,1,API-P,55175-API,NIPER-84669,2026-01-20,AKTIF
185067165726,284987769453147,OSS-3799650,UD NAJMUDIN LAKSITA (PERSERO) TBK (DUPLICATE),UD NAJMUDI,GANG PELAJAR PEJUANG NO. 4,PEMATANGSIANTAR,ID-78,13678,+62-0777-014-3634,CV,TERDAFTAR,TIDAK AKTIF,0,0,,,,2026-01-25,AKTIF
932485564568,942599306908234,OSS-5321917,PERUM MARDHIYAH (PERSERO) TBK,PERUM MARD,GANG PELAJAR PEJUANG NO. 677,PALOPO,ID-62,86732,+62-77-423-9642,PT,TERDAFTAR,TIDAK AKTIF,0,0,,,,2026-01-27,AKTIF
897604827595,056457825965944,OSS-6484195,PERUM PANGESTU ARYANI (PERSERO) TBK,PERUM PANG,JL. JEND. SUDIRMAN NO. 337,PAGARALAM,ID-63,79271,+62 (150) 943 8855,Perum,TERDAFTAR,TIDAK AKTIF,1,1,API-P,38408-API,NIPER-47404,2026-01-16,AKTIF
483307855010,435881844933301,OSS-9525083,PD USADA MANSUR TBK,PD USADA M,JL. SUKABUMI NO. 58,TANJUNGPINANG,ID-97,87865,(0834) 409 3835,PT,DISAHKAN,TIDAK AKTIF,1,1,API-U,22300-API,NIPER-71238,2026-01-26,AKTIF
020161069071,643265756987866,OSS-0226599,PD USAMAH FIRGANTORO (PERSERO) TBK,PD USAMAH,GG. KIARACONDONG NO. 60,BANDUNG,ID-86,44693,+62-0668-794-5754,Firma,DISAHKAN,AKTIF,0,0,,,,2026-01-28,AKTIF
603217287594,246570100908020,OSS-4399311,HASANAH FUJIATI,HASANAH FU,GANG DIPENOGORO NO. 6,BALIKPAPAN,ID-13,31125,(040) 409 7877,PT,PROSES,TIDAK AKTIF,0,0,,,,2026-02-20,AKTIF
367578673654,671213898302994,OSS-3933539,PERUM KUSMAWATI LAKSMIWATI,PERUM KUSM,JL. AHMAD YANI NO. 99,PARIAMAN,ID-98,45858,+62 (096) 618 3506,PT,DISAHKAN,DIBEKUKAN,1,0,API-U,25817-API,,2026-02-15,AKTIF
621575968321,804782699352565,OSS-9793830,PD HALIM,PD HALIM,JALAN DR. DJUNJUNAN NO. 59,BANJARMASIN,ID-43,97692,089 760 2020,CV,PROSES,TIDAK AKTIF,1,1,API-U,02101-API,NIPER-27514,2026-01-25,AKTIF
633781582991,499361575558143,OSS-7504354,PD SIHOMBING,PD SIHOMBI,GG. KEBONJATI NO. 198,BATU,ID-49,58990,(0512) 051 7525,Perum,TERDAFTAR,DIBEKUKAN,1,0,API-U,33286-API,,2026-02-07,AKTIF
497952430430,380805121635334,OSS-2716871,PT PERMATA UTAMI,PERMATA UT,GG. BKR NO. 354,SUNGAI PENUH,ID-79,43607,+62-300-560-6627,Firma,DISAHKAN,AKTIF,0,0,,,,2026-01-03,AKTIF
551562499372,995204301604263,OSS-7599729,PD UTAMI TBK,PD UTAMI T,GANG ASTANA ANYAR NO. 05,MATARAM,ID-50,53929,+62 (088) 194 0548,Perum,PROSES,DIBEKUKAN,1,0,API-U,46529-API,,2026-01-20,AKTIF
133753546532,072281708544015,OSS-7840877,PD SAPUTRA (PERSERO) TBK,PD SAPUTRA,JALAN STASIUN WONOKROMO NO. 3,TANJUNGBALAI,ID-74,23175,(0985) 506 6029,Perum,DISAHKAN,AKTIF,0,0,,,,2026-01-21,AKTIF
854709128487,877581281137437,OSS-7154110,PERUM MANGUNSONG TBK,PERUM MANG,JALAN KUTISARI SELATAN NO. 263,TASIKMALAYA,ID-61,35276,(0412) 397-8329,Firma,TERDAFTAR,DIBEKUKAN,1,0,API-U,87600-API,,2026-03-02,AKTIF
249145424891,275124579381906,OSS-3313568,UD FIRGANTORO MELANI TBK,UD FIRGANT,JALAN JAYAWIJAYA NO. 50,TUAL,ID-84,47608,+62 (61) 444-2847,Firma,TERDAFTAR,TIDAK AKTIF,0,0,,,,2026-02-18,AKTIF
369236664961,490505035798474,OSS-2002051,PERTIWI,PERTIWI,GANG CIHAMPELAS NO. 34,MATARAM,ID-17,01518,089 542 7928,Firma,TERDAFTAR,TIDAK AKTIF,1,0,API-P,73081-API,,2026-01-08,AKTIF
618722745260,100649945777120,OSS-0683395,UD SURYATMI MULYANI,UD SURYATM,JL. BKR NO. 0,MATARAM,ID-29,43727,+62 (031) 196 3283,Perum,TERDAFTAR,TIDAK AKTIF,1,1,API-U,34770-API,NIPER-73506,2026-02-16,AKTIF
980460653493,096663491660557,OSS-7390455,CV AGUSTINA (PERSERO) TBK,AGUSTINA (,JL. KUTISARI SELATAN NO. 3,TANJUNGPINANG,ID-53,10811,+62-038-773-8007,CV,TERDAFTAR,DIBEKUKAN,1,0,API-P,78981-API,,2026-01-03,AKTIF
099506250129,341604263430723,OSS-7427424,UD LAILASARI ZULKARNAIN TBK,UD LAILASA,GANG CIWASTRA NO. 5,BITUNG,ID-24,24551,0831275193,CV,TERDAFTAR,AKTIF,0,0,,,,2026-03-01,AKTIF
681362863701,534847422902616,OSS-2142506,CV IRAWAN,IRAWAN,GG. YOS SUDARSO NO. 9,LANGSA,ID-72,50792,(046) 234 8843,Firma,TERDAFTAR,AKTIF,0,1,,,NIPER-46800,2026-01-05,AKTIF
131936396533,037200001189441,OSS-6545970,PD LAKSMIWATI RAHIMAH (PERSERO) TBK,PD LAKSMIW,JALAN MEDOKAN AYU NO. 71,TANJUNGPINANG,ID-45,94992,+62-097-788-1510,Perum,DISAHKAN,AKTIF,0,1,,,NIPER-44521,2026-01-13,AKTIF
931047598636,882253515165973,OSS-5762744,UD MAHENDRA (PERSERO) TBK,UD MAHENDR,GANG STASIUN WONOKROMO NO. 45,AMBON,ID-91,28722,085 534 6157,PT,PROSES,TIDAK AKTIF,0,1,,,NIPER-88543,2026-02-25,AKTIF
349626730451,793853718875139,OSS-2559351,UD LESTARI,UD LESTARI,GANG JEND. SUDIRMAN NO. 95,PALEMBANG,ID-87,30762,+62 (819) 336-1194,Firma,DISAHKAN,AKTIF,0,0,,,,2026-01-23,AKTIF
012090205834,281464122106316,OSS-3754259,LAKSMIWATI HARDIANSYAH (DUPLICATE),LAKSMIWATI,JALAN JAKARTA NO. 19,KOTAMOBAGU,ID-98,46938,+62 (360) 626-6225,Perum,TERDAFTAR,TIDAK AKTIF,1,0,API-U,80015-API,,2026-01-16,AKTIF
364082709341,990881739311745,OSS-4720285,PERUM NAJMUDIN SIMANJUNTAK TBK,PERUM NAJM,GANG CEMPAKA NO. 712,BITUNG,ID-96,53453,(0552) 843-5526,PT,TERDAFTAR,DIBEKUKAN,1,0,API-P,66674-API,,2026-02-01,AKTIF
148528172120,508330254863557,OSS-3074411,PD SAPTONO YOLANDA (PERSERO) TBK,PD SAPTONO,JALAN KUTISARI SELATAN NO. 7,BATU,ID-69,96227,+62-363-473-7114,Perum,PROSES,DIBEKUKAN,1,0,API-P,51929-API,,2026-01-25,AKTIF
307726890944,753980528577655,OSS-2411926,PERUM PRATAMA HIDAYAT TBK,PERUM PRAT,GANG JAKARTA NO. 710,MEDAN,ID-93,67639,+62 (484) 643 1629,Firma,TERDAFTAR,AKTIF,1,0,API-U,44782-API,,2026-01-15,AKTIF
074832497932,738970235659937,OSS-5951924,UD SIMANJUNTAK TBK,UD SIMANJU,JL. M.H THAMRIN NO. 41,SALATIGA,ID-78,16062,+62-012-750-5478,Firma,DISAHKAN,TIDAK AKTIF,1,1,API-P,03874-API,NIPER-33957,2026-01-25,AKTIF
095579554236,626053917979136,OSS-1484575,PT SURYATMI KUSUMO,SURYATMI K,GANG JAYAWIJAYA NO. 212,JAMBI,ID-48,58083,(042) 924 6781,Firma,TERDAFTAR,AKTIF,1,1,API-U,18295-API,NIPER-59637,2026-01-11,AKTIF
431784213913,699754839377727,OSS-1542241,UD ADRIANSYAH PUTRA,UD ADRIANS,JALAN K.H. WAHID HASYIM NO. 72,KEDIRI,ID-23,20741,(0537) 006-3239,Firma,TERDAFTAR,DIBEKUKAN,1,0,API-P,98877-API,,2026-02-10,AKTIF
179287008163,479730578560785,OSS-1573622,UD SANTOSO WIDIASTUTI,UD SANTOSO,GANG KAPTEN MUSLIHAT NO. 5,CIREBON,ID-97,76987,+62 (025) 943 7036,Perum,DISAHKAN,AKTIF,0,0,,,,2026-02-14,AKTIF
576961992014,003757907755467,OSS-3309940,PERUM SAMOSIR HIDAYAT,PERUM SAMO,JALAN W.R. SUPRATMAN NO. 3,MADIUN,ID-90,59464,+62 (49) 474-7722,Perum,DISAHKAN,DIBEKUKAN,1,0,API-U,59367-API,,2026-01-28,AKTIF
292384689858,036258800126158,OSS-8773721,PD RAHAYU TBK,PD RAHAYU,GG. RAJIMAN NO. 084,BITUNG,ID-19,72124,082 456 8040,PT,DISAHKAN,AKTIF,0,0,,,,2026-02-09,AKTIF
218125454996,140484153003376,OSS-9294495,PD PERTIWI,PD PERTIWI,GANG GEGERKALONG HILIR NO. 423,SINGKAWANG,ID-59,80230,+62-039-951-4078,Perum,TERDAFTAR,DIBEKUKAN,1,1,API-U,88681-API,NIPER-41088,2026-01-02,AKTIF
313328291171,073055541398171,OSS-4642139,UD MANDALA RAMADAN TBK,UD MANDALA,GG. TEBET BARAT DALAM NO. 734,JAYAPURA,ID-78,72220,+62-0908-767-2544,Perum,PROSES,AKTIF,0,0,,,,2026-01-19,AKTIF
636295115265,620033668952270,OSS-3478802,UD SINAGA,UD SINAGA,JALAN PASIRKOJA NO. 639,PARIAMAN,ID-49,01905,+62 (959) 782 6147,CV,PROSES,TIDAK AKTIF,0,0,,,,2026-02-27,AKTIF
674001847669,953596071240847,OSS-6520562,UD HASANAH MAHESWARA,UD HASANAH,JL. MEDOKAN AYU NO. 37,BANJARMASIN,ID-64,58260,(000) 750 7975,Perum,DISAHKAN,TIDAK AKTIF,1,0,API-P,22178-API,,2026-01-18,AKTIF
132796855965,211778002810593,OSS-9030641,PD WIDIASTUTI DAMANIK (PERSERO) TBK,PD WIDIAST,JALAN MEDOKAN AYU NO. 0,PEKANBARU,ID-83,40107,(0250) 210 9859,Perum,PROSES,AKTIF,0,1,,,NIPER-30608,2026-02-01,AKTIF
117528207907,798861825616640,OSS-2802802,CV WASTUTI SIHOMBING,WASTUTI SI,GANG CIWASTRA NO. 6,BEKASI,ID-71,58666,+62 (65) 704-3883,Firma,DISAHKAN,DIBEKUKAN,0,0,,,,2026-01-24,AKTIF
376190891775,868693238122101,OSS-8854277,PERUM LAILASARI HUTAPEA TBK,PERUM LAIL,JL. JOYOBOYO NO. 698,BONTANG,ID-74,00268,+62 (006) 344-1012,Perum,PROSES,TIDAK AKTIF,1,1,API-U,11257-API,NIPER-87872,2026-01-21,AKTIF
441319576967,660898143890682,OSS-6189841,PERUM PRAYOGA ANGGRAINI (PERSERO) TBK,PERUM PRAY,JL. SETIABUDHI NO. 3,TANJUNGBALAI,ID-83,82396,+62 (0093) 707 4319,Firma,PROSES,AKTIF,0,0,,,,2026-02-20,AKTIF
756028537669,895915703271190,OSS-8294129,PD WAHYUDIN HUTAPEA TBK,PD WAHYUDI,GANG JAMIKA NO. 051,KUPANG,ID-75,53719,+62-100-295-0344,CV,PROSES,DIBEKUKAN,1,0,API-P,25664-API,,2026-01-08,AKTIF
815485003108,277316409755634,OSS-0003409,PERUM MAYASARI TBK,PERUM MAYA,GANG MERDEKA NO. 978,PURWOKERTO,ID-71,33956,082 371 1757,PT,DISAHKAN,TIDAK AKTIF,0,1,,,NIPER-63953,2026-02-23,AKTIF
193024961907,657884230742495,OSS-6909139,HALIM YULIANTI,HALIM YULI,GANG MOCH. TOHA NO. 8,MADIUN,ID-94,06308,+62 (030) 849 8330,Firma,TERDAFTAR,DIBEKUKAN,1,0,API-P,22411-API,,2026-02-17,AKTIF
291319300913,297173631654098,OSS-7231823,PD HUTASOIT TBK,PD HUTASOI,GG. KENDALSARI NO. 42,KOTA ADMINISTRASI JAKARTA PUSAT,ID-75,35266,(062) 560-5367,Perum,PROSES,DIBEKUKAN,0,0,,,,2026-01-18,AKTIF
914215440967,624285740405277,OSS-0354766,PT HARTATI WAHYUNI,HARTATI WA,GANG CIUMBULEUIT NO. 0,MOJOKERTO,ID-42,19407,+62 (34) 615-0411,PT,DISAHKAN,TIDAK AKTIF,0,1,,,NIPER-70829,2026-02-02,AKTIF
675395154118,092772018333699,OSS-1605303,PERUM SINAGA MELANI,PERUM SINA,JALAN SUKAJADI NO. 13,BLITAR,ID-87,00447,+62 (0625) 628 6709,PT,PROSES,AKTIF,1,0,API-P,41556-API,,2026-01-07,AKTIF
158053739847,238662842887169,OSS-8387104,PD PUSPITA,PD PUSPITA,JL. ERLANGGA NO. 802,PURWOKERTO,ID-88,64948,+62-89-424-0222,Firma,PROSES,TIDAK AKTIF,0,1,,,NIPER-18412,2026-01-15,AKTIF
057188668926,589517252023661,OSS-9122866,PD RAJATA NABABAN,PD RAJATA,JL. RAJIMAN NO. 171,PALOPO,ID-95,36472,+62 (35) 339 2828,Firma,PROSES,DIBEKUKAN,1,0,API-P,83495-API,,2026-01-15,AKTIF
296278801447,085180483229690,OSS-5683153,PERUM KURNIAWAN JAILANI,PERUM KURN,GG. JEND. A. YANI NO. 82,KOTAMOBAGU,ID-20,80149,086 958 9507,PT,PROSES,TIDAK AKTIF,0,0,,,,2026-02-11,AKTIF
485413236616,252308197334945,OSS-2045242,UD MARBUN,UD MARBUN,JALAN M.T HARYONO NO. 8,SUKABUMI,ID-58,61318,(0639) 540-0220,CV,DISAHKAN,TIDAK AKTIF,1,1,API-P,26788-API,NIPER-69512,2026-02-02,AKTIF
453869016812,075000699155859,OSS-3922445,PD SIRAIT (PERSERO) TBK,PD SIRAIT,JL. DIPENOGORO NO. 89,KOTA ADMINISTRASI JAKARTA UTARA,ID-62,39995,+62 (076) 993 3038,Firma,TERDAFTAR,AKTIF,0,1,,,NIPER-15695,2026-02-06,AKTIF
397365823754,730742422957785,OSS-9122413,CV WAHYUDIN (PERSERO) TBK,WAHYUDIN (,JL. PASIR KOJA NO. 430,BANJAR,ID-53,17935,+62 (01) 237 7854,PT,DISAHKAN,TIDAK AKTIF,1,1,API-U,89528-API,NIPER-62203,2026-02-01,AKTIF
331499262838,371908289023586,OSS-9090839,MANDALA WIDIASTUTI TBK,MANDALA WI,GANG JEND. A. YANI NO. 612,PAREPARE,ID-25,68043,+62-0346-804-0813,CV,DISAHKAN,DIBEKUKAN,0,0,,,,2026-01-23,AKTIF
331614538747,155899254026427,OSS-1864145,PD NABABAN PRASETYO,PD NABABAN,JALAN JAMIKA NO. 402,BATAM,ID-68,45796,+62 (0888) 719 9194,Firma,PROSES,AKTIF,0,0,,,,2026-01-12,AKTIF
296278801447,085180483229690,OSS-5683153,PERUM KURNIAWAN JAILANI,PERUM KURN,GG. JEND. A. YANI NO. 82,KOTAMOBAGU,ID-20,80149,086 958 9507,Firma,PROSES,TIDAK AKTIF,0,0,,,,2026-02-11,AKTIF
983181803430,714883054508275,OSS-9868581,UD MAYASARI PUSPASARI TBK,UD MAYASAR,GANG R.E MARTADINATA NO. 232,KOTA ADMINISTRASI JAKARTA PUSAT,ID-69,50464,(0174) 265 8840,CV,TERDAFTAR,AKTIF,0,1,,,NIPER-66124,2026-02-17,AKTIF
807231750401,280947934205177,OSS-8526373,CV PRASETYA,PRASETYA,JALAN KEBONJATI NO. 23,LUBUKLINGGAU,ID-67,02984,+62 (050) 912 6113,Firma,PROSES,TIDAK AKTIF,1,1,API-U,37399-API,NIPER-20160,2026-02-18,AKTIF
816596054377,045509642326853,OSS-4887585,UD HUTAPEA UWAIS,UD HUTAPEA,JALAN W.R. SUPRATMAN NO. 418,PRABUMULIH,ID-20,82061,(0605) 335 0822,CV,PROSES,TIDAK AKTIF,0,0,,,,2026-02-22,AKTIF
224799440929,024567040892075,OSS-5834983,SIMBOLON,SIMBOLON,GANG PASIR KOJA NO. 8,TANJUNGPINANG,ID-49,72268,+62-096-390-4082,PT,TERDAFTAR,DIBEKUKAN,1,1,API-U,09724-API,NIPER-04289,2026-02-11,AKTIF
955364220947,054476583901876,OSS-9270438,CV MARYATI TBK,MARYATI TB,JALAN PASTEUR NO. 4,BANDAR LAMPUNG,ID-18,99738,+62 (442) 402 9480,CV,DISAHKAN,DIBEKUKAN,0,0,,,,2026-02-01,AKTIF
682332904608,467407248018799,OSS-9717908,PERUM HUTAPEA TBK,PERUM HUTA,GANG DR. DJUNJUNAN NO. 527,TANJUNGPINANG,ID-90,73613,+62 (04) 063-2236,CV,TERDAFTAR,DIBEKUKAN,1,1,API-P,28197-API,NIPER-99111,2026-02-20,AKTIF
328775548400,421099798857601,OSS-9666793,PD NASYIAH WULANDARI (DUPLICATE),PD NASYIAH,JALAN YOS SUDARSO NO. 8,TASIKMALAYA,ID-96,89207,083 381 0136,CV,DISAHKAN,AKTIF,0,1,,,NIPER-24083,2026-01-27,AKTIF
348936594557,017278539874573,OSS-6414928,UD WIJAYANTI ARDIANTO (PERSERO) TBK,UD WIJAYAN,JL. KAPTEN MUSLIHAT NO. 900,TEGAL,ID-34,07963,(069) 020 5109,CV,TERDAFTAR,AKTIF,0,0,,,,2026-01-09,AKTIF
874064991443,073455577856842,OSS-6776491,CV BUDIMAN SAPTONO,BUDIMAN SA,GANG AHMAD DAHLAN NO. 4,MEULABOH,ID-85,18001,+62 (0225) 371 1071,CV,TERDAFTAR,TIDAK AKTIF,1,0,API-P,49163-API,,2026-01-28,AKTIF
271069767558,292751733677169,OSS-4511865,PD ASTUTI,PD ASTUTI,GG. KUTISARI SELATAN NO. 66,JAYAPURA,ID-61,30356,+62 (21) 350 6472,PT,DISAHKAN,TIDAK AKTIF,1,1,API-P,09587-API,NIPER-60121,2026-01-12,AKTIF
891230030560,848449308745062,OSS-0673530,PERUM WASTUTI,PERUM WAST,JALAN W.R. SUPRATMAN NO. 531,BANJARMASIN,ID-12,09847,(0838) 018-8848,PT,TERDAFTAR,DIBEKUKAN,0,1,,,NIPER-31867,2026-02-16,AKTIF
975266097359,788105526607113,OSS-7142064,PD NUGROHO,PD NUGROHO,JL. PETA NO. 8,TARAKAN,ID-20,56995,(0628) 195 5309,PT,DISAHKAN,AKTIF,1,1,API-U,59134-API,NIPER-43679,2026-01-03,AKTIF
412804895783,169792230752658,OSS-2280642,UD NABABAN,UD NABABAN,GG. SILIWANGI NO. 1,PALANGKARAYA,ID-84,52007,0868720321,CV,TERDAFTAR,TIDAK AKTIF,1,0,API-U,43555-API,,2026-02-13,AKTIF
999881358743,254278764235894,OSS-6683069,UD MAYASARI,UD MAYASAR,GG. M.H THAMRIN NO. 5,BITUNG,ID-84,69142,(036) 474-9008,CV,DISAHKAN,TIDAK AKTIF,1,1,API-P,27870-API,NIPER-60602,2026-02-26,AKTIF
868559054359,862460319076846,OSS-2339555,CV PRASETYA (PERSERO) TBK,PRASETYA (,JALAN DR. DJUNJUNAN NO. 1,MANADO,ID-22,54269,+62 (56) 500 8201,Perum,TERDAFTAR,AKTIF,1,1,API-P,76378-API,NIPER-70095,2026-02-09,AKTIF
759358613417,491953808842672,OSS-3399076,UD DABUKKE,UD DABUKKE,JL. CIWASTRA NO. 915,PONTIANAK,ID-12,44236,+62 (0792) 149 9010,CV,TERDAFTAR,TIDAK AKTIF,0,0,,,,2026-02-15,AKTIF
250961830386,289818999328400,OSS-7826931,CV RAJATA JAILANI,RAJATA JAI,JL. JEND. SUDIRMAN NO. 591,JAYAPURA,ID-52,45342,+62 (005) 589-1198,CV,PROSES,TIDAK AKTIF,1,1,API-U,31030-API,NIPER-52703,2026-02-05,AKTIF
483103446943,074982097681278,OSS-8890122,PERUM PRATIWI THAMRIN (PERSERO) TBK,PERUM PRAT,JALAN RUNGKUT INDUSTRI NO. 42,MEDAN,ID-42,03065,(0128) 753-3480,CV,PROSES,DIBEKUKAN,1,0,API-U,80136-API,,2026-01-01,AKTIF
515386571365,676666005946893,OSS-1846804,UD ANGGRAINI SURYONO (PERSERO) TBK,UD ANGGRAI,GG. RONGGOWARSITO NO. 620,TASIKMALAYA,ID-36,12304,+62 (49) 779 1411,Firma,DISAHKAN,DIBEKUKAN,1,1,API-U,98707-API,NIPER-82102,2026-01-27,AKTIF
128558838619,276233799508989,OSS-8235268,UD ZULAIKA,UD ZULAIKA,JL. MONGINSIDI NO. 94,PALANGKARAYA,ID-76,85983,+62 (0023) 360-7726,CV,PROSES,AKTIF,0,0,,,,2026-01-06,AKTIF
010383331129,797445276966242,OSS-8237663,PERUM NAMAGA PRAYOGA (PERSERO) TBK,PERUM NAMA,GG. VETERAN NO. 12,TANJUNGBALAI,ID-89,86894,+62-0383-645-4827,CV,PROSES,DIBEKUKAN,1,0,API-U,39548-API,,2026-01-16,AKTIF
593878300927,967615469263082,OSS-8625047,UD PERTIWI USAMAH (PERSERO) TBK,UD PERTIWI,GANG VETERAN NO. 8,TOMOHON,ID-71,93539,+62 (263) 198-8229,PT,PROSES,AKTIF,0,1,,,NIPER-07180,2026-01-02,AKTIF
927116484141,771738529260561,OSS-0974291,CV ANGGRAINI SAEFULLAH,ANGGRAINI,GG. DIPATIUKUR NO. 588,BANJAR,ID-65,69917,+62-006-282-1977,PT,PROSES,TIDAK AKTIF,1,1,API-U,29450-API,NIPER-89369,2026-01-22,AKTIF
225788150212,162016967534475,OSS-6195317,CV WIBOWO HUTASOIT,WIBOWO HUT,GANG MOCH. RAMDAN NO. 9,TANGERANG,ID-76,39283,(081) 404 8196,PT,PROSES,DIBEKUKAN,0,1,,,NIPER-38830,2026-01-11,AKTIF
289891542096,861453367361062,OSS-1190690,CV SURYONO TBK,SURYONO TB,JALAN PETA NO. 9,BLITAR,ID-34,70354,+62-724-908-4051,Firma,TERDAFTAR,DIBEKUKAN,1,1,API-P,22149-API,NIPER-06436,2026-02-25,AKTIF
887360511035,358399525800096,OSS-3180098,CV NAPITUPULU HUTAGALUNG TBK,NAPITUPULU,JALAN CIHAMPELAS NO. 501,GORONTALO,ID-88,06195,087 301 9244,Firma,TERDAFTAR,TIDAK AKTIF,1,0,API-U,18923-API,,2026-02-27,AKTIF
777181306121,268342319660058,OSS-7499453,PT DABUKKE,DABUKKE,JL. SURAPATI NO. 84,PARIAMAN,ID-74,19838,(0731) 879 8781,Firma,DISAHKAN,DIBEKUKAN,0,1,,,NIPER-11327,2026-02-27,AKTIF
861890787719,004899361834253,OSS-5017657,PERUM WIBISONO TBK,PERUM WIBI,GANG JEND. A. YANI NO. 7,KOTA ADMINISTRASI JAKARTA TIMUR,ID-15,43071,0894056764,Perum,PROSES,DIBEKUKAN,0,1,,,NIPER-77196,2026-02-03,AKTIF
469685169217,517135284547050,OSS-0574580,PD ANDRIANI SARAGIH TBK,PD ANDRIAN,JALAN AHMAD DAHLAN NO. 60,CIREBON,ID-70,60783,+62-594-822-4524,PT,PROSES,TIDAK AKTIF,1,0,API-P,88160-API,,2026-01-06,AKTIF
161656657640,633655861711069,OSS-6796939,UD PADMASARI YUNIAR,UD PADMASA,JL. RAJAWALI TIMUR NO. 36,PEKALONGAN,ID-50,15628,+62-794-774-1733,PT,TERDAFTAR,TIDAK AKTIF,1,0,API-P,36010-API,,2026-02-17,AKTIF
496698795092,646626463605252,OSS-9173595,CV AGUSTINA MAYASARI (PERSERO) TBK,AGUSTINA M,JL. KEBONJATI NO. 7,SUNGAI PENUH,ID-77,21084,+62 (0130) 228 6657,Firma,PROSES,TIDAK AKTIF,0,0,,,,2026-02-23,AKTIF
662730016096,627932157008331,OSS-9243223,CV LAKSITA PUSPITA,LAKSITA PU,JL. BKR NO. 1,KUPANG,ID-72,35000,0858961923,CV,DISAHKAN,DIBEKUKAN,0,1,,,NIPER-86846,2026-02-20,AKTIF
345007086696,152634880548483,OSS-4037860,UD WIJAYANTI LESTARI TBK,UD WIJAYAN,GANG PASIR KOJA NO. 6,TANJUNGPINANG,ID-41,76308,(0280) 083 4081,Perum,PROSES,AKTIF,0,1,,,NIPER-10916,2026-01-03,AKTIF
376669692295,338619411839093,OSS-4242406,CV MULYANI NAINGGOLAN TBK,MULYANI NA,JL. RAJAWALI BARAT NO. 8,KENDARI,ID-21,37518,(069) 408 6542,Perum,TERDAFTAR,TIDAK AKTIF,1,1,API-U,43826-API,NIPER-92855,2026-01-19,AKTIF
772034788299,025550694660283,OSS-3992233,UD GUNARTO WINARNO TBK,UD GUNARTO,JALAN JEND. A. YANI NO. 7,PALANGKARAYA,ID-63,76222,(0462) 716 1242,Perum,TERDAFTAR,AKTIF,0,0,,,,2026-01-20,AKTIF
186387829456,511810220317310,OSS-9678994,UD PRASETYA,UD PRASETY,JL. SURYAKENCANA NO. 17,MATARAM,ID-33,50948,+62-014-138-1138,PT,DISAHKAN,TIDAK AKTIF,0,1,,,NIPER-63383,2026-01-21,AKTIF
777755486218,058711465689839,OSS-8127750,UD RAJATA MARDHIYAH TBK,UD RAJATA,GG. DIPATIUKUR NO. 51,PADANGPANJANG,ID-85,89016,+62 (0696) 997-8018,CV,DISAHKAN,DIBEKUKAN,1,0,API-U,75736-API,,2026-01-15,AKTIF
392384099126,917649857742735,OSS-9840705,PD MANGUNSONG (PERSERO) TBK,PD MANGUNS,GANG SUKAJADI NO. 5,SEMARANG,ID-86,79471,089 166 8073,Firma,TERDAFTAR,DIBEKUKAN,0,1,,,NIPER-10017,2026-01-20,AKTIF
117655398220,990990683166486,OSS-1965911,PERUM PURNAWATI LATUPONO (PERSERO) TBK,PERUM PURN,GANG GARDUJATI NO. 2,TANGERANG SELATAN,ID-40,57029,(0767) 339-3937,PT,PROSES,DIBEKUKAN,1,1,API-U,28379-API,NIPER-06291,2026-01-12,AKTIF
200931984855,386161245530492,OSS-6312364,PD SAPUTRA,PD SAPUTRA,JL. PETA NO. 4,BANJARMASIN,ID-94,27824,083 673 1750,CV,DISAHKAN,TIDAK AKTIF,1,0,API-U,85288-API,,2026-02-25,AKTIF
618823792268,036771000055549,OSS-5731346,CV LAILASARI,LAILASARI,JL. JEND. A. YANI NO. 417,KOTA ADMINISTRASI JAKARTA TIMUR,ID-81,92723,+62-0002-117-8673,PT,DISAHKAN,TIDAK AKTIF,1,1,API-P,23200-API,NIPER-75715,2026-02-18,AKTIF
449100723149,204993064041210,OSS-7043105,PT PRATAMA (PERSERO) TBK,PRATAMA (P,GANG BKR NO. 60,PALEMBANG,ID-59,14148,+62-0515-609-5142,PT,PROSES,TIDAK AKTIF,0,1,,,NIPER-77021,2026-01-15,AKTIF
949070004121,459968853294362,OSS-8631358,UD ZULAIKA,UD ZULAIKA,JL. AHMAD YANI NO. 0,BINJAI,ID-45,79913,(041) 565-0064,PT,TERDAFTAR,AKTIF,1,1,API-U,76571-API,NIPER-72838,2026-01-17,AKTIF
258089820641,432360013048479,OSS-7166769,CV HASANAH WIBOWO,HASANAH WI,JALAN S. PARMAN NO. 9,PALU,ID-37,67374,+62 (086) 860-0792,CV,DISAHKAN,DIBEKUKAN,1,0,API-P,74103-API,,2026-01-03,AKTIF
018767271195,581133966091571,OSS-5993275,PERUM NOVITASARI,PERUM NOVI,GG. R.E MARTADINATA NO. 794,PEKALONGAN,ID-35,30730,+62 (035) 326-4629,Firma,DISAHKAN,TIDAK AKTIF,1,1,API-U,25987-API,NIPER-32297,2026-01-09,AKTIF
595476168068,030400546801314,OSS-3360574,CV JAILANI KURNIAWAN,JAILANI KU,GANG JOYOBOYO NO. 99,SAMARINDA,ID-31,79196,+62-091-364-1765,Perum,DISAHKAN,DIBEKUKAN,1,1,API-U,92059-API,NIPER-48360,2026-02-14,AKTIF
330833486994,626980818153552,OSS-0941734,PT RAHAYU NABABAN,RAHAYU NAB,GG. W.R. SUPRATMAN NO. 5,YOGYAKARTA,ID-73,34706,(0507) 040 4285,Perum,DISAHKAN,AKTIF,0,0,,,,2026-01-21,AKTIF
412865038410,195992224924440,OSS-6615922,PT RAHAYU LESTARI,RAHAYU LES,GANG CIKUTRA TIMUR NO. 3,MALANG,ID-73,91432,+62 (017) 245 6051,CV,PROSES,AKTIF,1,1,API-U,82080-API,NIPER-86178,2026-01-07,AKTIF
195799659123,944949307845784,OSS-4902307,SARAGIH YOLANDA TBK,SARAGIH YO,JL. STASIUN WONOKROMO NO. 01,PEKALONGAN,ID-42,76910,081 898 1378,Firma,TERDAFTAR,AKTIF,0,1,,,NIPER-01104,2026-01-20,AKTIF
429851448698,305216903922026,OSS-9801426,PD HUTAGALUNG (PERSERO) TBK,PD HUTAGAL,JL. CIHAMPELAS NO. 03,PADANG,ID-20,70500,+62 (0933) 267-2446,Firma,TERDAFTAR,TIDAK AKTIF,0,0,,,,2026-02-15,AKTIF
088685606779,096878531274392,OSS-4673184,PERUM SAFITRI TBK,PERUM SAFI,GG. RAYA UJUNGBERUNG NO. 282,BAU-BAU,ID-41,50209,+62-66-285-6866,CV,PROSES,DIBEKUKAN,1,1,API-P,26894-API,NIPER-35340,2026-01-15,AKTIF
263999314854,804796875441215,OSS-2280557,UD FUJIATI NASYIDAH TBK,UD FUJIATI,JALAN PACUAN KUDA NO. 669,KOTA ADMINISTRASI JAKARTA TIMUR,ID-14,74076,(080) 108-4684,PT,DISAHKAN,DIBEKUKAN,1,1,API-U,74596-API,NIPER-37509,2026-01-12,AKTIF
405787660178,296147307480279,OSS-7273019,PERUM PADMASARI SAMOSIR TBK,PERUM PADM,JL. WARINGIN NO. 56,SABANG,ID-18,38684,+62 (0380) 684-1457,Perum,PROSES,TIDAK AKTIF,1,0,API-U,95573-API,,2026-01-01,AKTIF
737267479609,977737309742806,OSS-9185673,WAHYUNI TBK,WAHYUNI TB,GG. KEBONJATI NO. 342,TIDORE KEPULAUAN,ID-48,76492,+62 (0381) 621 5017,Firma,DISAHKAN,TIDAK AKTIF,0,0,,,,2026-02-15,AKTIF
021997620055,930497173076098,OSS-0353028,UD PALASTRI,UD PALASTR,GANG MOCH. TOHA NO. 6,CILEGON,ID-67,70044,0864033838,CV,TERDAFTAR,TIDAK AKTIF,1,0,API-U,54367-API,,2026-01-22,AKTIF
613504318383,249010531415275,OSS-1944203,PERUM WAHYUNI ANDRIANI (PERSERO) TBK,PERUM WAHY,GANG K.H. WAHID HASYIM NO. 5,PURWOKERTO,ID-36,88444,(030) 806 1315,Firma,PROSES,TIDAK AKTIF,0,0,,,,2026-01-14,AKTIF
739494723174,260174037678090,OSS-0235301,UD LAILASARI ANDRIANI TBK,UD LAILASA,GANG CIHAMPELAS NO. 577,TERNATE,ID-36,69879,+62 (36) 374-5207,Firma,PROSES,AKTIF,0,1,,,NIPER-16068,2026-02-14,AKTIF
311410095782,941997653048272,OSS-1550396,HIDAYAT,HIDAYAT,JL. R.E MARTADINATA NO. 40,TERNATE,ID-26,92207,+62-0556-202-2949,PT,DISAHKAN,AKTIF,1,0,API-U,45131-API,,2026-01-05,AKTIF
152800648615,779932469649289,OSS-6389996,NASHIRUDDIN,NASHIRUDDI,JALAN CIKAPAYANG NO. 547,KOTA ADMINISTRASI JAKARTA UTARA,ID-29,49442,0828183255,Firma,PROSES,DIBEKUKAN,0,0,,,,2026-02-21,AKTIF
789038860760,920914481472272,OSS-9152050,UD PANGESTU,UD PANGEST,GANG AHMAD DAHLAN NO. 35,BONTANG,ID-76,61831,085 817 7802,Perum,DISAHKAN,AKTIF,0,0,,,,2026-02-27,AKTIF
065596727691,922995428098837,OSS-9785455,PERUM MANULLANG,PERUM MANU,JL. KH AMIN JASUTA NO. 36,LANGSA,ID-74,44920,+62-043-573-9253,CV,DISAHKAN,DIBEKUKAN,1,0,API-U,63922-API,,2026-01-10,AKTIF
442330295674,943195312601334,OSS-0327891,UD SIREGAR HARTATI,UD SIREGAR,GG. MEDOKAN AYU NO. 6,PEMATANGSIANTAR,ID-21,63365,+62 (070) 910-6609,PT,DISAHKAN,AKTIF,1,0,API-U,03329-API,,2026-02-26,AKTIF
798845542730,581630818328159,OSS-5726768,PERUM PUDJIASTUTI HARIYAH TBK,PERUM PUDJ,JALAN HOS. COKROAMINOTO NO. 7,BOGOR,ID-70,46358,+62 (932) 109-8556,PT,DISAHKAN,DIBEKUKAN,0,0,,,,2026-01-20,AKTIF
079848704506,917679935937440,OSS-3946408,PT PRASETYA HARTATI,PRASETYA H,JALAN BANGKA RAYA NO. 148,BANDA ACEH,ID-30,90793,0884136852,CV,DISAHKAN,DIBEKUKAN,1,1,API-U,83061-API,NIPER-53701,2026-01-08,AKTIF
766656749160,169236458750663,OSS-3705024,CV RAJASA PRAYOGA (PERSERO) TBK,RAJASA PRA,JL. H.J MAEMUNAH NO. 6,TARAKAN,ID-88,83626,+62 (0488) 694 6119,Perum,PROSES,DIBEKUKAN,0,0,,,,2026-01-16,AKTIF
099912998248,613110358077109,OSS-1204593,PERUM TARIHORAN SUDIATI TBK,PERUM TARI,GANG PACUAN KUDA NO. 46,SOLOK,ID-56,62300,+62-736-375-7081,CV,PROSES,TIDAK AKTIF,0,0,,,,2026-02-15,AKTIF
198582616329,475656545366876,OSS-2080950,UD FUJIATI,UD FUJIATI,GANG CIWASTRA NO. 825,BATU,ID-74,81771,+62 (037) 085 3940,Firma,TERDAFTAR,DIBEKUKAN,1,0,API-U,63407-API,,2026-01-01,AKTIF
529644835644,145257832814980,OSS-9151271,PERUM SAEFULLAH,PERUM SAEF,GANG MOCH. RAMDAN NO. 43,BEKASI,ID-43,96863,+62 (0053) 333 1584,Firma,TERDAFTAR,TIDAK AKTIF,0,1,,,NIPER-98466,2026-01-15,AKTIF
815966849270,562254707598352,OSS-5789066,UD PERTIWI YOLANDA,UD PERTIWI,JL. PASIR KOJA NO. 086,SALATIGA,ID-37,41742,(0979) 251 9862,Firma,TERDAFTAR,TIDAK AKTIF,0,0,,,,2026-02-06,AKTIF
552225025040,359976036774505,OSS-0145750,PERUM LESTARI TBK,PERUM LEST,JL. CIKUTRA BARAT NO. 8,JAYAPURA,ID-32,74522,(074) 686 4923,PT,DISAHKAN,AKTIF,1,0,API-U,71521-API,,2026-01-23,AKTIF
455257740794,955401256710398,OSS-7787903,PERUM PERTIWI,PERUM PERT,JL. KH AMIN JASUTA NO. 93,MATARAM,ID-42,86277,+62-406-985-3310,PT,TERDAFTAR,DIBEKUKAN,1,0,API-P,15467-API,,2026-02-07,AKTIF
801605644009,258743486184833,OSS-9790655,PD SAMOSIR,PD SAMOSIR,GANG RAWAMANGUN NO. 5,KOTA ADMINISTRASI JAKARTA BARAT,ID-45,87024,+62 (0790) 959 6598,CV,TERDAFTAR,DIBEKUKAN,0,0,,,,2026-01-18,AKTIF
664460681989,365129686073737,OSS-5090025,PRAKASA RAMADAN,PRAKASA RA,JL. CIKAPAYANG NO. 61,MATARAM,ID-99,63204,+62-74-903-9422,Firma,TERDAFTAR,DIBEKUKAN,1,1,API-U,97855-API,NIPER-43864,2026-02-21,AKTIF
370031157524,911421095231191,OSS-1761714,CV KUSWOYO ADRIANSYAH (PERSERO) TBK,KUSWOYO AD,GANG ASTANA ANYAR NO. 8,BENGKULU,ID-56,75624,+62 (220) 688 1584,CV,DISAHKAN,AKTIF,0,0,,,,2026-01-18,AKTIF
564987674885,442131705895366,OSS-4577623,UD HAKIM,UD HAKIM,GG. GARDUJATI NO. 001,TEBINGTINGGI,ID-27,53258,+62 (039) 633-1776,PT,PROSES,DIBEKUKAN,1,0,API-P,33107-API,,2026-02-24,AKTIF
113895478836,545649757765724,OSS-9395679,PT SIHOMBING HUTAGALUNG (PERSERO) TBK,SIHOMBING,GANG TEBET BARAT DALAM NO. 257,GORONTALO,ID-88,86614,+62 (0738) 147-1725,Perum,TERDAFTAR,AKTIF,1,0,API-U,94943-API,,2026-02-07,AKTIF
899008868351,813128719485416,OSS-9571770,CV NURAINI,NURAINI,GG. KAPTEN MUSLIHAT NO. 227,YOGYAKARTA,ID-48,94391,0899467036,CV,TERDAFTAR,AKTIF,0,0,,,,2026-01-19,AKTIF
116288728095,190020491195771,OSS-3696849,CV PUTRA HUTAPEA,PUTRA HUTA,JL. BKR NO. 47,KOTA ADMINISTRASI JAKARTA UTARA,ID-77,84213,+62-97-121-6397,Perum,TERDAFTAR,AKTIF,0,1,,,NIPER-69891,2026-01-20,AKTIF
583929570905,854658541532294,OSS-1878584,PERUM PURWANTI TBK,PERUM PURW,JALAN MEDOKAN AYU NO. 108,LANGSA,ID-62,75601,+62-156-392-3995,CV,TERDAFTAR,DIBEKUKAN,0,0,,,,2026-01-20,AKTIF
832202003787,413848280736451,OSS-1439867,PD TAMPUBOLON JANUAR TBK,PD TAMPUBO,GANG HOS. COKROAMINOTO NO. 062,KUPANG,ID-77,72661,(0864) 085-8057,Firma,PROSES,TIDAK AKTIF,0,0,,,,2026-03-01,AKTIF
300374172714,778096020158128,OSS-7047932,PT MUSTOFA,MUSTOFA,GG. KH AMIN JASUTA NO. 3,KOTA ADMINISTRASI JAKARTA BARAT,ID-50,61847,(006) 937-1218,PT,TERDAFTAR,TIDAK AKTIF,1,1,API-P,35384-API,NIPER-12731,2026-02-02,AKTIF
648253110609,209819602752334,OSS-3836404,CV UTAMI,UTAMI,JL. ERLANGGA NO. 1,BONTANG,ID-80,42117,+62 (361) 706-1713,CV,PROSES,AKTIF,0,0,,,,2026-02-22,AKTIF
544281585614,133352009931140,OSS-1604393,PERUM NATSIR LAKSMIWATI TBK,PERUM NATS,JL. AHMAD DAHLAN NO. 36,PAYAKUMBUH,ID-56,25213,+62 (0165) 395-2094,Perum,PROSES,DIBEKUKAN,1,1,API-P,57410-API,NIPER-83970,2026-01-13,AKTIF
299407813506,907998583496965,OSS-6098319,PD UWAIS PRASETYA,PD UWAIS P,JALAN CIKUTRA BARAT NO. 5,PASURUAN,ID-73,24106,082 210 7489,Firma,DISAHKAN,AKTIF,1,1,API-U,35558-API,NIPER-71790,2026-01-20,AKTIF
320374353948,246678722977418,OSS-3525439,PERUM HARIYAH (PERSERO) TBK,PERUM HARI,JL. KENDALSARI NO. 12,SINGKAWANG,ID-19,55172,+62-0537-094-4525,Firma,DISAHKAN,AKTIF,0,0,,,,2026-02-08,AKTIF
505258289595,798023919634050,OSS-8312233,UD ANDRIANI,UD ANDRIAN,JALAN JEND. A. YANI NO. 740,BUKITTINGGI,ID-91,55901,(0222) 908-7295,CV,PROSES,TIDAK AKTIF,1,0,API-U,48663-API,,2026-02-12,AKTIF
493100062295,948894461030370,OSS-6327615,PD NAINGGOLAN,PD NAINGGO,GANG PASIRKOJA NO. 357,YOGYAKARTA,ID-19,87922,081 650 8631,Perum,PROSES,TIDAK AKTIF,1,0,API-P,30076-API,,2026-01-17,AKTIF
236010712615,838821764846735,OSS-7422332,CV MELANI BUDIYANTO,MELANI BUD,GANG JAKARTA NO. 89,TASIKMALAYA,ID-64,25606,+62 (95) 350-6373,Firma,PROSES,AKTIF,0,0,,,,2026-02-04,AKTIF
673316719884,661339262891837,OSS-8952649,UD WINARSIH RAMADAN,UD WINARSI,JALAN SENTOT ALIBASA NO. 2,MEULABOH,ID-62,38723,+62 (174) 518-4813,PT,PROSES,TIDAK AKTIF,1,0,API-P,26733-API,,2026-02-13,AKTIF
418115711709,458835582843737,OSS-8637491,UD NASHIRUDDIN,UD NASHIRU,GANG JAMIKA NO. 86,CIREBON,ID-17,01460,+62 (844) 073-0691,Firma,PROSES,TIDAK AKTIF,0,0,,,,2026-02-03,AKTIF
280911541682,497705491140654,OSS-7651267,PERUM BUDIYANTO TBK (DUPLICATE),PERUM BUDI,GG. DIPENOGORO NO. 834,PADANG SIDEMPUAN,ID-75,93349,+62 (651) 582 2309,Perum,TERDAFTAR,TIDAK AKTIF,1,0,API-P,47605-API,,2026-02-08,AKTIF
188079640315,758593918536205,OSS-4493392,WULANDARI PRATIWI TBK,WULANDARI,GG. MOCH. RAMDAN NO. 5,PALU,ID-53,20715,+62-784-205-5553,PT,DISAHKAN,AKTIF,1,0,API-U,54407-API,,2026-02-19,AKTIF
518077833682,614464557531002,OSS-6689742,UD HANDAYANI HIDAYANTO TBK,UD HANDAYA,GG. SENTOT ALIBASA NO. 916,DUMAI,ID-22,94474,+62-15-866-8492,CV,PROSES,TIDAK AKTIF,1,1,API-P,72545-API,NIPER-28324,2026-02-22,AKTIF
054552785364,933380303438085,OSS-3510719,PD HARTATI TBK,PD HARTATI,GANG CIUMBULEUIT NO. 52,TEBINGTINGGI,ID-51,98471,+62 (0784) 450 0845,CV,DISAHKAN,AKTIF,1,0,API-U,32173-API,,2026-02-05,AKTIF
521635924445,076547889155939,OSS-8977514,UD MARDHIYAH DAMANIK,UD MARDHIY,JALAN JAMIKA NO. 203,TIDORE KEPULAUAN,ID-12,60014,+62 (232) 329 1420,CV,DISAHKAN,DIBEKUKAN,1,0,API-U,41793-API,,2026-01-22,AKTIF
325547474909,794059147825199,OSS-9138674,ANGGRAINI TARIHORAN (PERSERO) TBK,ANGGRAINI,JL. RAJAWALI TIMUR NO. 5,JAMBI,ID-60,97180,+62 (086) 071 3852,CV,TERDAFTAR,AKTIF,0,0,,,,2026-01-31,AKTIF
276726494088,369563371441189,OSS-5659300,CV PRATAMA (PERSERO) TBK,PRATAMA (P,JALAN M.T HARYONO NO. 6,TASIKMALAYA,ID-64,48141,(076) 450 7864,Perum,DISAHKAN,AKTIF,0,1,,,NIPER-09777,2026-02-23,AKTIF
143486965371,557310520898318,OSS-7309507,CV HASTUTI HARTATI,HASTUTI HA,JL. KENDALSARI NO. 34,TERNATE,ID-81,85027,+62 (908) 268-0090,Perum,PROSES,DIBEKUKAN,0,1,,,NIPER-72208,2026-03-02,AKTIF
697636672374,784327267015989,OSS-0201365,PERUM NOVITASARI (PERSERO) TBK,PERUM NOVI,GG. JOYOBOYO NO. 6,BANJAR,ID-80,78713,+62 (055) 207-0300,CV,PROSES,TIDAK AKTIF,0,0,,,,2026-01-02,AKTIF
640137489678,263769246105993,OSS-1804479,PT SIMBOLON (PERSERO) TBK (DUPLICATE),SIMBOLON (,GG. INDRAGIRI NO. 90,TUAL,ID-88,35627,+62-61-050-0917,CV,DISAHKAN,DIBEKUKAN,1,1,API-P,19537-API,NIPER-28177,2026-01-06,AKTIF
861958770213,841922738769522,OSS-4853098,CV HARDIANSYAH PERTIWI TBK,HARDIANSYA,GG. INDRAGIRI NO. 27,KENDARI,ID-22,27089,+62 (0838) 943-6618,PT,DISAHKAN,AKTIF,0,1,,,NIPER-23465,2026-01-21,AKTIF
788636498828,872424890139649,OSS-5300516,UD HARIYAH RAHMAWATI,UD HARIYAH,JALAN M.T HARYONO NO. 13,BALIKPAPAN,ID-78,18420,(034) 234 7523,Firma,DISAHKAN,TIDAK AKTIF,0,0,,,,2026-02-05,AKTIF
969980346841,679078336451277,OSS-7144018,PERUM UWAIS ARDIANTO TBK,PERUM UWAI,JL. PACUAN KUDA NO. 45,BUKITTINGGI,ID-11,38182,+62 (51) 295-4904,Perum,DISAHKAN,AKTIF,0,0,,,,2026-02-08,AKTIF
214906182667,143791316996776,OSS-6082227,PT SITUMORANG,SITUMORANG,JL. SENTOT ALIBASA NO. 3,PEMATANGSIANTAR,ID-42,06208,+62 (67) 613-1299,Perum,DISAHKAN,DIBEKUKAN,0,1,,,NIPER-32099,2026-01-20,AKTIF
014341244051,383282243551139,OSS-8584828,PD PRABOWO (PERSERO) TBK,PD PRABOWO,GG. RAYA UJUNGBERUNG NO. 475,SORONG,ID-53,33352,+62 (35) 561 0028,Firma,TERDAFTAR,DIBEKUKAN,1,1,API-U,82221-API,NIPER-14114,2026-01-22,AKTIF
773582981453,535854369403523,OSS-1966391,CV HASTUTI MARDHIYAH,HASTUTI MA,GANG SUKABUMI NO. 968,BLITAR,ID-69,31570,+62 (880) 537 6556,CV,PROSES,TIDAK AKTIF,1,0,API-P,12833-API,,2026-03-01,AKTIF
897745708533,018285958689959,OSS-8472300,PD ZULKARNAIN MULYANI TBK,PD ZULKARN,JL. WARINGIN NO. 40,MANADO,ID-19,33375,+62 (045) 313 7144,CV,DISAHKAN,TIDAK AKTIF,0,0,,,,2026-01-16,AKTIF
040696850026,066373616977484,OSS-9228647,UD ARYANI,UD ARYANI,JL. TUBAGUS ISMAIL NO. 99,LANGSA,ID-64,66246,+62-0414-634-6473,Perum,DISAHKAN,AKTIF,0,0,,,,2026-01-02,AKTIF
088851549376,902518991069738,OSS-5692258,PD ZULKARNAIN PALASTRI TBK,PD ZULKARN,JL. PASTEUR NO. 1,SURAKARTA,ID-89,28290,(0121) 161-0735,PT,PROSES,TIDAK AKTIF,1,0,API-U,23197-API,,2026-01-20,AKTIF
438951784865,684156385826601,OSS-4994834,CV LAZUARDI USADA,LAZUARDI U,JL. RAWAMANGUN NO. 676,SAWAHLUNTO,ID-91,31905,+62 (045) 999-8113,Firma,PROSES,TIDAK AKTIF,0,0,,,,2026-02-13,AKTIF
596009851497,579239173511986,OSS-2868711,PD UTAMA TBK,PD UTAMA T,JL. WONOAYU NO. 12,CIMAHI,ID-25,70664,082 401 2733,Perum,TERDAFTAR,AKTIF,1,0,API-P,89166-API,,2026-01-07,AKTIF
079108779808,745634737283009,OSS-3063386,PD HABIBI,PD HABIBI,JL. CIHAMPELAS NO. 21,PURWOKERTO,ID-66,77105,+62-18-325-5121,Firma,PROSES,DIBEKUKAN,1,0,API-P,38308-API,,2026-01-24,AKTIF
619800855118,493827200490821,OSS-0122456,PD PRATAMA PUSPASARI,PD PRATAMA,JALAN RAYA UJUNGBERUNG NO. 2,MEDAN,ID-70,03003,+62 (023) 438 4035,Firma,TERDAFTAR,AKTIF,0,1,,,NIPER-26409,2026-01-26,AKTIF
096496683496,047842170285162,OSS-2593648,MARDHIYAH PERTIWI,MARDHIYAH,GANG JAYAWIJAYA NO. 8,SINGKAWANG,ID-25,62467,+62 (87) 991 6091,Perum,DISAHKAN,TIDAK AKTIF,1,1,API-U,14131-API,NIPER-93592,2026-01-19,AKTIF
466574374896,910858994417154,OSS-5444328,PT RAHIMAH WASKITA (DUPLICATE),RAHIMAH WA,JL. SURYAKENCANA NO. 44,PADANG,ID-54,09935,+62-0875-842-8241,Firma,DISAHKAN,DIBEKUKAN,0,1,,,NIPER-72482,2026-02-02,AKTIF
421431665189,994036402981687,OSS-8332621,PT PRASETYO,PRASETYO,GANG GEGERKALONG HILIR NO. 1,MEDAN,ID-44,52198,+62-623-081-7260,CV,PROSES,TIDAK AKTIF,1,0,API-P,76124-API,,2026-01-01,AKTIF
697445956975,274215666191791,OSS-5655919,CV ANGGRAINI TBK,ANGGRAINI,GG. WARINGIN NO. 249,PAGARALAM,ID-15,21761,(028) 836 1000,Perum,PROSES,DIBEKUKAN,0,0,,,,2026-02-03,AKTIF
378116909727,328557797484085,OSS-2286198,PD MAULANA WASITA,PD MAULANA,GANG RONGGOWARSITO NO. 82,PAREPARE,ID-66,82419,(0868) 042 8878,Firma,TERDAFTAR,AKTIF,1,0,API-U,92598-API,,2026-02-27,AKTIF
757906032099,152159564609238,OSS-5532822,UD SAPTONO WAHYUNI (PERSERO) TBK,UD SAPTONO,JL. AHMAD YANI NO. 4,PALANGKARAYA,ID-88,08418,+62 (0360) 643-8093,CV,PROSES,DIBEKUKAN,1,0,API-U,27435-API,,2026-02-25,AKTIF
518338237183,489816482342617,OSS-6386810,PERUM ADRIANSYAH KURNIAWAN,PERUM ADRI,GG. CIHAMPELAS NO. 6,METRO,ID-56,26944,+62 (039) 126-9081,Firma,PROSES,TIDAK AKTIF,0,0,,,,2026-01-10,AKTIF
224175616809,564185413336650,OSS-2859156,PERUM LATUPONO TBK,PERUM LATU,GANG M.H THAMRIN NO. 905,TERNATE,ID-83,92219,+62 (014) 299-9481,Perum,TERDAFTAR,TIDAK AKTIF,1,1,API-P,41401-API,NIPER-38569,2026-01-21,AKTIF
151039879577,886860859966612,OSS-0330152,CV IRAWAN TBK,IRAWAN TBK,JL. ABDUL MUIS NO. 8,SURABAYA,ID-44,12532,+62 (25) 198 2954,PT,TERDAFTAR,TIDAK AKTIF,0,1,,,NIPER-36572,2026-03-02,AKTIF
119906436977,944774920503182,OSS-7369219,PD KUSWANDARI,PD KUSWAND,JL. AHMAD DAHLAN NO. 69,PALOPO,ID-30,80283,+62 (78) 178 9527,CV,DISAHKAN,DIBEKUKAN,1,0,API-P,86903-API,,2026-01-08,AKTIF
914309294545,029247731023894,OSS-6396015,PERUM OKTAVIANI,PERUM OKTA,GG. ASTANA ANYAR NO. 4,MANADO,ID-20,79718,+62 (207) 064-5023,Perum,DISAHKAN,TIDAK AKTIF,0,0,,,,2026-01-24,AKTIF
355414170249,242331337065248,OSS-5730798,UYAINAH WACANA TBK (DUPLICATE),UYAINAH WA,JL. CIKAPAYANG NO. 64,BITUNG,ID-25,13375,+62-41-660-8071,CV,TERDAFTAR,TIDAK AKTIF,0,0,,,,2026-01-26,AKTIF
461732698796,649126044325694,OSS-4702887,PERUM ADRIANSYAH (PERSERO) TBK,PERUM ADRI,GANG SURYAKENCANA NO. 62,KOTA ADMINISTRASI JAKARTA BARAT,ID-49,93796,+62 (084) 801-9858,CV,PROSES,AKTIF,0,1,,,NIPER-94490,2026-02-10,AKTIF
327279568783,391878519108839,OSS-8225871,PERUM LESTARI ISWAHYUDI,PERUM LEST,GG. GEGERKALONG HILIR NO. 6,SALATIGA,ID-93,87406,+62 (0039) 106 5180,PT,TERDAFTAR,AKTIF,0,0,,,,2026-01-11,AKTIF
334557356232,770045358597302,OSS-7322857,UD MARPAUNG,UD MARPAUN,JL. RUMAH SAKIT NO. 54,PEMATANGSIANTAR,ID-27,97704,+62 (016) 788-1596,PT,TERDAFTAR,AKTIF,1,1,API-U,46738-API,NIPER-65690,2026-02-23,AKTIF
323866429742,244175396775362,OSS-1027358,FARIDA,FARIDA,GG. RAJIMAN NO. 67,TANJUNGPINANG,ID-10,70214,(0455) 014-8234,CV,TERDAFTAR,AKTIF,1,0,API-P,79931-API,,2026-01-25,AKTIF
370974466269,515458137344856,OSS-3856215,UD KUSMAWATI,UD KUSMAWA,JL. RONGGOWARSITO NO. 558,PALANGKARAYA,ID-15,78443,+62 (059) 958 9574,CV,DISAHKAN,TIDAK AKTIF,1,0,API-U,80103-API,,2026-01-03,AKTIF
161620281237,106728728660416,OSS-4485959,CV SIREGAR NURDIYANTI,SIREGAR NU,GANG WARINGIN NO. 35,CIMAHI,ID-37,05622,(0104) 331-8751,CV,DISAHKAN,TIDAK AKTIF,0,1,,,NIPER-09792,2026-01-21,AKTIF
334453975082,903856980284402,OSS-7836268,PERUM SIHOMBING (PERSERO) TBK (DUPLICATE),PERUM SIHO,JALAN PASIRKOJA NO. 75,MALANG,ID-91,79260,(008) 238-2000,PT,PROSES,AKTIF,1,1,API-P,29780-API,NIPER-67824,2026-02-27,AKTIF
413610590280,240195158919467,OSS-9650637,CV SITORUS (PERSERO) TBK,SITORUS (P,GANG JAMIKA NO. 065,KEDIRI,ID-62,24734,+62 (041) 032 9342,CV,TERDAFTAR,TIDAK AKTIF,0,0,,,,2026-02-22,AKTIF
588123688660,882323511395225,OSS-4945703,PD WACANA,PD WACANA,JL. SURYAKENCANA NO. 247,PARIAMAN,ID-43,08141,+62 (0237) 574 5451,PT,DISAHKAN,DIBEKUKAN,0,1,,,NIPER-73301,2026-01-26,AKTIF
324988752753,134996674367073,OSS-4777826,MELANI SITORUS TBK,MELANI SIT,JL. H.J MAEMUNAH NO. 2,MOJOKERTO,ID-21,90414,+62 (0084) 486 4442,PT,TERDAFTAR,DIBEKUKAN,0,1,,,NIPER-33632,2026-01-30,AKTIF
773834536535,968568389050526,OSS-8667656,WACANA (PERSERO) TBK,WACANA (PE,JL. PACUAN KUDA NO. 40,SORONG,ID-65,39249,+62 (0840) 313 3837,CV,TERDAFTAR,TIDAK AKTIF,0,1,,,NIPER-74284,2026-02-02,AKTIF
939822159779,392280731234422,OSS-9053556,CV PRASETYA PADMASARI TBK (DUPLICATE),PRASETYA P,JALAN PHH. MUSTOFA NO. 3,BANDUNG,ID-10,62423,+62-71-725-7600,PT,DISAHKAN,DIBEKUKAN,1,1,API-U,83670-API,NIPER-44650,2026-02-10,AKTIF
004380855915,728296530065711,OSS-6883221,UD SIMBOLON UYAINAH TBK,UD SIMBOLO,GANG KEBONJATI NO. 7,PRABUMULIH,ID-54,61925,(0105) 959-0118,Firma,DISAHKAN,DIBEKUKAN,1,1,API-P,06190-API,NIPER-51437,2026-01-16,AKTIF
763445280857,412476871391590,OSS-7629463,PD HALIMAH MARYADI TBK,PD HALIMAH,JL. TUBAGUS ISMAIL NO. 4,PEMATANGSIANTAR,ID-30,08506,(0209) 011 9133,Perum,TERDAFTAR,AKTIF,1,1,API-U,74399-API,NIPER-24830,2026-02-17,AKTIF
146138866214,533998009174873,OSS-2226786,PD TAMBA LAILASARI,PD TAMBA L,JALAN K.H. WAHID HASYIM NO. 0,CIMAHI,ID-57,63857,+62 (0704) 722 1452,CV,PROSES,TIDAK AKTIF,0,1,,,NIPER-13045,2026-01-09,AKTIF
609473855763,479851854194216,OSS-0831186,UD DONGORAN HAKIM (PERSERO) TBK,UD DONGORA,JALAN JAKARTA NO. 98,PROBOLINGGO,ID-36,59603,0827146256,CV,TERDAFTAR,AKTIF,1,0,API-U,19343-API,,2026-01-12,AKTIF
875146460625,104828017454696,OSS-6264897,JAILANI NASHIRUDDIN,JAILANI NA,GG. MEDOKAN AYU NO. 62,SAMARINDA,ID-35,95536,+62-64-962-1976,Firma,DISAHKAN,TIDAK AKTIF,0,0,,,,2026-02-13,AKTIF
537647458205,101443056990855,OSS-7268323,UD PRADIPTA NARPATI,UD PRADIPT,JL. TEBET BARAT DALAM NO. 768,MAKASSAR,ID-26,32699,+62 (43) 599 1391,PT,PROSES,AKTIF,0,1,,,NIPER-85825,2026-01-23,AKTIF
497531397513,184295677840152,OSS-9703717,UD PUDJIASTUTI SIMBOLON TBK,UD PUDJIAS,JL. KEBONJATI NO. 65,BANJAR,ID-79,12950,0834741167,Firma,PROSES,TIDAK AKTIF,1,1,API-P,21877-API,NIPER-14456,2026-02-08,AKTIF
887246704548,114044210200659,OSS-8745170,UD NOVITASARI TBK,UD NOVITAS,GANG RAYA UJUNGBERUNG NO. 4,BANDA ACEH,ID-65,16219,+62 (65) 233-2353,Firma,PROSES,DIBEKUKAN,0,1,,,NIPER-81707,2026-02-10,AKTIF
990437263051,524426439952811,OSS-4543080,MANDALA SAFITRI TBK,MANDALA SA,GANG SADANG SERANG NO. 1,MANADO,ID-92,14501,(023) 216-9794,PT,TERDAFTAR,DIBEKUKAN,1,0,API-P,93676-API,,2026-02-02,AKTIF
704685196463,831391458848866,OSS-7502406,PD WAHYUNI,PD WAHYUNI,GANG RAWAMANGUN NO. 342,KEDIRI,ID-15,42950,+62 (147) 129 7978,Perum,DISAHKAN,DIBEKUKAN,1,1,API-P,82771-API,NIPER-26007,2026-02-23,AKTIF
205361264661,484335048463639,OSS-6638356,PERUM ANGGRIAWAN HARDIANSYAH TBK,PERUM ANGG,JL. TUBAGUS ISMAIL NO. 1,SORONG,ID-35,70313,+62 (066) 640 9952,CV,PROSES,DIBEKUKAN,0,0,,,,2026-03-01,AKTIF
611151991317,880068149991844,OSS-9516403,UD LAILASARI SANTOSO,UD LAILASA,JALAN KAPTEN MUSLIHAT NO. 54,SALATIGA,ID-71,78362,+62 (0535) 174 3799,CV,PROSES,AKTIF,0,1,,,NIPER-29138,2026-01-01,AKTIF
858210626126,240892602624987,OSS-2495806,CV ANGGRIAWAN (PERSERO) TBK,ANGGRIAWAN,JL. CIKUTRA TIMUR NO. 5,BITUNG,ID-66,93850,+62-797-035-4915,Perum,PROSES,TIDAK AKTIF,0,0,,,,2026-02-25,AKTIF
852670709185,771411025418377,OSS-4386975,PERUM NABABAN,PERUM NABA,GG. CIKUTRA BARAT NO. 7,LHOKSEUMAWE,ID-78,58183,+62 (985) 250-0557,Perum,PROSES,DIBEKUKAN,0,1,,,NIPER-34608,2026-02-02,AKTIF
294247493882,796310123435424,OSS-9559269,PD RAHAYU TBK,PD RAHAYU,JL. INDRAGIRI NO. 13,BATAM,ID-94,91358,0816659818,PT,DISAHKAN,DIBEKUKAN,1,1,API-U,47071-API,NIPER-08555,2026-02-10,AKTIF
651562659538,867591140140765,OSS-2733529,PT ZULAIKA (PERSERO) TBK,ZULAIKA (P,JL. ERLANGGA NO. 2,DENPASAR,ID-96,83735,(0406) 591-0118,PT,DISAHKAN,TIDAK AKTIF,0,1,,,NIPER-12225,2026-01-24,AKTIF
110880989506,659356140081452,OSS-8606892,PD SAMOSIR,PD SAMOSIR,JALAN RONGGOWARSITO NO. 95,BOGOR,ID-20,99498,(0639) 160 0769,CV,PROSES,TIDAK AKTIF,1,0,API-U,41658-API,,2026-01-31,AKTIF
205991879823,869016060356546,OSS-1719850,HARYANTO UWAIS,HARYANTO U,JL. INDRAGIRI NO. 21,LUBUKLINGGAU,ID-98,39552,+62-0376-351-7191,PT,TERDAFTAR,TIDAK AKTIF,0,1,,,NIPER-51174,2026-01-11,AKTIF
619434852058,470854124478843,OSS-0050735,UD NAINGGOLAN NUGROHO (DUPLICATE),UD NAINGGO,GANG KENDALSARI NO. 957,PURWOKERTO,ID-36,12860,+62-034-222-5624,PT,DISAHKAN,AKTIF,0,0,,,,2026-02-23,AKTIF
629687416718,486259292472420,OSS-0699108,UD SITORUS RAHIMAH,UD SITORUS,GANG IR. H. DJUANDA NO. 586,METRO,ID-64,86094,+62-036-105-1267,PT,PROSES,DIBEKUKAN,0,0,,,,2026-02-14,AKTIF
215293823141,046871561220667,OSS-1555650,PD HANDAYANI TBK,PD HANDAYA,JALAN SENTOT ALIBASA NO. 05,BOGOR,ID-43,64748,+62-0092-907-6714,PT,TERDAFTAR,TIDAK AKTIF,0,1,,,NIPER-62351,2026-01-27,AKTIF
998161538116,837103073726072,OSS-0148967,PERUM MANDALA,PERUM MAND,JALAN GEDEBAGE SELATAN NO. 146,SEMARANG,ID-27,76254,+62 (92) 645 6339,Perum,TERDAFTAR,TIDAK AKTIF,1,0,API-U,17299-API,,2026-02-14,AKTIF
057188668926,589517252023661,OSS-9122866,PD RAJATA NABABAN,PD RAJATA,JL. RAJIMAN NO. 171,PALOPO,ID-95,36472,+62 (35) 339 2828,Perum,PROSES,DIBEKUKAN,1,0,API-P,83495-API,,2026-01-15,AKTIF
651155548481,766656177390785,OSS-9128830,UD SIMANJUNTAK,UD SIMANJU,JALAN ASTANA ANYAR NO. 92,DUMAI,ID-22,48427,+62 (46) 522 0181,Perum,TERDAFTAR,AKTIF,1,1,API-U,78739-API,NIPER-28265,2026-02-21,AKTIF
379023894056,947619278120796,OSS-2480995,CV SAPTONO WAHYUNI,SAPTONO WA,GANG W.R. SUPRATMAN NO. 737,BANJARBARU,ID-89,70117,+62 (556) 774 7351,PT,DISAHKAN,TIDAK AKTIF,1,1,API-U,06744-API,NIPER-49989,2026-02-11,AKTIF
531951455517,633210721602275,OSS-0360440,PD PURNAWATI PRATAMA,PD PURNAWA,JALAN JAMIKA NO. 60,PEKALONGAN,ID-30,25845,+62-0276-945-1960,Perum,TERDAFTAR,DIBEKUKAN,0,1,,,NIPER-07041,2026-01-11,AKTIF
199446145617,221968101889366,OSS-8477396,HUTAPEA,HUTAPEA,JL. M.T HARYONO NO. 299,SURABAYA,ID-15,75716,+62-31-236-3813,Perum,DISAHKAN,AKTIF,0,0,,,,2026-01-09,AKTIF
551600352282,586289006721566,OSS-2871702,PERUM HARIYAH PRASTUTI,PERUM HARI,GG. PASIR KOJA NO. 5,PEKALONGAN,ID-84,57747,+62 (39) 926-9611,Perum,DISAHKAN,AKTIF,1,1,API-U,67901-API,NIPER-89292,2026-01-07,AKTIF
262873448762,198211217859012,OSS-6025324,PT TAMPUBOLON (PERSERO) TBK,TAMPUBOLON,JALAN KUTAI NO. 650,KOTA ADMINISTRASI JAKARTA UTARA,ID-38,37961,+62-0578-261-8329,CV,DISAHKAN,TIDAK AKTIF,1,1,API-U,41116-API,NIPER-86698,2026-03-01,AKTIF
109820481611,336288570158967,OSS-1965263,CV WINARSIH,WINARSIH,JALAN LASWI NO. 739,PALANGKARAYA,ID-95,29091,+62-741-283-9175,CV,PROSES,DIBEKUKAN,0,0,,,,2026-02-16,AKTIF
058801901386,300651247853724,OSS-9285111,FIRMANSYAH YUNIAR (PERSERO) TBK (DUPLICATE),FIRMANSYAH,GG. KH AMIN JASUTA NO. 634,PALANGKARAYA,ID-12,17618,+62 (14) 599-0498,Perum,PROSES,TIDAK AKTIF,0,1,,,NIPER-39545,2026-01-24,AKTIF
376190891775,615808183552758,OSS-8854277,PERUM LAILASARI HUTAPEA TBK,PERUM LAIL,JL. JOYOBOYO NO. 698,BONTANG,ID-74,00268,+62 (006) 344-1012,Perum,PROSES,TIDAK AKTIF,1,1,API-U,11257-API,NIPER-87872,2026-01-21,AKTIF
828367961207,959709321418184,OSS-3979017,PT PRASASTA TBK,PRASASTA T,JL. PELAJAR PEJUANG NO. 154,PROBOLINGGO,ID-18,07292,+62-657-989-1468,Firma,TERDAFTAR,TIDAK AKTIF,1,1,API-U,56492-API,NIPER-26042,2026-01-14,AKTIF
353910389166,770952185868043,OSS-9429008,UD NAMAGA USADA (DUPLICATE),UD NAMAGA,JALAN RUNGKUT INDUSTRI NO. 8,DEPOK,ID-84,03773,+62 (020) 588 6948,CV,DISAHKAN,TIDAK AKTIF,0,0,,,,2026-01-21,AKTIF
662892496308,694283018006939,OSS-4076981,PT SUDIATI SALAHUDIN TBK,SUDIATI SA,JALAN SOEKARNO HATTA NO. 827,JAYAPURA,ID-23,02383,+62-24-768-3597,PT,PROSES,DIBEKUKAN,1,0,API-U,78668-API,,2026-01-17,AKTIF
618419525881,127257678599762,OSS-8944123,PERUM HARDIANSYAH TBK,PERUM HARD,GANG W.R. SUPRATMAN NO. 882,SEMARANG,ID-86,14646,0842976006,Perum,TERDAFTAR,DIBEKUKAN,0,1,,,NIPER-50578,2026-02-12,AKTIF
890709160444,746108280810269,OSS-2669929,PT PERMADI (PERSERO) TBK,PERMADI (P,JL. AHMAD DAHLAN NO. 43,TANGERANG SELATAN,ID-55,20471,+62-243-936-3647,Firma,DISAHKAN,TIDAK AKTIF,1,1,API-P,69270-API,NIPER-60425,2026-02-06,AKTIF
131868274875,649075228619985,OSS-9978151,PT LAKSITA TBK,LAKSITA TB,GG. M.T HARYONO NO. 41,BATU,ID-61,83574,+62-26-173-4403,CV,TERDAFTAR,AKTIF,0,1,,,NIPER-11215,2026-01-27,AKTIF
735186647741,313518302585346,OSS-5815398,CV LAZUARDI TBK,LAZUARDI T,JALAN JOYOBOYO NO. 4,CIMAHI,ID-99,55816,(0592) 383 1934,Firma,DISAHKAN,TIDAK AKTIF,1,1,API-P,89180-API,NIPER-03814,2026-01-15,AKTIF
727378560133,046952629772081,OSS-4602286,WULANDARI ANGGRAINI,WULANDARI,GG. MOCH. TOHA NO. 6,KOTA ADMINISTRASI JAKARTA PUSAT,ID-10,68664,+62 (58) 955 3860,PT,PROSES,AKTIF,0,0,,,,2026-01-12,AKTIF
898123820264,430804773290561,OSS-4475408,CV KUSUMO SURYONO TBK,KUSUMO SUR,GANG JAKARTA NO. 1,TANGERANG,ID-98,78183,+62-11-690-1605,PT,DISAHKAN,DIBEKUKAN,0,1,,,NIPER-54575,2026-02-09,AKTIF
917763342720,388621750801963,OSS-0453069,UD PALASTRI MARDHIYAH,UD PALASTR,GG. AHMAD YANI NO. 48,PEKANBARU,ID-93,67784,081 652 4445,CV,DISAHKAN,TIDAK AKTIF,1,1,API-P,44608-API,NIPER-38517,2026-02-11,AKTIF
802966281681,493567007931288,OSS-4530842,PERUM NASYIDAH,PERUM NASY,JL. KH AMIN JASUTA NO. 980,KOTA ADMINISTRASI JAKARTA TIMUR,ID-63,84283,(034) 994-3586,Firma,DISAHKAN,TIDAK AKTIF,1,1,API-U,21977-API,NIPER-58804,2026-02-13,AKTIF
276395685142,370485513138436,OSS-6113588,UD LAILASARI TBK,UD LAILASA,JL. MEDOKAN AYU NO. 7,SURAKARTA,ID-25,01118,+62 (095) 052-8589,Perum,TERDAFTAR,TIDAK AKTIF,1,0,API-P,30821-API,,2026-01-26,AKTIF
135926648698,939698748694155,OSS-9450119,PERUM WASTUTI NAJMUDIN,PERUM WAST,GANG PACUAN KUDA NO. 6,MALANG,ID-35,17160,+62-0988-636-5362,Firma,PROSES,DIBEKUKAN,1,0,API-P,18945-API,,2026-01-09,AKTIF
487239857942,016315991006538,OSS-1675289,PD HALIMAH MELANI TBK,PD HALIMAH,JL. CIKUTRA BARAT NO. 47,MEULABOH,ID-91,70341,+62 (0247) 993-9561,Firma,DISAHKAN,DIBEKUKAN,1,1,API-P,96775-API,NIPER-59495,2026-01-23,AKTIF
211313837012,819013547457631,OSS-7640248,UD KUSMAWATI RIYANTI TBK,UD KUSMAWA,JL. DIPENOGORO NO. 805,TOMOHON,ID-53,96351,0824344971,CV,DISAHKAN,DIBEKUKAN,0,1,,,NIPER-36531,2026-01-11,AKTIF
965599767910,620364600987773,OSS-5644848,PERUM SUSANTI PRASTUTI TBK,PERUM SUSA,JL. JOYOBOYO NO. 7,PALANGKARAYA,ID-78,54660,(048) 474-5156,Firma,DISAHKAN,DIBEKUKAN,1,0,API-U,60097-API,,2026-02-13,AKTIF
142192364666,045894532843578,OSS-8471541,PERUM MANDASARI (PERSERO) TBK,PERUM MAND,JALAN MERDEKA NO. 53,LANGSA,ID-81,33566,+62 (726) 256-2658,PT,PROSES,DIBEKUKAN,1,0,API-U,59625-API,,2026-01-16,AKTIF
548303860655,128121840766739,OSS-0490782,CV NABABAN TBK,NABABAN TB,JALAN W.R. SUPRATMAN NO. 3,CIREBON,ID-64,83668,+62 (40) 638 3466,CV,DISAHKAN,DIBEKUKAN,0,0,,,,2026-01-26,AKTIF
678739074258,893200636793825,OSS-5453834,PD SITOMPUL,PD SITOMPU,JL. GARDUJATI NO. 96,SURAKARTA,ID-24,97286,+62-42-546-7099,CV,TERDAFTAR,AKTIF,0,1,,,NIPER-20299,2026-02-16,AKTIF
655816213439,668447775323890,OSS-2335927,UD HARDIANSYAH PERTIWI,UD HARDIAN,JALAN S. PARMAN NO. 8,MALANG,ID-13,12768,(0060) 753 9189,Firma,DISAHKAN,AKTIF,1,0,API-U,45188-API,,2026-02-23,AKTIF
984147472690,822013702977856,OSS-1026572,UD NURDIYANTI,UD NURDIYA,GG. WONOAYU NO. 0,TANJUNGPINANG,ID-75,77919,+62 (0139) 560-8675,PT,TERDAFTAR,AKTIF,0,1,,,NIPER-36210,2026-02-21,AKTIF
685976646926,590282774694825,OSS-4576344,PERUM NARPATI GUNARTO (PERSERO) TBK,PERUM NARP,GG. KAPTEN MUSLIHAT NO. 83,CILEGON,ID-74,37242,+62-046-535-2170,CV,PROSES,DIBEKUKAN,1,0,API-P,57267-API,,2026-02-28,AKTIF
877101041321,572439279507076,OSS-9685150,PERUM SIRAIT PERTIWI TBK,PERUM SIRA,GG. SADANG SERANG NO. 410,MEDAN,ID-91,43667,(0700) 617-0938,Firma,TERDAFTAR,DIBEKUKAN,0,0,,,,2026-02-14,AKTIF
989042698087,825346709978506,OSS-1613121,PERUM NASYIDAH WIJAYANTI (PERSERO) TBK,PERUM NASY,GG. W.R. SUPRATMAN NO. 98,KOTA ADMINISTRASI JAKARTA TIMUR,ID-81,23384,+62 (0461) 179-5495,Perum,DISAHKAN,DIBEKUKAN,0,1,,,NIPER-71170,2026-01-06,AKTIF
547369579363,296028251790180,OSS-7391222,UD WASITA DONGORAN (PERSERO) TBK,UD WASITA,JL. KIARACONDONG NO. 649,BITUNG,ID-55,64768,+62 (082) 908 6834,Perum,TERDAFTAR,DIBEKUKAN,0,1,,,NIPER-02431,2026-01-29,AKTIF
173224503826,581609499314314,OSS-8025125,UD SITORUS HUTASOIT (PERSERO) TBK,UD SITORUS,JL. INDRAGIRI NO. 9,PONTIANAK,ID-10,74524,+62 (357) 167 0199,PT,DISAHKAN,DIBEKUKAN,1,0,API-U,20145-API,,2026-03-01,AKTIF
742292525363,395531643048883,OSS-6623421,PT LAZUARDI,LAZUARDI,GANG SOEKARNO HATTA NO. 8,SUNGAI PENUH,ID-30,41348,+62-86-374-7850,CV,PROSES,DIBEKUKAN,1,1,API-U,48522-API,NIPER-42627,2026-01-03,AKTIF
077359569192,205135639748925,OSS-0075167,PERUM AGUSTINA TBK,PERUM AGUS,JALAN M.H THAMRIN NO. 177,PEKANBARU,ID-76,47793,+62 (995) 843-8356,PT,DISAHKAN,DIBEKUKAN,0,1,,,NIPER-99971,2026-02-16,AKTIF
994006793155,386962286635379,OSS-3094877,PD KUSUMO,PD KUSUMO,JL. AHMAD YANI NO. 24,PALU,ID-26,27987,+62 (476) 297-6557,CV,DISAHKAN,AKTIF,1,0,API-P,49719-API,,2026-02-02,AKTIF
184409386547,192705487487056,OSS-6230056,PERUM YULIANTI,PERUM YULI,GANG DR. DJUNJUNAN NO. 01,TANGERANG,ID-76,50665,(060) 505 9085,PT,PROSES,DIBEKUKAN,1,1,API-U,57657-API,NIPER-89379,2026-01-16,AKTIF
041949855312,839365927268034,OSS-7579118,UD HASTUTI,UD HASTUTI,JALAN JAMIKA NO. 85,SURABAYA,ID-62,69747,+62 (496) 529-8888,PT,PROSES,DIBEKUKAN,0,0,,,,2026-02-26,AKTIF
461198309754,247388523774877,OSS-0078812,CV NATSIR TBK,NATSIR TBK,JL. SURYAKENCANA NO. 8,PURWOKERTO,ID-43,26799,+62-096-660-2865,PT,TERDAFTAR,AKTIF,1,1,API-U,38395-API,NIPER-71646,2026-02-27,AKTIF
963129439063,630664066653693,OSS-9700193,PERUM PRASTUTI (PERSERO) TBK,PERUM PRAS,JALAN SUKAJADI NO. 240,TUAL,ID-38,64657,088 396 5408,Perum,DISAHKAN,AKTIF,1,0,API-P,40316-API,,2026-02-11,AKTIF
877873854878,313648905728007,OSS-5875934,PD YUNIAR TBK (DUPLICATE),PD YUNIAR,JL. OTTO ISKANDARDINATA NO. 882,PALOPO,ID-92,37165,(088) 756 0235,Perum,TERDAFTAR,TIDAK AKTIF,1,0,API-P,98264-API,,2026-02-16,AKTIF
466574374896,910858994417154,OSS-5444328,RAHIMAH WASKITA,RAHIMAH WA,JL. SURYAKENCANA NO. 44,PADANG,ID-54,09935,+62-0875-842-8241,Firma,DISAHKAN,DIBEKUKAN,0,1,,,NIPER-72482,2026-02-02,AKTIF
714987037844,576763141319299,OSS-3223947,PT HARDIANSYAH,HARDIANSYA,GG. RAJAWALI BARAT NO. 40,MEULABOH,ID-93,68801,+62-099-973-4829,CV,TERDAFTAR,DIBEKUKAN,0,0,,,,2026-01-17,AKTIF
275077677479,122304697120921,OSS-8921786,PD PRASTUTI TBK,PD PRASTUT,GANG SENTOT ALIBASA NO. 0,METRO,ID-47,58820,+62 (0360) 732 1565,PT,TERDAFTAR,DIBEKUKAN,0,0,,,,2026-01-07,AKTIF
258089820641,432360013048479,OSS-7166769,CV HASANAH WIBOWO (DUPLICATE),HASANAH WI,JALAN S. PARMAN NO. 9,PALU,ID-37,67374,+62 (086) 860-0792,CV,DISAHKAN,DIBEKUKAN,1,0,API-P,74103-API,,2026-01-03,AKTIF
777920175038,641462938929550,OSS-7084519,PT PRASETYO HIDAYANTO (PERSERO) TBK,PRASETYO H,GG. RUNGKUT INDUSTRI NO. 265,MALANG,ID-57,85610,(0895) 318 5598,CV,PROSES,AKTIF,1,0,API-P,48294-API,,2026-01-11,AKTIF
502312653273,551497249032234,OSS-7714695,PERUM PRASASTA,PERUM PRAS,GANG SENTOT ALIBASA NO. 7,BUKITTINGGI,ID-15,06174,+62 (036) 445 9476,Perum,TERDAFTAR,DIBEKUKAN,0,0,,,,2026-01-28,AKTIF
667906674772,011040838437826,OSS-0187779,CV NAINGGOLAN TBK,NAINGGOLAN,GG. LEMBONG NO. 3,BOGOR,ID-71,25777,+62 (77) 457-5021,Perum,DISAHKAN,DIBEKUKAN,1,0,API-U,88521-API,,2026-01-28,AKTIF
194775812277,647707777967816,OSS-5136796,CV PERMATA,PERMATA,GG. SOEKARNO HATTA NO. 58,SAWAHLUNTO,ID-21,21081,+62 (670) 285 6171,PT,PROSES,AKTIF,0,0,,,,2026-02-05,AKTIF
934267472844,608727351305191,OSS-1651582,PERUM HASANAH YULIANTI,PERUM HASA,GG. PACUAN KUDA NO. 33,DUMAI,ID-80,15050,+62 (39) 448 0470,Firma,PROSES,TIDAK AKTIF,0,0,,,,2026-01-26,AKTIF
148754399814,663366309530796,OSS-9321541,UD SUARTINI HUTAPEA TBK,UD SUARTIN,GANG AHMAD DAHLAN NO. 06,KUPANG,ID-92,83153,+62-0079-376-9768,PT,TERDAFTAR,DIBEKUKAN,0,0,,,,2026-02-23,AKTIF
863544203678,339836485177009,OSS-1587519,CV PALASTRI TBK,PALASTRI T,JL. JOYOBOYO NO. 620,CIMAHI,ID-70,24861,+62 (0669) 529 2155,CV,PROSES,TIDAK AKTIF,0,1,,,NIPER-97871,2026-01-21,AKTIF
352724555148,033535040467251,OSS-9296247,UD MANDASARI,UD MANDASA,GG. WONOAYU NO. 920,PAYAKUMBUH,ID-39,18511,+62 (084) 629-1242,Perum,TERDAFTAR,TIDAK AKTIF,1,0,API-U,43304-API,,2026-02-04,AKTIF
067798321874,996071683027738,OSS-4492486,UD PRASTUTI TAMPUBOLON,UD PRASTUT,GG. PACUAN KUDA NO. 588,KUPANG,ID-34,48396,+62 (0482) 486 7079,CV,TERDAFTAR,AKTIF,0,1,,,NIPER-60222,2026-02-17,AKTIF
041949855312,276644772894155,OSS-7579118,UD HASTUTI,UD HASTUTI,JALAN JAMIKA NO. 85,SURABAYA,ID-62,69747,+62 (496) 529-8888,PT,PROSES,DIBEKUKAN,0,0,,,,2026-02-26,AKTIF
000444156630,572756220217589,OSS-2839053,PT LAZUARDI PRADANA TBK,LAZUARDI P,GG. K.H. WAHID HASYIM NO. 324,BONTANG,ID-60,77567,(0946) 685-3241,PT,PROSES,DIBEKUKAN,0,1,,,NIPER-48426,2026-03-02,AKTIF
105415073230,807730603512508,OSS-7775458,PERTIWI (PERSERO) TBK (DUPLICATE),PERTIWI (P,GG. KUTAI NO. 80,TEGAL,ID-95,88435,(044) 617 6398,Perum,DISAHKAN,TIDAK AKTIF,0,1,,,NIPER-19246,2026-01-08,AKTIF
278792557099,989499023725689,OSS-4283858,UD AGUSTINA,UD AGUSTIN,JL. K.H. WAHID HASYIM NO. 78,SABANG,ID-74,54186,0813908474,Perum,TERDAFTAR,DIBEKUKAN,0,1,,,NIPER-36838,2026-02-15,AKTIF
963790203887,821889384478167,OSS-6634208,UD MULYANI ISWAHYUDI,UD MULYANI,JALAN SURAPATI NO. 47,BUKITTINGGI,ID-47,44047,0832796637,Firma,PROSES,TIDAK AKTIF,0,0,,,,2026-01-28,AKTIF
022829335287,897153596472684,OSS-7464550,CV NURDIYANTI PRASASTA (PERSERO) TBK,NURDIYANTI,GG. CIKAPAYANG NO. 8,PROBOLINGGO,ID-94,56450,+62 (810) 580 1088,PT,PROSES,AKTIF,1,0,API-P,67974-API,,2026-02-20,AKTIF
628011546774,337756149220182,OSS-9004682,PERUM HUTASOIT,PERUM HUTA,GG. KIARACONDONG NO. 7,PEKANBARU,ID-29,76209,+62 (88) 240 3073,PT,PROSES,AKTIF,0,0,,,,2026-01-09,AKTIF
776307106754,758570217844519,OSS-3587477,PD NATSIR (PERSERO) TBK,PD NATSIR,JALAN R.E MARTADINATA NO. 3,SAMARINDA,ID-21,51736,(027) 589 0909,Perum,PROSES,TIDAK AKTIF,1,1,API-U,01852-API,NIPER-16260,2026-01-18,AKTIF
899473879309,252390605636071,OSS-2413739,PERUM IRAWAN (PERSERO) TBK,PERUM IRAW,JL. BANGKA RAYA NO. 94,PALANGKARAYA,ID-51,36531,+62 (0594) 568-1508,Perum,DISAHKAN,DIBEKUKAN,0,1,,,NIPER-95146,2026-03-01,AKTIF
177814966616,961875949435331,OSS-3663810,UD WASTUTI PRAKASA TBK,UD WASTUTI,GG. KAPTEN MUSLIHAT NO. 176,SURAKARTA,ID-39,92698,+62-0005-640-2392,Perum,PROSES,TIDAK AKTIF,1,0,API-P,89191-API,,2026-01-21,AKTIF
683146492651,422080739776847,OSS-7610003,PD PERMATA,PD PERMATA,GG. TUBAGUS ISMAIL NO. 4,GORONTALO,ID-79,19213,+62 (921) 853-4646,Firma,DISAHKAN,AKTIF,1,0,API-P,63014-API,,2026-02-13,AKTIF
724207530877,226966734958601,OSS-5008585,PERUM HIDAYAT TBK,PERUM HIDA,JALAN BANGKA RAYA NO. 92,BONTANG,ID-10,19526,+62 (071) 867 0968,Perum,TERDAFTAR,DIBEKUKAN,1,0,API-P,37201-API,,2026-01-21,AKTIF
175923599175,423506575104128,OSS-6581504,UD KUSWOYO TBK,UD KUSWOYO,JL. SUKABUMI NO. 0,BANDUNG,ID-83,05679,+62-99-247-3701,PT,TERDAFTAR,TIDAK AKTIF,0,1,,,NIPER-58461,2026-01-08,AKTIF
836249215156,944387871713593,OSS-5891054,UD ASTUTI MANULLANG,UD ASTUTI,GG. PELAJAR PEJUANG NO. 316,YOGYAKARTA,ID-82,09928,(087) 842-7751,Firma,PROSES,DIBEKUKAN,1,1,API-U,53672-API,NIPER-09750,2026-01-12,AKTIF
281362276792,790541331794623,OSS-8363690,PT LAKSITA (PERSERO) TBK,LAKSITA (P,GANG DIPENOGORO NO. 047,PADANG,ID-72,95246,(032) 160 3808,PT,DISAHKAN,AKTIF,0,0,,,,2026-01-19,AKTIF
267940601541,382738688339238,OSS-9862254,PERUM ANDRIANI NASHIRUDDIN TBK,PERUM ANDR,JL. MOCH. RAMDAN NO. 65,KOTA ADMINISTRASI JAKARTA TIMUR,ID-48,84371,+62 (0926) 273-5060,PT,DISAHKAN,TIDAK AKTIF,1,1,API-U,01266-API,NIPER-46096,2026-02-20,AKTIF
301376885822,253423644601132,OSS-3502135,CV SIHOMBING,SIHOMBING,JL. ERLANGGA NO. 3,PALOPO,ID-78,70869,+62 (0206) 802-8287,Perum,PROSES,DIBEKUKAN,0,1,,,NIPER-10530,2026-01-13,AKTIF
018284712197,424420570237562,OSS-0103851,PD MAYASARI RIYANTI,PD MAYASAR,GANG SOEKARNO HATTA NO. 1,KOTA ADMINISTRASI JAKARTA TIMUR,ID-42,34749,+62 (0156) 738 4427,CV,DISAHKAN,TIDAK AKTIF,0,1,,,NIPER-73325,2026-01-13,AKTIF
446106052620,698512468473705,OSS-8173132,PD WASTUTI ARDIANTO,PD WASTUTI,JL. KENDALSARI NO. 120,LHOKSEUMAWE,ID-54,67886,+62-812-198-2016,Perum,DISAHKAN,AKTIF,1,1,API-P,93967-API,NIPER-90203,2026-02-04,AKTIF
514036489178,559537704315210,OSS-0129079,CV PURNAWATI,PURNAWATI,JALAN BKR NO. 63,TOMOHON,ID-21,82461,(0349) 094 0954,Firma,TERDAFTAR,DIBEKUKAN,1,1,API-P,17029-API,NIPER-97369,2026-02-07,AKTIF
474009101069,706284909485494,OSS-2851885,PERUM USAMAH PURNAWATI TBK,PERUM USAM,GG. MOCH. RAMDAN NO. 726,SUBULUSSALAM,ID-23,18543,0810728927,CV,DISAHKAN,DIBEKUKAN,1,1,API-U,81852-API,NIPER-25704,2026-01-30,AKTIF
006447828954,654823692908480,OSS-0239556,CV MUSTOFA TBK,MUSTOFA TB,GANG CIHAMPELAS NO. 998,KENDARI,ID-16,40957,(044) 374 2806,CV,TERDAFTAR,DIBEKUKAN,0,1,,,NIPER-01282,2026-02-09,AKTIF
074350952889,594703969645359,OSS-1765047,PERUM NURDIYANTI,PERUM NURD,JL. KUTAI NO. 5,BOGOR,ID-69,34496,(086) 679 8994,Firma,PROSES,TIDAK AKTIF,1,0,API-U,70617-API,,2026-02-16,AKTIF
149390839619,324383171424437,OSS-7837713,UD TAMPUBOLON,UD TAMPUBO,JL. RAYA SETIABUDHI NO. 6,PEKANBARU,ID-93,85564,+62 (71) 485 8167,CV,DISAHKAN,AKTIF,1,0,API-U,92690-API,,2026-02-17,AKTIF
332470739201,354621276025082,OSS-6112312,FUJIATI PRADANA (PERSERO) TBK,FUJIATI PR,GANG JAMIKA NO. 8,PALOPO,ID-74,29745,+62 (0930) 364 6871,CV,PROSES,DIBEKUKAN,1,0,API-U,91203-API,,2026-01-11,AKTIF
360545828442,886634379168142,OSS-3516193,UD MANSUR (PERSERO) TBK,UD MANSUR,GG. MEDOKAN AYU NO. 179,JAMBI,ID-34,67208,+62-0024-435-1687,PT,TERDAFTAR,AKTIF,0,0,,,,2026-02-08,AKTIF
888118513216,888647807611025,OSS-7541440,PD MARBUN,PD MARBUN,JL. RUMAH SAKIT NO. 425,BONTANG,ID-82,96392,087 645 5519,PT,TERDAFTAR,DIBEKUKAN,0,1,,,NIPER-66936,2026-01-12,AKTIF
539411737178,458758628574331,OSS-1647896,SITORUS,SITORUS,JALAN RAJIMAN NO. 33,SOLOK,ID-85,75043,+62-0159-998-8704,PT,DISAHKAN,AKTIF,1,1,API-U,62815-API,NIPER-93368,2026-02-13,AKTIF
230873662456,412421514105344,OSS-4145397,PD SETIAWAN TBK,PD SETIAWA,GG. SUKABUMI NO. 7,PADANG SIDEMPUAN,ID-58,80897,+62-07-120-1278,Perum,PROSES,DIBEKUKAN,1,1,API-P,94678-API,NIPER-96822,2026-02-08,AKTIF
244874111679,652432654346740,OSS-1342872,NASHIRUDDIN NARPATI,NASHIRUDDI,JL. GEGERKALONG HILIR NO. 847,SINGKAWANG,ID-78,13747,+62-0243-523-4862,CV,TERDAFTAR,DIBEKUKAN,1,0,API-P,97734-API,,2026-02-04,AKTIF
742292525363,386723394843659,OSS-6623421,PT LAZUARDI,LAZUARDI,GANG SOEKARNO HATTA NO. 8,SUNGAI PENUH,ID-30,41348,+62-86-374-7850,CV,PROSES,DIBEKUKAN,1,1,API-U,48522-API,NIPER-42627,2026-01-03,AKTIF
313336345280,433264445816494,OSS-6152868,UD SURYATMI,UD SURYATM,GANG RAWAMANGUN NO. 07,SAMARINDA,ID-48,79060,0812570602,CV,TERDAFTAR,DIBEKUKAN,1,1,API-U,98224-API,NIPER-89714,2026-01-02,AKTIF
547697596729,953973409716003,OSS-3959268,PERUM RAMADAN WACANA,PERUM RAMA,JL. KEBONJATI NO. 778,BOGOR,ID-38,61074,+62 (41) 507 2028,PT,PROSES,AKTIF,0,1,,,NIPER-56066,2026-01-31,AKTIF
073415274212,813309438018087,OSS-5374126,PT MARPAUNG,MARPAUNG,GANG SADANG SERANG NO. 8,BATU,ID-28,20624,0887820282,Perum,TERDAFTAR,TIDAK AKTIF,0,0,,,,2026-02-08,AKTIF
627554585924,768428802895721,OSS-3622949,PERUM ISWAHYUDI TBK,PERUM ISWA,JALAN TUBAGUS ISMAIL NO. 3,PASURUAN,ID-25,85333,+62 (0370) 403 8010,Perum,TERDAFTAR,AKTIF,1,0,API-P,43695-API,,2026-01-13,AKTIF
987173656995,886260270908632,OSS-2771804,PERUM PRAKASA,PERUM PRAK,GANG CIHAMPELAS NO. 37,LANGSA,ID-36,14200,+62 (0094) 149-3809,PT,TERDAFTAR,TIDAK AKTIF,1,1,API-U,73045-API,NIPER-18737,2026-02-12,AKTIF
053276549632,629806254796085,OSS-5238003,CV WIBOWO KURNIAWAN (PERSERO) TBK,WIBOWO KUR,JALAN KAPTEN MUSLIHAT NO. 539,TASIKMALAYA,ID-80,62726,+62-038-073-8424,CV,TERDAFTAR,TIDAK AKTIF,1,0,API-P,32173-API,,2026-02-03,AKTIF
958524281138,131846753905573,OSS-3282114,PT PURWANTI TBK,PURWANTI T,GG. GEGERKALONG HILIR NO. 85,TEGAL,ID-69,11149,+62-093-886-7047,PT,DISAHKAN,DIBEKUKAN,1,0,API-P,96017-API,,2026-02-28,AKTIF
264053529322,769730572186453,OSS-2616917,PERUM PRATIWI (PERSERO) TBK,PERUM PRAT,JALAN JEND. A. YANI NO. 91,MANADO,ID-34,47006,0887302962,PT,PROSES,DIBEKUKAN,1,1,API-P,05633-API,NIPER-64097,2026-02-21,AKTIF
133018978859,227167708578786,OSS-3609167,PT SETIAWAN YULIANTI,SETIAWAN Y,GG. SUNIARAJA NO. 934,JAMBI,ID-44,62675,+62 (0926) 325 1225,CV,DISAHKAN,DIBEKUKAN,1,1,API-P,33475-API,NIPER-84486,2026-01-10,AKTIF
494273828309,176392223174365,OSS-7215518,UD PUDJIASTUTI SIHOMBING,UD PUDJIAS,GG. RUNGKUT INDUSTRI NO. 4,TUAL,ID-55,42868,+62 (0678) 954-7426,Firma,TERDAFTAR,DIBEKUKAN,1,0,API-U,54921-API,,2026-02-12,AKTIF
577991137983,045762745116089,OSS-5897015,CV LATUPONO PUTRA,LATUPONO P,GANG CIKUTRA BARAT NO. 834,PALANGKARAYA,ID-59,28989,+62-0074-611-3997,Perum,PROSES,DIBEKUKAN,0,0,,,,2026-02-25,AKTIF
065589884069,422181341059708,OSS-8123624,CV HARTATI TBK,HARTATI TB,GG. SURYAKENCANA NO. 08,BOGOR,ID-76,08839,+62-447-299-9233,PT,TERDAFTAR,AKTIF,0,0,,,,2026-01-29,AKTIF
973863620261,386725283187045,OSS-0374034,PD PRASETYA NABABAN TBK,PD PRASETY,GANG KUTISARI SELATAN NO. 331,SIBOLGA,ID-98,50382,+62-52-700-0867,Perum,TERDAFTAR,DIBEKUKAN,1,0,API-U,64369-API,,2026-01-20,AKTIF
846829516614,255540930120741,OSS-0673582,PD SUWARNO NAINGGOLAN,PD SUWARNO,GANG CEMPAKA NO. 373,PRABUMULIH,ID-69,10695,+62-081-497-7952,CV,DISAHKAN,TIDAK AKTIF,1,1,API-P,45652-API,NIPER-82278,2026-01-25,AKTIF
931907656343,960819395758374,OSS-9616241,PD WINARNO,PD WINARNO,JL. STASIUN WONOKROMO NO. 61,BANJARBARU,ID-31,71256,0849787588,Firma,PROSES,AKTIF,1,1,API-U,57334-API,NIPER-13963,2026-01-21,AKTIF
129733765803,092201615922734,OSS-3242932,PERUM WIBISONO PRASETYO (PERSERO) TBK (DUPLICATE),PERUM WIBI,JALAN AHMAD YANI NO. 1,TASIKMALAYA,ID-93,44330,+62 (472) 551-1702,PT,TERDAFTAR,AKTIF,1,0,API-P,07377-API,,2026-02-24,AKTIF
801262224644,851680542474972,OSS-6161875,HASTUTI (PERSERO) TBK (DUPLICATE),HASTUTI (P,JALAN AHMAD DAHLAN NO. 81,AMBON,ID-95,44604,+62 (560) 538 0982,CV,DISAHKAN,TIDAK AKTIF,0,1,,,NIPER-86957,2026-01-01,AKTIF
576913647259,856842122898535,OSS-4143019,CV WIDODO TBK,WIDODO TBK,JALAN JAKARTA NO. 15,BEKASI,ID-76,43080,+62 (0531) 002-5904,PT,TERDAFTAR,TIDAK AKTIF,0,0,,,,2026-02-20,AKTIF
586349940347,260720462217347,OSS-1271145,PT SIRAIT (DUPLICATE),SIRAIT,GG. BKR NO. 9,CIMAHI,ID-22,03977,+62 (254) 332-5545,CV,DISAHKAN,AKTIF,0,0,,,,2026-01-30,AKTIF
790104328986,143410369711798,OSS-0893246,PERUM THAMRIN,PERUM THAM,JALAN OTTO ISKANDARDINATA NO. 1,BATAM,ID-61,67065,+62 (0051) 531 9520,Firma,DISAHKAN,DIBEKUKAN,0,1,,,NIPER-58527,2026-01-29,AKTIF
984550975420,470166367736637,OSS-0645893,PD FIRGANTORO THAMRIN TBK,PD FIRGANT,JALAN AHMAD DAHLAN NO. 714,TEGAL,ID-17,00137,+62 (015) 071 2997,Perum,TERDAFTAR,AKTIF,1,0,API-U,90998-API,,2026-02-20,AKTIF
615471216275,733200611936895,OSS-2974802,CV USADA TAMBA,USADA TAMB,GG. M.T HARYONO NO. 4,SERANG,ID-70,38384,(007) 491 6981,Firma,PROSES,TIDAK AKTIF,1,1,API-U,55561-API,NIPER-39604,2026-01-14,AKTIF
254704400715,332367560782124,OSS-0144754,CV YULIANTI NASYIAH,YULIANTI N,GANG CIKUTRA BARAT NO. 95,TANJUNGBALAI,ID-58,97432,+62 (031) 461-4707,Perum,PROSES,TIDAK AKTIF,1,0,API-P,80810-API,,2026-02-14,AKTIF
208613833395,782503033725784,OSS-0902638,PT MAHESWARA,MAHESWARA,GG. CIKUTRA BARAT NO. 0,SAMARINDA,ID-81,90014,+62 (43) 163 4089,Perum,PROSES,DIBEKUKAN,0,0,,,,2026-01-04,AKTIF
935060411834,986821069852787,OSS-7128691,PERUM MELANI WIDODO,PERUM MELA,GG. GARDUJATI NO. 37,BANJARMASIN,ID-41,34214,+62 (0365) 933 4969,Firma,TERDAFTAR,DIBEKUKAN,0,1,,,NIPER-42938,2026-01-24,AKTIF
062952547251,832346593995819,OSS-3971156,PERUM SIHOMBING (DUPLICATE),PERUM SIHO,GG. KUTAI NO. 197,SUNGAI PENUH,ID-19,69304,+62-0350-856-2412,CV,PROSES,TIDAK AKTIF,1,0,API-P,86151-API,,2026-02-05,AKTIF
784151661759,631364396219764,OSS-0393272,UD HARYANTO SURYONO (PERSERO) TBK,UD HARYANT,GANG PETA NO. 81,PONTIANAK,ID-33,55208,(020) 766 9421,Perum,PROSES,AKTIF,1,0,API-P,70001-API,,2026-01-31,AKTIF
258793826986,400530274021223,OSS-7894514,CV MAYASARI TBK,MAYASARI T,GANG VETERAN NO. 665,PEKALONGAN,ID-88,49767,(0591) 995 0604,Firma,DISAHKAN,AKTIF,0,0,,,,2026-02-18,AKTIF
735457181040,274696832122832,OSS-7520033,PERUM FIRGANTORO,PERUM FIRG,JALAN PHH. MUSTOFA NO. 82,AMBON,ID-16,43809,+62 (065) 888-9691,Perum,PROSES,TIDAK AKTIF,0,0,,,,2026-01-22,AKTIF
810860963859,983370650982607,OSS-5143636,CV HASSANAH TBK,HASSANAH T,GG. CIHAMPELAS NO. 7,SAMARINDA,ID-72,50576,+62 (039) 672-7464,Firma,TERDAFTAR,TIDAK AKTIF,0,0,,,,2026-02-06,AKTIF
824679679681,239599521796888,OSS-8449608,PD MEGANTARA (PERSERO) TBK,PD MEGANTA,JALAN PHH. MUSTOFA NO. 096,BIMA,ID-29,39698,+62-004-649-6602,PT,DISAHKAN,DIBEKUKAN,0,1,,,NIPER-20281,2026-02-05,AKTIF
496670493317,471844105844648,OSS-8079682,CV WALUYO FARIDA (PERSERO) TBK,WALUYO FAR,GANG DIPATIUKUR NO. 450,YOGYAKARTA,ID-92,86438,+62 (65) 764 9839,CV,DISAHKAN,AKTIF,0,1,,,NIPER-51800,2026-02-04,AKTIF
120120864933,629720850565704,OSS-4643760,PD ASTUTI USADA TBK,PD ASTUTI,GANG MOCH. TOHA NO. 8,BOGOR,ID-61,96517,+62 (0144) 078-2090,CV,DISAHKAN,TIDAK AKTIF,1,0,API-P,18886-API,,2026-01-26,AKTIF
455127486191,613664103600315,OSS-4841454,PERUM PALASTRI,PERUM PALA,GANG SENTOT ALIBASA NO. 769,PEKALONGAN,ID-79,70870,(0579) 270-3084,CV,DISAHKAN,AKTIF,1,1,API-P,49097-API,NIPER-60850,2026-01-14,AKTIF
194410883444,253742494178584,OSS-7702392,HAKIM SUARTINI,HAKIM SUAR,GANG CIKUTRA TIMUR NO. 1,KUPANG,ID-81,97923,+62 (0102) 425-0596,Perum,TERDAFTAR,AKTIF,1,1,API-U,31062-API,NIPER-68441,2026-01-10,AKTIF
085645201961,565851264613232,OSS-1913872,CV LAZUARDI PRATIWI TBK,LAZUARDI P,JALAN DIPATIUKUR NO. 96,CIMAHI,ID-87,05577,(010) 512-3150,PT,TERDAFTAR,TIDAK AKTIF,0,1,,,NIPER-91540,2026-02-10,AKTIF
808622793549,119884419862710,OSS-6999247,PT SITORUS UTAMA TBK,SITORUS UT,GG. PASIR KOJA NO. 933,SINGKAWANG,ID-83,71616,+62-019-656-3467,Firma,DISAHKAN,AKTIF,0,1,,,NIPER-46672,2026-02-18,AKTIF
211946175466,991076132405486,OSS-8317076,MUSTOFA NASYIAH,MUSTOFA NA,JL. JAMIKA NO. 2,LANGSA,ID-32,06635,+62 (044) 024-6532,Perum,DISAHKAN,DIBEKUKAN,0,1,,,NIPER-55778,2026-02-27,AKTIF
875257410680,384163929274639,OSS-4270705,CV AGUSTINA HASANAH,AGUSTINA H,GANG JEND. SUDIRMAN NO. 899,TARAKAN,ID-33,66396,+62 (775) 884-4605,CV,TERDAFTAR,AKTIF,1,0,API-P,32187-API,,2026-02-08,AKTIF
542455981380,967383587780138,OSS-5220988,PERUM THAMRIN,PERUM THAM,JL. CEMPAKA NO. 609,LHOKSEUMAWE,ID-26,58999,(029) 283 7397,Firma,DISAHKAN,AKTIF,0,0,,,,2026-03-02,AKTIF
814696554081,466332170131927,OSS-8050885,PD ANGGRAINI TAMPUBOLON,PD ANGGRAI,JALAN KAPTEN MUSLIHAT NO. 711,SOLOK,ID-90,45174,(0939) 891 8767,Firma,PROSES,DIBEKUKAN,0,1,,,NIPER-01062,2026-01-23,AKTIF
010898573908,352118968442464,OSS-8849979,PD NARPATI TBK,PD NARPATI,GANG M.T HARYONO NO. 819,CIREBON,ID-22,17978,+62 (024) 883 9717,Perum,DISAHKAN,AKTIF,1,1,API-P,05984-API,NIPER-45143,2026-01-21,AKTIF
029219843543,153608958380104,OSS-2839699,UD WACANA SITORUS,UD WACANA,JALAN VETERAN NO. 95,PALANGKARAYA,ID-73,23514,+62 (468) 057 6662,CV,TERDAFTAR,AKTIF,0,0,,,,2026-02-21,AKTIF
646033387154,516507778162337,OSS-4752562,PERUM WIDIASTUTI TBK,PERUM WIDI,JALAN M.H THAMRIN NO. 072,MAGELANG,ID-62,52272,+62 (56) 992 3894,Perum,DISAHKAN,DIBEKUKAN,0,1,,,NIPER-28778,2026-01-22,AKTIF
221056121999,752547078835994,OSS-4725121,PUDJIASTUTI WASITA,PUDJIASTUT,GG. KUTAI NO. 160,BANDUNG,ID-73,94305,0847163441,Perum,TERDAFTAR,TIDAK AKTIF,0,1,,,NIPER-51361,2026-01-08,AKTIF
208967604062,321517519679296,OSS-0586531,CV SAPUTRA (PERSERO) TBK,SAPUTRA (P,GG. CIHAMPELAS NO. 31,PALU,ID-33,22287,+62 (0995) 893 6742,CV,TERDAFTAR,DIBEKUKAN,0,0,,,,2026-01-23,AKTIF
880595155674,642273006364704,OSS-8704280,PERUM SURYATMI (PERSERO) TBK,PERUM SURY,GANG CEMPAKA NO. 33,PASURUAN,ID-92,80470,+62 (030) 376-0491,PT,TERDAFTAR,DIBEKUKAN,1,0,API-U,91799-API,,2026-02-06,AKTIF
861140767034,700826374646225,OSS-0747621,PERUM PRATAMA SIMANJUNTAK,PERUM PRAT,JL. SUNIARAJA NO. 4,BANJARMASIN,ID-73,19925,(0511) 714-4034,Perum,PROSES,AKTIF,0,0,,,,2026-01-24,AKTIF
545999955796,514946801046745,OSS-7719193,PERUM PANGESTU HARYANTO,PERUM PANG,GANG M.H THAMRIN NO. 63,LUBUKLINGGAU,ID-11,37858,+62 (738) 454 3105,Firma,TERDAFTAR,AKTIF,0,0,,,,2026-02-24,AKTIF
727643489363,231455228603859,OSS-7496242,UD DABUKKE (PERSERO) TBK,UD DABUKKE,GANG CIWASTRA NO. 4,KEDIRI,ID-11,93895,085 247 8391,Perum,TERDAFTAR,AKTIF,0,0,,,,2026-01-08,AKTIF
520930264156,074908708792909,OSS-5290064,UD PERTIWI,UD PERTIWI,GG. PASIR KOJA NO. 29,PASURUAN,ID-74,32769,+62 (0093) 304-8950,PT,DISAHKAN,TIDAK AKTIF,0,1,,,NIPER-58670,2026-03-01,AKTIF
088174613878,928235599687485,OSS-0094906,DAMANIK,DAMANIK,GANG S. PARMAN NO. 6,KOTA ADMINISTRASI JAKARTA BARAT,ID-96,59750,+62-0982-249-3277,Perum,PROSES,AKTIF,1,0,API-P,31572-API,,2026-02-02,AKTIF
484132697179,328586427157016,OSS-3943665,PT MAHENDRA (DUPLICATE),MAHENDRA,GANG CIHAMPELAS NO. 198,KOTAMOBAGU,ID-39,62152,(0381) 855-6954,PT,PROSES,AKTIF,0,0,,,,2026-01-15,AKTIF
539768648921,909141358365799,OSS-0916056,PERUM SAMOSIR,PERUM SAMO,GANG DR. DJUNJUNAN NO. 791,PEMATANGSIANTAR,ID-74,93585,+62-816-127-7921,PT,DISAHKAN,TIDAK AKTIF,0,1,,,NIPER-57759,2026-01-31,AKTIF
024446011022,455107337590540,OSS-9628314,CV WULANDARI,WULANDARI,JL. S. PARMAN NO. 7,TIDORE KEPULAUAN,ID-12,20853,+62-09-135-5409,Perum,TERDAFTAR,TIDAK AKTIF,0,1,,,NIPER-41350,2026-02-05,AKTIF
947754375105,200229390560803,OSS-9126714,PT RAHAYU NAJMUDIN,RAHAYU NAJ,JL. PASTEUR NO. 966,BAU-BAU,ID-88,41814,(071) 383 7974,Firma,TERDAFTAR,TIDAK AKTIF,1,1,API-P,42587-API,NIPER-11251,2026-01-11,AKTIF
406958051840,853687614098091,OSS-6322855,CV PRADANA ANGGRAINI TBK,PRADANA AN,JL. RUMAH SAKIT NO. 179,BIMA,ID-82,82891,+62-0051-027-1905,Perum,PROSES,DIBEKUKAN,1,0,API-P,81479-API,,2026-01-31,AKTIF
111978718093,391373265306011,OSS-9875617,PERUM NOVITASARI ANGGRIAWAN (PERSERO) TBK (DUPLICATE),PERUM NOVI,JL. ASTANA ANYAR NO. 1,PADANGPANJANG,ID-87,82980,+62-0657-744-9160,CV,DISAHKAN,DIBEKUKAN,0,1,,,NIPER-93659,2026-01-21,AKTIF
767194397734,020406473841417,OSS-4649478,PD MARDHIYAH,PD MARDHIY,GG. LASWI NO. 306,SABANG,ID-88,47978,+62-0380-260-1351,Perum,PROSES,TIDAK AKTIF,1,0,API-U,25972-API,,2026-01-07,AKTIF
558290049871,254093965611897,OSS-8566965,PERUM NASYIAH,PERUM NASY,GG. KH AMIN JASUTA NO. 587,PRABUMULIH,ID-97,22711,+62-0377-374-0026,PT,DISAHKAN,DIBEKUKAN,1,1,API-U,09029-API,NIPER-78956,2026-01-08,AKTIF
277685755644,559552119348106,OSS-4942221,PD HAKIM SURYATMI TBK,PD HAKIM S,JL. PELAJAR PEJUANG NO. 8,BATU,ID-25,20357,(0793) 124-0493,PT,DISAHKAN,TIDAK AKTIF,0,1,,,NIPER-86362,2026-02-19,AKTIF
697063271567,665156610835638,OSS-1175353,PD PRATAMA,PD PRATAMA,JL. SURYAKENCANA NO. 5,PRABUMULIH,ID-32,90333,+62 (88) 148 9874,Firma,PROSES,DIBEKUKAN,0,0,,,,2026-03-02,AKTIF
500228740897,578423518026421,OSS-4928841,CV SETIAWAN SUWARNO TBK,SETIAWAN S,GG. H.J MAEMUNAH NO. 6,SOLOK,ID-84,05515,(0045) 330 4349,PT,TERDAFTAR,TIDAK AKTIF,1,0,API-P,48159-API,,2026-02-26,AKTIF
293111845238,333274926416175,OSS-5487838,UD MAULANA TBK,UD MAULANA,GG. KIARACONDONG NO. 3,JAMBI,ID-54,79193,+62 (14) 518-4870,PT,TERDAFTAR,AKTIF,1,0,API-P,56659-API,,2026-03-02,AKTIF
001076332030,764195623856233,OSS-0185993,PT SIHOMBING NURDIYANTI,SIHOMBING,GANG K.H. WAHID HASYIM NO. 2,TANJUNGBALAI,ID-76,79541,+62 (95) 254-1730,PT,TERDAFTAR,DIBEKUKAN,0,1,,,NIPER-89218,2026-02-01,AKTIF
653400807163,560970780422215,OSS-3527243,PD UTAMI (PERSERO) TBK,PD UTAMI (,GANG RUNGKUT INDUSTRI NO. 2,TARAKAN,ID-60,29643,+62 (0700) 397 1138,Perum,PROSES,TIDAK AKTIF,0,0,,,,2026-02-12,AKTIF
515718409080,512080056409951,OSS-2397283,ZULAIKA (PERSERO) TBK (DUPLICATE),ZULAIKA (P,GG. JEND. SUDIRMAN NO. 2,BANDAR LAMPUNG,ID-46,81441,+62 (298) 217-3929,Perum,PROSES,DIBEKUKAN,1,1,API-P,57867-API,NIPER-18153,2026-01-11,AKTIF
787460223968,852922042652917,OSS-9374936,PERUM PUDJIASTUTI TBK (DUPLICATE),PERUM PUDJ,JL. JEND. A. YANI NO. 886,PROBOLINGGO,ID-26,23970,(0239) 179 2250,CV,TERDAFTAR,DIBEKUKAN,0,0,,,,2026-01-08,AKTIF
160109728938,212101510609784,OSS-9704209,PD WULANDARI WASKITA TBK,PD WULANDA,JL. CIKAPAYANG NO. 4,DUMAI,ID-64,94223,(053) 271 4725,Firma,PROSES,AKTIF,0,0,,,,2026-01-18,AKTIF
826928305371,293414554051292,OSS-3919081,PERUM THAMRIN FIRGANTORO (PERSERO) TBK,PERUM THAM,JALAN PELAJAR PEJUANG NO. 8,TANJUNGPINANG,ID-99,76957,+62 (95) 278 2910,Perum,TERDAFTAR,DIBEKUKAN,1,0,API-U,18861-API,,2026-01-05,AKTIF
783674659888,960453174117317,OSS-6070772,PD LAZUARDI TBK (DUPLICATE),PD LAZUARD,JL. GEDEBAGE SELATAN NO. 95,SABANG,ID-89,85512,(070) 415-4222,Firma,TERDAFTAR,TIDAK AKTIF,1,1,API-P,91555-API,NIPER-31317,2026-02-23,AKTIF
821719553560,331903689003010,OSS-2724055,UD MUSTOFA SUDIATI,UD MUSTOFA,JALAN KAPTEN MUSLIHAT NO. 148,PAYAKUMBUH,ID-23,37458,+62 (0384) 588-1056,CV,TERDAFTAR,DIBEKUKAN,1,1,API-P,97413-API,NIPER-28348,2026-01-15,AKTIF
419390318840,555284650710198,OSS-2321281,PD SITUMORANG AGUSTINA,PD SITUMOR,JL. AHMAD DAHLAN NO. 0,SOLOK,ID-44,59475,+62-516-069-8973,Perum,DISAHKAN,AKTIF,1,0,API-P,78968-API,,2026-02-22,AKTIF
517629833477,433268319013020,OSS-5698152,CV PRANOWO PERTIWI TBK,PRANOWO PE,JALAN CIKUTRA TIMUR NO. 66,SALATIGA,ID-57,28411,(0309) 850-3446,CV,PROSES,AKTIF,1,0,API-P,51241-API,,2026-02-12,AKTIF
398991616050,045145754094407,OSS-0556171,CV WIJAYANTI,WIJAYANTI,JL. SUNIARAJA NO. 0,KENDARI,ID-79,35310,+62-021-668-4123,PT,DISAHKAN,TIDAK AKTIF,0,0,,,,2026-01-22,AKTIF
108814858982,171377443005202,OSS-9226558,PT WIBOWO,WIBOWO,JL. AHMAD DAHLAN NO. 32,DEPOK,ID-45,67153,+62 (521) 396-2558,CV,DISAHKAN,TIDAK AKTIF,1,1,API-U,14418-API,NIPER-52428,2026-02-10,AKTIF
681748528401,715678757726421,OSS-6775682,PD YULIANTI WASTUTI,PD YULIANT,GANG TUBAGUS ISMAIL NO. 1,KOTA ADMINISTRASI JAKARTA SELATAN,ID-29,94991,+62 (170) 629 6568,PT,TERDAFTAR,AKTIF,0,0,,,,2026-01-24,AKTIF
456371834404,963919195419876,OSS-3514846,CV AGUSTINA TBK,AGUSTINA T,JALAN ASIA AFRIKA NO. 8,SAMARINDA,ID-97,37489,(090) 835-7232,CV,DISAHKAN,DIBEKUKAN,1,0,API-U,46651-API,,2026-01-28,AKTIF
708611515546,626361457196993,OSS-0526462,PD PURWANTI UTAMA,PD PURWANT,JALAN PASTEUR NO. 611,MANADO,ID-60,23505,083 456 9813,Perum,TERDAFTAR,DIBEKUKAN,0,0,,,,2026-01-15,AKTIF
124267390413,122461746967160,OSS-3569661,UD WIDODO (PERSERO) TBK,UD WIDODO,JALAN RAJAWALI TIMUR NO. 292,MATARAM,ID-96,57119,+62 (879) 013-3506,Perum,DISAHKAN,AKTIF,1,1,API-U,78642-API,NIPER-35913,2026-02-18,AKTIF
891230030560,848449308745062,OSS-0673530,PERUM WASTUTI (DUPLICATE),PERUM WAST,JALAN W.R. SUPRATMAN NO. 531,BANJARMASIN,ID-12,09847,(0838) 018-8848,PT,TERDAFTAR,DIBEKUKAN,0,1,,,NIPER-31867,2026-02-16,AKTIF
081193090688,988828460594058,OSS-1315096,PERUM NOVITASARI ZULKARNAIN (PERSERO) TBK,PERUM NOVI,GANG JEND. SUDIRMAN NO. 6,SURABAYA,ID-49,20054,083 458 2259,PT,DISAHKAN,DIBEKUKAN,1,0,API-U,77296-API,,2026-02-18,AKTIF
082514910401,375710734286469,OSS-4708541,UD RAHMAWATI PRATIWI,UD RAHMAWA,GG. VETERAN NO. 20,MEULABOH,ID-18,77466,(083) 890 6463,Perum,PROSES,AKTIF,1,0,API-U,72795-API,,2026-02-18,AKTIF
643984491496,959020061594472,OSS-4996266,PERUM TARIHORAN,PERUM TARI,GG. ERLANGGA NO. 06,TANJUNGPINANG,ID-63,36264,+62 (0212) 693-3663,Perum,TERDAFTAR,AKTIF,0,0,,,,2026-01-29,AKTIF
576180990128,267376663771671,OSS-6773246,PD SUWARNO,PD SUWARNO,GG. PETA NO. 9,MALANG,ID-27,62235,+62-77-613-1473,Perum,DISAHKAN,TIDAK AKTIF,1,0,API-P,49497-API,,2026-02-12,AKTIF
494826099142,564549177750922,OSS-4330026,PERUM HARYANTI UYAINAH,PERUM HARY,GANG GEGERKALONG HILIR NO. 7,PROBOLINGGO,ID-75,70511,+62-19-456-2133,CV,DISAHKAN,DIBEKUKAN,0,1,,,NIPER-94377,2026-01-07,AKTIF
804202230597,573368287657555,OSS-2586856,PT ARYANI TBK,ARYANI TBK,JALAN BKR NO. 184,BINJAI,ID-97,00025,+62 (464) 533-4798,Firma,TERDAFTAR,DIBEKUKAN,0,0,,,,2026-02-24,AKTIF
642005153400,466830370408251,OSS-5268639,UD MEGANTARA (PERSERO) TBK,UD MEGANTA,JALAN SUKAJADI NO. 09,PADANG,ID-14,63642,(070) 497 3410,CV,PROSES,AKTIF,1,0,API-P,18246-API,,2026-02-05,AKTIF
488303550957,485593201031644,OSS-2828310,PD ASTUTI (PERSERO) TBK,PD ASTUTI,JL. ASTANA ANYAR NO. 2,TANGERANG SELATAN,ID-86,16565,088 805 4098,Firma,PROSES,TIDAK AKTIF,0,1,,,NIPER-11383,2026-02-11,AKTIF
131688682039,960778537340389,OSS-1252795,PD LATUPONO ISWAHYUDI (PERSERO) TBK,PD LATUPON,GANG W.R. SUPRATMAN NO. 4,TANJUNGBALAI,ID-74,23860,0837777579,CV,DISAHKAN,DIBEKUKAN,0,1,,,NIPER-54163,2026-02-17,AKTIF
948352690235,554512603070659,OSS-3091843,UD MANULLANG TBK,UD MANULLA,GG. MOCH. RAMDAN NO. 3,PRABUMULIH,ID-87,32758,(055) 918-5877,Perum,TERDAFTAR,TIDAK AKTIF,1,0,API-P,43600-API,,2026-02-05,AKTIF
683517331170,203440168323021,OSS-5736183,CV DABUKKE (PERSERO) TBK,DABUKKE (P,GANG WARINGIN NO. 7,PAREPARE,ID-29,80424,0839121578,CV,TERDAFTAR,TIDAK AKTIF,1,1,API-U,01471-API,NIPER-32627,2026-01-25,AKTIF
772669164622,056159980375230,OSS-3931102,UD NAPITUPULU KURNIAWAN TBK,UD NAPITUP,GG. IR. H. DJUANDA NO. 299,TERNATE,ID-72,84002,+62 (207) 434-6481,Firma,PROSES,AKTIF,1,1,API-P,86842-API,NIPER-56379,2026-02-11,AKTIF
354599572634,855002309729678,OSS-2866198,PERUM SIMBOLON OKTAVIANI,PERUM SIMB,JALAN VETERAN NO. 094,KOTAMOBAGU,ID-70,02301,+62-011-326-3398,Firma,PROSES,TIDAK AKTIF,1,1,API-P,86849-API,NIPER-66686,2026-01-24,AKTIF
631597094822,350397417003135,OSS-8997203,UD FIRGANTORO TBK,UD FIRGANT,GG. H.J MAEMUNAH NO. 02,SORONG,ID-74,02941,+62 (55) 390-4306,Perum,PROSES,AKTIF,1,1,API-U,91906-API,NIPER-92048,2026-02-05,AKTIF
498089262046,108421246270167,OSS-2488263,ANGGRAINI SIHOMBING (PERSERO) TBK,ANGGRAINI,JALAN CIWASTRA NO. 630,SAMARINDA,ID-60,73196,0828307810,Perum,DISAHKAN,TIDAK AKTIF,1,1,API-P,32115-API,NIPER-52205,2026-02-15,AKTIF
659480531602,274330372718624,OSS-4756311,PRANOWO PALASTRI,PRANOWO PA,JALAN STASIUN WONOKROMO NO. 80,PADANGPANJANG,ID-63,54598,+62 (866) 356 5418,PT,TERDAFTAR,TIDAK AKTIF,1,1,API-U,02882-API,NIPER-52128,2026-02-28,AKTIF
229245670893,935046293374153,OSS-5833878,PERUM HUTAPEA (PERSERO) TBK,PERUM HUTA,JL. INDRAGIRI NO. 4,SABANG,ID-81,59508,+62 (57) 232-3007,PT,TERDAFTAR,AKTIF,0,1,,,NIPER-08618,2026-03-01,AKTIF
980617632648,833042515047085,OSS-9880129,PD PRAYOGA,PD PRAYOGA,JL. ANTAPANI LAMA NO. 65,PONTIANAK,ID-37,72473,+62 (042) 459-8300,Perum,PROSES,TIDAK AKTIF,0,0,,,,2026-02-27,AKTIF
158488825812,027258114168950,OSS-6573132,SITOMPUL TBK,SITOMPUL T,GANG MEDOKAN AYU NO. 866,PANGKALPINANG,ID-11,90233,(082) 878 0897,Perum,PROSES,DIBEKUKAN,1,1,API-U,07947-API,NIPER-20529,2026-01-31,AKTIF
319333824660,937328201550675,OSS-2018603,SAMOSIR SAMOSIR,SAMOSIR SA,GANG PETA NO. 9,SEMARANG,ID-93,65227,+62 (04) 381-4121,CV,PROSES,TIDAK AKTIF,1,1,API-P,45566-API,NIPER-44577,2026-02-14,AKTIF
064388564594,673010561178529,OSS-6643691,PERUM NOVITASARI,PERUM NOVI,GG. ABDUL MUIS NO. 980,CIREBON,ID-36,72119,+62 (89) 527 7474,PT,PROSES,AKTIF,1,1,API-P,84964-API,NIPER-31135,2026-02-11,AKTIF
315924211867,557245246381427,OSS-2682902,CV PRADIPTA (PERSERO) TBK,PRADIPTA (,GANG DR. DJUNJUNAN NO. 757,LHOKSEUMAWE,ID-46,29790,+62-0719-328-2103,CV,PROSES,AKTIF,1,0,API-U,75164-API,,2026-02-08,AKTIF
815679972815,613023276391694,OSS-9739768,PD UTAMA PADMASARI TBK,PD UTAMA P,JALAN JAYAWIJAYA NO. 753,BANDUNG,ID-60,19975,+62 (017) 563-4406,Perum,PROSES,DIBEKUKAN,1,0,API-U,02109-API,,2026-01-08,AKTIF
471064873703,605852323113439,OSS-5060394,CV NAMAGA,NAMAGA,JALAN M.T HARYONO NO. 723,BANJAR,ID-51,67717,+62-0242-724-6176,Perum,DISAHKAN,DIBEKUKAN,1,1,API-U,69607-API,NIPER-77843,2026-01-07,AKTIF
386888917879,150596257197609,OSS-3201265,PERUM PERMATA PURWANTI (PERSERO) TBK,PERUM PERM,GG. CIWASTRA NO. 0,BOGOR,ID-68,75585,+62 (077) 741-2746,Perum,TERDAFTAR,DIBEKUKAN,1,1,API-P,92118-API,NIPER-82419,2026-01-18,AKTIF
600170826653,912302831165870,OSS-7688749,UD PRASETYA (DUPLICATE),UD PRASETY,GG. RUNGKUT INDUSTRI NO. 7,MAGELANG,ID-94,09633,(038) 679-6745,Firma,TERDAFTAR,DIBEKUKAN,1,0,API-P,31320-API,,2026-02-22,AKTIF
467128330810,067410493303109,OSS-5373580,PT PRAYOGA KUSWANDARI,PRAYOGA KU,JALAN CIHAMPELAS NO. 886,BENGKULU,ID-22,05541,+62 (728) 826 2198,Perum,DISAHKAN,AKTIF,0,0,,,,2026-01-14,AKTIF
194511338568,470699123590967,OSS-0155357,PERUM DONGORAN PALASTRI (PERSERO) TBK,PERUM DONG,GANG KUTAI NO. 7,TEBINGTINGGI,ID-50,18651,+62 (0174) 041-6888,Perum,PROSES,DIBEKUKAN,0,0,,,,2026-02-08,AKTIF
545447022960,443270185106794,OSS-9756792,PERUM USADA HARYANTI,PERUM USAD,JALAN RAYA UJUNGBERUNG NO. 996,KEDIRI,ID-21,58074,+62 (020) 948 1813,CV,TERDAFTAR,TIDAK AKTIF,0,1,,,NIPER-98909,2026-03-02,AKTIF
126839051011,816934910676987,OSS-1014941,PD PRADANA,PD PRADANA,JL. SILIWANGI NO. 964,SEMARANG,ID-49,86167,+62 (11) 702 5449,Perum,DISAHKAN,AKTIF,0,1,,,NIPER-65502,2026-03-02,AKTIF
937401571126,643762522113927,OSS-3162998,PT FARIDA (PERSERO) TBK,FARIDA (PE,JL. JEND. SUDIRMAN NO. 1,BATU,ID-39,31863,(0559) 241-8611,Perum,TERDAFTAR,AKTIF,0,1,,,NIPER-57248,2026-02-06,AKTIF
328634255638,300081867024403,OSS-3041662,HUTAGALUNG (PERSERO) TBK,HUTAGALUNG,JL. R.E MARTADINATA NO. 2,TERNATE,ID-65,39456,080 447 3149,PT,DISAHKAN,DIBEKUKAN,0,1,,,NIPER-76461,2026-02-13,AKTIF
181510387868,881410150631942,OSS-6689557,UD SAFITRI SARAGIH TBK,UD SAFITRI,GG. AHMAD YANI NO. 7,MANADO,ID-51,10997,+62 (0789) 557-1637,Firma,PROSES,AKTIF,0,0,,,,2026-02-27,AKTIF
535274605304,433761975540826,OSS-7857350,PERUM PERTIWI ANGGRIAWAN,PERUM PERT,GANG M.T HARYONO NO. 7,TASIKMALAYA,ID-87,18620,+62 (0076) 947-2321,PT,DISAHKAN,AKTIF,0,1,,,NIPER-02529,2026-02-09,AKTIF
908694383740,255284003532445,OSS-7688335,PD WIDODO,PD WIDODO,GANG KEBONJATI NO. 6,PALU,ID-94,78868,(071) 971 3209,Perum,PROSES,AKTIF,1,0,API-P,23267-API,,2026-01-03,AKTIF
843428731557,155421437272377,OSS-5247592,PT NASHIRUDDIN (PERSERO) TBK,NASHIRUDDI,GANG ERLANGGA NO. 862,SINGKAWANG,ID-66,56213,(005) 923 3188,PT,PROSES,AKTIF,1,0,API-P,93638-API,,2026-03-02,AKTIF
930022909979,499000749309344,OSS-3363234,PERUM JAILANI (PERSERO) TBK,PERUM JAIL,JL. LEMBONG NO. 2,MAGELANG,ID-53,18610,(034) 285 1612,Perum,TERDAFTAR,DIBEKUKAN,0,0,,,,2026-01-29,AKTIF
025332338329,179063741789927,OSS-1803639,PD HALIMAH TBK,PD HALIMAH,JL. AHMAD YANI NO. 43,MOJOKERTO,ID-83,03359,(092) 869-8698,Perum,TERDAFTAR,DIBEKUKAN,1,0,API-P,97935-API,,2026-02-09,AKTIF
245395332129,199813852551160,OSS-7647173,CV PRAYOGA WIDODO,PRAYOGA WI,GG. CIWASTRA NO. 49,AMBON,ID-19,04912,+62 (004) 476 8385,PT,PROSES,TIDAK AKTIF,1,0,API-U,80590-API,,2026-02-16,AKTIF
289893651956,545603566197399,OSS-6417657,PD HASSANAH,PD HASSANA,JL. ABDUL MUIS NO. 325,METRO,ID-83,70216,087 091 2667,Perum,PROSES,TIDAK AKTIF,1,0,API-P,17382-API,,2026-02-08,AKTIF
986799189328,489730515288049,OSS-1215781,PT MANDASARI NAINGGOLAN,MANDASARI,JALAN DR. DJUNJUNAN NO. 5,MADIUN,ID-52,28735,+62 (755) 417-0780,Firma,TERDAFTAR,TIDAK AKTIF,1,0,API-U,38617-API,,2026-01-25,AKTIF
843921811268,546231163191085,OSS-4613932,PERUM ASTUTI (PERSERO) TBK,PERUM ASTU,GANG ABDUL MUIS NO. 2,DUMAI,ID-46,25467,+62 (0574) 699-5695,CV,DISAHKAN,TIDAK AKTIF,1,0,API-U,54072-API,,2026-01-09,AKTIF
280008530046,827762917974386,OSS-9624248,CV ARDIANTO ISWAHYUDI,ARDIANTO I,JL. PELAJAR PEJUANG NO. 93,PAGARALAM,ID-39,58310,+62 (070) 142 3431,Firma,PROSES,DIBEKUKAN,0,0,,,,2026-01-08,AKTIF
519350023079,314673726480719,OSS-8324675,PT MEGANTARA TBK,MEGANTARA,JALAN R.E MARTADINATA NO. 845,TASIKMALAYA,ID-38,19607,+62 (030) 857-6545,PT,TERDAFTAR,AKTIF,0,1,,,NIPER-51862,2026-02-13,AKTIF
859923386333,546425074418094,OSS-3171778,PERUM BUDIYANTO (PERSERO) TBK,PERUM BUDI,GG. PHH. MUSTOFA NO. 755,BATAM,ID-18,14410,+62 (0055) 372-0450,CV,DISAHKAN,DIBEKUKAN,1,1,API-P,56127-API,NIPER-75406,2026-01-18,AKTIF
920676982886,489780522009676,OSS-8395639,UD FIRMANSYAH,UD FIRMANS,JL. MOCH. TOHA NO. 154,LANGSA,ID-27,14843,+62 (92) 665 2467,CV,PROSES,TIDAK AKTIF,0,0,,,,2026-02-08,AKTIF
106076344334,602633564162987,OSS-0252151,CV TAMPUBOLON (PERSERO) TBK (DUPLICATE),TAMPUBOLON,JL. OTTO ISKANDARDINATA NO. 85,KOTA ADMINISTRASI JAKARTA SELATAN,ID-98,85260,+62 (35) 472 2405,PT,DISAHKAN,DIBEKUKAN,1,0,API-U,53061-API,,2026-01-17,AKTIF
752468007160,060662590859508,OSS-2471806,SALAHUDIN PUTRA TBK,SALAHUDIN,GANG GEGERKALONG HILIR NO. 79,TEGAL,ID-64,72076,+62 (685) 665 6526,Firma,TERDAFTAR,DIBEKUKAN,0,1,,,NIPER-20724,2026-02-19,AKTIF
794768972593,680654348696187,OSS-2611046,PD SIHOMBING LAILASARI (PERSERO) TBK,PD SIHOMBI,JL. MERDEKA NO. 054,KOTA ADMINISTRASI JAKARTA TIMUR,ID-46,84121,+62-0271-604-3625,Firma,PROSES,AKTIF,0,0,,,,2026-01-15,AKTIF
497905735805,416318927500692,OSS-1539005,PD LAKSMIWATI,PD LAKSMIW,JL. SENTOT ALIBASA NO. 905,DUMAI,ID-52,03937,+62 (813) 012-1709,PT,TERDAFTAR,TIDAK AKTIF,0,1,,,NIPER-94495,2026-02-25,AKTIF
772669164622,852961711980313,OSS-3931102,UD NAPITUPULU KURNIAWAN TBK,UD NAPITUP,GG. IR. H. DJUANDA NO. 299,TERNATE,ID-72,84002,+62 (207) 434-6481,Firma,PROSES,AKTIF,1,1,API-P,86842-API,NIPER-56379,2026-02-11,AKTIF
695545633525,261598268105625,OSS-0668036,CV WASITA,WASITA,GG. MOCH. RAMDAN NO. 37,SURABAYA,ID-67,34290,+62-04-766-9459,Perum,PROSES,TIDAK AKTIF,1,1,API-P,26808-API,NIPER-73090,2026-02-12,AKTIF
783478528454,348255559960311,OSS-1975221,CV SITORUS TBK,SITORUS TB,JALAN RAJAWALI TIMUR NO. 94,SINGKAWANG,ID-24,45509,+62-392-457-8590,CV,PROSES,AKTIF,0,1,,,NIPER-38580,2026-01-31,AKTIF
460516396754,670666787897325,OSS-2155108,ISWAHYUDI NAINGGOLAN TBK (DUPLICATE),ISWAHYUDI,GG. RAJAWALI BARAT NO. 22,BALIKPAPAN,ID-86,33637,(073) 560-6749,CV,TERDAFTAR,TIDAK AKTIF,1,1,API-P,59452-API,NIPER-40844,2026-02-06,AKTIF
015185447702,940122834906164,OSS-6193026,PD PRASETYA (PERSERO) TBK,PD PRASETY,JALAN DIPENOGORO NO. 4,SIBOLGA,ID-56,73731,+62-0901-215-4812,PT,TERDAFTAR,DIBEKUKAN,0,0,,,,2026-01-08,AKTIF
602674121638,245962239724843,OSS-9609960,PERUM NAINGGOLAN PRASTUTI (PERSERO) TBK,PERUM NAIN,JALAN SETIABUDHI NO. 0,BATAM,ID-98,81653,+62 (985) 153 2092,Firma,DISAHKAN,DIBEKUKAN,1,1,API-U,83534-API,NIPER-24950,2026-02-06,AKTIF
546001833319,402153066266045,OSS-6924429,UD WIJAYA LATUPONO,UD WIJAYA,JALAN RAJAWALI TIMUR NO. 500,BUKITTINGGI,ID-69,66941,+62 (72) 848-7171,PT,TERDAFTAR,TIDAK AKTIF,0,0,,,,2026-02-28,AKTIF
273300627727,113569471267365,OSS-0733140,UD SUARTINI ANGGRIAWAN (PERSERO) TBK (DUPLICATE),UD SUARTIN,JL. BANGKA RAYA NO. 021,JAYAPURA,ID-94,90861,+62 (08) 858-3065,CV,DISAHKAN,TIDAK AKTIF,1,0,API-U,63353-API,,2026-01-16,AKTIF
497059445991,452102038870713,OSS-6042121,SUWARNO,SUWARNO,GANG SETIABUDHI NO. 100,PURWOKERTO,ID-40,54255,(086) 222-9054,PT,TERDAFTAR,TIDAK AKTIF,0,0,,,,2026-02-06,AKTIF
998758525724,925987640069646,OSS-9016442,PD ANGGRIAWAN HUTAPEA,PD ANGGRIA,GG. SILIWANGI NO. 051,PASURUAN,ID-98,78612,+62-0587-662-6909,Perum,TERDAFTAR,DIBEKUKAN,1,1,API-U,11963-API,NIPER-23625,2026-01-05,AKTIF
854039098468,560669926138268,OSS-7097777,PD GUNARTO (PERSERO) TBK,PD GUNARTO,GG. MERDEKA NO. 79,TIDORE KEPULAUAN,ID-83,11073,+62 (128) 962-2068,Perum,DISAHKAN,AKTIF,0,0,,,,2026-01-12,AKTIF
553082018136,210079948087079,OSS-8922376,RAJASA,RAJASA,JL. H.J MAEMUNAH NO. 269,DEPOK,ID-44,51006,+62 (0785) 520 7729,Firma,DISAHKAN,AKTIF,0,0,,,,2026-02-23,AKTIF
141417484337,408506038540155,OSS-6850192,PERUM MELANI,PERUM MELA,JALAN OTTO ISKANDARDINATA NO. 07,DUMAI,ID-58,14380,+62-0383-050-2419,PT,DISAHKAN,DIBEKUKAN,1,1,API-U,54607-API,NIPER-10665,2026-02-27,AKTIF
817322657114,187347778426597,OSS-9843620,PD JANUAR,PD JANUAR,GG. K.H. WAHID HASYIM NO. 081,TEBINGTINGGI,ID-78,26034,(031) 789 0236,PT,TERDAFTAR,DIBEKUKAN,0,0,,,,2026-01-23,AKTIF
965294232176,572254972607785,OSS-6255645,PD ARYANI BUDIMAN TBK,PD ARYANI,JALAN STASIUN WONOKROMO NO. 974,KOTA ADMINISTRASI JAKARTA SELATAN,ID-70,35004,+62 (0525) 669 4587,CV,PROSES,DIBEKUKAN,0,0,,,,2026-01-09,AKTIF
008636356035,505251223697492,OSS-6987953,PT MAYASARI HALIM TBK,MAYASARI H,GANG M.T HARYONO NO. 2,PADANG,ID-66,88491,+62-0040-595-5713,Firma,TERDAFTAR,DIBEKUKAN,1,1,API-P,35039-API,NIPER-44729,2026-01-17,AKTIF
683938398350,555003330273949,OSS-6855712,UD PRASETYA GUNARTO (PERSERO) TBK,UD PRASETY,JL. H.J MAEMUNAH NO. 3,JAYAPURA,ID-62,43956,+62 (095) 987-3452,Firma,DISAHKAN,AKTIF,0,0,,,,2026-02-25,AKTIF
069141811219,081253469485807,OSS-1369153,PERUM HARIYAH MAULANA TBK,PERUM HARI,JL. SOEKARNO HATTA NO. 73,PALOPO,ID-57,81223,+62 (025) 825-5689,Firma,DISAHKAN,TIDAK AKTIF,0,0,,,,2026-02-20,AKTIF
696354036240,896230271431008,OSS-2245025,CV PRASTUTI,PRASTUTI,GG. PHH. MUSTOFA NO. 14,BIMA,ID-47,61697,+62 (024) 443-3828,Firma,PROSES,AKTIF,1,1,API-P,54582-API,NIPER-62715,2026-01-31,AKTIF
730400095365,673729268761288,OSS-4414253,PD BUDIYANTO NARPATI,PD BUDIYAN,GG. RONGGOWARSITO NO. 78,DUMAI,ID-65,94463,+62 (0285) 357 4620,PT,DISAHKAN,DIBEKUKAN,0,1,,,NIPER-66527,2026-01-13,AKTIF
065294786788,271075538010862,OSS-5004909,PD HARDIANSYAH (PERSERO) TBK,PD HARDIAN,JL. MEDOKAN AYU NO. 794,SURABAYA,ID-14,18099,(070) 393-2821,Firma,PROSES,DIBEKUKAN,0,1,,,NIPER-64576,2026-02-18,AKTIF
325547474909,794059147825199,OSS-9138674,ANGGRAINI TARIHORAN (PERSERO) TBK,ANGGRAINI,JALAN PELAJAR PEJUANG NO. 955,JAMBI,ID-60,97180,+62 (086) 071 3852,CV,TERDAFTAR,AKTIF,0,0,,,,2026-01-31,AKTIF
480157164794,738646317520716,OSS-7811266,CV HARYANTO,HARYANTO,GG. KIARACONDONG NO. 6,KEDIRI,ID-43,74994,(057) 967 8427,PT,TERDAFTAR,AKTIF,0,0,,,,2026-01-12,AKTIF
998569847896,118367365766156,OSS-5452711,ASTUTI,ASTUTI,JALAN STASIUN WONOKROMO NO. 988,SURAKARTA,ID-90,65604,+62 (0519) 832-7315,Firma,PROSES,DIBEKUKAN,0,0,,,,2026-02-08,AKTIF
359432603224,080770037817150,OSS-6852460,PERUM MARPAUNG (PERSERO) TBK (DUPLICATE),PERUM MARP,GG. CIWASTRA NO. 286,BANJAR,ID-97,99974,+62 (0117) 159 0364,Perum,DISAHKAN,AKTIF,0,0,,,,2026-01-11,AKTIF
295351714554,249298651687501,OSS-4008326,UD SIMANJUNTAK,UD SIMANJU,JALAN ERLANGGA NO. 60,PRABUMULIH,ID-22,28510,(087) 559 7429,Perum,DISAHKAN,DIBEKUKAN,0,1,,,NIPER-89717,2026-02-12,AKTIF
752574488252,699018511156733,OSS-8515764,PD FIRGANTORO YULIANTI TBK,PD FIRGANT,JALAN RUNGKUT INDUSTRI NO. 3,BATAM,ID-94,46502,(0586) 034-5633,CV,PROSES,DIBEKUKAN,1,0,API-U,38923-API,,2026-02-18,AKTIF
050912821288,860895694700485,OSS-6302011,CV BUDIMAN DONGORAN (PERSERO) TBK,BUDIMAN DO,JALAN TEBET BARAT DALAM NO. 810,PAGARALAM,ID-75,24339,+62 (0640) 328-4841,Firma,PROSES,AKTIF,1,0,API-P,59656-API,,2026-01-26,AKTIF
110706868646,414735946895374,OSS-2525776,PD PRASETYA ZULAIKA TBK,PD PRASETY,GANG BKR NO. 237,BENGKULU,ID-49,09507,+62 (051) 996 3230,PT,DISAHKAN,DIBEKUKAN,1,0,API-U,47725-API,,2026-01-21,AKTIF
684265817197,798053043004119,OSS-5695806,CV AGUSTINA TBK,AGUSTINA T,GANG CIKAPAYANG NO. 416,TARAKAN,ID-15,20170,(0601) 724-1028,PT,PROSES,DIBEKUKAN,1,1,API-U,56307-API,NIPER-13468,2026-02-06,AKTIF
469000927926,543418472689814,OSS-8766570,UD SIREGAR SUDIATI TBK,UD SIREGAR,GANG SENTOT ALIBASA NO. 95,SALATIGA,ID-47,71079,+62 (647) 899 7315,Perum,DISAHKAN,DIBEKUKAN,0,1,,,NIPER-25047,2026-01-17,AKTIF
685302418657,236403067509919,OSS-7555490,PD WINARNO TBK,PD WINARNO,GG. BANGKA RAYA NO. 29,CIREBON,ID-36,35904,+62-420-757-7661,PT,TERDAFTAR,TIDAK AKTIF,1,1,API-U,30306-API,NIPER-01956,2026-01-18,AKTIF
248389665367,630728727573182,OSS-9131338,HASSANAH PURNAWATI (PERSERO) TBK,HASSANAH P,GANG HOS. COKROAMINOTO NO. 225,LANGSA,ID-99,39639,+62 (66) 919 7696,PT,TERDAFTAR,AKTIF,0,0,,,,2026-01-19,AKTIF
737223426787,032381281718993,OSS-5475211,PD SIMANJUNTAK PRASTUTI,PD SIMANJU,GG. LEMBONG NO. 149,KENDARI,ID-91,08862,+62-0065-940-0381,Firma,PROSES,DIBEKUKAN,1,1,API-P,80364-API,NIPER-85100,2026-02-14,AKTIF
168785185690,509656882672800,OSS-7272081,PD MANGUNSONG (PERSERO) TBK,PD MANGUNS,GG. VETERAN NO. 07,TEGAL,ID-73,83069,(0899) 951 4549,CV,DISAHKAN,DIBEKUKAN,0,0,,,,2026-01-05,AKTIF
831640744862,701268061336550,OSS-7516043,CV SIHOTANG PRATAMA (PERSERO) TBK,SIHOTANG P,GG. ERLANGGA NO. 236,DEPOK,ID-21,99167,+62 (99) 898 5756,Firma,PROSES,DIBEKUKAN,0,0,,,,2026-02-27,AKTIF
722218683246,765763911675977,OSS-5588466,PT DONGORAN SAMOSIR,DONGORAN S,GANG MOCH. TOHA NO. 25,DENPASAR,ID-92,13738,+62-93-480-4488,Perum,TERDAFTAR,AKTIF,0,0,,,,2026-01-22,AKTIF
346178917710,203786411894747,OSS-1799388,PERUM RAMADAN NASYIDAH TBK,PERUM RAMA,JL. PASTEUR NO. 98,BEKASI,ID-26,85513,+62 (027) 731 5281,PT,TERDAFTAR,AKTIF,1,1,API-U,59043-API,NIPER-61291,2026-01-10,AKTIF
295427685691,318982508755693,OSS-1561289,CV SURYATMI MUSTOFA,SURYATMI M,JALAN CIKAPAYANG NO. 21,KUPANG,ID-61,58700,+62 (0750) 799-3512,PT,TERDAFTAR,DIBEKUKAN,0,1,,,NIPER-59009,2026-02-19,AKTIF
565453426257,034628244668312,OSS-1136931,CV MANDASARI TBK,MANDASARI,JALAN ABDUL MUIS NO. 34,BEKASI,ID-12,29972,(079) 346-8145,Perum,PROSES,TIDAK AKTIF,1,1,API-U,93100-API,NIPER-22983,2026-02-09,AKTIF
569325962762,236831275341839,OSS-9557802,PERUM BUDIYANTO IRAWAN,PERUM BUDI,JALAN TEBET BARAT DALAM NO. 629,MATARAM,ID-76,26944,(0353) 414 3910,Perum,DISAHKAN,AKTIF,0,1,,,NIPER-32318,2026-02-14,AKTIF
541042247049,403538308238579,OSS-7577759,PERUM SUARTINI (PERSERO) TBK,PERUM SUAR,GG. RUNGKUT INDUSTRI NO. 84,LUBUKLINGGAU,ID-66,94730,+62 (062) 337 4803,Firma,TERDAFTAR,TIDAK AKTIF,0,1,,,NIPER-64056,2026-01-17,AKTIF
412342255483,251422974745261,OSS-4756822,PERUM WASITA MULYANI,PERUM WASI,JALAN W.R. SUPRATMAN NO. 1,PEKANBARU,ID-21,86509,0816318059,Perum,PROSES,TIDAK AKTIF,0,0,,,,2026-01-12,AKTIF
353417654614,119101473912983,OSS-5844801,PD KUSMAWATI HIDAYANTO,PD KUSMAWA,JL. KH AMIN JASUTA NO. 48,DEPOK,ID-99,91744,(0940) 803-0892,CV,TERDAFTAR,TIDAK AKTIF,1,1,API-U,29064-API,NIPER-19965,2026-02-01,AKTIF
254012424642,402527798767967,OSS-4769061,PD OKTAVIANI WIJAYANTI,PD OKTAVIA,GANG BKR NO. 4,TASIKMALAYA,ID-81,30872,+62 (33) 872-7689,PT,PROSES,AKTIF,1,1,API-P,35475-API,NIPER-57577,2026-03-02,AKTIF
305209674919,912352796137786,OSS-8414830,CV SURYONO BUDIYANTO,SURYONO BU,GANG CIKUTRA BARAT NO. 109,DENPASAR,ID-60,83806,+62 (091) 971 2565,Perum,PROSES,AKTIF,1,0,API-U,78883-API,,2026-02-06,AKTIF
333323248015,201019809255151,OSS-6935153,CV PUSPASARI TBK,PUSPASARI,JALAN PACUAN KUDA NO. 86,LANGSA,ID-79,37139,+62-568-893-3249,Perum,PROSES,DIBEKUKAN,1,0,API-P,43404-API,,2026-01-02,AKTIF
841312840333,997718051371717,OSS-3189397,PERUM ANGGRIAWAN TBK,PERUM ANGG,JALAN KUTAI NO. 9,AMBON,ID-84,69472,+62 (878) 444 8354,PT,DISAHKAN,DIBEKUKAN,1,1,API-U,88471-API,NIPER-27058,2026-01-21,AKTIF
633106919890,632889532268634,OSS-3204313,CV SITOMPUL,SITOMPUL,JL. KAPTEN MUSLIHAT NO. 6,DENPASAR,ID-71,49115,+62 (44) 230 8646,CV,DISAHKAN,TIDAK AKTIF,1,1,API-P,95470-API,NIPER-92996,2026-01-09,AKTIF
601642624554,620213546922394,OSS-0717343,PD WINARNO (PERSERO) TBK,PD WINARNO,GANG CIKAPAYANG NO. 0,BANJARBARU,ID-80,98107,+62 (163) 521-4120,Perum,DISAHKAN,AKTIF,0,0,,,,2026-01-06,AKTIF
376433467110,568066292922350,OSS-8304516,PERUM MANSUR DONGORAN,PERUM MANS,GG. WONOAYU NO. 01,PADANGPANJANG,ID-71,59383,(088) 622-7726,PT,DISAHKAN,DIBEKUKAN,1,0,API-P,75169-API,,2026-02-22,AKTIF
549223704497,782822640556397,OSS-2514409,UD HALIMAH WASITA TBK,UD HALIMAH,GANG PASIRKOJA NO. 144,PURWOKERTO,ID-27,43231,(019) 987-7328,PT,TERDAFTAR,DIBEKUKAN,1,1,API-U,67945-API,NIPER-21815,2026-02-24,AKTIF
205020085241,492040675906170,OSS-4018815,CV JANUAR TBK,JANUAR TBK,GG. R.E MARTADINATA NO. 56,LHOKSEUMAWE,ID-18,21369,(0275) 803-2039,Perum,DISAHKAN,AKTIF,0,1,,,NIPER-69059,2026-01-10,AKTIF
448663137793,486663667394249,OSS-8518778,PD KUSWOYO RAJASA (PERSERO) TBK,PD KUSWOYO,JALAN IR. H. DJUANDA NO. 0,BUKITTINGGI,ID-15,05807,+62 (417) 124-8532,Perum,PROSES,DIBEKUKAN,1,0,API-P,94375-API,,2026-01-28,AKTIF
821207007883,399595011529243,OSS-5007524,PT WIJAYANTI,WIJAYANTI,JALAN GEDEBAGE SELATAN NO. 1,TANGERANG SELATAN,ID-42,66172,+62 (416) 331-6451,PT,DISAHKAN,AKTIF,0,0,,,,2026-01-14,AKTIF
638546785445,877175355609320,OSS-4899642,UD PRADANA WIBOWO (DUPLICATE),UD PRADANA,GANG PASIR KOJA NO. 77,TEGAL,ID-34,22872,0808010062,Firma,TERDAFTAR,AKTIF,1,0,API-U,31203-API,,2026-02-17,AKTIF
232871045432,161459577398931,OSS-2136101,PT USADA (PERSERO) TBK,USADA (PER,GANG PHH. MUSTOFA NO. 880,DEPOK,ID-68,79902,+62 (0891) 144-2844,Perum,PROSES,TIDAK AKTIF,1,1,API-P,61460-API,NIPER-03212,2026-01-03,AKTIF
911749310867,491839718350307,OSS-0720520,PD MARPAUNG WIBISONO (PERSERO) TBK,PD MARPAUN,JL. TUBAGUS ISMAIL NO. 875,MOJOKERTO,ID-24,80026,+62 (0877) 502-8229,PT,TERDAFTAR,TIDAK AKTIF,1,1,API-U,67481-API,NIPER-45606,2026-01-15,AKTIF
643984491496,959020061594472,OSS-4996266,PERUM TARIHORAN (DUPLICATE),PERUM TARI,GG. ERLANGGA NO. 06,TANJUNGPINANG,ID-63,36264,+62 (0212) 693-3663,Perum,TERDAFTAR,AKTIF,0,0,,,,2026-01-29,AKTIF
449291796248,697629386760229,OSS-8139835,PERUM MELANI HUTAPEA,PERUM MELA,GG. MEDOKAN AYU NO. 105,PROBOLINGGO,ID-83,99398,+62 (0857) 947-0290,CV,TERDAFTAR,DIBEKUKAN,1,0,API-U,06482-API,,2026-01-16,AKTIF
097499058098,707919158834524,OSS-5467752,PT NURAINI,NURAINI,JL. PETA NO. 802,PRABUMULIH,ID-64,71919,+62 (060) 912-6897,Firma,PROSES,TIDAK AKTIF,1,1,API-U,53953-API,NIPER-22708,2026-02-04,AKTIF
560493121346,063035164501419,OSS-9089572,UD PUSPASARI GUNARTO,UD PUSPASA,JALAN JAMIKA NO. 630,TASIKMALAYA,ID-93,10044,+62-064-128-2258,Firma,DISAHKAN,DIBEKUKAN,1,0,API-P,61392-API,,2026-02-18,AKTIF
043416675536,332371856626705,OSS-1923476,CV PRANOWO NASYIDAH,PRANOWO NA,GG. PETA NO. 808,DUMAI,ID-24,69725,+62-0338-168-0835,CV,PROSES,TIDAK AKTIF,1,0,API-P,57903-API,,2026-02-15,AKTIF
874086732370,984713540014346,OSS-7831962,PD NATSIR NURAINI,PD NATSIR,JL. MOCH. RAMDAN NO. 507,KOTAMOBAGU,ID-30,71254,+62 (084) 600-4759,CV,PROSES,TIDAK AKTIF,0,1,,,NIPER-31637,2026-01-02,AKTIF
225775458472,629052918768316,OSS-0827172,PD PRATAMA,PD PRATAMA,JALAN AHMAD YANI NO. 9,BANDAR LAMPUNG,ID-85,22299,+62-621-659-1438,Firma,PROSES,DIBEKUKAN,1,1,API-P,82325-API,NIPER-53983,2026-02-15,AKTIF
470117239631,901076237855671,OSS-2301674,PT MANGUNSONG JAILANI,MANGUNSONG,GG. SURAPATI NO. 267,SEMARANG,ID-48,89483,+62 (86) 464 1266,PT,DISAHKAN,TIDAK AKTIF,1,0,API-P,30596-API,,2026-03-02,AKTIF
901805952727,227663713069071,OSS-0201448,PD HIDAYANTO KUSWANDARI TBK,PD HIDAYAN,JL. RAYA SETIABUDHI NO. 93,SORONG,ID-35,55207,+62-029-876-5043,Firma,PROSES,TIDAK AKTIF,0,1,,,NIPER-33719,2026-01-15,AKTIF
883630567675,233715867432606,OSS-1075811,UD MELANI GUNARTO (DUPLICATE),UD MELANI,JALAN R.E MARTADINATA NO. 8,PAYAKUMBUH,ID-98,88843,0818483577,Perum,TERDAFTAR,DIBEKUKAN,0,1,,,NIPER-02901,2026-02-08,AKTIF
984949949138,248832712958661,OSS-4006796,UD MAYASARI,UD MAYASAR,GG. KIARACONDONG NO. 9,PRABUMULIH,ID-76,14727,(030) 298 5837,CV,PROSES,TIDAK AKTIF,0,0,,,,2026-01-05,AKTIF
307276944037,025583093928546,OSS-3126531,PT YUNIAR KUSUMO,YUNIAR KUS,JALAN MEDOKAN AYU NO. 44,BATU,ID-49,25555,(059) 164-6118,CV,DISAHKAN,TIDAK AKTIF,1,0,API-U,64615-API,,2026-01-10,AKTIF
928554534997,292779954202594,OSS-9557232,UD ADRIANSYAH TBK,UD ADRIANS,JL. RAJAWALI TIMUR NO. 2,TEGAL,ID-76,20962,+62 (773) 524 1315,PT,TERDAFTAR,DIBEKUKAN,1,0,API-P,98666-API,,2026-01-16,AKTIF
236903628917,756620563411159,OSS-5034281,CV RIYANTI,RIYANTI,JALAN M.H THAMRIN NO. 034,SALATIGA,ID-59,97005,+62 (040) 546 8356,Perum,DISAHKAN,DIBEKUKAN,0,0,,,,2026-03-02,AKTIF
595796337119,351708716508170,OSS-3761352,CV PUSPASARI (PERSERO) TBK,PUSPASARI,GANG MOCH. TOHA NO. 8,LUBUKLINGGAU,ID-98,42724,+62 (0753) 987 9201,Perum,TERDAFTAR,AKTIF,0,0,,,,2026-01-13,AKTIF
282155731131,269439779292022,OSS-8956880,UD SUDIATI,UD SUDIATI,JL. LEMBONG NO. 37,TARAKAN,ID-17,24224,(0718) 588 9526,CV,DISAHKAN,DIBEKUKAN,0,0,,,,2026-02-18,AKTIF
407434867918,396341627622679,OSS-9116618,ISWAHYUDI FARIDA,ISWAHYUDI,JL. KAPTEN MUSLIHAT NO. 4,DUMAI,ID-30,60862,+62 (67) 887 0901,Perum,DISAHKAN,TIDAK AKTIF,1,0,API-P,08163-API,,2026-02-11,AKTIF
478971850174,372644251033323,OSS-0612420,PERUM RAMADAN ZULAIKA TBK,PERUM RAMA,GANG KH AMIN JASUTA NO. 66,DEPOK,ID-77,35038,+62-633-581-5438,CV,TERDAFTAR,DIBEKUKAN,0,0,,,,2026-01-29,AKTIF
513534655494,717099917381684,OSS-6022356,CV SIHOTANG NAJMUDIN (PERSERO) TBK,SIHOTANG N,JALAN RAYA SETIABUDHI NO. 0,PALOPO,ID-83,32927,+62 (029) 666 6760,CV,DISAHKAN,AKTIF,0,1,,,NIPER-08350,2026-02-15,AKTIF
053956113025,915542012169567,OSS-3507873,CV MANDASARI,MANDASARI,GG. S. PARMAN NO. 2,PURWOKERTO,ID-65,21976,(062) 941-7422,CV,TERDAFTAR,AKTIF,1,1,API-P,83024-API,NIPER-56327,2026-03-01,AKTIF
568211023103,808691936491336,OSS-4022082,PD SURYATMI (PERSERO) TBK,PD SURYATM,JL. VETERAN NO. 312,PAYAKUMBUH,ID-38,36248,(0848) 561 2874,CV,DISAHKAN,AKTIF,1,1,API-U,99176-API,NIPER-06635,2026-01-19,AKTIF
279597243598,264403110459380,OSS-1055055,CV BUDIYANTO TBK,BUDIYANTO,GANG JEND. A. YANI NO. 75,BATU,ID-51,06307,+62-25-447-6574,Perum,TERDAFTAR,DIBEKUKAN,1,1,API-P,30732-API,NIPER-90740,2026-02-10,AKTIF
692717693431,051295261057587,OSS-6635734,CV PRADIPTA NASHIRUDDIN (PERSERO) TBK,PRADIPTA N,GG. DIPENOGORO NO. 7,KOTA ADMINISTRASI JAKARTA BARAT,ID-51,28409,+62-0942-350-3336,Perum,DISAHKAN,AKTIF,1,1,API-U,56418-API,NIPER-16230,2026-01-03,AKTIF
820327579538,538756032383697,OSS-9561226,CV WIDIASTUTI,WIDIASTUTI,JL. SOEKARNO HATTA NO. 09,SALATIGA,ID-21,24713,+62 (053) 040 2765,Perum,DISAHKAN,AKTIF,1,1,API-U,42514-API,NIPER-23815,2026-02-08,AKTIF
862885853494,841352966414674,OSS-1181568,PT SIMBOLON WIJAYANTI (PERSERO) TBK,SIMBOLON W,JALAN ABDUL MUIS NO. 58,SINGKAWANG,ID-35,56768,+62 (0037) 141 7907,Firma,PROSES,DIBEKUKAN,0,0,,,,2026-02-19,AKTIF
012827315421,439679579649141,OSS-0981481,UD NASYIAH (PERSERO) TBK,UD NASYIAH,JL. WONOAYU NO. 5,PALANGKARAYA,ID-51,05293,+62 (410) 737 2088,CV,TERDAFTAR,AKTIF,0,0,,,,2026-02-16,AKTIF
982639249526,011431023030297,OSS-3497914,UD HANDAYANI TBK (DUPLICATE),UD HANDAYA,GANG RUNGKUT INDUSTRI NO. 01,BANJARMASIN,ID-19,14401,(0326) 212-0393,CV,DISAHKAN,AKTIF,0,0,,,,2026-01-28,AKTIF
236927895682,734586929853111,OSS-8017788,UD KURNIAWAN (PERSERO) TBK,UD KURNIAW,GANG CIUMBULEUIT NO. 6,TARAKAN,ID-73,09317,085 278 9204,CV,TERDAFTAR,TIDAK AKTIF,0,0,,,,2026-02-11,AKTIF
017346904450,852731751607669,OSS-4969614,PERUM NUGROHO MANGUNSONG,PERUM NUGR,GG. MOCH. TOHA NO. 797,KUPANG,ID-59,76610,+62-0463-466-1358,PT,TERDAFTAR,DIBEKUKAN,0,1,,,NIPER-03797,2026-01-06,AKTIF
314091714727,039395498353362,OSS-2967750,CV KUSWANDARI YOLANDA (PERSERO) TBK (DUPLICATE),KUSWANDARI,GANG PASIRKOJA NO. 0,BINJAI,ID-93,58623,+62 (039) 677 4341,Firma,DISAHKAN,DIBEKUKAN,0,1,,,NIPER-46717,2026-02-24,AKTIF
179385252747,046571737715787,OSS-2930608,PERUM NUGROHO,PERUM NUGR,JL. INDRAGIRI NO. 35,TOMOHON,ID-81,25878,087 022 1244,Perum,TERDAFTAR,AKTIF,0,1,,,NIPER-64161,2026-01-04,AKTIF
870019062465,212256244376292,OSS-0665456,PD HABIBI NAINGGOLAN TBK,PD HABIBI,JALAN CIKUTRA TIMUR NO. 955,MANADO,ID-21,88257,0843711718,Perum,DISAHKAN,AKTIF,0,1,,,NIPER-56911,2026-01-16,AKTIF
860433454269,932535238574635,OSS-6902423,UD HARTATI FIRGANTORO (PERSERO) TBK,UD HARTATI,GG. TUBAGUS ISMAIL NO. 9,KOTA ADMINISTRASI JAKARTA TIMUR,ID-80,95154,(0327) 222-7805,CV,DISAHKAN,DIBEKUKAN,0,1,,,NIPER-69709,2026-01-11,AKTIF
238077358467,757601886782651,OSS-5058935,PERUM USADA,PERUM USAD,JALAN DR. DJUNJUNAN NO. 77,SUBULUSSALAM,ID-54,84542,(0722) 144-4387,PT,TERDAFTAR,TIDAK AKTIF,1,0,API-P,47516-API,,2026-02-22,AKTIF
203634443946,896331812335761,OSS-7073174,UD HARIYAH TBK,UD HARIYAH,GG. HOS. COKROAMINOTO NO. 36,PRABUMULIH,ID-63,08989,(0747) 594-4348,Perum,TERDAFTAR,AKTIF,0,0,,,,2026-02-15,AKTIF
826419539784,744318753016209,OSS-1951964,PT FARIDA (PERSERO) TBK,FARIDA (PE,GG. OTTO ISKANDARDINATA NO. 78,MADIUN,ID-37,32862,+62-88-012-8845,Firma,PROSES,DIBEKUKAN,0,0,,,,2026-01-31,AKTIF
836636632264,027853363743406,OSS-5649579,PT MEGANTARA LAZUARDI (PERSERO) TBK,MEGANTARA,JALAN AHMAD DAHLAN NO. 95,BOGOR,ID-34,63341,+62-0873-172-4160,PT,PROSES,DIBEKUKAN,0,1,,,NIPER-63634,2026-03-01,AKTIF
551924152863,484016170649144,OSS-5337520,UD WIBOWO,UD WIBOWO,GANG TEBET BARAT DALAM NO. 641,PAREPARE,ID-46,37684,+62-91-341-7810,Perum,TERDAFTAR,AKTIF,1,0,API-U,90719-API,,2026-02-24,AKTIF
243044943811,445864015424093,OSS-8317156,CV NURAINI (PERSERO) TBK,NURAINI (P,GANG DIPENOGORO NO. 3,KEDIRI,ID-94,34953,(0284) 543-5768,Perum,DISAHKAN,TIDAK AKTIF,0,0,,,,2026-02-03,AKTIF
613615100374,921209698600775,OSS-7155562,PERUM SURYONO MANDASARI,PERUM SURY,GANG KENDALSARI NO. 457,SOLOK,ID-37,95198,+62-95-990-5603,PT,PROSES,DIBEKUKAN,0,1,,,NIPER-26625,2026-01-20,AKTIF
004587242274,966529483051719,OSS-7251234,CV SIMBOLON PRADIPTA,SIMBOLON P,GANG TEBET BARAT DALAM NO. 77,JAMBI,ID-58,26587,+62 (031) 049 7914,CV,PROSES,TIDAK AKTIF,0,0,,,,2026-01-27,AKTIF
993781053912,878848699969882,OSS-9045792,SAEFULLAH HARTATI (PERSERO) TBK,SAEFULLAH,JALAN BKR NO. 986,CIREBON,ID-93,23839,(0283) 391 2187,CV,PROSES,DIBEKUKAN,0,0,,,,2026-02-16,AKTIF
513426192372,450184819737418,OSS-9721540,UD KUSUMO UTAMI TBK,UD KUSUMO,GG. PHH. MUSTOFA NO. 811,KENDARI,ID-38,66014,+62 (0485) 645 1017,CV,TERDAFTAR,AKTIF,1,0,API-P,39739-API,,2026-02-24,AKTIF
708217762271,581112771070957,OSS-1462811,PERUM HASSANAH,PERUM HASS,JL. ABDUL MUIS NO. 5,BATAM,ID-99,26439,+62 (056) 508-7079,PT,PROSES,DIBEKUKAN,1,0,API-P,77485-API,,2026-02-26,AKTIF
673702197617,180519194830100,OSS-8501829,PERUM ISWAHYUDI,PERUM ISWA,JL. JEND. A. YANI NO. 39,BALIKPAPAN,ID-46,99073,+62 (0883) 403 9060,Perum,DISAHKAN,DIBEKUKAN,0,0,,,,2026-02-23,AKTIF
102313568087,305382903279946,OSS-2673336,PERUM MANGUNSONG (PERSERO) TBK (DUPLICATE),PERUM MANG,JL. M.H THAMRIN NO. 741,BANDA ACEH,ID-66,09425,0848720572,CV,DISAHKAN,DIBEKUKAN,1,1,API-U,47082-API,NIPER-76862,2026-02-12,AKTIF
029027699904,508202692782972,OSS-5398374,CV HANDAYANI TBK,HANDAYANI,JL. SUKAJADI NO. 4,PRABUMULIH,ID-91,64320,(059) 312-4838,CV,DISAHKAN,TIDAK AKTIF,1,1,API-U,27906-API,NIPER-54573,2026-03-02,AKTIF
841605604028,099972561518664,OSS-0378648,CV NARPATI (PERSERO) TBK,NARPATI (P,GANG KENDALSARI NO. 789,SUNGAI PENUH,ID-67,52206,+62 (0000) 805 3992,Firma,TERDAFTAR,DIBEKUKAN,0,1,,,NIPER-79490,2026-01-09,AKTIF
371580940572,188260327248755,OSS-3495913,PD SUARTINI SIMANJUNTAK (PERSERO) TBK,PD SUARTIN,JL. RAYA UJUNGBERUNG NO. 78,PALEMBANG,ID-23,11201,+62 (053) 867-4600,Perum,PROSES,AKTIF,1,1,API-P,19801-API,NIPER-65074,2026-01-01,AKTIF
699897327769,633795340668164,OSS-8481731,PERUM SIMANJUNTAK (PERSERO) TBK,PERUM SIMA,JL. STASIUN WONOKROMO NO. 59,SURAKARTA,ID-31,02912,+62 (037) 950-4772,CV,TERDAFTAR,DIBEKUKAN,0,0,,,,2026-03-02,AKTIF
830132142334,537502190324413,OSS-3224577,CV LAKSITA RAHAYU,LAKSITA RA,JALAN JAYAWIJAYA NO. 38,SAWAHLUNTO,ID-45,24967,+62 (11) 132-0815,Firma,DISAHKAN,DIBEKUKAN,1,0,API-P,42695-API,,2026-01-07,AKTIF
439216742484,857489312828478,OSS-3007332,PERUM PERMADI TBK,PERUM PERM,GANG KH AMIN JASUTA NO. 708,DENPASAR,ID-94,56117,+62-0065-052-3103,CV,PROSES,AKTIF,1,1,API-U,17303-API,NIPER-32836,2026-01-25,AKTIF
317750546868,003033763303566,OSS-3974102,UD HABIBI SALAHUDIN,UD HABIBI,JALAN JAMIKA NO. 1,TIDORE KEPULAUAN,ID-65,52973,+62 (433) 234-7765,CV,DISAHKAN,TIDAK AKTIF,0,0,,,,2026-01-31,AKTIF
387384535002,156383666943658,OSS-6949199,PERUM SINAGA LATUPONO (PERSERO) TBK,PERUM SINA,GANG RAYA UJUNGBERUNG NO. 296,PAYAKUMBUH,ID-35,75942,0831888616,PT,TERDAFTAR,DIBEKUKAN,0,1,,,NIPER-66334,2026-02-24,AKTIF
265283519497,849232420351026,OSS-8891195,PT FUJIATI SAMOSIR (PERSERO) TBK,FUJIATI SA,GANG MOCH. RAMDAN NO. 0,KOTA ADMINISTRASI JAKARTA TIMUR,ID-95,94169,083 266 0076,Perum,TERDAFTAR,DIBEKUKAN,0,1,,,NIPER-60232,2026-02-17,AKTIF
935225910067,948934032668204,OSS-0529826,PD HASANAH,PD HASANAH,JL. JAKARTA NO. 8,PEKALONGAN,ID-24,33476,+62-096-563-2367,Firma,PROSES,TIDAK AKTIF,0,0,,,,2026-01-11,AKTIF
926366334688,393545235654759,OSS-7848843,PERUM KUSMAWATI NABABAN (PERSERO) TBK,PERUM KUSM,GANG SUKAJADI NO. 9,MADIUN,ID-63,29257,(0341) 094 6542,Perum,PROSES,TIDAK AKTIF,1,1,API-P,47304-API,NIPER-17497,2026-03-02,AKTIF
358768877792,560413482084931,OSS-5398391,CV WASKITA ANGGRIAWAN,WASKITA AN,JL. PHH. MUSTOFA NO. 07,BONTANG,ID-19,43049,+62 (034) 103 8975,Perum,PROSES,TIDAK AKTIF,1,1,API-P,28720-API,NIPER-99865,2026-02-04,AKTIF
494415361451,831321816704915,OSS-6100726,PD WIBOWO,PD WIBOWO,GG. PHH. MUSTOFA NO. 0,KOTAMOBAGU,ID-95,05844,+62 (128) 272-9428,Perum,PROSES,AKTIF,0,0,,,,2026-01-23,AKTIF
849821495129,422669198626405,OSS-9282655,PERUM PRAKASA,PERUM PRAK,GG. GARDUJATI NO. 4,SORONG,ID-64,07272,(0440) 121-6106,PT,DISAHKAN,AKTIF,0,0,,,,2026-02-18,AKTIF
903481954351,102693955330892,OSS-3331351,PERUM SIHOTANG TBK,PERUM SIHO,JALAN IR. H. DJUANDA NO. 40,BOGOR,ID-33,06741,+62 (144) 876 2164,CV,PROSES,TIDAK AKTIF,0,0,,,,2026-01-13,AKTIF
135827136891,571996213770852,OSS-6649583,CV HASANAH HUTAGALUNG (PERSERO) TBK,HASANAH HU,JALAN SETIABUDHI NO. 483,PASURUAN,ID-42,70017,(061) 913-2415,Perum,TERDAFTAR,AKTIF,0,0,,,,2026-02-23,AKTIF
140430445762,323260917310809,OSS-4502548,PERUM YULIANTI HALIMAH,PERUM YULI,JALAN SOEKARNO HATTA NO. 37,BITUNG,ID-76,30113,+62 (992) 271 5957,Firma,TERDAFTAR,AKTIF,0,0,,,,2026-02-26,AKTIF
562389505216,792771280241589,OSS-0191157,CV WALUYO (DUPLICATE),WALUYO,JALAN CIWASTRA NO. 68,KUPANG,ID-36,53987,(0487) 355 9628,PT,TERDAFTAR,AKTIF,0,0,,,,2026-01-15,AKTIF
104579688578,893044093126114,OSS-1500919,CV RAHIMAH MUSTOFA (PERSERO) TBK,RAHIMAH MU,JALAN MERDEKA NO. 31,TANGERANG,ID-83,40503,087 482 0840,Firma,PROSES,TIDAK AKTIF,0,1,,,NIPER-25379,2026-02-23,AKTIF
567417029017,306924185546604,OSS-0070163,PD MEGANTARA (PERSERO) TBK,PD MEGANTA,JL. SETIABUDHI NO. 18,CIMAHI,ID-55,29643,+62 (427) 355 6765,PT,PROSES,DIBEKUKAN,0,1,,,NIPER-73192,2026-01-04,AKTIF
133109037782,273081366436802,OSS-5932349,PT LATUPONO PERMATA,LATUPONO P,JL. BKR NO. 9,PROBOLINGGO,ID-82,30758,+62 (94) 618-1437,Firma,PROSES,AKTIF,0,0,,,,2026-01-21,AKTIF
677516663031,721162442169617,OSS-6000408,PERUM NABABAN ASTUTI,PERUM NABA,GANG SUNIARAJA NO. 608,TANJUNGBALAI,ID-17,88371,+62-035-584-5377,PT,DISAHKAN,TIDAK AKTIF,1,1,API-P,97341-API,NIPER-74047,2026-01-12,AKTIF
848228501168,809255021306090,OSS-6913098,YULIANTI,YULIANTI,GANG KENDALSARI NO. 73,SINGKAWANG,ID-16,57727,0853242642,Perum,PROSES,TIDAK AKTIF,0,1,,,NIPER-50642,2026-01-16,AKTIF
730634359488,218849680664051,OSS-1021254,UD HUTASOIT NASHIRUDDIN,UD HUTASOI,JL. SURAPATI NO. 498,AMBON,ID-15,72186,+62-003-203-1978,PT,PROSES,TIDAK AKTIF,1,1,API-U,99901-API,NIPER-14003,2026-01-12,AKTIF
972412137920,716918664354614,OSS-3565496,WIBISONO TBK,WIBISONO T,GANG ASTANA ANYAR NO. 3,BITUNG,ID-87,34630,+62 (0642) 985 8258,PT,DISAHKAN,AKTIF,0,0,,,,2026-01-14,AKTIF
533737628878,345846388387361,OSS-3901409,PD TAMPUBOLON SITUMORANG,PD TAMPUBO,JALAN PASIRKOJA NO. 33,PEKALONGAN,ID-36,33529,+62 (14) 045-4576,Perum,DISAHKAN,TIDAK AKTIF,1,1,API-U,67915-API,NIPER-91822,2026-02-23,AKTIF
135729496260,010577327642566,OSS-2421626,PERUM HABIBI PADMASARI,PERUM HABI,GANG LEMBONG NO. 1,TASIKMALAYA,ID-78,06512,+62 (0475) 599-8520,Firma,PROSES,TIDAK AKTIF,1,0,API-U,08591-API,,2026-02-28,AKTIF
599058841948,246411880346700,OSS-6169384,CV MELANI HIDAYANTO (PERSERO) TBK,MELANI HID,GG. ABDUL MUIS NO. 7,BATU,ID-13,08226,+62 (063) 405 4649,CV,DISAHKAN,DIBEKUKAN,0,0,,,,2026-01-10,AKTIF
540649691188,488241466920489,OSS-3629942,PD PRAKASA HIDAYAT TBK,PD PRAKASA,JL. KENDALSARI NO. 285,BANDA ACEH,ID-68,17173,(0232) 119-1332,PT,DISAHKAN,TIDAK AKTIF,1,0,API-P,76837-API,,2026-02-01,AKTIF
772166401625,953454797280893,OSS-7259561,PERUM RAHIMAH PURWANTI (PERSERO) TBK,PERUM RAHI,JALAN DR. DJUNJUNAN NO. 81,CIMAHI,ID-41,03646,+62 (761) 052-7237,PT,TERDAFTAR,AKTIF,0,1,,,NIPER-54354,2026-01-24,AKTIF
582815557206,280738621524728,OSS-5129940,ZULAIKA,ZULAIKA,GANG CIWASTRA NO. 43,CIREBON,ID-97,60152,(099) 781 9332,Firma,DISAHKAN,AKTIF,0,0,,,,2026-01-21,AKTIF
197426941117,234660380901317,OSS-1871803,CV HUTAGALUNG PRASETYO TBK,HUTAGALUNG,JL. JOYOBOYO NO. 328,SORONG,ID-30,71856,+62-067-148-9815,PT,TERDAFTAR,AKTIF,0,1,,,NIPER-32010,2026-02-08,AKTIF
635338294839,595070077885121,OSS-2545019,PT KUSUMO SITUMORANG,KUSUMO SIT,GG. KENDALSARI NO. 14,AMBON,ID-34,18389,+62 (023) 265-1697,PT,DISAHKAN,TIDAK AKTIF,1,1,API-U,55002-API,NIPER-82875,2026-01-18,AKTIF
531509481739,312109030495208,OSS-6152578,PD SITUMORANG (PERSERO) TBK,PD SITUMOR,GG. JEND. A. YANI NO. 68,MEULABOH,ID-85,73704,+62 (0092) 662 0135,Firma,TERDAFTAR,AKTIF,1,1,API-U,90745-API,NIPER-85454,2026-02-25,AKTIF
033676912357,910033167590620,OSS-7098679,PT SIHOMBING (PERSERO) TBK (DUPLICATE),SIHOMBING,GANG S. PARMAN NO. 57,MALANG,ID-69,48160,(0172) 156 6396,Firma,DISAHKAN,TIDAK AKTIF,1,1,API-P,27954-API,NIPER-93040,2026-01-27,AKTIF
552225025040,359976036774505,OSS-0145750,PERUM LESTARI TBK,PERUM LEST,JALAN MOCH. TOHA NO. 88,JAYAPURA,ID-32,74522,(074) 686 4923,PT,DISAHKAN,AKTIF,1,0,API-U,71521-API,,2026-01-23,AKTIF
260148966260,267257026206460,OSS-1770478,PERUM SIMBOLON,PERUM SIMB,GANG RONGGOWARSITO NO. 912,PAYAKUMBUH,ID-33,90575,+62-37-644-8376,CV,DISAHKAN,AKTIF,1,0,API-U,14268-API,,2026-02-22,AKTIF
382452358806,484511270610297,OSS-6591698,CV FARIDA WINARSIH (PERSERO) TBK,FARIDA WIN,JALAN MOCH. RAMDAN NO. 261,TIDORE KEPULAUAN,ID-36,36417,(0148) 302-7877,CV,TERDAFTAR,AKTIF,1,1,API-P,23264-API,NIPER-42953,2026-02-18,AKTIF
267140387808,631584248174265,OSS-9382288,CV PUSPASARI,PUSPASARI,GG. CIWASTRA NO. 784,MOJOKERTO,ID-19,21499,+62 (0031) 757-3526,Firma,PROSES,TIDAK AKTIF,1,1,API-U,60832-API,NIPER-46728,2026-02-11,AKTIF
616876437391,849456899888479,OSS-9543921,RAMADAN NABABAN (PERSERO) TBK,RAMADAN NA,JALAN TEBET BARAT DALAM NO. 84,MADIUN,ID-53,35150,+62 (013) 279-2825,CV,DISAHKAN,DIBEKUKAN,1,1,API-P,12517-API,NIPER-28335,2026-02-05,AKTIF
553286901479,541470324443889,OSS-8461713,PD SETIAWAN,PD SETIAWA,GANG HOS. COKROAMINOTO NO. 098,KUPANG,ID-33,34495,+62-002-276-8602,PT,DISAHKAN,DIBEKUKAN,1,1,API-U,75760-API,NIPER-32348,2026-02-15,AKTIF
753255738240,793652899885505,OSS-9206337,PD YULIARTI,PD YULIART,JL. PELAJAR PEJUANG NO. 855,SINGKAWANG,ID-98,32162,0823088035,Firma,TERDAFTAR,TIDAK AKTIF,1,0,API-U,59887-API,,2026-03-01,AKTIF
217075051633,635500471400564,OSS-9451603,PD MUSTOFA USAMAH (PERSERO) TBK,PD MUSTOFA,JL. KENDALSARI NO. 04,BIMA,ID-14,85048,+62 (00) 706 2494,CV,TERDAFTAR,TIDAK AKTIF,0,0,,,,2026-03-01,AKTIF
890923114688,993573079271590,OSS-3305548,PT UTAMI MUSTOFA,UTAMI MUST,JALAN SUKABUMI NO. 430,TANJUNGPINANG,ID-40,26930,(0976) 066 7830,CV,DISAHKAN,DIBEKUKAN,1,0,API-U,32190-API,,2026-01-28,AKTIF
191598724624,240678358471822,OSS-7263141,UD RAHMAWATI (PERSERO) TBK,UD RAHMAWA,GANG PASIR KOJA NO. 68,PAREPARE,ID-44,01254,+62 (16) 924 4881,PT,TERDAFTAR,AKTIF,1,1,API-P,92917-API,NIPER-75445,2026-02-28,AKTIF
596009851497,579239173511986,OSS-2868711,PD UTAMA TBK,PD UTAMA T,JL. DIPATIUKUR NO. 518,CIMAHI,ID-25,70664,082 401 2733,Perum,TERDAFTAR,AKTIF,1,0,API-P,89166-API,,2026-01-07,AKTIF
069353320383,606082250295065,OSS-8677838,MELANI TBK,MELANI TBK,GANG RAWAMANGUN NO. 418,PEKALONGAN,ID-14,80078,+62-064-370-3432,Perum,TERDAFTAR,TIDAK AKTIF,0,0,,,,2026-02-07,AKTIF
062952547251,832346593995819,OSS-3971156,PERUM SIHOMBING,PERUM SIHO,GG. KUTAI NO. 197,SUNGAI PENUH,ID-19,69304,+62-0350-856-2412,CV,PROSES,TIDAK AKTIF,1,0,API-P,86151-API,,2026-02-05,AKTIF
884760799837,459746833368285,OSS-0100524,UD HIDAYANTO SAPTONO (PERSERO) TBK,UD HIDAYAN,GG. R.E MARTADINATA NO. 2,SABANG,ID-55,06219,+62-359-617-1536,Firma,TERDAFTAR,TIDAK AKTIF,1,0,API-U,39849-API,,2026-01-01,AKTIF
567877142797,307157426969344,OSS-5361051,PERUM HUTASOIT DABUKKE,PERUM HUTA,GANG GARDUJATI NO. 34,SORONG,ID-64,55123,+62 (0229) 642-8921,Firma,PROSES,TIDAK AKTIF,0,1,,,NIPER-65160,2026-02-07,AKTIF
867163234672,994938743027169,OSS-3859777,SUWARNO,SUWARNO,GANG SUNIARAJA NO. 2,KOTA ADMINISTRASI JAKARTA BARAT,ID-96,96762,+62 (060) 324-8413,Perum,DISAHKAN,DIBEKUKAN,0,1,,,NIPER-76815,2026-02-15,AKTIF
552402782015,811308395311695,OSS-1522345,PERUM PRATIWI,PERUM PRAT,GG. CIUMBULEUIT NO. 3,YOGYAKARTA,ID-98,67080,(006) 050 6405,CV,DISAHKAN,DIBEKUKAN,0,0,,,,2026-01-25,AKTIF
735269090148,975484119947563,OSS-3879332,UD WASKITA SUSANTI,UD WASKITA,GG. DR. DJUNJUNAN NO. 726,MEDAN,ID-24,29212,+62 (10) 694 3796,CV,PROSES,TIDAK AKTIF,0,1,,,NIPER-27046,2026-01-20,AKTIF
116880281259,542504344262047,OSS-1489080,PERUM SIHOMBING TBK,PERUM SIHO,GG. MOCH. RAMDAN NO. 066,PADANG,ID-33,45236,+62 (38) 220 5025,Firma,TERDAFTAR,AKTIF,1,1,API-U,80289-API,NIPER-46830,2026-02-12,AKTIF
208993120015,334225492228956,OSS-8207755,CV SANTOSO MANDALA (PERSERO) TBK,SANTOSO MA,JALAN RAWAMANGUN NO. 17,PAREPARE,ID-40,92015,+62 (0957) 211-8143,PT,TERDAFTAR,DIBEKUKAN,1,1,API-U,04631-API,NIPER-78836,2026-01-07,AKTIF
337462470334,753321192344457,OSS-1540690,PERUM SITOMPUL TBK,PERUM SITO,GANG WONOAYU NO. 2,PAGARALAM,ID-51,84021,+62 (055) 985-2575,CV,TERDAFTAR,AKTIF,0,1,,,NIPER-51967,2026-02-04,AKTIF
310631314240,124820418913251,OSS-4152973,PD WIJAYA TBK,PD WIJAYA,JL. DR. DJUNJUNAN NO. 416,BANDA ACEH,ID-10,70887,+62 (55) 498-2298,Perum,PROSES,DIBEKUKAN,1,1,API-U,11099-API,NIPER-82103,2026-02-23,AKTIF
533389309248,368209846300512,OSS-2224925,UD LATUPONO,UD LATUPON,JL. SUKABUMI NO. 062,DENPASAR,ID-71,45312,+62-96-726-2666,Perum,DISAHKAN,DIBEKUKAN,1,0,API-U,79707-API,,2026-01-17,AKTIF
488491030361,640206141467713,OSS-4095104,PT TARIHORAN SIREGAR,TARIHORAN,GANG LASWI NO. 176,KENDARI,ID-81,03061,+62-881-636-5039,PT,PROSES,TIDAK AKTIF,1,1,API-U,97026-API,NIPER-75691,2026-01-02,AKTIF
611950556638,016609188542466,OSS-1598120,PD KURNIAWAN,PD KURNIAW,JL. PHH. MUSTOFA NO. 99,PROBOLINGGO,ID-74,64488,(0833) 615 7240,Perum,DISAHKAN,DIBEKUKAN,1,0,API-P,25103-API,,2026-01-18,AKTIF
655817174454,622110586303853,OSS-4093630,UD SIREGAR PRATAMA TBK (DUPLICATE),UD SIREGAR,GANG RAYA SETIABUDHI NO. 1,KOTA ADMINISTRASI JAKARTA UTARA,ID-91,81069,+62-0876-444-1794,Perum,TERDAFTAR,TIDAK AKTIF,1,0,API-U,11839-API,,2026-01-16,AKTIF
163703954832,492367908211272,OSS-9394146,PD WASITA GUNAWAN (DUPLICATE),PD WASITA,GG. KIARACONDONG NO. 0,TERNATE,ID-96,38177,0817031451,Firma,PROSES,TIDAK AKTIF,1,1,API-P,89168-API,NIPER-67967,2026-02-06,AKTIF
986799189328,489730515288049,OSS-1215781,PT MANDASARI NAINGGOLAN (DUPLICATE),MANDASARI,JALAN DR. DJUNJUNAN NO. 5,MADIUN,ID-52,28735,+62 (755) 417-0780,Firma,TERDAFTAR,TIDAK AKTIF,1,0,API-U,38617-API,,2026-01-25,AKTIF
566807345710,717806550264722,OSS-3146420,PT HASSANAH WIDODO,HASSANAH W,GANG SUNIARAJA NO. 58,TANJUNGBALAI,ID-71,43447,(0623) 696 6378,PT,DISAHKAN,DIBEKUKAN,1,0,API-U,61204-API,,2026-02-28,AKTIF
582815557206,280738621524728,OSS-5129940,ZULAIKA (DUPLICATE),ZULAIKA,GANG CIWASTRA NO. 43,CIREBON,ID-97,60152,(099) 781 9332,Firma,DISAHKAN,AKTIF,0,0,,,,2026-01-21,AKTIF
616445081162,759728081403344,OSS-1860748,CV WINARSIH YULIARTI TBK,WINARSIH Y,GG. CIHAMPELAS NO. 532,CIREBON,ID-51,23035,+62 (020) 374 5241,CV,PROSES,AKTIF,0,1,,,NIPER-20039,2026-02-25,AKTIF
411664762066,456205224270012,OSS-7264113,PD HARYANTI FUJIATI,PD HARYANT,GANG KEBONJATI NO. 53,TOMOHON,ID-12,70128,+62 (0568) 197 0062,Firma,DISAHKAN,AKTIF,1,0,API-U,34302-API,,2026-02-19,AKTIF
870565908428,436348408442378,OSS-8968398,PT DONGORAN WASKITA,DONGORAN W,JL. PASTEUR NO. 880,TANJUNGBALAI,ID-76,77445,0845070367,PT,PROSES,DIBEKUKAN,0,0,,,,2026-02-12,AKTIF
870932264232,544500608795283,OSS-6675236,WASTUTI SIHOTANG,WASTUTI SI,JALAN MOCH. TOHA NO. 16,METRO,ID-46,90309,+62-0216-351-5543,Perum,DISAHKAN,TIDAK AKTIF,1,0,API-P,57684-API,,2026-02-11,AKTIF
934903265769,483243311660996,OSS-2752871,PERUM WIJAYANTI,PERUM WIJA,JALAN CIKUTRA TIMUR NO. 6,MEDAN,ID-72,99232,(0699) 251-7188,Firma,PROSES,DIBEKUKAN,0,1,,,NIPER-75172,2026-01-02,AKTIF
826419539784,264574301972867,OSS-1951964,FARIDA (PERSERO) TBK,FARIDA (PE,GG. OTTO ISKANDARDINATA NO. 78,MADIUN,ID-37,32862,+62-88-012-8845,Firma,PROSES,DIBEKUKAN,0,0,,,,2026-01-31,AKTIF
071435429560,508819517745611,OSS-3092886,AGUSTINA PRASASTA,AGUSTINA P,JALAN RAJAWALI BARAT NO. 6,PRABUMULIH,ID-87,12601,+62 (0027) 006 7206,CV,DISAHKAN,AKTIF,1,1,API-P,46282-API,NIPER-42906,2026-01-15,AKTIF
313164538336,425503533210125,OSS-4675914,PERUM HASSANAH TBK,PERUM HASS,JL. RONGGOWARSITO NO. 568,MEDAN,ID-76,20143,+62 (456) 367 9883,Perum,PROSES,AKTIF,0,0,,,,2026-02-05,AKTIF
953258533389,218165460293144,OSS-2495774,UD SAFITRI,UD SAFITRI,JL. LASWI NO. 12,PALOPO,ID-91,09383,+62 (070) 360-0233,Perum,TERDAFTAR,AKTIF,1,0,API-U,23902-API,,2026-02-28,AKTIF
457348762893,555214623172259,OSS-0324309,PERUM KURNIAWAN ANGGRAINI,PERUM KURN,GANG KENDALSARI NO. 28,BLITAR,ID-96,78759,(033) 734 8330,CV,PROSES,TIDAK AKTIF,0,0,,,,2026-01-24,AKTIF
869907309181,080733707792417,OSS-5434991,PERUM HASSANAH,PERUM HASS,GANG LASWI NO. 9,SABANG,ID-66,41883,+62-003-928-1477,Perum,TERDAFTAR,DIBEKUKAN,0,1,,,NIPER-04933,2026-01-01,AKTIF
211844222604,065762610922750,OSS-2719399,PT SAMOSIR TBK,SAMOSIR TB,JALAN OTTO ISKANDARDINATA NO. 2,SURAKARTA,ID-79,47184,+62 (0486) 088 7188,CV,TERDAFTAR,DIBEKUKAN,1,0,API-P,13349-API,,2026-02-17,AKTIF
213406534664,342365998439727,OSS-3690479,PD FARIDA TBK,PD FARIDA,GANG W.R. SUPRATMAN NO. 89,BOGOR,ID-60,00484,087 057 9147,Firma,TERDAFTAR,AKTIF,0,0,,,,2026-02-09,AKTIF
953102977115,062917926517328,OSS-1629108,CV SAFITRI MANGUNSONG (PERSERO) TBK,SAFITRI MA,GG. AHMAD YANI NO. 573,PALANGKARAYA,ID-25,10529,087 707 4599,PT,PROSES,AKTIF,1,0,API-U,15304-API,,2026-01-11,AKTIF
094097052774,025883586812259,OSS-5724461,PD HALIMAH SUDIATI (PERSERO) TBK (DUPLICATE),PD HALIMAH,GG. KUTAI NO. 5,BATAM,ID-29,02311,(0753) 312-6610,Perum,TERDAFTAR,AKTIF,1,1,API-U,94101-API,NIPER-75902,2026-01-06,AKTIF
146010475753,143017110658385,OSS-2772828,UD MARDHIYAH UTAMI TBK,UD MARDHIY,JL. JAMIKA NO. 4,SIBOLGA,ID-86,88709,+62-467-448-4690,Firma,TERDAFTAR,AKTIF,0,0,,,,2026-02-22,AKTIF
545967072899,665116472305174,OSS-2822197,NAMAGA YULIARTI TBK,NAMAGA YUL,GANG BANGKA RAYA NO. 8,TARAKAN,ID-23,57271,+62 (0000) 713-3400,Firma,DISAHKAN,AKTIF,0,1,,,NIPER-21802,2026-01-11,AKTIF
082135221111,890983087993330,OSS-9138919,MARPAUNG BUDIYANTO (PERSERO) TBK,MARPAUNG B,JL. PASTEUR NO. 358,CIREBON,ID-60,58805,0887796807,Perum,PROSES,AKTIF,1,0,API-U,68790-API,,2026-03-02,AKTIF
481590479006,420635938676709,OSS-6862998,PD LAKSITA FUJIATI (PERSERO) TBK,PD LAKSITA,GG. STASIUN WONOKROMO NO. 02,BOGOR,ID-52,39249,+62 (620) 866 1412,PT,TERDAFTAR,AKTIF,0,1,,,NIPER-94865,2026-02-17,AKTIF
998201771993,481838639610992,OSS-1260887,PERUM AGUSTINA SAPTONO,PERUM AGUS,GG. KAPTEN MUSLIHAT NO. 74,BANDAR LAMPUNG,ID-23,86392,+62 (0266) 497-1351,Perum,PROSES,DIBEKUKAN,0,1,,,NIPER-14846,2026-02-28,AKTIF
615719004943,437938158011511,OSS-9598307,YULIARTI (DUPLICATE),YULIARTI,GANG CIHAMPELAS NO. 4,SIBOLGA,ID-72,35583,+62 (0916) 849 7646,PT,PROSES,DIBEKUKAN,1,1,API-P,16217-API,NIPER-86297,2026-02-21,AKTIF
838529865935,397766359095221,OSS-2676109,PD TAMPUBOLON MAHENDRA TBK,PD TAMPUBO,GANG SETIABUDHI NO. 63,BATAM,ID-45,57712,+62 (041) 781-2057,Perum,PROSES,DIBEKUKAN,0,1,,,NIPER-22617,2026-01-11,AKTIF
873832066845,744841047454856,OSS-2292346,CV BUDIMAN TBK,BUDIMAN TB,JALAN RAYA UJUNGBERUNG NO. 95,METRO,ID-48,88444,+62 (037) 891 5524,PT,PROSES,DIBEKUKAN,1,1,API-U,45651-API,NIPER-53642,2026-02-08,AKTIF
110955101453,358809942610524,OSS-3425213,CV UWAIS,UWAIS,JALAN DIPATIUKUR NO. 808,PADANG,ID-67,16766,(048) 912-6621,CV,PROSES,TIDAK AKTIF,0,1,,,NIPER-45814,2026-02-20,AKTIF
885551734820,728206283797255,OSS-2113632,CV TAMPUBOLON,TAMPUBOLON,JALAN JEND. SUDIRMAN NO. 75,PALANGKARAYA,ID-75,56000,0890488758,CV,DISAHKAN,TIDAK AKTIF,0,0,,,,2026-01-12,AKTIF
727604128177,171699444283963,OSS-2470042,UD SAPUTRA TBK,UD SAPUTRA,JL. BKR NO. 31,SABANG,ID-21,80682,+62 (0239) 977 6753,CV,TERDAFTAR,AKTIF,1,1,API-U,29998-API,NIPER-39187,2026-01-08,AKTIF
492465964560,015581556007906,OSS-6996957,PERUM TAMBA KURNIAWAN,PERUM TAMB,GG. KUTAI NO. 685,PROBOLINGGO,ID-58,80821,+62 (0168) 858 8376,CV,TERDAFTAR,TIDAK AKTIF,0,0,,,,2026-01-30,AKTIF
155333179313,475619617650210,OSS-0027864,PERUM WINARSIH TBK (DUPLICATE),PERUM WINA,GG. GEDEBAGE SELATAN NO. 2,KEDIRI,ID-51,63190,+62 (376) 932 8792,PT,TERDAFTAR,AKTIF,1,0,API-U,74622-API,,2026-01-12,AKTIF
064739087535,672196009886473,OSS-6954323,UD AGUSTINA PURNAWATI,UD AGUSTIN,GANG GEDEBAGE SELATAN NO. 97,SURABAYA,ID-68,77204,+62-0971-888-4271,PT,TERDAFTAR,AKTIF,1,1,API-P,69656-API,NIPER-45539,2026-02-26,AKTIF
001100970066,463285501441115,OSS-4377125,PD RIYANTI ANGGRIAWAN,PD RIYANTI,JL. ANTAPANI LAMA NO. 1,PASURUAN,ID-22,20925,+62 (002) 910 2327,CV,PROSES,TIDAK AKTIF,1,0,API-P,63329-API,,2026-02-17,AKTIF
907183016574,815743023183567,OSS-0456612,PT SALAHUDIN WAHYUNI (PERSERO) TBK,SALAHUDIN,GANG RAJAWALI BARAT NO. 257,TIDORE KEPULAUAN,ID-10,01010,+62 (052) 549 2683,CV,DISAHKAN,AKTIF,1,1,API-U,88508-API,NIPER-41862,2026-02-15,AKTIF
758005870313,799938648431841,OSS-2994605,CV USAMAH MARBUN,USAMAH MAR,JALAN PASIR KOJA NO. 85,SORONG,ID-45,64991,+62 (048) 992 7820,CV,TERDAFTAR,AKTIF,1,1,API-P,74757-API,NIPER-87801,2026-01-04,AKTIF
521568182096,790422711332288,OSS-9857254,PERUM ASTUTI (PERSERO) TBK,PERUM ASTU,JL. KENDALSARI NO. 1,SALATIGA,ID-63,10248,+62 (071) 752 4214,PT,DISAHKAN,DIBEKUKAN,1,0,API-P,95511-API,,2026-03-02,AKTIF
896961850288,986873409411697,OSS-9603314,PERUM UTAMI,PERUM UTAM,JALAN MOCH. TOHA NO. 84,SALATIGA,ID-99,34385,(039) 075-2503,Perum,TERDAFTAR,TIDAK AKTIF,1,1,API-U,77765-API,NIPER-85033,2026-01-07,AKTIF
474202404702,586011639569882,OSS-9029777,PD WIBISONO (PERSERO) TBK,PD WIBISON,GANG CIKUTRA BARAT NO. 91,DUMAI,ID-88,41012,(0816) 521 5922,PT,DISAHKAN,DIBEKUKAN,0,0,,,,2026-01-22,AKTIF
148341039282,520016646508810,OSS-2823032,PD WIBISONO TBK,PD WIBISON,GG. LASWI NO. 931,BANJARBARU,ID-38,33778,+62-051-725-6051,CV,TERDAFTAR,TIDAK AKTIF,0,0,,,,2026-01-24,AKTIF
778145555367,419642060720153,OSS-4218333,YULIANTI WINARSIH TBK,YULIANTI W,GANG SILIWANGI NO. 95,METRO,ID-75,79809,(0299) 091 8574,Firma,PROSES,DIBEKUKAN,1,0,API-P,62110-API,,2026-02-02,AKTIF
926769889798,877544584741340,OSS-1929360,PERUM FUJIATI (PERSERO) TBK,PERUM FUJI,JALAN INDRAGIRI NO. 463,BINJAI,ID-39,48447,+62-0656-115-6862,CV,DISAHKAN,DIBEKUKAN,1,0,API-P,23070-API,,2026-02-19,AKTIF
828050210424,406432805996310,OSS-9800186,MANDALA PRASTUTI TBK,MANDALA PR,GANG RAYA UJUNGBERUNG NO. 503,SORONG,ID-41,97703,+62 (048) 581 1942,Firma,PROSES,DIBEKUKAN,0,1,,,NIPER-22059,2026-01-03,AKTIF
941183025976,282579040073273,OSS-0444740,UD HARTATI ARYANI (PERSERO) TBK,UD HARTATI,GG. ASIA AFRIKA NO. 11,BATU,ID-53,57273,(065) 366-2354,Firma,DISAHKAN,AKTIF,0,0,,,,2026-01-05,AKTIF
836368850162,762922666788093,OSS-7616522,PD SIREGAR,PD SIREGAR,JALAN HOS. COKROAMINOTO NO. 59,PARIAMAN,ID-59,26597,(040) 838 5805,Perum,DISAHKAN,DIBEKUKAN,1,0,API-U,01417-API,,2026-02-18,AKTIF
447107923595,510725457027892,OSS-9214762,PERUM OKTAVIANI WIJAYANTI (DUPLICATE),PERUM OKTA,JALAN STASIUN WONOKROMO NO. 310,PAGARALAM,ID-63,75926,+62 (993) 878 8858,Firma,PROSES,TIDAK AKTIF,0,0,,,,2026-02-27,AKTIF
642370022851,386919847726970,OSS-7108055,PERUM SITUMORANG ANDRIANI,PERUM SITU,GANG PELAJAR PEJUANG NO. 2,JAYAPURA,ID-92,40197,+62 (181) 169-8173,CV,TERDAFTAR,TIDAK AKTIF,0,0,,,,2026-02-27,AKTIF
536438610322,564836843716406,OSS-1294510,UD JANUAR TBK,UD JANUAR,GANG RUMAH SAKIT NO. 515,MEDAN,ID-64,18222,0810733673,Perum,TERDAFTAR,DIBEKUKAN,0,0,,,,2026-02-21,AKTIF
544387526119,103889002197759,OSS-9823030,PERUM MAULANA,PERUM MAUL,GG. PASIRKOJA NO. 64,PEKALONGAN,ID-80,77839,+62 (04) 931-4704,Firma,TERDAFTAR,AKTIF,0,0,,,,2026-02-13,AKTIF
854781506185,380032963347272,OSS-7423183,PD HIDAYAT (DUPLICATE),PD HIDAYAT,JL. BKR NO. 49,SORONG,ID-30,57824,+62-0477-695-8741,PT,PROSES,AKTIF,0,0,,,,2026-01-18,AKTIF
815418589900,277291084507860,OSS-4356605,CV PRAYOGA (DUPLICATE),PRAYOGA,GANG KUTAI NO. 3,BANDAR LAMPUNG,ID-89,77306,(0182) 226-6794,Perum,DISAHKAN,TIDAK AKTIF,1,1,API-P,19087-API,NIPER-88653,2026-01-28,AKTIF
403484843770,062795951429544,OSS-9669542,PD THAMRIN,PD THAMRIN,GG. SADANG SERANG NO. 800,PADANGPANJANG,ID-84,73447,+62 (0592) 351-6383,PT,TERDAFTAR,DIBEKUKAN,1,1,API-P,26489-API,NIPER-71001,2026-02-05,AKTIF
134717613798,867449597378626,OSS-5911799,CV PURNAWATI HUTASOIT (PERSERO) TBK,PURNAWATI,JL. R.E MARTADINATA NO. 8,KOTA ADMINISTRASI JAKARTA UTARA,ID-61,25862,(038) 086-9273,PT,DISAHKAN,DIBEKUKAN,1,0,API-P,21087-API,,2026-02-23,AKTIF
481976575824,307258670534486,OSS-9593549,PD HASTUTI (PERSERO) TBK,PD HASTUTI,GANG W.R. SUPRATMAN NO. 1,TOMOHON,ID-56,36262,+62 (86) 772-6211,CV,TERDAFTAR,AKTIF,1,1,API-P,98595-API,NIPER-88968,2026-01-15,AKTIF
636320154612,149122867319419,OSS-4926511,PERUM HAKIM (PERSERO) TBK,PERUM HAKI,JL. DIPATIUKUR NO. 21,SALATIGA,ID-26,12492,+62-018-435-9730,Firma,PROSES,AKTIF,0,0,,,,2026-02-26,AKTIF
105415073230,807730603512508,OSS-7775458,PT PERTIWI (PERSERO) TBK,PERTIWI (P,GG. KUTAI NO. 80,TEGAL,ID-95,88435,(044) 617 6398,Perum,DISAHKAN,TIDAK AKTIF,0,1,,,NIPER-19246,2026-01-08,AKTIF
035304847697,397164799097422,OSS-3502913,PT NASHIRUDDIN PRATAMA,NASHIRUDDI,GG. AHMAD YANI NO. 73,BEKASI,ID-75,60096,+62 (15) 948 0586,Firma,TERDAFTAR,TIDAK AKTIF,0,1,,,NIPER-91956,2026-02-23,AKTIF
172540148612,713905362617713,OSS-5389909,PERUM THAMRIN PERTIWI TBK,PERUM THAM,JALAN AHMAD YANI NO. 405,TERNATE,ID-16,36561,+62 (087) 407 4991,Perum,DISAHKAN,AKTIF,1,0,API-P,15539-API,,2026-01-23,AKTIF
768353247811,016219897446931,OSS-6815164,PERUM BUDIYANTO,PERUM BUDI,GG. PELAJAR PEJUANG NO. 19,KOTAMOBAGU,ID-14,30661,+62-17-484-2524,Perum,TERDAFTAR,TIDAK AKTIF,1,0,API-P,67193-API,,2026-01-21,AKTIF
976749973330,444400552060398,OSS-8716376,UD WIJAYANTI YULIARTI,UD WIJAYAN,JALAN SUKABUMI NO. 23,SABANG,ID-96,35990,+62 (019) 915-2867,Firma,TERDAFTAR,AKTIF,1,0,API-P,72990-API,,2026-02-17,AKTIF
371650942315,963781319151813,OSS-6900479,UD ASTUTI,UD ASTUTI,GANG CIKUTRA BARAT NO. 81,BENGKULU,ID-34,94278,+62 (019) 268 9009,Firma,DISAHKAN,AKTIF,1,0,API-U,86068-API,,2026-02-19,AKTIF
409265119204,531570339004645,OSS-6789754,UD ANGGRIAWAN PRATAMA (PERSERO) TBK,UD ANGGRIA,JALAN CEMPAKA NO. 63,MAKASSAR,ID-24,32068,+62 (0790) 840-5877,PT,TERDAFTAR,DIBEKUKAN,1,0,API-U,37459-API,,2026-01-12,AKTIF
249567867881,220227136918103,OSS-4367276,PD KUSWANDARI LESTARI TBK,PD KUSWAND,JL. ASTANA ANYAR NO. 5,SURAKARTA,ID-81,47221,+62 (052) 324 6239,CV,DISAHKAN,DIBEKUKAN,1,0,API-P,59783-API,,2026-02-06,AKTIF
773934754573,859311101728917,OSS-2542533,UD FIRGANTORO,UD FIRGANT,JL. MOCH. TOHA NO. 5,PARIAMAN,ID-99,19341,+62 (002) 240 2595,PT,TERDAFTAR,TIDAK AKTIF,0,1,,,NIPER-59051,2026-02-06,AKTIF
932292539659,903705039005440,OSS-5099043,PT RAHAYU SIHOTANG TBK,RAHAYU SIH,GANG SOEKARNO HATTA NO. 7,MAGELANG,ID-68,59986,+62 (32) 104 4032,CV,TERDAFTAR,TIDAK AKTIF,0,0,,,,2026-01-20,AKTIF
469061096033,822382235375572,OSS-7059250,PERUM USAMAH,PERUM USAM,JL. TUBAGUS ISMAIL NO. 6,YOGYAKARTA,ID-64,76778,087 130 8483,Firma,TERDAFTAR,AKTIF,0,0,,,,2026-02-10,AKTIF
587341344049,718294754272656,OSS-9258832,PD NABABAN,PD NABABAN,JALAN OTTO ISKANDARDINATA NO. 0,METRO,ID-72,36469,+62 (812) 867 5096,CV,TERDAFTAR,DIBEKUKAN,1,0,API-U,31905-API,,2026-02-13,AKTIF
562757777832,186733726568372,OSS-0045165,PERUM HARYANTO TBK,PERUM HARY,JALAN CEMPAKA NO. 350,BINJAI,ID-13,21721,089 823 7224,CV,TERDAFTAR,TIDAK AKTIF,1,1,API-U,28234-API,NIPER-42907,2026-02-04,AKTIF
165277308724,036480025406467,OSS-6517277,CV MANULLANG (PERSERO) TBK,MANULLANG,GG. RAYA UJUNGBERUNG NO. 5,KUPANG,ID-54,14930,+62-15-903-8240,Perum,DISAHKAN,DIBEKUKAN,1,1,API-U,30922-API,NIPER-83436,2026-01-31,AKTIF
022181698141,344760948377402,OSS-9286433,CV ANGGRAINI,ANGGRAINI,GG. K.H. WAHID HASYIM NO. 836,PALOPO,ID-78,19666,(010) 256-3420,Firma,TERDAFTAR,TIDAK AKTIF,1,0,API-P,22234-API,,2026-02-05,AKTIF
677200971668,551041458821488,OSS-7450063,PT SIMBOLON DONGORAN,SIMBOLON D,GANG ANTAPANI LAMA NO. 633,BALIKPAPAN,ID-91,66232,(0690) 839-0796,CV,PROSES,TIDAK AKTIF,1,0,API-P,17029-API,,2026-01-11,AKTIF
169156978079,346289607351151,OSS-3743269,UD OKTAVIANI SURYONO,UD OKTAVIA,JL. SUKABUMI NO. 9,SINGKAWANG,ID-81,12946,+62 (0031) 182 8791,Firma,DISAHKAN,AKTIF,1,1,API-P,46595-API,NIPER-11203,2026-01-08,AKTIF
124057926824,837516061403519,OSS-5730097,PD UTAMA (PERSERO) TBK,PD UTAMA (,GG. R.E MARTADINATA NO. 114,BANDA ACEH,ID-41,45334,+62 (692) 401 3859,PT,PROSES,TIDAK AKTIF,1,1,API-U,86468-API,NIPER-48085,2026-02-13,AKTIF
355447689072,064613916595307,OSS-9535266,PERUM KUSWANDARI,PERUM KUSW,JALAN VETERAN NO. 9,BINJAI,ID-78,22136,+62 (0409) 904 3982,Perum,TERDAFTAR,DIBEKUKAN,1,1,API-U,47119-API,NIPER-24859,2026-02-20,AKTIF
851493689980,940244550229612,OSS-0183667,CV UWAIS TBK,UWAIS TBK,JL. JAKARTA NO. 901,PALEMBANG,ID-57,79764,+62-815-614-9784,CV,PROSES,DIBEKUKAN,0,0,,,,2026-02-28,AKTIF
509444552876,561466186608844,OSS-1779216,PERUM HANDAYANI HASTUTI TBK,PERUM HAND,JALAN JEND. A. YANI NO. 62,TANJUNGBALAI,ID-28,96449,+62 (23) 783 6515,Firma,TERDAFTAR,AKTIF,0,0,,,,2026-01-19,AKTIF
090372247242,430569605808230,OSS-0679928,PD PANGESTU TBK,PD PANGEST,GANG PASIR KOJA NO. 260,PALOPO,ID-21,97011,+62-80-479-4905,CV,PROSES,AKTIF,0,0,,,,2026-01-06,AKTIF
802668274813,239154992948313,OSS-9881728,UD FIRGANTORO,UD FIRGANT,JL. ASTANA ANYAR NO. 967,JAYAPURA,ID-94,10471,085 584 8525,PT,DISAHKAN,DIBEKUKAN,0,1,,,NIPER-81358,2026-01-09,AKTIF
160950922088,279340070371369,OSS-6701831,PD RAJASA WASKITA (PERSERO) TBK,PD RAJASA,JL. VETERAN NO. 1,SINGKAWANG,ID-13,74119,0866494994,PT,TERDAFTAR,AKTIF,1,1,API-U,34084-API,NIPER-18349,2026-01-07,AKTIF
463481869559,616891490889921,OSS-2030827,PD PANGESTU YOLANDA,PD PANGEST,GANG WARINGIN NO. 5,SEMARANG,ID-25,54209,+62 (822) 750 4465,Perum,TERDAFTAR,AKTIF,0,1,,,NIPER-67016,2026-02-19,AKTIF
737267479609,977737309742806,OSS-9185673,PT WAHYUNI TBK (DUPLICATE),WAHYUNI TB,GG. KEBONJATI NO. 342,TIDORE KEPULAUAN,ID-48,76492,+62 (0381) 621 5017,Firma,DISAHKAN,TIDAK AKTIF,0,0,,,,2026-02-15,AKTIF
258394317510,432126538658920,OSS-5858588,PD ADRIANSYAH RAJASA (PERSERO) TBK,PD ADRIANS,GG. RAYA UJUNGBERUNG NO. 7,JAYAPURA,ID-23,14471,+62 (0309) 363-0706,Perum,TERDAFTAR,AKTIF,0,1,,,NIPER-85606,2026-01-18,AKTIF
929998963298,065165250459339,OSS-2487152,CV FUJIATI,FUJIATI,JL. PASIR KOJA NO. 4,BINJAI,ID-76,36725,+62 (0661) 845 2453,PT,TERDAFTAR,TIDAK AKTIF,0,0,,,,2026-01-08,AKTIF
115111866949,770238791341123,OSS-7050587,CV LAILASARI (PERSERO) TBK,LAILASARI,JALAN MONGINSIDI NO. 4,PALANGKARAYA,ID-38,71478,+62-50-246-9565,CV,DISAHKAN,AKTIF,1,0,API-U,14021-API,,2026-02-21,AKTIF
451513375384,942740892678780,OSS-9417213,SUARTINI MELANI,SUARTINI M,JL. PASIRKOJA NO. 48,MATARAM,ID-68,44740,082 728 3063,CV,TERDAFTAR,AKTIF,1,0,API-U,52320-API,,2026-01-23,AKTIF
460762632749,256128539331132,OSS-0082058,WULANDARI (DUPLICATE),WULANDARI,JALAN R.E MARTADINATA NO. 360,SIBOLGA,ID-63,96161,085 762 4727,Firma,PROSES,DIBEKUKAN,1,0,API-U,58190-API,,2026-02-15,AKTIF
126891558833,050903692058991,OSS-3603881,HALIMAH ANGGRAINI TBK,HALIMAH AN,JL. CIKUTRA BARAT NO. 0,MATARAM,ID-13,40442,+62-024-607-4613,Firma,PROSES,AKTIF,0,0,,,,2026-01-27,AKTIF
335578503894,499126102548857,OSS-5227185,PERUM WIBISONO,PERUM WIBI,GANG GARDUJATI NO. 4,LHOKSEUMAWE,ID-22,94534,+62-0123-022-1517,CV,PROSES,TIDAK AKTIF,0,1,,,NIPER-51359,2026-02-06,AKTIF
223334846006,030086386499927,OSS-9242898,PERUM UWAIS,PERUM UWAI,JL. R.E MARTADINATA NO. 4,CIREBON,ID-67,69256,+62 (291) 930-5675,Perum,TERDAFTAR,DIBEKUKAN,0,1,,,NIPER-14726,2026-02-26,AKTIF
540054352792,996503244751630,OSS-9083878,CV MANGUNSONG (PERSERO) TBK (DUPLICATE),MANGUNSONG,GANG HOS. COKROAMINOTO NO. 108,TIDORE KEPULAUAN,ID-80,93870,+62 (41) 962-1306,Perum,DISAHKAN,DIBEKUKAN,1,1,API-P,31420-API,NIPER-54105,2026-01-14,AKTIF
407449533850,652307927308537,OSS-3830598,UD SUDIATI,UD SUDIATI,JALAN ASTANA ANYAR NO. 9,BANJARBARU,ID-68,84670,+62 (051) 857 0945,Firma,PROSES,AKTIF,1,1,API-P,38084-API,NIPER-98126,2026-02-28,AKTIF
376626989672,296504885868662,OSS-4121340,UD SAPTONO TBK,UD SAPTONO,GANG YOS SUDARSO NO. 408,PALANGKARAYA,ID-20,37228,0811649350,CV,TERDAFTAR,TIDAK AKTIF,0,0,,,,2026-01-10,AKTIF
426050572516,844731468257065,OSS-6320037,UD MEGANTARA (PERSERO) TBK,UD MEGANTA,GANG KUTAI NO. 815,SALATIGA,ID-96,09227,+62 (072) 442 2323,Perum,PROSES,TIDAK AKTIF,1,1,API-U,59279-API,NIPER-16005,2026-01-23,AKTIF
158350344694,596488319213424,OSS-9128965,PERUM WINARSIH TBK,PERUM WINA,JL. MOCH. RAMDAN NO. 192,CIMAHI,ID-73,05102,087 675 4813,Perum,TERDAFTAR,AKTIF,0,0,,,,2026-01-25,AKTIF
844129393023,924826246840415,OSS-6855767,PT SALAHUDIN (PERSERO) TBK,SALAHUDIN,JL. RONGGOWARSITO NO. 80,BEKASI,ID-53,38305,(022) 963 1962,CV,TERDAFTAR,TIDAK AKTIF,0,1,,,NIPER-46319,2026-01-30,AKTIF
648972583475,728699866660306,OSS-3990693,PERUM NAMAGA MARBUN,PERUM NAMA,GANG LASWI NO. 88,MADIUN,ID-71,98403,(057) 437 9740,PT,DISAHKAN,DIBEKUKAN,0,1,,,NIPER-97136,2026-01-05,AKTIF
593481614794,783777904864281,OSS-4664798,UD WULANDARI AGUSTINA TBK,UD WULANDA,JALAN SUNIARAJA NO. 17,SAWAHLUNTO,ID-15,32417,+62 (073) 729-0022,CV,TERDAFTAR,DIBEKUKAN,1,0,API-P,78322-API,,2026-01-17,AKTIF
214906182667,143791316996776,OSS-6082227,PT SITUMORANG (DUPLICATE),SITUMORANG,JL. SENTOT ALIBASA NO. 3,PEMATANGSIANTAR,ID-42,06208,+62 (67) 613-1299,Perum,DISAHKAN,DIBEKUKAN,0,1,,,NIPER-32099,2026-01-20,AKTIF
404762539501,115255862778882,OSS-6031748,CV DAMANIK,DAMANIK,JALAN KUTAI NO. 18,BATAM,ID-95,22935,+62 (459) 205 5967,Firma,PROSES,TIDAK AKTIF,0,0,,,,2026-02-18,AKTIF
311788611489,073970980695652,OSS-8057670,UD SAMOSIR TBK,UD SAMOSIR,JL. YOS SUDARSO NO. 054,BENGKULU,ID-71,14591,+62-067-367-1226,Perum,PROSES,AKTIF,0,0,,,,2026-02-16,AKTIF
605166916105,606420162441119,OSS-4287838,CV LAKSMIWATI TBK,LAKSMIWATI,JALAN DIPENOGORO NO. 005,PALOPO,ID-30,10722,+62 (096) 433-5529,Firma,PROSES,AKTIF,1,0,API-U,46263-API,,2026-01-27,AKTIF
498358684726,325741022782501,OSS-0528509,PERUM SAPUTRA TBK,PERUM SAPU,GG. SURYAKENCANA NO. 7,BANDUNG,ID-70,05202,+62 (0554) 529-7140,CV,PROSES,DIBEKUKAN,0,0,,,,2026-02-13,AKTIF
407743934369,242806589175260,OSS-1372947,PD DONGORAN (PERSERO) TBK,PD DONGORA,GANG H.J MAEMUNAH NO. 5,BENGKULU,ID-12,15560,+62-0460-779-1570,Perum,PROSES,AKTIF,0,0,,,,2026-01-06,AKTIF
560500524357,739650462885570,OSS-7672146,UD BUDIMAN BUDIMAN,UD BUDIMAN,JALAN GEDEBAGE SELATAN NO. 864,TANGERANG SELATAN,ID-85,30734,+62-70-063-2759,Perum,PROSES,DIBEKUKAN,0,1,,,NIPER-23468,2026-02-11,AKTIF
179904210202,758842524105648,OSS-1491778,PT MANDASARI (PERSERO) TBK,MANDASARI,GG. DR. DJUNJUNAN NO. 1,TERNATE,ID-26,00307,+62 (622) 086-3536,Firma,TERDAFTAR,DIBEKUKAN,0,1,,,NIPER-54195,2026-01-29,AKTIF
320762573169,562859169158209,OSS-1003667,PERUM GUNARTO (PERSERO) TBK,PERUM GUNA,JL. RAJIMAN NO. 99,TANGERANG SELATAN,ID-22,15893,(057) 485 8685,Firma,PROSES,DIBEKUKAN,1,1,API-P,87325-API,NIPER-74433,2026-02-05,AKTIF
612047176970,339445402372397,OSS-2821801,CV PUSPITA TBK,PUSPITA TB,JALAN STASIUN WONOKROMO NO. 522,AMBON,ID-10,97763,080 136 8465,Perum,TERDAFTAR,TIDAK AKTIF,1,1,API-P,84106-API,NIPER-92276,2026-02-11,AKTIF
676738209746,191779876829968,OSS-7225893,PT YUNIAR NASYIDAH TBK,YUNIAR NAS,JALAN MEDOKAN AYU NO. 504,SURABAYA,ID-80,66957,+62-001-248-2554,Firma,TERDAFTAR,TIDAK AKTIF,0,1,,,NIPER-42867,2026-02-02,AKTIF
266764648158,866098950686460,OSS-9872107,PERUM TAMPUBOLON HARTATI,PERUM TAMP,JL. BANGKA RAYA NO. 128,PARIAMAN,ID-65,96965,(0108) 414-5438,Firma,TERDAFTAR,AKTIF,0,1,,,NIPER-40412,2026-01-10,AKTIF
908964353820,187767129441153,OSS-0912707,PD WACANA NUGROHO,PD WACANA,JALAN YOS SUDARSO NO. 447,SALATIGA,ID-67,74507,+62 (062) 392 5265,Perum,TERDAFTAR,DIBEKUKAN,0,1,,,NIPER-55757,2026-01-21,AKTIF
881598811965,894562312189145,OSS-8868423,CV NARPATI MEGANTARA,NARPATI ME,GANG KH AMIN JASUTA NO. 306,SORONG,ID-61,13215,0814634639,PT,DISAHKAN,DIBEKUKAN,0,1,,,NIPER-30253,2026-02-14,AKTIF
223422641014,423056657760612,OSS-5174342,NAMAGA,NAMAGA,JL. AHMAD YANI NO. 316,KOTA ADMINISTRASI JAKARTA SELATAN,ID-30,68026,0874851176,PT,PROSES,AKTIF,1,0,API-P,61247-API,,2026-01-23,AKTIF
918272496530,653386660835578,OSS-2100946,CV DABUKKE,DABUKKE,GANG YOS SUDARSO NO. 6,TEBINGTINGGI,ID-14,78128,+62 (0871) 427-9364,Firma,PROSES,TIDAK AKTIF,0,1,,,NIPER-89473,2026-01-11,AKTIF
646468765536,648399228840342,OSS-0822170,NURDIYANTI WIBOWO (PERSERO) TBK,NURDIYANTI,JL. KH AMIN JASUTA NO. 2,TOMOHON,ID-60,87451,+62 (03) 373 3255,PT,DISAHKAN,DIBEKUKAN,1,1,API-P,93260-API,NIPER-91968,2026-01-04,AKTIF
310343136773,752299982698594,OSS-6162150,PD ASTUTI HAKIM,PD ASTUTI,JALAN SADANG SERANG NO. 165,PRABUMULIH,ID-94,47712,(041) 473-7323,CV,DISAHKAN,TIDAK AKTIF,0,1,,,NIPER-29317,2026-01-27,AKTIF
826899008441,455325815016109,OSS-9331476,PERUM SAFITRI MAYASARI TBK,PERUM SAFI,GG. H.J MAEMUNAH NO. 866,KOTA ADMINISTRASI JAKARTA PUSAT,ID-91,81743,+62-95-328-5950,PT,DISAHKAN,DIBEKUKAN,1,1,API-P,04586-API,NIPER-04145,2026-02-12,AKTIF
219069601921,836232873745756,OSS-0451613,UD PRASTUTI SALAHUDIN,UD PRASTUT,JL. LASWI NO. 21,PEKALONGAN,ID-19,77136,(0601) 762 0708,Firma,PROSES,TIDAK AKTIF,1,0,API-U,68741-API,,2026-01-21,AKTIF
555309468004,004248120078655,OSS-0344536,UD HUTAPEA TBK,UD HUTAPEA,GANG SURAPATI NO. 515,SURAKARTA,ID-63,77626,085 405 8489,Perum,TERDAFTAR,TIDAK AKTIF,1,0,API-P,81420-API,,2026-02-05,AKTIF
748610930047,175580611503858,OSS-4684381,ARDIANTO,ARDIANTO,GG. DR. DJUNJUNAN NO. 065,TASIKMALAYA,ID-81,75987,(0958) 853-0962,Firma,PROSES,TIDAK AKTIF,1,1,API-U,09722-API,NIPER-70842,2026-02-23,AKTIF
328815722263,417878486095444,OSS-9755530,UD RAHMAWATI MARBUN TBK,UD RAHMAWA,JALAN KENDALSARI NO. 819,MEDAN,ID-20,14451,+62 (040) 483 5738,Firma,DISAHKAN,AKTIF,0,1,,,NIPER-27571,2026-01-19,AKTIF
690794360797,916594104787961,OSS-4021213,UD USADA SUARTINI,UD USADA S,GANG K.H. WAHID HASYIM NO. 1,KEDIRI,ID-57,38915,+62 (0228) 890 8109,Firma,PROSES,TIDAK AKTIF,1,1,API-U,44710-API,NIPER-67163,2026-02-28,AKTIF
756125260219,110689153464194,OSS-4397823,UD HAKIM UTAMA,UD HAKIM U,GANG JAKARTA NO. 35,PEKALONGAN,ID-99,42135,+62-91-714-7973,PT,PROSES,AKTIF,1,1,API-U,15708-API,NIPER-38558,2026-01-20,AKTIF
563276055814,553747245941380,OSS-3639651,UD SUARTINI,UD SUARTIN,JALAN CIKAPAYANG NO. 1,TUAL,ID-10,41186,+62-324-837-4112,CV,PROSES,DIBEKUKAN,1,1,API-P,50286-API,NIPER-58741,2026-01-21,AKTIF
874086732370,984713540014346,OSS-7831962,PD NATSIR NURAINI (DUPLICATE),PD NATSIR,JL. MOCH. RAMDAN NO. 507,KOTAMOBAGU,ID-30,71254,+62 (084) 600-4759,CV,PROSES,TIDAK AKTIF,0,1,,,NIPER-31637,2026-01-02,AKTIF
440027489424,437936660448671,OSS-1881618,PD FARIDA YULIARTI (DUPLICATE),PD FARIDA,GANG RAWAMANGUN NO. 96,PEMATANGSIANTAR,ID-10,52733,+62 (088) 156-7541,Firma,TERDAFTAR,TIDAK AKTIF,0,0,,,,2026-02-01,AKTIF
117851259272,916942229253841,OSS-8757617,UD WASTUTI LAKSITA (PERSERO) TBK,UD WASTUTI,GANG M.T HARYONO NO. 3,PALANGKARAYA,ID-84,79833,+62 (0083) 378-3615,Firma,TERDAFTAR,AKTIF,0,1,,,NIPER-92668,2026-02-19,AKTIF
769749956412,203103037236831,OSS-4727601,CV HANDAYANI LAKSITA,HANDAYANI,GG. INDRAGIRI NO. 349,BANJARBARU,ID-46,01667,0840767899,Perum,PROSES,AKTIF,1,1,API-P,73080-API,NIPER-69581,2026-01-06,AKTIF
401996302881,583465768309477,OSS-7515084,UD MAULANA (PERSERO) TBK,UD MAULANA,JALAN SOEKARNO HATTA NO. 409,SEMARANG,ID-77,83937,+62-0345-956-7829,Firma,TERDAFTAR,AKTIF,0,1,,,NIPER-52233,2026-02-25,AKTIF
934639320180,096966368485035,OSS-7615216,CV ANGGRIAWAN TBK,ANGGRIAWAN,JALAN SADANG SERANG NO. 752,BANDAR LAMPUNG,ID-19,65291,+62-030-662-9834,Perum,DISAHKAN,DIBEKUKAN,0,1,,,NIPER-54613,2026-01-29,AKTIF
256734214267,748711057730858,OSS-2430558,PERUM WIJAYA,PERUM WIJA,GG. PETA NO. 659,MEDAN,ID-30,07562,(092) 268 4209,Firma,TERDAFTAR,DIBEKUKAN,1,0,API-P,22136-API,,2026-02-13,AKTIF
996318871879,882351960958605,OSS-0558147,CV NASHIRUDDIN,NASHIRUDDI,GG. RONGGOWARSITO NO. 38,SAWAHLUNTO,ID-49,58849,+62-028-910-4110,PT,DISAHKAN,TIDAK AKTIF,1,0,API-P,97929-API,,2026-02-02,AKTIF
728072009015,466807978425539,OSS-6116847,UD ARDIANTO,UD ARDIANT,JALAN PETA NO. 5,LANGSA,ID-44,96453,(0573) 942-6610,PT,TERDAFTAR,TIDAK AKTIF,1,0,API-U,99583-API,,2026-01-16,AKTIF
625177686751,892362992290073,OSS-0337795,PT SUDIATI (PERSERO) TBK,SUDIATI (P,GANG KENDALSARI NO. 67,PALEMBANG,ID-61,75048,(009) 174 0093,PT,PROSES,TIDAK AKTIF,1,0,API-P,02151-API,,2026-01-15,AKTIF
935385824068,588938135246247,OSS-0217702,CV PALASTRI (PERSERO) TBK,PALASTRI (,GANG KUTAI NO. 099,SURABAYA,ID-82,08969,+62 (825) 174-9145,Perum,PROSES,AKTIF,0,0,,,,2026-02-11,AKTIF
380089457629,411292661152559,OSS-1935920,PD TAMBA TBK,PD TAMBA T,GG. KIARACONDONG NO. 42,KOTA ADMINISTRASI JAKARTA BARAT,ID-54,75743,(067) 801 2531,Perum,PROSES,AKTIF,1,0,API-P,88947-API,,2026-01-09,AKTIF
273480400064,442388870952507,OSS-5362307,PT MAULANA,MAULANA,JL. PASTEUR NO. 1,CILEGON,ID-24,68952,0896405528,CV,TERDAFTAR,DIBEKUKAN,1,0,API-P,09342-API,,2026-01-25,AKTIF
093925070898,603058013373707,OSS-3341628,PD SAPTONO (PERSERO) TBK,PD SAPTONO,GANG KIARACONDONG NO. 80,PURWOKERTO,ID-71,43831,+62 (0147) 294-1035,Firma,DISAHKAN,DIBEKUKAN,1,0,API-P,18555-API,,2026-01-13,AKTIF
818276243404,583446112789567,OSS-5385919,CV MARYATI,MARYATI,GG. ANTAPANI LAMA NO. 347,PADANG SIDEMPUAN,ID-13,92903,+62 (059) 738 4803,CV,DISAHKAN,TIDAK AKTIF,1,1,API-U,21621-API,NIPER-59759,2026-01-26,AKTIF
038085116733,213289494363859,OSS-4241838,UD PRABOWO,UD PRABOWO,GANG ABDUL MUIS NO. 6,BENGKULU,ID-87,63183,(047) 462 1982,CV,DISAHKAN,AKTIF,1,0,API-P,87199-API,,2026-01-24,AKTIF
732946012884,529693389472697,OSS-0727908,CV PUTRA YOLANDA (PERSERO) TBK (DUPLICATE),PUTRA YOLA,GANG TEBET BARAT DALAM NO. 07,TANJUNGBALAI,ID-56,55899,+62 (035) 466-5228,Perum,DISAHKAN,AKTIF,1,0,API-U,97533-API,,2026-01-14,AKTIF
432041632250,928702715136679,OSS-2326309,ZULKARNAIN WASKITA,ZULKARNAIN,GANG KH AMIN JASUTA NO. 76,SUBULUSSALAM,ID-87,97598,+62-0071-093-3042,CV,TERDAFTAR,TIDAK AKTIF,0,1,,,NIPER-91555,2026-01-15,AKTIF
435000588156,892317618405221,OSS-6056004,CV PANGESTU LAZUARDI TBK,PANGESTU L,GANG KUTISARI SELATAN NO. 9,KOTA ADMINISTRASI JAKARTA UTARA,ID-35,17170,(065) 422 9317,CV,DISAHKAN,TIDAK AKTIF,1,1,API-U,82739-API,NIPER-58693,2026-03-02,AKTIF
831445515968,465083127670492,OSS-9416519,PT NAINGGOLAN TARIHORAN,NAINGGOLAN,GANG H.J MAEMUNAH NO. 3,PALEMBANG,ID-81,94257,+62-029-496-5432,PT,PROSES,TIDAK AKTIF,0,1,,,NIPER-43460,2026-01-01,AKTIF
945434138918,748107439121506,OSS-9428039,PD RAMADAN (PERSERO) TBK,PD RAMADAN,JL. KEBONJATI NO. 6,BANDAR LAMPUNG,ID-23,96924,080 914 8438,CV,PROSES,DIBEKUKAN,1,1,API-U,58452-API,NIPER-43068,2026-01-09,AKTIF
525400351889,345764947897926,OSS-9116164,PD WIJAYA WINARSIH (PERSERO) TBK,PD WIJAYA,GANG MERDEKA NO. 1,SERANG,ID-28,87682,+62 (0584) 851-6626,Firma,TERDAFTAR,TIDAK AKTIF,1,1,API-P,35754-API,NIPER-84524,2026-01-10,AKTIF
633781582991,786404441286473,OSS-7504354,PD SIHOMBING,PD SIHOMBI,GG. M.H THAMRIN NO. 87,BATU,ID-49,58990,(0512) 051 7525,Perum,TERDAFTAR,DIBEKUKAN,1,0,API-U,33286-API,,2026-02-07,AKTIF
289728454018,227200283948232,OSS-2041447,CV MUSTOFA (PERSERO) TBK,MUSTOFA (P,GANG JOYOBOYO NO. 3,TANGERANG,ID-29,02030,+62 (0232) 277 5213,Perum,PROSES,DIBEKUKAN,0,1,,,NIPER-53028,2026-01-24,AKTIF
862378577171,219993917670700,OSS-2279624,UD NAJMUDIN TBK,UD NAJMUDI,JL. ANTAPANI LAMA NO. 987,PADANGPANJANG,ID-27,65949,+62 (086) 849 8749,CV,PROSES,TIDAK AKTIF,0,1,,,NIPER-32039,2026-02-23,AKTIF
634837323014,646750380954185,OSS-2039710,PT SAEFULLAH,SAEFULLAH,JL. BKR NO. 09,SAWAHLUNTO,ID-54,40960,+62-087-684-8655,CV,DISAHKAN,TIDAK AKTIF,0,1,,,NIPER-84225,2026-02-04,AKTIF
346954495060,958062745669839,OSS-8590742,PT SAMOSIR (PERSERO) TBK,SAMOSIR (P,GANG ERLANGGA NO. 7,CIREBON,ID-91,38476,(091) 953 0164,PT,TERDAFTAR,TIDAK AKTIF,0,1,,,NIPER-72861,2026-01-18,AKTIF
000534749162,475541108255598,OSS-9534396,MUSTOFA,MUSTOFA,JL. KEBONJATI NO. 7,BATU,ID-19,47382,+62-023-684-8557,CV,TERDAFTAR,DIBEKUKAN,0,1,,,NIPER-16176,2026-02-16,AKTIF
609295482694,730379385040838,OSS-9353492,CV WINARNO LATUPONO,WINARNO LA,JALAN SUNIARAJA NO. 98,SEMARANG,ID-20,24977,(038) 610-0753,Perum,DISAHKAN,AKTIF,0,1,,,NIPER-25700,2026-01-12,AKTIF
745021453115,974978664391326,OSS-1455092,UD ADRIANSYAH (PERSERO) TBK,UD ADRIANS,JALAN IR. H. DJUANDA NO. 1,PROBOLINGGO,ID-20,09526,+62-627-422-5853,Firma,PROSES,DIBEKUKAN,1,1,API-U,96350-API,NIPER-29983,2026-02-28,AKTIF
470521947698,332821175749903,OSS-6042632,NABABAN TBK,NABABAN TB,GANG MOCH. TOHA NO. 9,TANJUNGBALAI,ID-29,81159,081 919 1553,PT,TERDAFTAR,AKTIF,0,0,,,,2026-01-05,AKTIF
734815391221,904360569043644,OSS-4694421,ZULKARNAIN,ZULKARNAIN,JL. SILIWANGI NO. 032,SORONG,ID-40,51871,+62-040-446-4638,Firma,PROSES,TIDAK AKTIF,1,1,API-P,98922-API,NIPER-84014,2026-02-09,AKTIF
293392688891,920603849925717,OSS-0015806,CV SUARTINI (DUPLICATE),SUARTINI,GG. PELAJAR PEJUANG NO. 3,TANGERANG,ID-26,04353,+62 (77) 373-9277,Firma,TERDAFTAR,TIDAK AKTIF,1,0,API-U,39543-API,,2026-01-05,AKTIF
380823112323,009814169878184,OSS-5567289,PD WAHYUNI NAINGGOLAN (PERSERO) TBK,PD WAHYUNI,JALAN JEND. SUDIRMAN NO. 98,METRO,ID-48,62861,+62 (022) 921-9269,CV,DISAHKAN,AKTIF,1,1,API-U,45515-API,NIPER-68800,2026-02-15,AKTIF
618241800282,423502327725551,OSS-2637658,PD RAJASA HABIBI,PD RAJASA,JALAN SENTOT ALIBASA NO. 95,PAGARALAM,ID-27,47949,+62 (808) 194 4757,Perum,PROSES,DIBEKUKAN,1,1,API-U,65018-API,NIPER-08473,2026-02-13,AKTIF
789562354351,290458963859524,OSS-0500451,PD YUNIAR,PD YUNIAR,JALAN SOEKARNO HATTA NO. 8,SAWAHLUNTO,ID-51,92439,081 588 3225,Perum,TERDAFTAR,TIDAK AKTIF,0,0,,,,2026-01-19,AKTIF
045030834911,647649273868133,OSS-7227818,UD SITUMORANG,UD SITUMOR,GG. S. PARMAN NO. 3,CIREBON,ID-14,36716,+62-033-841-7876,CV,TERDAFTAR,TIDAK AKTIF,0,0,,,,2026-01-13,AKTIF
900666322581,602237799450549,OSS-5222498,PD SAFITRI YULIANTI TBK,PD SAFITRI,JL. SILIWANGI NO. 8,SALATIGA,ID-86,77513,+62-93-732-9729,Firma,PROSES,AKTIF,0,0,,,,2026-01-19,AKTIF
943747506368,539928636934115,OSS-2564165,PD SIHOMBING,PD SIHOMBI,JL. SENTOT ALIBASA NO. 06,MEDAN,ID-74,48268,+62 (72) 563-9300,PT,PROSES,AKTIF,1,1,API-P,92241-API,NIPER-17715,2026-01-17,AKTIF
332918553373,120743562547751,OSS-4564763,CV WULANDARI SIHOMBING,WULANDARI,GG. DR. DJUNJUNAN NO. 65,BITUNG,ID-96,01206,(044) 637 0303,PT,DISAHKAN,AKTIF,1,0,API-P,48379-API,,2026-01-10,AKTIF
325638440911,574060972960077,OSS-2354076,PD SAMOSIR PRASTUTI TBK,PD SAMOSIR,JALAN S. PARMAN NO. 5,BANJARBARU,ID-37,89107,+62-073-694-3723,PT,TERDAFTAR,DIBEKUKAN,1,1,API-U,42987-API,NIPER-44252,2026-01-01,AKTIF
180377763635,277219502915507,OSS-1843336,PT JAILANI PURNAWATI TBK,JAILANI PU,GG. LEMBONG NO. 752,KOTAMOBAGU,ID-26,05882,+62-35-981-7732,Perum,TERDAFTAR,DIBEKUKAN,0,0,,,,2026-02-10,AKTIF
610329353472,542714564681472,OSS-4877774,PD NAJMUDIN PRATAMA,PD NAJMUDI,JALAN S. PARMAN NO. 79,PALEMBANG,ID-70,08671,+62-0709-100-4955,Firma,PROSES,AKTIF,0,0,,,,2026-02-12,AKTIF
105585633525,674270437988243,OSS-8315537,PERUM MARYATI BUDIYANTO TBK,PERUM MARY,GG. SOEKARNO HATTA NO. 1,MEDAN,ID-42,56019,+62 (0281) 732-6707,Perum,TERDAFTAR,DIBEKUKAN,1,0,API-U,39464-API,,2026-01-16,AKTIF
162796365129,555100510819484,OSS-2262300,PD ANGGRIAWAN HARTATI,PD ANGGRIA,JL. RAYA UJUNGBERUNG NO. 283,TARAKAN,ID-57,42437,+62 (391) 692 8091,Perum,DISAHKAN,AKTIF,1,0,API-P,66316-API,,2026-01-03,AKTIF
304656258743,678178373220577,OSS-6604091,PT NURDIYANTI HARDIANSYAH TBK,NURDIYANTI,GANG KUTAI NO. 715,BOGOR,ID-78,50731,(080) 748 8828,CV,PROSES,TIDAK AKTIF,1,1,API-P,40178-API,NIPER-54479,2026-02-15,AKTIF
607868678504,939571700030824,OSS-4388987,PERUM WINARSIH HUTAGALUNG TBK,PERUM WINA,GG. ANTAPANI LAMA NO. 808,MOJOKERTO,ID-76,93652,+62 (0421) 961 7658,PT,DISAHKAN,DIBEKUKAN,1,0,API-U,92483-API,,2026-01-31,AKTIF
734011499747,547377049909678,OSS-1945659,PD PRADIPTA SURYATMI TBK,PD PRADIPT,JL. PASIR KOJA NO. 573,PROBOLINGGO,ID-87,08041,(0569) 430-7218,PT,PROSES,AKTIF,0,1,,,NIPER-87716,2026-01-27,AKTIF
947614406540,828130036486014,OSS-5200391,HARTATI PERMADI (PERSERO) TBK,HARTATI PE,JALAN WARINGIN NO. 527,GORONTALO,ID-10,50539,(076) 047-8669,PT,TERDAFTAR,DIBEKUKAN,1,0,API-P,32772-API,,2026-01-28,AKTIF
174527353642,357004129182851,OSS-8161255,UD WIDIASTUTI,UD WIDIAST,JL. CIKUTRA BARAT NO. 92,BANJARMASIN,ID-61,66001,+62 (83) 827 1012,Perum,DISAHKAN,DIBEKUKAN,0,0,,,,2026-01-31,AKTIF
563135191323,642072406497647,OSS-7311712,YULIARTI (PERSERO) TBK,YULIARTI (,GANG R.E MARTADINATA NO. 9,PROBOLINGGO,ID-89,24313,087 216 7715,Firma,PROSES,TIDAK AKTIF,0,1,,,NIPER-00921,2026-01-08,AKTIF
849790444760,166659841981148,OSS-3874068,UD NOVITASARI TBK,UD NOVITAS,JALAN ABDUL MUIS NO. 7,PALEMBANG,ID-21,01923,083 973 0680,CV,DISAHKAN,TIDAK AKTIF,1,0,API-P,94803-API,,2026-01-11,AKTIF
536624805035,956056353060041,OSS-0664950,PERUM HIDAYAT (PERSERO) TBK,PERUM HIDA,GG. SURAPATI NO. 18,MOJOKERTO,ID-34,94954,+62-29-157-5347,Firma,DISAHKAN,AKTIF,1,0,API-P,02054-API,,2026-01-26,AKTIF
228150557795,017239070274744,OSS-1816424,PD NAJMUDIN,PD NAJMUDI,GG. AHMAD YANI NO. 5,KOTA ADMINISTRASI JAKARTA PUSAT,ID-57,98030,+62-211-383-0322,PT,DISAHKAN,AKTIF,0,1,,,NIPER-46778,2026-02-01,AKTIF
635920934387,642542380881826,OSS-5638815,CV KUSWOYO (PERSERO) TBK,KUSWOYO (P,GANG STASIUN WONOKROMO NO. 71,SAWAHLUNTO,ID-85,31149,+62-007-018-1790,Perum,DISAHKAN,TIDAK AKTIF,1,1,API-U,33446-API,NIPER-85043,2026-01-15,AKTIF
834809854487,890483346586726,OSS-0213180,PD AGUSTINA SALAHUDIN (PERSERO) TBK,PD AGUSTIN,GANG MERDEKA NO. 0,TEBINGTINGGI,ID-62,37825,+62-0712-688-7041,Firma,TERDAFTAR,TIDAK AKTIF,1,1,API-U,55781-API,NIPER-37314,2026-01-01,AKTIF
642930757125,338766715531230,OSS-8788877,PT WAHYUNI HALIMAH (PERSERO) TBK,WAHYUNI HA,GG. OTTO ISKANDARDINATA NO. 48,PALOPO,ID-72,93463,(080) 568-4968,Firma,DISAHKAN,DIBEKUKAN,0,1,,,NIPER-70191,2026-02-20,AKTIF
728602773054,639998916190581,OSS-1337974,PT ISWAHYUDI GUNAWAN,ISWAHYUDI,JL. MONGINSIDI NO. 9,BONTANG,ID-63,09088,+62-0759-702-6353,CV,TERDAFTAR,AKTIF,1,1,API-P,71775-API,NIPER-01396,2026-01-31,AKTIF
819236534606,056035679327986,OSS-2398471,PERUM DABUKKE AGUSTINA (PERSERO) TBK,PERUM DABU,JL. SOEKARNO HATTA NO. 64,SUNGAI PENUH,ID-64,48954,(0876) 989-9927,PT,DISAHKAN,DIBEKUKAN,1,0,API-U,51758-API,,2026-02-04,AKTIF
715757895411,874060193635223,OSS-5255138,CV AGUSTINA WACANA TBK,AGUSTINA W,GANG PACUAN KUDA NO. 84,SURAKARTA,ID-34,01913,(033) 167-9477,Firma,DISAHKAN,DIBEKUKAN,0,1,,,NIPER-07683,2026-01-10,AKTIF
525534192832,764835030564139,OSS-5376724,CV PURWANTI NASYIAH,PURWANTI N,GANG SILIWANGI NO. 287,TOMOHON,ID-85,12269,+62 (066) 978 4801,Perum,TERDAFTAR,AKTIF,0,1,,,,2026-01-06,DICABUT
392086780856,271875003691559,OSS-4284347,UD NASHIRUDDIN TBK,UD NASHIRU,GG. SOEKARNO HATTA NO. 64,DENPASAR,ID-18,93143,0866322702,Perum,DISAHKAN,TIDAK AKTIF,0,0,,,,2026-02-04,AKTIF
934056614108,507041894625186,OSS-1765321,PD DONGORAN TBK,PD DONGORA,JL. STASIUN WONOKROMO NO. 122,BATU,ID-85,47080,(013) 234 6936,Firma,PROSES,TIDAK AKTIF,1,0,API-U,06454-API,,2026-02-23,AKTIF
774634716662,507862283076375,OSS-1217616,PERUM NASYIAH TBK,PERUM NASY,JL. CIKUTRA TIMUR NO. 660,KOTA ADMINISTRASI JAKARTA SELATAN,ID-36,95571,+62 (01) 001-7483,Perum,PROSES,DIBEKUKAN,1,1,API-U,31906-API,NIPER-96189,2026-01-08,AKTIF
466234496227,876187057081091,OSS-3434296,UD PRABOWO KUSWOYO (PERSERO) TBK,UD PRABOWO,JALAN AHMAD DAHLAN NO. 164,BANJARBARU,ID-47,09098,(0869) 728 0995,CV,PROSES,AKTIF,1,0,API-U,78101-API,,2026-02-08,AKTIF
671231678239,061207085019339,OSS-7444896,PD SARAGIH MELANI (PERSERO) TBK,PD SARAGIH,GG. JAYAWIJAYA NO. 758,MAGELANG,ID-74,03579,+62 (082) 251 3435,CV,DISAHKAN,DIBEKUKAN,0,1,,,NIPER-78329,2026-01-29,AKTIF
573255481809,376976786518519,OSS-1616294,UD PANGESTU,UD PANGEST,GANG CEMPAKA NO. 88,MEDAN,ID-78,01364,+62-016-162-5021,PT,PROSES,DIBEKUKAN,0,0,,,,2026-02-09,AKTIF
107603108907,140140119393250,OSS-1249552,PERUM PURNAWATI HIDAYAT,PERUM PURN,JL. KEBONJATI NO. 28,TEBINGTINGGI,ID-82,38759,+62 (71) 256-6383,PT,PROSES,DIBEKUKAN,1,1,API-U,61517-API,NIPER-18275,2026-03-02,AKTIF
644867970955,987917046866968,OSS-8237592,CV WIDIASTUTI JAILANI (PERSERO) TBK,WIDIASTUTI,GG. GARDUJATI NO. 61,BITUNG,ID-97,11656,+62 (0924) 398-1662,PT,DISAHKAN,TIDAK AKTIF,0,1,,,NIPER-37175,2026-01-25,AKTIF
198722335259,890518761414444,OSS-7859865,PT TARIHORAN WINARNO (PERSERO) TBK,TARIHORAN,JALAN RAJIMAN NO. 02,SAMARINDA,ID-61,38307,+62 (0955) 166 9714,PT,DISAHKAN,TIDAK AKTIF,1,1,API-U,77972-API,NIPER-41309,2026-02-09,AKTIF
443771451884,476432348143698,OSS-2476536,HUTAGALUNG BUDIMAN,HUTAGALUNG,JL. MOCH. RAMDAN NO. 916,TUAL,ID-47,50379,+62 (16) 136 2364,CV,DISAHKAN,DIBEKUKAN,1,0,API-P,53242-API,,2026-01-18,AKTIF
970081018319,925078366796622,OSS-2929715,CV SUARTINI,SUARTINI,GG. RUMAH SAKIT NO. 7,PAREPARE,ID-37,69120,(069) 440-1745,PT,DISAHKAN,AKTIF,1,0,API-U,98240-API,,2026-01-02,AKTIF
364953660014,826864540607360,OSS-9567813,PERUM PANGESTU PERMATA (PERSERO) TBK,PERUM PANG,JALAN S. PARMAN NO. 155,KOTA ADMINISTRASI JAKARTA PUSAT,ID-85,28199,+62 (080) 949 1538,Firma,PROSES,DIBEKUKAN,0,1,,,NIPER-99180,2026-01-10,AKTIF
695545633525,261598268105625,OSS-0668036,CV WASITA,WASITA,JL. KUTAI NO. 0,SURABAYA,ID-67,34290,+62-04-766-9459,Perum,PROSES,TIDAK AKTIF,1,1,API-P,26808-API,NIPER-73090,2026-02-12,AKTIF
412070645399,604994086064809,OSS-0623878,CV WIJAYANTI,WIJAYANTI,GANG HOS. COKROAMINOTO NO. 5,YOGYAKARTA,ID-23,50595,(071) 783 7357,CV,TERDAFTAR,AKTIF,1,1,API-U,46771-API,NIPER-16191,2026-02-11,AKTIF
341341880917,189428337526470,OSS-9177790,PD SAFITRI FARIDA TBK,PD SAFITRI,JL. ASIA AFRIKA NO. 361,BOGOR,ID-69,10824,+62-029-073-8066,Perum,DISAHKAN,AKTIF,0,1,,,NIPER-01032,2026-01-03,AKTIF
381844675334,044011285079691,OSS-4760492,PD HIDAYAT TBK,PD HIDAYAT,JALAN MOCH. TOHA NO. 780,KOTA ADMINISTRASI JAKARTA SELATAN,ID-27,55509,+62 (445) 499 5259,PT,PROSES,DIBEKUKAN,0,0,,,,2026-02-16,AKTIF
717832005790,258236863999374,OSS-6076732,ADRIANSYAH (PERSERO) TBK,ADRIANSYAH,GG. R.E MARTADINATA NO. 5,KOTAMOBAGU,ID-49,65225,+62 (836) 323 4856,CV,DISAHKAN,AKTIF,0,1,,,NIPER-18802,2026-01-15,AKTIF
127261290621,280024967818630,OSS-3827690,PD SETIAWAN PUDJIASTUTI (PERSERO) TBK,PD SETIAWA,JALAN PHH. MUSTOFA NO. 21,SALATIGA,ID-91,38603,+62-0637-656-2330,Firma,TERDAFTAR,TIDAK AKTIF,1,1,API-P,49480-API,NIPER-04494,2026-01-03,AKTIF
945921185723,501947377962638,OSS-9654997,PERUM HUTASOIT KUSWANDARI (PERSERO) TBK,PERUM HUTA,JL. M.H THAMRIN NO. 1,BANDAR LAMPUNG,ID-34,42866,+62-062-515-7595,PT,PROSES,DIBEKUKAN,1,1,API-U,14909-API,NIPER-67108,2026-02-06,AKTIF
187237187828,268888912710013,OSS-4205003,PD MELANI TBK,PD MELANI,GG. TUBAGUS ISMAIL NO. 1,PRABUMULIH,ID-75,69634,+62-48-406-7646,PT,DISAHKAN,DIBEKUKAN,1,0,API-P,77546-API,,2026-02-13,AKTIF
712709821307,794791665921546,OSS-9844580,UD UTAMA PRAYOGA,UD UTAMA P,JALAN JEND. SUDIRMAN NO. 90,BAU-BAU,ID-96,95603,0873664168,Firma,DISAHKAN,DIBEKUKAN,1,1,API-U,95895-API,NIPER-17884,2026-02-04,AKTIF
457088559277,419448757723344,OSS-5724325,CV WASKITA SITOMPUL (PERSERO) TBK,WASKITA SI,GANG K.H. WAHID HASYIM NO. 4,DEPOK,ID-63,74726,+62 (86) 108 7672,Perum,DISAHKAN,AKTIF,0,1,,,NIPER-96722,2026-01-01,AKTIF
207346549500,507026086982210,OSS-5316117,PD NASYIAH FARIDA (PERSERO) TBK,PD NASYIAH,GANG WARINGIN NO. 25,SINGKAWANG,ID-93,77932,+62-0822-311-6491,Perum,TERDAFTAR,DIBEKUKAN,1,1,API-U,33424-API,NIPER-57988,2026-01-20,AKTIF
627702874892,823131979912306,OSS-5533517,PERUM WALUYO TBK,PERUM WALU,GANG RAJIMAN NO. 947,LANGSA,ID-17,95161,(0240) 539-4772,Firma,TERDAFTAR,DIBEKUKAN,1,1,API-P,31333-API,NIPER-61434,2026-01-22,AKTIF
886333421972,998512254836974,OSS-3656579,UD HANDAYANI (PERSERO) TBK,UD HANDAYA,GG. PASIRKOJA NO. 21,TANJUNGBALAI,ID-45,63801,+62 (78) 900-6429,CV,PROSES,DIBEKUKAN,0,1,,,NIPER-37121,2026-02-18,AKTIF
375325121564,335574032022559,OSS-2153153,PD SITUMORANG MAHENDRA,PD SITUMOR,GG. ERLANGGA NO. 487,TANGERANG SELATAN,ID-78,02601,+62 (0849) 451 9504,Perum,PROSES,DIBEKUKAN,1,0,API-U,21863-API,,2026-01-19,AKTIF
490528137294,681165354811992,OSS-8828221,PERUM MANDALA WIJAYA (DUPLICATE),PERUM MAND,JL. VETERAN NO. 45,SUNGAI PENUH,ID-57,40937,+62-084-744-0820,Firma,DISAHKAN,DIBEKUKAN,1,1,API-U,25135-API,NIPER-13066,2026-02-24,AKTIF
312237372863,748018210390389,OSS-8603084,UD FARIDA,UD FARIDA,GANG SURAPATI NO. 152,SERANG,ID-73,55340,0846908023,Perum,PROSES,AKTIF,0,1,,,NIPER-31445,2026-01-02,AKTIF
903552970965,017727338329769,OSS-1131883,PD TAMPUBOLON PUSPASARI,PD TAMPUBO,GG. MONGINSIDI NO. 816,MANADO,ID-76,76614,+62 (080) 137-4258,Perum,TERDAFTAR,DIBEKUKAN,1,1,API-U,71167-API,NIPER-14227,2026-02-11,AKTIF
914919030228,472280379524669,OSS-2581789,UD MARDHIYAH (PERSERO) TBK,UD MARDHIY,GG. SUNIARAJA NO. 76,BIMA,ID-66,06140,+62 (000) 889-8120,Perum,TERDAFTAR,TIDAK AKTIF,0,1,,,NIPER-63296,2026-02-15,AKTIF
394635718868,354737457147274,OSS-7931980,PT MAHENDRA PRAYOGA (PERSERO) TBK,MAHENDRA P,JALAN IR. H. DJUANDA NO. 1,MANADO,ID-73,23739,(0704) 145 8861,Perum,TERDAFTAR,TIDAK AKTIF,1,1,API-U,36432-API,NIPER-35906,2026-02-08,AKTIF
505149048735,975434536499610,OSS-7799772,CV MEGANTARA ARYANI,MEGANTARA,JALAN RAYA UJUNGBERUNG NO. 300,PAYAKUMBUH,ID-64,27507,(097) 693-8051,PT,PROSES,TIDAK AKTIF,0,0,,,,2026-02-24,AKTIF
722006978784,899008646752807,OSS-5420142,PERUM PADMASARI NURAINI TBK,PERUM PADM,JL. PASTEUR NO. 381,SINGKAWANG,ID-30,40545,(081) 259-4018,CV,DISAHKAN,DIBEKUKAN,0,1,,,NIPER-98053,2026-01-05,AKTIF
994342769481,609590839327891,OSS-1196975,SIHOMBING PRADIPTA (DUPLICATE),SIHOMBING,JL. AHMAD DAHLAN NO. 5,CIREBON,ID-82,57693,085 312 1703,PT,TERDAFTAR,AKTIF,0,0,,,,2026-02-11,AKTIF
207359679941,154403711858791,OSS-5856146,UD PADMASARI TBK,UD PADMASA,GG. GARDUJATI NO. 230,BANDAR LAMPUNG,ID-37,06112,+62 (0763) 032 8045,CV,DISAHKAN,DIBEKUKAN,0,0,,,,2026-02-05,AKTIF
011046472020,795591498732291,OSS-6520090,PERUM HALIM TBK,PERUM HALI,GANG ASIA AFRIKA NO. 26,PARIAMAN,ID-51,56806,(040) 021 8642,Perum,PROSES,DIBEKUKAN,0,0,,,,2026-01-31,AKTIF
431222881982,642582624486398,OSS-7715651,LAZUARDI,LAZUARDI,GG. W.R. SUPRATMAN NO. 21,DENPASAR,ID-95,09383,+62 (275) 617-1397,PT,DISAHKAN,AKTIF,0,1,,,NIPER-96727,2026-02-17,AKTIF
928102760846,324036460118869,OSS-3332580,PT MARYATI OKTAVIANI,MARYATI OK,GANG KUTISARI SELATAN NO. 0,PASURUAN,ID-11,16830,+62-675-210-1702,PT,PROSES,AKTIF,0,1,,,NIPER-85583,2026-01-09,AKTIF
717923393992,535816192036584,OSS-1075289,PT YUNIAR (DUPLICATE),YUNIAR,GG. GARDUJATI NO. 713,CIMAHI,ID-69,31688,085 116 3271,Perum,TERDAFTAR,DIBEKUKAN,1,0,API-U,54927-API,,2026-02-13,AKTIF
166516078539,033231602138999,OSS-0335495,PERUM WIBOWO KUSWOYO (PERSERO) TBK,PERUM WIBO,JL. DIPATIUKUR NO. 091,DUMAI,ID-69,03277,(0474) 697 2552,Firma,DISAHKAN,TIDAK AKTIF,0,0,,,,2026-02-03,AKTIF
047137271175,957498855829849,OSS-3306745,PD WASKITA (PERSERO) TBK,PD WASKITA,JALAN IR. H. DJUANDA NO. 3,KOTA ADMINISTRASI JAKARTA BARAT,ID-33,21885,(066) 954-1329,Perum,PROSES,TIDAK AKTIF,0,0,,,,2026-02-28,AKTIF
330055630238,509929010596788,OSS-0625291,PD PRANOWO SAPTONO (PERSERO) TBK,PD PRANOWO,JL. RONGGOWARSITO NO. 03,SAMARINDA,ID-38,17076,(0759) 577 0483,CV,TERDAFTAR,TIDAK AKTIF,1,0,API-P,21563-API,,2026-01-22,AKTIF
296177030910,476187711186728,OSS-4050449,PERUM PRATIWI,PERUM PRAT,JALAN SADANG SERANG NO. 000,SUBULUSSALAM,ID-29,89347,(0961) 692 0879,Firma,TERDAFTAR,DIBEKUKAN,1,0,API-P,65722-API,,2026-02-01,AKTIF
196129332134,952209400371775,OSS-8856274,PD WACANA,PD WACANA,JL. VETERAN NO. 2,SUNGAI PENUH,ID-35,06951,(057) 121-1860,Firma,DISAHKAN,DIBEKUKAN,0,0,,,,2026-02-27,AKTIF
273300627727,113569471267365,OSS-0733140,UD SUARTINI ANGGRIAWAN (PERSERO) TBK,UD SUARTIN,JL. BANGKA RAYA NO. 021,JAYAPURA,ID-94,90861,+62 (08) 858-3065,CV,DISAHKAN,TIDAK AKTIF,1,0,API-U,63353-API,,2026-01-16,AKTIF
170462265676,618251286823004,OSS-7868633,UD MANGUNSONG SAEFULLAH (PERSERO) TBK,UD MANGUNS,GG. KENDALSARI NO. 331,SERANG,ID-71,79030,(073) 830 2843,CV,DISAHKAN,AKTIF,1,1,API-U,95995-API,NIPER-34283,2026-01-25,AKTIF
140354406005,325897486971210,OSS-6983577,PERUM FARIDA PUSPITA,PERUM FARI,JALAN K.H. WAHID HASYIM NO. 7,PEMATANGSIANTAR,ID-18,45730,(0110) 252 9657,Firma,PROSES,TIDAK AKTIF,1,0,API-P,38733-API,,2026-01-06,AKTIF
625177686751,892362992290073,OSS-0337795,PT SUDIATI (PERSERO) TBK,SUDIATI (P,GANG RUMAH SAKIT NO. 14,PALEMBANG,ID-61,75048,(009) 174 0093,PT,PROSES,TIDAK AKTIF,1,0,API-P,02151-API,,2026-01-15,AKTIF
422123345198,354715664897102,OSS-7879964,UD PRADIPTA ANGGRIAWAN,UD PRADIPT,JL. RAYA UJUNGBERUNG NO. 34,PARIAMAN,ID-21,05584,(0988) 283-0317,CV,PROSES,AKTIF,0,1,,,NIPER-89433,2026-02-22,AKTIF
977597767380,075068233733934,OSS-7412678,UD HASSANAH HABIBI TBK,UD HASSANA,GANG SURAPATI NO. 521,GORONTALO,ID-18,13305,087 892 8802,PT,DISAHKAN,AKTIF,0,1,,,NIPER-29557,2026-02-18,AKTIF
682405912581,070627524400797,OSS-9912153,CV IRAWAN TBK,IRAWAN TBK,JALAN SURYAKENCANA NO. 46,MOJOKERTO,ID-50,77484,+62-0509-126-1110,PT,PROSES,AKTIF,0,0,,,,2026-02-01,AKTIF
288689147172,889856167997382,OSS-6676478,PERUM PRADANA (PERSERO) TBK,PERUM PRAD,JL. SURYAKENCANA NO. 61,PRABUMULIH,ID-81,18768,+62 (900) 940-9928,CV,PROSES,TIDAK AKTIF,1,1,API-P,79457-API,NIPER-09047,2026-02-28,AKTIF
798819393449,227269747924390,OSS-0900232,PERUM RAJATA SIHOMBING,PERUM RAJA,GANG JOYOBOYO NO. 11,KOTAMOBAGU,ID-61,18890,+62 (0445) 955 2477,PT,TERDAFTAR,AKTIF,0,1,,,NIPER-21102,2026-01-06,AKTIF
075907277556,170102816617754,OSS-8751724,PUDJIASTUTI BUDIMAN,PUDJIASTUT,JL. M.T HARYONO NO. 77,BANDUNG,ID-58,06343,088 477 6438,PT,TERDAFTAR,DIBEKUKAN,1,1,API-U,72613-API,NIPER-59866,2026-02-06,AKTIF
958187744992,468714469399531,OSS-5566423,MANGUNSONG TBK,MANGUNSONG,GANG KUTAI NO. 66,BITUNG,ID-15,29232,+62 (0687) 220 3733,PT,TERDAFTAR,DIBEKUKAN,0,0,,,,2026-02-11,AKTIF
764589792381,045737294271394,OSS-1379617,PERUM WIBOWO ISWAHYUDI TBK,PERUM WIBO,JALAN RUNGKUT INDUSTRI NO. 441,TUAL,ID-10,52935,+62-658-265-5101,Perum,DISAHKAN,AKTIF,0,1,,,NIPER-21380,2026-01-24,AKTIF
026137610352,331907297010338,OSS-9480373,PT ARDIANTO HUTAPEA (PERSERO) TBK,ARDIANTO H,JALAN JAKARTA NO. 08,TANJUNGPINANG,ID-55,98518,(076) 674-9513,Firma,PROSES,TIDAK AKTIF,1,1,API-U,49859-API,NIPER-82732,2026-02-26,AKTIF
919382815904,737413920887626,OSS-8860888,UD WASITA TBK,UD WASITA,GG. PACUAN KUDA NO. 974,KOTA ADMINISTRASI JAKARTA PUSAT,ID-82,68484,+62 (10) 588-5546,PT,PROSES,AKTIF,1,1,API-P,17008-API,NIPER-50940,2026-02-06,AKTIF
908193263069,937155585881356,OSS-0205093,PERUM HUTAPEA,PERUM HUTA,JL. SETIABUDHI NO. 37,SUKABUMI,ID-58,79821,+62 (42) 920 4653,Firma,TERDAFTAR,TIDAK AKTIF,0,0,,,,2026-02-13,AKTIF
149398170108,677616661999631,OSS-2100339,UD LAILASARI PUSPASARI (PERSERO) TBK,UD LAILASA,JALAN AHMAD DAHLAN NO. 699,PADANG,ID-88,51096,+62 (15) 857 0225,PT,PROSES,DIBEKUKAN,0,0,,,,2026-01-23,AKTIF
889874295841,854878164710612,OSS-5241784,PT SUWARNO (PERSERO) TBK,SUWARNO (P,GG. K.H. WAHID HASYIM NO. 1,PAREPARE,ID-46,24442,085 095 9661,Perum,DISAHKAN,DIBEKUKAN,1,1,API-U,69084-API,NIPER-67128,2026-02-13,AKTIF
117310521562,783123429926476,OSS-9650301,PT HARTATI TBK,HARTATI TB,GG. SADANG SERANG NO. 9,PALOPO,ID-11,43691,(0159) 120 4644,Perum,DISAHKAN,TIDAK AKTIF,1,0,API-U,46274-API,,2026-01-12,AKTIF
781994664667,913801148141926,OSS-0378275,MARDHIYAH PRASETYA (PERSERO) TBK,MARDHIYAH,JL. RONGGOWARSITO NO. 62,MANADO,ID-50,97917,+62 (006) 451-3047,Perum,DISAHKAN,DIBEKUKAN,0,1,,,NIPER-70666,2026-02-21,AKTIF
137119370611,341132406445339,OSS-6376210,WINARSIH LAKSITA (PERSERO) TBK,WINARSIH L,GG. KH AMIN JASUTA NO. 22,KENDARI,ID-55,65748,+62 (0492) 805-9984,Perum,PROSES,DIBEKUKAN,0,0,,,,2026-01-04,AKTIF
967347531784,164756091575415,OSS-7961428,CV SAEFULLAH MANDALA,SAEFULLAH,GG. AHMAD DAHLAN NO. 6,BUKITTINGGI,ID-83,53422,+62 (032) 868-7973,PT,PROSES,AKTIF,0,1,,,NIPER-25989,2026-01-25,AKTIF
169429989712,622727604058446,OSS-1395355,PD RAHIMAH YULIARTI (PERSERO) TBK,PD RAHIMAH,JALAN OTTO ISKANDARDINATA NO. 7,PARIAMAN,ID-39,15581,0807081481,CV,TERDAFTAR,TIDAK AKTIF,0,1,,,NIPER-19326,2026-02-20,AKTIF
261875037122,638211878564550,OSS-2812144,PERUM HASTUTI HANDAYANI,PERUM HAST,GG. VETERAN NO. 9,KUPANG,ID-41,12360,+62 (425) 749 0275,CV,DISAHKAN,TIDAK AKTIF,1,0,API-U,49580-API,,2026-01-07,AKTIF
258566146994,442359536796540,OSS-8515556,CV WINARSIH (PERSERO) TBK (DUPLICATE),WINARSIH (,GANG S. PARMAN NO. 8,PASURUAN,ID-90,38080,082 383 4088,Firma,DISAHKAN,TIDAK AKTIF,0,1,,,NIPER-76124,2026-02-08,AKTIF
277559617544,028000352124877,OSS-7935175,CV PUTRA,PUTRA,JL. K.H. WAHID HASYIM NO. 63,LANGSA,ID-39,66089,+62 (0130) 966 7754,PT,PROSES,AKTIF,1,1,API-P,84790-API,NIPER-69548,2026-01-11,AKTIF
023089122943,971501023941429,OSS-0094017,UD OKTAVIANI USADA (PERSERO) TBK,UD OKTAVIA,JL. PHH. MUSTOFA NO. 5,BINJAI,ID-35,96702,+62 (0911) 699-3478,Perum,DISAHKAN,AKTIF,0,0,,,,2026-01-16,AKTIF
604765801856,945441496739385,OSS-2580010,NOVITASARI JAILANI TBK,NOVITASARI,GG. PASIR KOJA NO. 009,BANJARMASIN,ID-92,91119,+62 (69) 212 4471,Perum,DISAHKAN,AKTIF,0,1,,,NIPER-74654,2026-01-06,AKTIF
926087882815,278730486251521,OSS-7465353,PERUM HARDIANSYAH JANUAR (PERSERO) TBK,PERUM HARD,GANG KEBONJATI NO. 46,BEKASI,ID-69,76296,+62 (043) 362 9994,Firma,DISAHKAN,TIDAK AKTIF,1,1,API-P,66450-API,NIPER-99990,2026-02-02,AKTIF
324651835914,612014079834007,OSS-7160108,PT FARIDA PERMADI,FARIDA PER,JALAN JEND. SUDIRMAN NO. 553,SINGKAWANG,ID-98,53175,+62 (86) 122 4000,PT,DISAHKAN,DIBEKUKAN,1,1,API-U,25937-API,NIPER-58183,2026-02-24,AKTIF
265982836733,295567011420886,OSS-7534152,PD ANDRIANI (PERSERO) TBK,PD ANDRIAN,JALAN VETERAN NO. 04,SINGKAWANG,ID-97,23133,+62 (0862) 884 9162,Firma,PROSES,DIBEKUKAN,1,0,API-U,25952-API,,2026-02-01,AKTIF
148460363839,687884204759835,OSS-8947706,PERUM NUGROHO NOVITASARI,PERUM NUGR,JL. H.J MAEMUNAH NO. 0,LUBUKLINGGAU,ID-71,61679,+62 (0677) 818-9863,CV,TERDAFTAR,TIDAK AKTIF,0,1,,,NIPER-61395,2026-02-08,AKTIF
777139804727,243651411053317,OSS-3115867,PD MANDASARI TBK,PD MANDASA,JL. SURYAKENCANA NO. 9,KOTA ADMINISTRASI JAKARTA BARAT,ID-12,93496,+62 (473) 475-1906,Perum,TERDAFTAR,DIBEKUKAN,1,1,API-U,98343-API,NIPER-10507,2026-01-27,AKTIF
997417969343,993276242517151,OSS-7754588,UD HASSANAH TBK,UD HASSANA,JALAN DR. DJUNJUNAN NO. 927,PROBOLINGGO,ID-91,80469,+62-50-953-4306,Perum,PROSES,TIDAK AKTIF,0,1,,,NIPER-50207,2026-02-12,AKTIF
786291581474,573744275131010,OSS-1007163,CV HIDAYANTO,HIDAYANTO,GG. VETERAN NO. 77,BATU,ID-76,32042,0870396633,Perum,DISAHKAN,DIBEKUKAN,0,0,,,,2026-02-19,AKTIF
941989219173,525274807733964,OSS-7625298,UD PURWANTI RAMADAN (DUPLICATE),UD PURWANT,GG. CIKUTRA BARAT NO. 25,PADANG,ID-48,34985,0873014800,Firma,PROSES,TIDAK AKTIF,0,1,,,NIPER-22764,2026-01-28,AKTIF
783762314701,260562926692362,OSS-0134214,PD PRADANA DABUKKE (PERSERO) TBK,PD PRADANA,JL. CIWASTRA NO. 0,BITUNG,ID-48,88535,+62 (035) 826 3747,Perum,DISAHKAN,DIBEKUKAN,0,0,,,,2026-02-21,AKTIF
602426710891,133464829606430,OSS-4337461,UD SUARTINI (PERSERO) TBK,UD SUARTIN,JL. PACUAN KUDA NO. 319,SUBULUSSALAM,ID-91,55193,(0237) 687 9993,Firma,PROSES,AKTIF,0,1,,,NIPER-08766,2026-02-06,AKTIF
943000375398,923132465986693,OSS-2784178,PD ZULKARNAIN SIREGAR,PD ZULKARN,JL. PELAJAR PEJUANG NO. 136,SURAKARTA,ID-19,65266,+62 (0267) 351-2724,CV,PROSES,AKTIF,0,1,,,NIPER-55337,2026-02-03,AKTIF
928392853870,375077279908810,OSS-9117626,PD MELANI SAFITRI,PD MELANI,JL. DIPENOGORO NO. 0,SAWAHLUNTO,ID-91,09368,+62 (134) 982 7349,CV,TERDAFTAR,AKTIF,1,1,API-P,29446-API,NIPER-43994,2026-01-10,AKTIF
973880528509,656865189024723,OSS-2388776,PERUM OKTAVIANI MARYATI,PERUM OKTA,JALAN CIKUTRA TIMUR NO. 255,PALU,ID-13,91593,+62 (064) 937 8085,Firma,DISAHKAN,DIBEKUKAN,1,0,API-P,07900-API,,2026-02-16,AKTIF
675695096016,217362373591902,OSS-6608386,CV MARDHIYAH SETIAWAN TBK,MARDHIYAH,JL. OTTO ISKANDARDINATA NO. 999,PAYAKUMBUH,ID-96,22625,(0726) 511-6597,Perum,TERDAFTAR,AKTIF,0,1,,,NIPER-50034,2026-02-01,AKTIF
076201259581,071282611364212,OSS-1976091,PERUM TARIHORAN (PERSERO) TBK,PERUM TARI,GG. WARINGIN NO. 77,TASIKMALAYA,ID-35,31803,+62 (099) 212-0295,CV,TERDAFTAR,TIDAK AKTIF,1,0,API-U,39528-API,,2026-01-28,AKTIF
733185786355,703814414448958,OSS-4646131,CV PRANOWO (DUPLICATE),PRANOWO,GANG INDRAGIRI NO. 738,TANGERANG,ID-65,89498,(0578) 542 4616,CV,PROSES,TIDAK AKTIF,0,0,,,,2026-01-30,AKTIF
331566422890,025830562677407,OSS-6601284,PD UTAMA (PERSERO) TBK,PD UTAMA (,GANG ABDUL MUIS NO. 393,BLITAR,ID-78,80807,0871060443,Perum,DISAHKAN,AKTIF,1,1,API-P,76833-API,NIPER-09824,2026-01-06,AKTIF
504483917300,865787970415742,OSS-9943215,PD UYAINAH NASYIAH (PERSERO) TBK,PD UYAINAH,JALAN CIKAPAYANG NO. 7,TERNATE,ID-50,70734,0856758499,Firma,PROSES,TIDAK AKTIF,1,0,API-U,00974-API,,2026-02-14,AKTIF
910330995993,781696978820210,OSS-4464126,UD SANTOSO RAJASA,UD SANTOSO,JALAN RUNGKUT INDUSTRI NO. 06,BANJARBARU,ID-56,59217,+62-98-865-8632,PT,TERDAFTAR,AKTIF,0,0,,,,2026-01-18,AKTIF
693294575951,021655560701464,OSS-5287434,CV PURNAWATI ADRIANSYAH (PERSERO) TBK,PURNAWATI,JALAN SURAPATI NO. 816,MAKASSAR,ID-73,08102,+62-064-511-8339,Firma,TERDAFTAR,DIBEKUKAN,1,0,API-U,87081-API,,2026-01-26,AKTIF
014133856477,106768813570232,OSS-3137944,PERUM SAFITRI,PERUM SAFI,GG. MONGINSIDI NO. 36,PAGARALAM,ID-20,19722,(093) 290 2432,Firma,PROSES,DIBEKUKAN,1,0,API-U,60566-API,,2026-02-19,AKTIF
010933339049,569587649594342,OSS-9270947,PERUM RAHAYU,PERUM RAHA,GANG PASIR KOJA NO. 031,PADANG SIDEMPUAN,ID-76,20008,0877261425,Perum,TERDAFTAR,AKTIF,1,1,API-U,02757-API,NIPER-64930,2026-01-01,AKTIF
983812477789,968827369637187,OSS-3496627,CV RAHAYU,RAHAYU,JL. JEND. A. YANI NO. 66,TOMOHON,ID-43,92592,+62 (74) 822-0808,PT,PROSES,AKTIF,1,0,API-P,19165-API,,2026-01-01,AKTIF
493917826408,344434028855991,OSS-0877175,PD ZULAIKA PRAYOGA TBK,PD ZULAIKA,JL. S. PARMAN NO. 868,CILEGON,ID-96,07386,+62 (437) 011 2699,PT,DISAHKAN,DIBEKUKAN,0,1,,,NIPER-28972,2026-01-02,AKTIF
240360127827,091760240263568,OSS-8795529,PT HAKIM,HAKIM,JL. W.R. SUPRATMAN NO. 6,BANJAR,ID-79,23878,+62 (50) 834 0017,PT,DISAHKAN,TIDAK AKTIF,1,0,API-P,04764-API,,2026-01-19,AKTIF
189568804423,504288705734654,OSS-7592291,UD JAILANI MANDALA,UD JAILANI,JL. DIPENOGORO NO. 127,MEULABOH,ID-57,53291,+62-224-136-1021,PT,DISAHKAN,DIBEKUKAN,0,0,,,,2026-01-18,AKTIF
159249691709,201776382335074,OSS-0874923,PERUM PANGESTU (PERSERO) TBK,PERUM PANG,GANG PASIRKOJA NO. 86,KENDARI,ID-70,62860,+62 (0236) 251 2697,CV,PROSES,AKTIF,0,1,,,NIPER-83468,2026-02-28,AKTIF
901390198738,752434908784561,OSS-3558012,UD PRASASTA,UD PRASAST,JALAN SUKABUMI NO. 4,TANJUNGBALAI,ID-45,30391,(003) 024-7214,Perum,TERDAFTAR,AKTIF,1,0,API-P,50140-API,,2026-03-01,AKTIF
519001775801,948804251856415,OSS-0544644,PERUM RAJASA (PERSERO) TBK,PERUM RAJA,GG. RAJAWALI TIMUR NO. 481,SIBOLGA,ID-72,03144,+62-844-197-9272,Firma,DISAHKAN,TIDAK AKTIF,0,1,,,NIPER-64780,2026-03-01,AKTIF
655049444076,634933965049627,OSS-3226261,UD MAULANA,UD MAULANA,GG. OTTO ISKANDARDINATA NO. 585,TANGERANG,ID-19,18808,(0991) 962-3419,PT,TERDAFTAR,DIBEKUKAN,1,1,API-U,96433-API,NIPER-85324,2026-02-06,AKTIF
865393185287,851671345945056,OSS-0687893,CV MANGUNSONG,MANGUNSONG,GG. PASIRKOJA NO. 615,SOLOK,ID-17,55056,+62-161-757-0818,Perum,PROSES,TIDAK AKTIF,0,0,,,,2026-03-02,AKTIF
641638828105,925121189462311,OSS-6655636,HARDIANSYAH ZULAIKA,HARDIANSYA,JL. RAYA SETIABUDHI NO. 0,MALANG,ID-26,40755,(094) 146 7359,PT,DISAHKAN,DIBEKUKAN,1,1,API-P,28396-API,NIPER-25774,2026-01-10,AKTIF
743739433458,614463366848161,OSS-2392866,CV KUSWOYO BUDIYANTO (DUPLICATE),KUSWOYO BU,GANG LEMBONG NO. 491,CILEGON,ID-40,54156,+62 (31) 127-8176,PT,DISAHKAN,AKTIF,1,0,API-U,85589-API,,2026-01-18,AKTIF
179711076857,638395037356621,OSS-3891721,UD KURNIAWAN HUTAGALUNG,UD KURNIAW,GG. TUBAGUS ISMAIL NO. 8,KOTA ADMINISTRASI JAKARTA TIMUR,ID-61,19449,+62 (084) 788-8190,PT,TERDAFTAR,AKTIF,0,1,,,NIPER-95904,2026-01-14,AKTIF
268436155368,434945625009086,OSS-0580889,UD NAMAGA,UD NAMAGA,GG. ASTANA ANYAR NO. 169,PADANGPANJANG,ID-68,90208,+62 (84) 103-1637,CV,DISAHKAN,DIBEKUKAN,0,1,,,NIPER-82789,2026-01-04,AKTIF
614987283999,219212493843089,OSS-4870605,PD SAEFULLAH MAHESWARA TBK,PD SAEFULL,JALAN MERDEKA NO. 468,LUBUKLINGGAU,ID-46,63519,+62-36-133-2541,Firma,PROSES,DIBEKUKAN,1,0,API-P,10760-API,,2026-02-25,AKTIF
702116866028,928149896569178,OSS-1548361,UD PERMADI,UD PERMADI,GG. SUKAJADI NO. 4,SEMARANG,ID-97,47430,+62-0426-784-5661,Perum,TERDAFTAR,DIBEKUKAN,1,1,API-P,15568-API,NIPER-16096,2026-01-19,AKTIF
164508629532,230724876412613,OSS-9557458,PT MAYASARI BUDIMAN TBK,MAYASARI B,GG. BKR NO. 3,KOTA ADMINISTRASI JAKARTA TIMUR,ID-21,27885,0881920696,Perum,PROSES,AKTIF,0,0,,,,2026-02-27,AKTIF
593217041924,428783620578317,OSS-2900884,UD HASANAH NAPITUPULU (PERSERO) TBK,UD HASANAH,JL. SURAPATI NO. 2,YOGYAKARTA,ID-53,65745,(097) 214 7917,CV,PROSES,TIDAK AKTIF,1,1,API-P,50748-API,NIPER-75788,2026-01-24,AKTIF
601600345606,288466645257253,OSS-8000854,MAHESWARA,MAHESWARA,GG. GARDUJATI NO. 1,BENGKULU,ID-85,01428,+62-47-593-4933,Firma,PROSES,TIDAK AKTIF,0,0,,,,2026-01-09,AKTIF
079431951348,272487377536843,OSS-5608687,PT FIRMANSYAH SITOMPUL (DUPLICATE),FIRMANSYAH,GG. BKR NO. 585,BATU,ID-97,57364,+62 (0517) 209 7089,CV,TERDAFTAR,DIBEKUKAN,0,0,,,,2026-01-07,AKTIF
951858976811,655089149087699,OSS-1574800,PERUM WINARSIH TBK,PERUM WINA,JL. SUKABUMI NO. 82,KOTA ADMINISTRASI JAKARTA PUSAT,ID-53,93427,+62 (0978) 475 2281,CV,PROSES,AKTIF,0,0,,,,2026-02-06,AKTIF
962914597736,609859198174736,OSS-6539788,PERUM HARTATI TBK,PERUM HART,GANG GARDUJATI NO. 198,KOTA ADMINISTRASI JAKARTA SELATAN,ID-59,96163,+62 (257) 477 7437,PT,TERDAFTAR,AKTIF,0,0,,,,2026-01-31,AKTIF
364499514370,434249162631777,OSS-4422212,CV YULIARTI (PERSERO) TBK,YULIARTI (,JL. OTTO ISKANDARDINATA NO. 9,KEDIRI,ID-98,73175,+62 (002) 958-3850,Firma,DISAHKAN,DIBEKUKAN,0,1,,,NIPER-83327,2026-02-24,AKTIF
731135124025,274815882421918,OSS-9914001,UD AGUSTINA MANULLANG (PERSERO) TBK,UD AGUSTIN,GG. CIKUTRA BARAT NO. 2,SEMARANG,ID-44,89225,(0823) 316-4610,Perum,TERDAFTAR,AKTIF,1,0,API-U,60466-API,,2026-02-25,AKTIF
166731682119,419281839960044,OSS-9721107,UD HASTUTI ANGGRIAWAN,UD HASTUTI,JL. CIKAPAYANG NO. 53,GORONTALO,ID-76,24687,(054) 530 7074,PT,DISAHKAN,DIBEKUKAN,1,0,API-U,49932-API,,2026-01-28,AKTIF
602290119703,315045184105267,OSS-8345460,YULIARTI TBK,YULIARTI T,JL. JEND. SUDIRMAN NO. 608,TANGERANG,ID-68,56823,+62 (758) 529-1011,Firma,TERDAFTAR,DIBEKUKAN,1,1,API-U,57801-API,NIPER-02842,2026-01-29,AKTIF
252210407843,206700400529707,OSS-7858753,UD WIBISONO HASANAH,UD WIBISON,GG. CIHAMPELAS NO. 8,SINGKAWANG,ID-81,68920,(0304) 764 7458,Firma,TERDAFTAR,AKTIF,0,0,,,,2026-02-02,AKTIF
992553946074,299074729669417,OSS-9967080,UD ZULAIKA MANDASARI TBK,UD ZULAIKA,GANG PELAJAR PEJUANG NO. 839,BINJAI,ID-57,73478,+62 (369) 881 6498,PT,PROSES,DIBEKUKAN,0,1,,,NIPER-04450,2026-02-23,AKTIF
009438822114,577584745705458,OSS-9714802,CV WAHYUNI MEGANTARA TBK (DUPLICATE),WAHYUNI ME,JL. JOYOBOYO NO. 6,GORONTALO,ID-20,36148,(0824) 556 9644,Firma,PROSES,AKTIF,1,0,API-U,30985-API,,2026-01-09,AKTIF
770734834486,627215296236417,OSS-0773963,CV WAHYUNI BUDIMAN TBK,WAHYUNI BU,GG. ASIA AFRIKA NO. 1,KEDIRI,ID-94,14005,(025) 302 6712,Firma,PROSES,AKTIF,1,1,API-P,53799-API,NIPER-69344,2026-02-21,AKTIF
576224314766,709659758358677,OSS-2973096,UD OKTAVIANI (PERSERO) TBK,UD OKTAVIA,GG. KENDALSARI NO. 18,KOTA ADMINISTRASI JAKARTA UTARA,ID-38,54691,+62 (088) 323 7544,Firma,DISAHKAN,AKTIF,1,1,API-P,84058-API,NIPER-65575,2026-01-03,AKTIF
474367171396,743786838105132,OSS-9807622,PD MAYASARI,PD MAYASAR,GANG S. PARMAN NO. 6,KOTA ADMINISTRASI JAKARTA UTARA,ID-10,64109,+62 (0578) 917 8034,CV,PROSES,DIBEKUKAN,0,0,,,,2026-02-26,AKTIF
230389428099,355777715303289,OSS-0961264,HARYANTO NARPATI,HARYANTO N,JALAN W.R. SUPRATMAN NO. 886,SUBULUSSALAM,ID-42,82503,+62-0247-652-5703,CV,PROSES,TIDAK AKTIF,0,1,,,NIPER-27627,2026-02-08,AKTIF
742842771165,827308574552826,OSS-1308393,CV PRANOWO NARPATI TBK (DUPLICATE),PRANOWO NA,JL. RAYA UJUNGBERUNG NO. 854,PALEMBANG,ID-45,80217,+62 (28) 211 6765,Perum,DISAHKAN,AKTIF,0,1,,,NIPER-65417,2026-02-06,AKTIF
616566424774,096886531284108,OSS-4448419,UD BUDIYANTO,UD BUDIYAN,JALAN R.E MARTADINATA NO. 4,KOTAMOBAGU,ID-93,38902,(040) 089-4662,Perum,DISAHKAN,AKTIF,1,0,API-U,44067-API,,2026-01-08,AKTIF
942664998754,581990019416755,OSS-7031022,CV HUTAGALUNG TBK,HUTAGALUNG,GANG LEMBONG NO. 004,TANGERANG SELATAN,ID-10,75026,(0799) 594 0343,Firma,TERDAFTAR,AKTIF,0,1,,,NIPER-77452,2026-02-27,AKTIF
653661450181,878503743612514,OSS-2618912,SIMBOLON (PERSERO) TBK,SIMBOLON (,JL. SURYAKENCANA NO. 9,JAMBI,ID-50,30060,+62-0289-795-7377,Perum,DISAHKAN,DIBEKUKAN,0,1,,,NIPER-56410,2026-01-09,AKTIF
164229500722,725115153647731,OSS-3513360,PERUM NASHIRUDDIN MUSTOFA TBK,PERUM NASH,GANG RAYA SETIABUDHI NO. 92,TEBINGTINGGI,ID-89,80549,082 098 1085,PT,DISAHKAN,AKTIF,0,0,,,,2026-01-01,AKTIF
927305593194,260218129957858,OSS-9001678,PD PUTRA,PD PUTRA,JALAN MERDEKA NO. 1,PAREPARE,ID-46,84016,0889727485,CV,TERDAFTAR,TIDAK AKTIF,0,1,,,NIPER-61366,2026-01-18,AKTIF
309019134680,036915542602676,OSS-1518193,PT WIDIASTUTI HARDIANSYAH,WIDIASTUTI,GG. ERLANGGA NO. 65,JAMBI,ID-12,63812,0886149809,Perum,PROSES,TIDAK AKTIF,0,1,,,NIPER-24898,2026-03-02,AKTIF
476149434050,136819457545235,OSS-5897295,PT TAMPUBOLON TBK,TAMPUBOLON,JALAN DIPENOGORO NO. 871,LHOKSEUMAWE,ID-37,99229,+62-466-297-2548,PT,DISAHKAN,DIBEKUKAN,0,0,,,,2026-02-03,AKTIF
866675485819,324268774186520,OSS-5756398,PD WAHYUDIN NUGROHO,PD WAHYUDI,GG. SILIWANGI NO. 3,SEMARANG,ID-19,51548,+62-94-047-6044,Perum,PROSES,AKTIF,0,1,,,NIPER-09079,2026-01-28,AKTIF
422787823017,375314618107777,OSS-8342603,UD SALAHUDIN ANGGRAINI (PERSERO) TBK,UD SALAHUD,JALAN RAWAMANGUN NO. 67,MATARAM,ID-38,39516,(026) 623-5150,CV,DISAHKAN,AKTIF,0,0,,,,2026-03-01,AKTIF
676213606294,944727245576999,OSS-8751194,CV PRASETYA WIDODO,PRASETYA W,JALAN CIKUTRA TIMUR NO. 47,MATARAM,ID-66,71944,+62 (959) 614 0977,PT,TERDAFTAR,DIBEKUKAN,1,0,API-U,41841-API,,2026-02-18,AKTIF
646662820460,529896392921253,OSS-3117965,UD ZULKARNAIN (PERSERO) TBK,UD ZULKARN,JALAN TEBET BARAT DALAM NO. 809,KOTA ADMINISTRASI JAKARTA UTARA,ID-26,07346,(0682) 859-1565,PT,PROSES,DIBEKUKAN,0,1,,,NIPER-97318,2026-01-28,AKTIF
951236623740,406945757158770,OSS-0693517,PT NUGROHO TBK,NUGROHO TB,JL. IR. H. DJUANDA NO. 995,CIMAHI,ID-68,53185,+62 (775) 154 7382,Perum,TERDAFTAR,TIDAK AKTIF,1,0,API-P,48435-API,,2026-01-19,AKTIF
930422313513,240719272810325,OSS-0279648,UD MULYANI (PERSERO) TBK,UD MULYANI,JL. TEBET BARAT DALAM NO. 461,TARAKAN,ID-51,94781,+62-050-435-0784,PT,PROSES,AKTIF,0,0,,,,2026-01-12,AKTIF
781994664667,913801148141926,OSS-0378275,MARDHIYAH PRASETYA (PERSERO) TBK (DUPLICATE),MARDHIYAH,JL. RONGGOWARSITO NO. 62,MANADO,ID-50,97917,+62 (006) 451-3047,Perum,DISAHKAN,DIBEKUKAN,0,1,,,NIPER-70666,2026-02-21,AKTIF
034116386101,083015352780056,OSS-0886384,PERUM WINARNO,PERUM WINA,JALAN KUTISARI SELATAN NO. 47,MEULABOH,ID-15,57923,+62 (18) 395-7685,PT,DISAHKAN,DIBEKUKAN,1,1,API-P,38933-API,NIPER-56241,2026-02-11,AKTIF
095653429875,642476338795522,OSS-9877842,UD PRATAMA PRADIPTA,UD PRATAMA,GANG HOS. COKROAMINOTO NO. 22,BANJARBARU,ID-20,84650,+62 (027) 272-5982,Firma,TERDAFTAR,AKTIF,0,0,,,,2026-02-11,AKTIF
043597363782,012013738415447,OSS-1501895,UD ARDIANTO,UD ARDIANT,JL. CIKUTRA TIMUR NO. 5,BIMA,ID-45,96126,+62-034-650-7543,PT,TERDAFTAR,TIDAK AKTIF,1,0,API-U,28042-API,,2026-01-25,AKTIF
530575271263,736643316912368,OSS-4013705,PD RAJATA WALUYO TBK,PD RAJATA,JL. HOS. COKROAMINOTO NO. 8,SORONG,ID-29,96478,(043) 050 0345,Firma,DISAHKAN,TIDAK AKTIF,0,0,,,,2026-01-02,AKTIF
313503574339,503978863040741,OSS-9888866,NURAINI PUTRA,NURAINI PU,GANG TUBAGUS ISMAIL NO. 3,SURAKARTA,ID-18,34946,(0027) 680 6704,PT,DISAHKAN,AKTIF,1,0,API-P,80383-API,,2026-01-26,AKTIF
207892763533,018998266216936,OSS-5906947,PERUM NASYIDAH,PERUM NASY,JL. HOS. COKROAMINOTO NO. 98,SUKABUMI,ID-83,69217,+62 (0405) 441 7772,PT,DISAHKAN,TIDAK AKTIF,0,0,,,,2026-02-18,AKTIF
761461177696,939110989839739,OSS-5273674,CV GUNAWAN,GUNAWAN,JALAN PASIRKOJA NO. 44,KOTA ADMINISTRASI JAKARTA SELATAN,ID-70,83739,+62-07-136-5910,CV,PROSES,DIBEKUKAN,1,1,API-U,61835-API,NIPER-54969,2026-01-03,AKTIF
628443728284,012520043209182,OSS-8124796,PD WIJAYANTI HASTUTI (PERSERO) TBK,PD WIJAYAN,JL. RAJIMAN NO. 940,PAREPARE,ID-19,13768,+62 (0814) 196 7991,PT,TERDAFTAR,TIDAK AKTIF,0,1,,,NIPER-84519,2026-01-08,AKTIF
673265244372,764983176020605,OSS-5956152,CV PERMATA UYAINAH,PERMATA UY,GG. ERLANGGA NO. 9,MEULABOH,ID-49,79266,+62 (0118) 792 5189,Perum,DISAHKAN,TIDAK AKTIF,1,1,API-U,34743-API,NIPER-99133,2026-01-14,AKTIF
319539917057,925910699693490,OSS-5711922,UD SARAGIH (PERSERO) TBK,UD SARAGIH,JALAN CIKAPAYANG NO. 83,KOTA ADMINISTRASI JAKARTA SELATAN,ID-29,91856,(0608) 910-3459,Perum,DISAHKAN,AKTIF,0,0,,,,2026-01-26,AKTIF
908416218117,212171379538430,OSS-9259254,CV SUDIATI TBK,SUDIATI TB,GG. JAYAWIJAYA NO. 5,KOTA ADMINISTRASI JAKARTA UTARA,ID-34,17633,+62 (055) 719 0907,CV,PROSES,TIDAK AKTIF,0,1,,,NIPER-92081,2026-01-02,AKTIF
999986359263,728964581866255,OSS-0664242,PERUM WIDODO,PERUM WIDO,GANG KIARACONDONG NO. 0,BANDA ACEH,ID-38,96624,+62-0816-508-7298,CV,TERDAFTAR,TIDAK AKTIF,0,1,,,NIPER-30816,2026-01-28,AKTIF
960399747692,096347427201153,OSS-6101039,PD MANULLANG TBK,PD MANULLA,JALAN SENTOT ALIBASA NO. 91,PEKALONGAN,ID-47,56738,+62 (331) 377-2263,PT,TERDAFTAR,TIDAK AKTIF,0,1,,,NIPER-03934,2026-01-18,AKTIF
482072712633,402937813267273,OSS-3262776,UD FUJIATI SUSANTI TBK (DUPLICATE),UD FUJIATI,GANG JAYAWIJAYA NO. 74,SAMARINDA,ID-98,49931,+62-675-726-6849,Perum,DISAHKAN,DIBEKUKAN,1,1,API-P,05366-API,NIPER-78320,2026-02-19,AKTIF
661369828783,799583780931934,OSS-2205094,PT HIDAYANTO WAHYUNI TBK,HIDAYANTO,GG. YOS SUDARSO NO. 57,SURAKARTA,ID-35,43002,+62 (32) 145 3385,PT,TERDAFTAR,AKTIF,0,0,,,,2026-02-07,AKTIF
508448522022,777418996107918,OSS-2921834,PERUM MARPAUNG MANULLANG,PERUM MARP,GG. KAPTEN MUSLIHAT NO. 79,KEDIRI,ID-32,55099,(018) 918-2698,CV,PROSES,TIDAK AKTIF,1,1,API-P,00809-API,NIPER-85990,2026-01-05,AKTIF
581897885604,141058679002339,OSS-7037224,ISWAHYUDI TBK,ISWAHYUDI,GG. GEDEBAGE SELATAN NO. 1,TEGAL,ID-21,64727,+62 (94) 104-7623,Firma,DISAHKAN,DIBEKUKAN,0,0,,,,2026-03-02,AKTIF
471224442317,468828241932650,OSS-4014210,CV HIDAYAT MANSUR (PERSERO) TBK,HIDAYAT MA,JALAN KIARACONDONG NO. 4,MATARAM,ID-88,49422,(0489) 852 3687,Firma,PROSES,AKTIF,1,1,API-P,60651-API,NIPER-31597,2026-02-19,AKTIF
588041403634,874512619379022,OSS-9309443,CV HUTASOIT,HUTASOIT,GANG RUMAH SAKIT NO. 99,BANJAR,ID-34,25668,(0230) 636-5783,CV,PROSES,DIBEKUKAN,1,0,API-U,71510-API,,2026-02-05,AKTIF
762575235400,134751622718017,OSS-4431949,UD WAHYUNI TBK,UD WAHYUNI,GANG SUKAJADI NO. 65,BANJAR,ID-24,88114,+62-009-051-7726,Perum,TERDAFTAR,TIDAK AKTIF,0,0,,,,2026-01-30,AKTIF
149554139831,805628969604882,OSS-8113137,CV MAULANA TBK,MAULANA TB,GANG KUTISARI SELATAN NO. 29,TANGERANG,ID-12,31453,(051) 296-9670,CV,DISAHKAN,TIDAK AKTIF,0,1,,,NIPER-47370,2026-01-27,AKTIF
656382569028,761976813891020,OSS-8740289,PD SITORUS YULIARTI,PD SITORUS,JL. CIKUTRA TIMUR NO. 0,PALU,ID-31,58422,+62-86-520-7748,PT,PROSES,AKTIF,0,1,,,NIPER-60256,2026-02-13,AKTIF
946400817612,149024714734450,OSS-9369478,PD LAZUARDI HALIM TBK (DUPLICATE),PD LAZUARD,JALAN ASTANA ANYAR NO. 34,DUMAI,ID-10,81596,+62 (042) 922-0786,Firma,TERDAFTAR,AKTIF,1,0,API-P,42202-API,,2026-01-29,AKTIF
671996149491,851475616038495,OSS-2606822,PERUM SIHOTANG WASKITA (PERSERO) TBK,PERUM SIHO,JALAN RUNGKUT INDUSTRI NO. 65,SINGKAWANG,ID-96,93257,089 088 5069,PT,TERDAFTAR,AKTIF,1,0,API-P,03034-API,,2026-01-07,AKTIF
286780935791,507964518499821,OSS-6290817,PD UYAINAH,PD UYAINAH,GANG JAYAWIJAYA NO. 287,TANGERANG,ID-23,20891,084 871 7521,PT,TERDAFTAR,TIDAK AKTIF,0,0,,,,2026-02-18,AKTIF
231328863927,815256792578749,OSS-1599390,CV DAMANIK TBK,DAMANIK TB,JL. TUBAGUS ISMAIL NO. 4,MADIUN,ID-89,69363,(019) 790 8373,Perum,PROSES,DIBEKUKAN,1,1,API-U,16084-API,NIPER-03459,2026-02-13,AKTIF
206917110630,407963858389833,OSS-3418750,CV TAMPUBOLON TBK,TAMPUBOLON,JALAN GEDEBAGE SELATAN NO. 31,PALEMBANG,ID-72,04146,+62 (99) 244 0167,PT,DISAHKAN,AKTIF,1,0,API-U,41224-API,,2026-03-02,AKTIF
069141811219,324023488363324,OSS-1369153,PERUM HARIYAH MAULANA TBK,PERUM HARI,JL. SOEKARNO HATTA NO. 73,PALOPO,ID-57,81223,+62 (025) 825-5689,Firma,DISAHKAN,TIDAK AKTIF,0,0,,,,2026-02-20,AKTIF
961144995006,000225856646032,OSS-8770564,CV SAFITRI TBK,SAFITRI TB,GG. WONOAYU NO. 4,KUPANG,ID-59,65280,(0734) 513 0256,Firma,TERDAFTAR,DIBEKUKAN,0,1,,,NIPER-26083,2026-02-06,AKTIF
675904147146,624344120328862,OSS-8404012,PERUM NUGROHO (PERSERO) TBK,PERUM NUGR,JL. CIHAMPELAS NO. 51,SIBOLGA,ID-89,57974,080 726 1177,Firma,PROSES,AKTIF,0,1,,,NIPER-96640,2026-02-03,AKTIF
494352923056,115272773820264,OSS-0765580,PERUM NURAINI SITOMPUL,PERUM NURA,JL. CIKUTRA BARAT NO. 023,BEKASI,ID-42,32353,+62 (575) 514-2033,Perum,PROSES,TIDAK AKTIF,1,0,API-P,83379-API,,2026-02-10,AKTIF
621856352007,615042059868569,OSS-7714336,PERUM GUNARTO,PERUM GUNA,JL. CIWASTRA NO. 61,TEGAL,ID-82,92788,088 189 3046,PT,TERDAFTAR,DIBEKUKAN,0,1,,,NIPER-16388,2026-01-21,AKTIF
560500524357,403346894527592,OSS-7672146,UD BUDIMAN BUDIMAN,UD BUDIMAN,JALAN GEDEBAGE SELATAN NO. 864,TANGERANG SELATAN,ID-85,30734,+62-70-063-2759,Perum,PROSES,DIBEKUKAN,0,1,,,NIPER-23468,2026-02-11,AKTIF
614766571640,226123494572449,OSS-1764826,UD NOVITASARI,UD NOVITAS,GG. H.J MAEMUNAH NO. 81,GORONTALO,ID-72,70331,+62 (667) 053-3085,CV,PROSES,DIBEKUKAN,0,1,,,NIPER-19838,2026-02-10,AKTIF
178610649544,169238129042140,OSS-8017483,PD IRAWAN MANGUNSONG,PD IRAWAN,JL. ERLANGGA NO. 4,PAYAKUMBUH,ID-90,04637,+62 (0753) 435-7605,PT,PROSES,AKTIF,1,1,API-P,40150-API,NIPER-35394,2026-02-08,AKTIF
688115627523,275989139340853,OSS-5310823,PERUM PRASTUTI TBK,PERUM PRAS,GANG MEDOKAN AYU NO. 59,BITUNG,ID-29,48726,(039) 873 4070,CV,DISAHKAN,AKTIF,1,1,API-P,71644-API,NIPER-75803,2026-01-27,AKTIF
853117395503,555913699133035,OSS-4565699,UD RAJATA (PERSERO) TBK,UD RAJATA,GANG SENTOT ALIBASA NO. 1,TASIKMALAYA,ID-90,05836,+62 (31) 819-5681,CV,PROSES,TIDAK AKTIF,1,1,API-P,72147-API,NIPER-06898,2026-02-24,AKTIF
284034769645,440668994253283,OSS-6930801,PERUM LESTARI,PERUM LEST,JL. AHMAD YANI NO. 3,CIMAHI,ID-65,05657,+62 (38) 616-0186,CV,DISAHKAN,DIBEKUKAN,0,1,,,NIPER-19136,2026-01-25,AKTIF
918944997070,454821354975993,OSS-5384961,UD SIMBOLON SIREGAR,UD SIMBOLO,JL. INDRAGIRI NO. 903,PROBOLINGGO,ID-24,16259,0839135083,CV,DISAHKAN,DIBEKUKAN,1,1,API-P,23235-API,NIPER-91661,2026-02-25,AKTIF
851958565710,354936354957888,OSS-7326078,CV RAJATA SUWARNO TBK,RAJATA SUW,JL. PHH. MUSTOFA NO. 489,SAMARINDA,ID-60,11322,085 535 9846,Firma,PROSES,AKTIF,0,0,,,,2026-02-26,AKTIF
401051271327,775467300440799,OSS-9139271,PD PRANOWO,PD PRANOWO,JALAN JEND. A. YANI NO. 78,MALANG,ID-46,72234,+62-14-082-2815,CV,TERDAFTAR,AKTIF,1,1,API-U,77584-API,NIPER-42812,2026-01-06,AKTIF
503346074968,757446544821873,OSS-9821255,PD SETIAWAN GUNARTO TBK,PD SETIAWA,JL. SADANG SERANG NO. 346,BANJARBARU,ID-35,56996,+62-0874-477-1341,CV,PROSES,TIDAK AKTIF,1,1,API-P,25383-API,NIPER-41065,2026-02-06,AKTIF
746919663732,888625842023424,OSS-4229917,UD SUWARNO DONGORAN (DUPLICATE),UD SUWARNO,GANG JAKARTA NO. 2,CIREBON,ID-63,93045,0818150497,PT,PROSES,AKTIF,1,1,API-P,81346-API,NIPER-18572,2026-02-23,AKTIF
751355749214,711611232553239,OSS-5683384,UD SUDIATI TBK,UD SUDIATI,GANG PASIR KOJA NO. 581,KENDARI,ID-53,02115,084 146 8602,Perum,PROSES,TIDAK AKTIF,1,0,API-U,79303-API,,2026-02-27,AKTIF
905129028934,804429091038426,OSS-6468512,CV WASITA,WASITA,JALAN R.E MARTADINATA NO. 0,TASIKMALAYA,ID-93,82342,+62 (170) 216-5056,Perum,TERDAFTAR,DIBEKUKAN,0,1,,,NIPER-78246,2026-01-07,AKTIF
597767404950,692519115565292,OSS-7813624,UD ASTUTI,UD ASTUTI,JALAN KIARACONDONG NO. 3,TEGAL,ID-80,27862,(031) 413 5039,PT,TERDAFTAR,DIBEKUKAN,0,1,,,NIPER-78514,2026-02-11,AKTIF
783674659888,960453174117317,OSS-6070772,PD LAZUARDI TBK,PD LAZUARD,JL. GEDEBAGE SELATAN NO. 95,SABANG,ID-89,85512,(070) 415-4222,Firma,TERDAFTAR,TIDAK AKTIF,1,1,API-P,91555-API,NIPER-31317,2026-02-23,AKTIF
160950922088,279340070371369,OSS-6701831,PD RAJASA WASKITA (PERSERO) TBK (DUPLICATE),PD RAJASA,JL. VETERAN NO. 1,SINGKAWANG,ID-13,74119,0866494994,PT,TERDAFTAR,AKTIF,1,1,API-U,34084-API,NIPER-18349,2026-01-07,AKTIF
502998697207,250963457110733,OSS-1945918,PT PURNAWATI RAHMAWATI TBK,PURNAWATI,GG. CIKUTRA BARAT NO. 4,SURAKARTA,ID-49,08561,+62 (009) 128-3313,Perum,PROSES,AKTIF,0,0,,,,2026-01-21,AKTIF
750942257062,152673007911920,OSS-7794369,UD RAHAYU JANUAR (PERSERO) TBK,UD RAHAYU,GANG RONGGOWARSITO NO. 1,TANGERANG SELATAN,ID-61,62853,(0081) 784-6290,Perum,PROSES,DIBEKUKAN,0,0,,,,2026-02-22,AKTIF
749085747177,155648964322469,OSS-6318158,PT RAHMAWATI SUSANTI (PERSERO) TBK,RAHMAWATI,JALAN PASIR KOJA NO. 092,CILEGON,ID-15,48240,+62 (052) 173-8101,Perum,DISAHKAN,DIBEKUKAN,1,0,API-P,89733-API,,2026-02-06,AKTIF
301008308689,903637036162235,OSS-9366293,UD ANGGRIAWAN USADA (PERSERO) TBK,UD ANGGRIA,GG. SURYAKENCANA NO. 545,PONTIANAK,ID-20,79917,+62 (78) 027-2419,Firma,PROSES,DIBEKUKAN,0,1,,,NIPER-87562,2026-01-07,AKTIF
927320947608,308880649167525,OSS-1321387,CV PADMASARI MULYANI (DUPLICATE),PADMASARI,GANG CEMPAKA NO. 78,SAWAHLUNTO,ID-93,60898,0833391156,Perum,TERDAFTAR,AKTIF,0,0,,,,2026-01-06,AKTIF
918272496530,653386660835578,OSS-2100946,CV DABUKKE,DABUKKE,JALAN SETIABUDHI NO. 57,TEBINGTINGGI,ID-14,78128,+62 (0871) 427-9364,Firma,PROSES,TIDAK AKTIF,0,1,,,NIPER-89473,2026-01-11,AKTIF
467179576024,001472430049707,OSS-5729341,CV NATSIR PANGESTU (PERSERO) TBK,NATSIR PAN,GG. YOS SUDARSO NO. 33,BANDA ACEH,ID-51,45228,+62-015-619-3183,PT,DISAHKAN,DIBEKUKAN,1,1,API-U,74550-API,NIPER-84289,2026-02-12,AKTIF
278961573855,128177512395978,OSS-1554260,CV PRADANA WINARNO (PERSERO) TBK,PRADANA WI,GANG BANGKA RAYA NO. 5,PAGARALAM,ID-39,72051,(0107) 308 7156,PT,DISAHKAN,DIBEKUKAN,0,1,,,NIPER-47837,2026-02-19,AKTIF
931125738536,061545820810879,OSS-6159490,UD MUSTOFA ADRIANSYAH TBK,UD MUSTOFA,JALAN MONGINSIDI NO. 49,SINGKAWANG,ID-86,14014,082 454 3064,PT,DISAHKAN,DIBEKUKAN,1,1,API-P,15214-API,NIPER-63823,2026-01-03,AKTIF
279316632418,081478415235882,OSS-8031243,PT HUTAPEA HASSANAH TBK,HUTAPEA HA,GG. ASTANA ANYAR NO. 784,SIBOLGA,ID-71,93372,(0459) 355 0629,Firma,DISAHKAN,DIBEKUKAN,0,1,,,NIPER-42047,2026-01-07,AKTIF
597721640244,042653702964742,OSS-9828163,CV PRADIPTA SALAHUDIN,PRADIPTA S,JALAN GEDEBAGE SELATAN NO. 45,BANJAR,ID-10,31048,086 541 6323,Firma,DISAHKAN,TIDAK AKTIF,0,0,,,,2026-02-14,AKTIF
695614266053,392033009898939,OSS-6157443,CV PUSPASARI (PERSERO) TBK,PUSPASARI,GANG K.H. WAHID HASYIM NO. 8,BALIKPAPAN,ID-19,07228,(0116) 488 7898,Perum,DISAHKAN,TIDAK AKTIF,0,0,,,,2026-02-10,AKTIF
601600345606,288466645257253,OSS-8000854,MAHESWARA,MAHESWARA,GANG JAKARTA NO. 431,BENGKULU,ID-85,01428,+62-47-593-4933,Firma,PROSES,TIDAK AKTIF,0,0,,,,2026-01-09,AKTIF
485579393812,401476696484615,OSS-9101452,PT HASANAH WIJAYANTI (PERSERO) TBK,HASANAH WI,JALAN TEBET BARAT DALAM NO. 138,MADIUN,ID-39,93106,+62 (073) 559-9717,PT,PROSES,AKTIF,0,0,,,,2026-01-20,AKTIF
959287406077,269978149310142,OSS-3041905,UD DAMANIK WAHYUDIN (PERSERO) TBK,UD DAMANIK,GG. MOCH. TOHA NO. 61,PEMATANGSIANTAR,ID-77,32815,(002) 747 2096,CV,TERDAFTAR,AKTIF,1,0,API-U,03381-API,,2026-02-19,AKTIF
075409150863,218122764579389,OSS-7015502,PD MULYANI,PD MULYANI,GANG W.R. SUPRATMAN NO. 02,TEBINGTINGGI,ID-92,61394,+62 (0988) 305-9736,CV,TERDAFTAR,AKTIF,1,1,API-U,42480-API,NIPER-96244,2026-01-17,AKTIF
412342255483,251422974745261,OSS-4756822,PERUM WASITA MULYANI (DUPLICATE),PERUM WASI,JALAN W.R. SUPRATMAN NO. 1,PEKANBARU,ID-21,86509,0816318059,Perum,PROSES,TIDAK AKTIF,0,0,,,,2026-01-12,AKTIF
615760146508,849559070268492,OSS-5503452,RAHIMAH (PERSERO) TBK,RAHIMAH (P,JALAN GEDEBAGE SELATAN NO. 080,SALATIGA,ID-67,97749,084 639 7594,PT,TERDAFTAR,DIBEKUKAN,0,1,,,NIPER-88214,2026-01-02,AKTIF
317553373477,294924947126825,OSS-9158973,CV LESTARI,LESTARI,GG. OTTO ISKANDARDINATA NO. 4,SALATIGA,ID-50,68761,+62-75-056-1155,CV,TERDAFTAR,DIBEKUKAN,0,1,,,NIPER-51074,2026-02-04,AKTIF
536731742115,219269360997073,OSS-9955131,CV USAMAH,USAMAH,JALAN RUMAH SAKIT NO. 4,BONTANG,ID-16,07567,+62 (0537) 709-6422,PT,DISAHKAN,TIDAK AKTIF,1,0,API-U,56385-API,,2026-01-30,AKTIF
441475376378,256485864766955,OSS-7705186,PT WIDODO TBK,WIDODO TBK,GANG CIKUTRA TIMUR NO. 590,SINGKAWANG,ID-53,56870,+62 (0264) 697-9508,Perum,PROSES,DIBEKUKAN,1,0,API-U,04660-API,,2026-02-06,AKTIF
655330770461,172959639040907,OSS-4260880,HIDAYAT TBK,HIDAYAT TB,GANG PELAJAR PEJUANG NO. 56,SABANG,ID-12,79064,(0715) 910 3002,CV,DISAHKAN,AKTIF,0,1,,,NIPER-15632,2026-01-09,AKTIF
752333944530,274964415099893,OSS-6762633,PT MARPAUNG,MARPAUNG,GG. PACUAN KUDA NO. 38,LANGSA,ID-76,35261,+62-0553-993-2692,PT,PROSES,AKTIF,1,0,API-U,74352-API,,2026-01-10,AKTIF
059482706908,713197285802082,OSS-0646028,PD MARYATI TARIHORAN (DUPLICATE),PD MARYATI,JALAN DIPATIUKUR NO. 80,KOTA ADMINISTRASI JAKARTA BARAT,ID-29,98818,(096) 750-4464,CV,DISAHKAN,AKTIF,0,0,,,,2026-01-25,AKTIF
142514526927,916026634790847,OSS-3024860,CV RAHIMAH,RAHIMAH,JL. PELAJAR PEJUANG NO. 67,CIREBON,ID-25,31364,+62 (0135) 393 1589,Firma,TERDAFTAR,DIBEKUKAN,0,1,,,NIPER-67548,2026-01-17,AKTIF
460516396754,670666787897325,OSS-2155108,ISWAHYUDI NAINGGOLAN TBK,ISWAHYUDI,GG. RAJAWALI BARAT NO. 22,BALIKPAPAN,ID-86,33637,(073) 560-6749,CV,TERDAFTAR,TIDAK AKTIF,1,1,API-P,59452-API,NIPER-40844,2026-02-06,AKTIF
677514015520,563614373648208,OSS-1773746,UD MARDHIYAH MAHESWARA,UD MARDHIY,GANG JAMIKA NO. 3,DEPOK,ID-85,24985,(088) 277-3932,PT,TERDAFTAR,TIDAK AKTIF,0,1,,,NIPER-26477,2026-01-15,AKTIF
397307178727,063355477794804,OSS-1018223,WIBISONO TBK,WIBISONO T,GANG RAYA SETIABUDHI NO. 83,SUKABUMI,ID-47,16574,+62 (095) 925-8186,PT,PROSES,AKTIF,1,0,API-P,45026-API,,2026-01-09,AKTIF
337320253539,654027865607416,OSS-8811346,SAFITRI TBK,SAFITRI TB,JL. DIPENOGORO NO. 7,SUBULUSSALAM,ID-47,09561,+62 (0880) 193 9434,Perum,PROSES,AKTIF,1,1,API-U,93871-API,NIPER-34439,2026-02-16,AKTIF
672479291789,029342085385708,OSS-8618402,CV RIYANTI TBK,RIYANTI TB,GG. JAMIKA NO. 97,BENGKULU,ID-17,89557,+62 (94) 516 0917,PT,DISAHKAN,AKTIF,0,0,,,,2026-02-17,AKTIF
966627139158,356938409537455,OSS-7284152,PERUM PRAKASA,PERUM PRAK,JALAN CIHAMPELAS NO. 64,MADIUN,ID-68,53008,+62 (52) 971 8259,CV,TERDAFTAR,DIBEKUKAN,0,0,,,,2026-02-21,AKTIF
441004243403,231688505636800,OSS-2027879,PD RAJASA,PD RAJASA,GG. KH AMIN JASUTA NO. 51,BLITAR,ID-27,69789,+62-38-066-4787,Perum,PROSES,AKTIF,1,1,API-U,77429-API,NIPER-99551,2026-01-28,AKTIF
654876578159,166551728642136,OSS-0171472,CV SUDIATI SURYONO,SUDIATI SU,JL. AHMAD YANI NO. 51,KOTAMOBAGU,ID-84,18054,+62-08-538-0942,PT,PROSES,TIDAK AKTIF,0,0,,,,2026-01-18,AKTIF
549707898363,460818603654413,OSS-5086851,PERUM TARIHORAN HIDAYANTO,PERUM TARI,JL. K.H. WAHID HASYIM NO. 88,BLITAR,ID-80,70818,+62 (068) 064-3366,Perum,TERDAFTAR,DIBEKUKAN,0,0,,,,2026-01-05,AKTIF
121144304218,800354437326252,OSS-8670488,PD WASITA MAHESWARA,PD WASITA,GANG MERDEKA NO. 3,PALANGKARAYA,ID-47,53448,+62 (034) 350 4146,PT,TERDAFTAR,TIDAK AKTIF,1,1,API-U,75271-API,NIPER-28687,2026-02-16,AKTIF
571695361406,044556883966163,OSS-2609050,CV NURDIYANTI HABIBI,NURDIYANTI,GG. JEND. A. YANI NO. 1,KOTA ADMINISTRASI JAKARTA PUSAT,ID-11,82483,086 905 8826,CV,TERDAFTAR,AKTIF,0,0,,,,2026-01-13,AKTIF
093974980092,936778514554944,OSS-4429737,PD PURWANTI NAINGGOLAN,PD PURWANT,JL. PASIR KOJA NO. 3,PASURUAN,ID-72,57378,+62 (139) 311 6531,Perum,TERDAFTAR,TIDAK AKTIF,0,1,,,NIPER-26456,2026-02-07,AKTIF
857972102643,929579741220453,OSS-2234807,CV PRANOWO TBK,PRANOWO TB,JALAN PASIRKOJA NO. 24,SURAKARTA,ID-33,58417,+62 (778) 009-2094,Firma,TERDAFTAR,TIDAK AKTIF,0,0,,,,2026-02-20,AKTIF
846104086414,061808333504791,OSS-1294929,CV WASKITA (PERSERO) TBK,WASKITA (P,GANG M.H THAMRIN NO. 4,PARIAMAN,ID-37,24059,089 520 5985,PT,DISAHKAN,AKTIF,0,1,,,NIPER-15211,2026-01-10,AKTIF
202428699041,379772369292984,OSS-2579913,PD MUSTOFA KURNIAWAN (PERSERO) TBK,PD MUSTOFA,JALAN RUNGKUT INDUSTRI NO. 279,PRABUMULIH,ID-66,17298,+62-68-650-8637,Perum,PROSES,TIDAK AKTIF,1,1,API-U,65991-API,NIPER-62473,2026-02-17,AKTIF
968824371777,481821614923705,OSS-3328505,PD PRATAMA WAHYUNI (DUPLICATE),PD PRATAMA,GANG ANTAPANI LAMA NO. 1,PAYAKUMBUH,ID-48,06759,+62 (053) 015 6469,PT,DISAHKAN,DIBEKUKAN,0,1,,,NIPER-79320,2026-02-01,AKTIF
796189195136,442201113011571,OSS-1941984,CV TARIHORAN NUGROHO (DUPLICATE),TARIHORAN,JALAN YOS SUDARSO NO. 4,TARAKAN,ID-41,40308,0871594853,CV,PROSES,DIBEKUKAN,1,1,API-P,55175-API,NIPER-84669,2026-01-20,AKTIF
267039097380,574651921833624,OSS-4146881,UD WASITA HARYANTO (PERSERO) TBK,UD WASITA,GG. R.E MARTADINATA NO. 3,SERANG,ID-76,27536,+62 (47) 990-5233,Perum,DISAHKAN,DIBEKUKAN,1,0,API-U,47509-API,,2026-02-05,AKTIF
120120864933,629720850565704,OSS-4643760,PD ASTUTI USADA TBK (DUPLICATE),PD ASTUTI,GANG MOCH. TOHA NO. 8,BOGOR,ID-61,96517,+62 (0144) 078-2090,CV,DISAHKAN,TIDAK AKTIF,1,0,API-P,18886-API,,2026-01-26,AKTIF
929928475642,329537922527490,OSS-4315110,PD MULYANI TBK,PD MULYANI,JL. GEGERKALONG HILIR NO. 042,MEULABOH,ID-58,95242,+62 (059) 896 9592,PT,TERDAFTAR,TIDAK AKTIF,0,1,,,NIPER-97393,2026-02-04,AKTIF
496213783690,745709266206324,OSS-6341575,PD HARTATI,PD HARTATI,JL. KIARACONDONG NO. 672,BATAM,ID-37,07724,(084) 084-9455,Perum,TERDAFTAR,DIBEKUKAN,0,0,,,,2026-02-04,AKTIF
622586605986,787442275854859,OSS-6559428,UD SUSANTI LAZUARDI,UD SUSANTI,GANG ASTANA ANYAR NO. 000,LHOKSEUMAWE,ID-14,39313,+62 (15) 513 0557,CV,PROSES,TIDAK AKTIF,0,0,,,,2026-02-21,AKTIF
276243265720,798047078937987,OSS-7523999,CV WIBISONO PRATIWI (PERSERO) TBK (DUPLICATE),WIBISONO P,GANG PASTEUR NO. 983,PALOPO,ID-24,82629,+62-16-515-9952,Perum,PROSES,TIDAK AKTIF,0,1,,,NIPER-74787,2026-01-18,AKTIF
687877991394,115824212297505,OSS-9913153,PERUM NARPATI RAHIMAH TBK,PERUM NARP,JL. MOCH. RAMDAN NO. 74,BUKITTINGGI,ID-91,61481,(037) 113 4544,PT,DISAHKAN,AKTIF,0,0,,,,2026-01-01,AKTIF
216263282233,017442749270234,OSS-2021911,CV RAJASA,RAJASA,JALAN JAMIKA NO. 515,MATARAM,ID-47,61540,+62 (65) 679-5128,Perum,DISAHKAN,AKTIF,1,0,API-U,97222-API,,2026-02-09,AKTIF
724186339123,894891502191580,OSS-5960159,UD LAKSMIWATI WALUYO,UD LAKSMIW,GG. BANGKA RAYA NO. 1,PALANGKARAYA,ID-59,73307,+62 (06) 709 7541,CV,PROSES,DIBEKUKAN,0,0,,,,2026-01-02,AKTIF
034167624703,562225283741355,OSS-9523647,PT SURYONO SALAHUDIN (PERSERO) TBK,SURYONO SA,JL. KUTISARI SELATAN NO. 638,MEULABOH,ID-69,95041,+62 (83) 453-6238,Firma,PROSES,TIDAK AKTIF,1,1,API-P,61268-API,NIPER-01852,2026-02-02,AKTIF
263935625057,431510488743671,OSS-2056638,SAPTONO PRAYOGA (PERSERO) TBK,SAPTONO PR,GANG MOCH. RAMDAN NO. 5,BAU-BAU,ID-56,28449,+62-685-322-7992,CV,DISAHKAN,DIBEKUKAN,0,0,,,,2026-01-17,AKTIF
474853182467,017881354321812,OSS-6415079,PD LESTARI TBK (DUPLICATE),PD LESTARI,JALAN JEND. SUDIRMAN NO. 135,KUPANG,ID-86,29826,(019) 525-4587,PT,PROSES,DIBEKUKAN,0,0,,,,2026-02-21,AKTIF
409656870227,530095195225266,OSS-3386355,PD NUGROHO (PERSERO) TBK,PD NUGROHO,JL. RUMAH SAKIT NO. 6,MATARAM,ID-35,16540,+62 (94) 492 6885,PT,DISAHKAN,TIDAK AKTIF,0,1,,,NIPER-69046,2026-01-21,AKTIF
012740229758,884236119205039,OSS-0829543,PD ISWAHYUDI HAKIM,PD ISWAHYU,GANG CIHAMPELAS NO. 0,SEMARANG,ID-50,40454,+62-026-213-4462,Perum,PROSES,DIBEKUKAN,1,1,API-P,20069-API,NIPER-51601,2026-02-07,AKTIF
205969532990,615094792012936,OSS-0259830,PERUM SARAGIH,PERUM SARA,GG. GEGERKALONG HILIR NO. 301,BAU-BAU,ID-61,26803,+62 (728) 014-9164,CV,TERDAFTAR,TIDAK AKTIF,0,1,,,NIPER-23360,2026-02-27,AKTIF
815191178069,455968812483461,OSS-0434419,PD PURWANTI PRASASTA (PERSERO) TBK,PD PURWANT,JALAN S. PARMAN NO. 6,MAKASSAR,ID-85,51040,+62-0068-281-2682,CV,DISAHKAN,TIDAK AKTIF,1,1,API-U,89441-API,NIPER-71854,2026-01-19,AKTIF
830116064166,813576311979218,OSS-3160887,UD PERMADI TBK,UD PERMADI,GANG LEMBONG NO. 5,TUAL,ID-90,72679,+62 (035) 588-9053,PT,PROSES,AKTIF,1,0,API-U,32557-API,,2026-02-21,AKTIF
881410348320,872086704491324,OSS-2373463,PERUM WAHYUNI TBK,PERUM WAHY,GG. OTTO ISKANDARDINATA NO. 0,DENPASAR,ID-30,41765,(079) 609 0105,PT,PROSES,AKTIF,0,0,,,,2026-01-23,AKTIF
786760534503,581654980618464,OSS-8760857,UD ARYANI DONGORAN (PERSERO) TBK,UD ARYANI,JL. PETA NO. 866,BONTANG,ID-46,19217,+62-0665-667-3906,Firma,PROSES,TIDAK AKTIF,1,1,API-P,07277-API,NIPER-23657,2026-01-28,AKTIF
996547994262,480016879674552,OSS-9571152,CV PRABOWO LAKSMIWATI (PERSERO) TBK,PRABOWO LA,GG. GEGERKALONG HILIR NO. 408,GORONTALO,ID-51,61358,(0825) 423 4276,Perum,TERDAFTAR,DIBEKUKAN,1,0,API-P,28265-API,,2026-02-24,AKTIF
699499044272,373385422857396,OSS-9050769,UD YOLANDA MARYATI (DUPLICATE),UD YOLANDA,GANG OTTO ISKANDARDINATA NO. 2,KOTA ADMINISTRASI JAKARTA BARAT,ID-26,99924,(0324) 464-2186,Perum,TERDAFTAR,TIDAK AKTIF,0,1,,,NIPER-98089,2026-02-14,AKTIF
247051912164,642487040817824,OSS-2060326,CV NAINGGOLAN USAMAH TBK,NAINGGOLAN,GANG AHMAD YANI NO. 1,BATAM,ID-26,86353,+62 (42) 425 9397,PT,PROSES,AKTIF,0,1,,,NIPER-75898,2026-01-08,AKTIF
744512276078,951915007938334,OSS-5992331,PERUM SAFITRI PADMASARI,PERUM SAFI,JL. MONGINSIDI NO. 6,MALANG,ID-78,23112,(025) 748 9466,CV,DISAHKAN,AKTIF,1,0,API-P,74655-API,,2026-02-10,AKTIF
498182540745,622720891564719,OSS-7956570,UD SALAHUDIN JAILANI (DUPLICATE),UD SALAHUD,JALAN PASIRKOJA NO. 886,KOTA ADMINISTRASI JAKARTA UTARA,ID-99,30462,+62 (24) 225 5231,PT,DISAHKAN,DIBEKUKAN,0,1,,,NIPER-51046,2026-02-24,AKTIF
144166611772,942067080585824,OSS-0497795,CV SURYONO ARDIANTO (PERSERO) TBK,SURYONO AR,JL. CIWASTRA NO. 18,BEKASI,ID-66,59896,+62 (24) 947-6419,CV,PROSES,AKTIF,0,1,,,NIPER-49583,2026-01-13,AKTIF
866521244620,193143038135651,OSS-0333581,CV SIMANJUNTAK SURYONO (PERSERO) TBK,SIMANJUNTA,JALAN PHH. MUSTOFA NO. 2,BANJAR,ID-29,51517,+62-0806-776-4185,Perum,TERDAFTAR,TIDAK AKTIF,0,1,,,NIPER-22453,2026-01-06,AKTIF
237684626470,186191892742028,OSS-9341111,WINARNO TAMPUBOLON,WINARNO TA,JL. H.J MAEMUNAH NO. 45,JAYAPURA,ID-62,29131,(0663) 165-0333,CV,TERDAFTAR,DIBEKUKAN,0,0,,,,2026-01-16,AKTIF
701579652382,373498327465927,OSS-1269022,PT DABUKKE PUDJIASTUTI,DABUKKE PU,GANG H.J MAEMUNAH NO. 134,MADIUN,ID-23,57919,+62 (0298) 374 1641,PT,DISAHKAN,TIDAK AKTIF,0,1,,,NIPER-64657,2026-02-05,AKTIF
166731682119,419281839960044,OSS-9721107,UD HASTUTI ANGGRIAWAN,UD HASTUTI,GANG R.E MARTADINATA NO. 226,GORONTALO,ID-76,24687,(054) 530 7074,PT,DISAHKAN,DIBEKUKAN,1,0,API-U,49932-API,,2026-01-28,AKTIF
965756924593,886822523494546,OSS-9398280,CV FARIDA SIREGAR (PERSERO) TBK,FARIDA SIR,JALAN KH AMIN JASUTA NO. 34,TASIKMALAYA,ID-36,61797,(088) 680 5891,Firma,TERDAFTAR,TIDAK AKTIF,1,1,API-P,13529-API,NIPER-09656,2026-01-09,AKTIF
339205677567,772266025626506,OSS-2292310,PD MARYADI SAPUTRA TBK,PD MARYADI,GG. SUNIARAJA NO. 484,DEPOK,ID-90,97662,(0051) 157-9423,CV,PROSES,AKTIF,1,0,API-P,87367-API,,2026-01-28,AKTIF
794494016722,392380162795924,OSS-0897573,PT PRASASTA (PERSERO) TBK,PRASASTA (,GANG VETERAN NO. 445,BANDA ACEH,ID-21,94522,0888507531,PT,PROSES,AKTIF,1,1,API-P,23428-API,NIPER-26045,2026-01-01,AKTIF
482012840083,850765975954508,OSS-9177680,CV WALUYO,WALUYO,GANG IR. H. DJUANDA NO. 319,KOTA ADMINISTRASI JAKARTA UTARA,ID-60,30040,+62 (36) 936 2689,Firma,PROSES,TIDAK AKTIF,0,1,,,NIPER-43012,2026-01-16,AKTIF
751404445376,006773306655621,OSS-2613716,PRAYOGA (PERSERO) TBK (DUPLICATE),PRAYOGA (P,JALAN SENTOT ALIBASA NO. 00,PANGKALPINANG,ID-26,16917,+62 (0187) 861 4873,Firma,TERDAFTAR,AKTIF,0,0,,,,2026-02-01,AKTIF
965266218388,432414412510439,OSS-2902033,CV WINARNO,WINARNO,GG. RAYA UJUNGBERUNG NO. 14,TARAKAN,ID-80,23957,(0235) 811 6900,PT,PROSES,AKTIF,1,0,API-U,48333-API,,2026-02-04,AKTIF
235637108973,356130852471953,OSS-5307721,WALUYO WIJAYANTI (PERSERO) TBK,WALUYO WIJ,GANG MONGINSIDI NO. 83,KUPANG,ID-71,35312,+62-469-297-8370,Firma,DISAHKAN,TIDAK AKTIF,0,1,,,NIPER-12471,2026-01-06,AKTIF
886597942270,157665661093253,OSS-5473048,CV LAZUARDI,LAZUARDI,JALAN AHMAD DAHLAN NO. 71,BANDAR LAMPUNG,ID-95,43111,+62 (48) 057 1185,Firma,DISAHKAN,TIDAK AKTIF,1,1,API-P,43668-API,NIPER-64643,2026-01-04,AKTIF
393865160486,912906582821135,OSS-9161365,SINAGA PADMASARI TBK,SINAGA PAD,GG. ERLANGGA NO. 3,BALIKPAPAN,ID-58,69393,+62-615-907-2667,PT,TERDAFTAR,AKTIF,0,0,,,,2026-02-06,AKTIF
959752135317,555928974874114,OSS-8626751,PERUM SAFITRI,PERUM SAFI,GANG RUMAH SAKIT NO. 496,LUBUKLINGGAU,ID-32,56419,(078) 963 0093,PT,DISAHKAN,TIDAK AKTIF,1,1,API-U,58201-API,NIPER-63015,2026-01-07,AKTIF
698478250855,454466197012801,OSS-0744797,UD HUTASOIT,UD HUTASOI,JL. SENTOT ALIBASA NO. 339,TANJUNGBALAI,ID-71,78430,(013) 351-0917,Firma,DISAHKAN,TIDAK AKTIF,1,1,API-P,64939-API,NIPER-12630,2026-01-03,AKTIF
931408747739,101997945299285,OSS-9778787,CV NARPATI TAMBA,NARPATI TA,JL. PETA NO. 590,PALANGKARAYA,ID-94,66924,+62 (59) 611-7394,PT,PROSES,DIBEKUKAN,0,1,,,NIPER-22289,2026-01-01,AKTIF
016502435221,317662998075141,OSS-7065589,HASTUTI SIHOMBING (PERSERO) TBK,HASTUTI SI,JALAN MONGINSIDI NO. 648,CILEGON,ID-28,75197,+62-026-524-9970,Firma,PROSES,DIBEKUKAN,1,0,API-U,28950-API,,2026-02-13,AKTIF
950193541439,187687174755402,OSS-3312574,UD RAHAYU,UD RAHAYU,JL. PHH. MUSTOFA NO. 09,DUMAI,ID-11,51236,(0862) 586-5707,CV,DISAHKAN,DIBEKUKAN,1,1,API-U,72604-API,NIPER-34985,2026-01-18,AKTIF
478834459185,285171952633844,OSS-2876161,PT HUTASOIT TBK,HUTASOIT T,JALAN RUMAH SAKIT NO. 350,BANDA ACEH,ID-96,04739,+62 (029) 503 4388,CV,PROSES,DIBEKUKAN,0,0,,,,2026-02-17,AKTIF
974865312855,279936625480103,OSS-1748704,PERUM WULANDARI,PERUM WULA,GANG PACUAN KUDA NO. 781,METRO,ID-34,97338,+62 (043) 597 3351,PT,PROSES,DIBEKUKAN,1,1,API-P,15524-API,NIPER-15779,2026-02-23,AKTIF
640137489678,263769246105993,OSS-1804479,SIMBOLON (PERSERO) TBK,SIMBOLON (,GG. INDRAGIRI NO. 90,TUAL,ID-88,35627,+62-61-050-0917,CV,DISAHKAN,DIBEKUKAN,1,1,API-P,19537-API,NIPER-28177,2026-01-06,AKTIF
007310652677,676391710434106,OSS-2864792,KUSWANDARI WINARNO,KUSWANDARI,GG. CEMPAKA NO. 8,LHOKSEUMAWE,ID-98,81564,+62 (64) 396 9459,PT,TERDAFTAR,TIDAK AKTIF,0,0,,,,2026-01-04,AKTIF
732946012884,529693389472697,OSS-0727908,CV PUTRA YOLANDA (PERSERO) TBK,PUTRA YOLA,GANG TEBET BARAT DALAM NO. 07,TANJUNGBALAI,ID-56,55899,+62 (035) 466-5228,Perum,DISAHKAN,AKTIF,1,0,API-U,97533-API,,2026-01-14,AKTIF
473236533774,604067200784361,OSS-4244260,PERUM HARYANTO RAHMAWATI TBK,PERUM HARY,JALAN CIHAMPELAS NO. 476,CILEGON,ID-65,37203,(0638) 821-4584,PT,TERDAFTAR,DIBEKUKAN,0,0,,,,2026-01-10,AKTIF
772918375978,535138608700781,OSS-4390363,PERUM FIRMANSYAH HASSANAH TBK,PERUM FIRM,GG. KH AMIN JASUTA NO. 935,KOTA ADMINISTRASI JAKARTA UTARA,ID-97,37236,+62-70-549-1291,CV,PROSES,TIDAK AKTIF,0,0,,,,2026-02-05,AKTIF
900521045067,458274294572927,OSS-5820241,WIDIASTUTI,WIDIASTUTI,GG. SURYAKENCANA NO. 448,TEBINGTINGGI,ID-84,37105,+62 (83) 747 5176,Perum,TERDAFTAR,DIBEKUKAN,0,0,,,,2026-01-03,AKTIF
571451495149,558387368072966,OSS-1808438,PD NAMAGA,PD NAMAGA,GG. JEND. A. YANI NO. 099,PALU,ID-26,46445,+62-30-060-4519,Firma,DISAHKAN,TIDAK AKTIF,1,1,API-U,90818-API,NIPER-73300,2026-02-17,AKTIF
625069893546,463989701455703,OSS-9342718,PD PADMASARI MARYADI TBK,PD PADMASA,JL. RUMAH SAKIT NO. 926,AMBON,ID-99,11015,(016) 197-3844,Firma,PROSES,TIDAK AKTIF,0,1,,,NIPER-98121,2026-01-20,AKTIF
245861547998,355948747124810,OSS-8908237,PT WAHYUDIN,WAHYUDIN,JL. KIARACONDONG NO. 980,PALOPO,ID-13,27224,+62-758-116-2596,PT,DISAHKAN,DIBEKUKAN,1,0,API-P,97185-API,,2026-01-30,AKTIF
468726117370,215384503559967,OSS-3131213,CV SARAGIH,SARAGIH,GANG SUKABUMI NO. 6,SIBOLGA,ID-72,36215,+62-0944-060-1461,PT,TERDAFTAR,AKTIF,0,0,,,,2026-01-21,AKTIF
221846287472,470806423951675,OSS-3905284,UD KUSWANDARI,UD KUSWAND,GANG RAJAWALI TIMUR NO. 5,PASURUAN,ID-54,58695,(0818) 767-3711,Firma,TERDAFTAR,DIBEKUKAN,0,1,,,NIPER-14312,2026-02-21,AKTIF
392319091232,539262749023470,OSS-7590799,UD SIHOTANG PRAKASA (PERSERO) TBK,UD SIHOTAN,GG. CIUMBULEUIT NO. 8,KENDARI,ID-80,06255,(0612) 659 3661,Perum,DISAHKAN,AKTIF,0,0,,,,2026-01-20,AKTIF
756297882355,318444690488356,OSS-3471688,HALIMAH,HALIMAH,JL. R.E MARTADINATA NO. 6,MATARAM,ID-59,06500,+62 (35) 641 4077,CV,PROSES,DIBEKUKAN,1,1,API-U,14210-API,NIPER-54351,2026-01-26,AKTIF
108302655824,140880862770949,OSS-3306153,PT NASHIRUDDIN,NASHIRUDDI,GANG RAJAWALI TIMUR NO. 430,METRO,ID-76,42185,+62 (044) 419-1478,Perum,DISAHKAN,DIBEKUKAN,1,1,API-U,73530-API,NIPER-42282,2026-02-14,AKTIF
944739188153,005364240541258,OSS-3641934,PERUM MEGANTARA WASKITA,PERUM MEGA,JL. PELAJAR PEJUANG NO. 323,KENDARI,ID-44,36819,(0249) 102 1186,PT,PROSES,TIDAK AKTIF,0,0,,,,2026-02-10,AKTIF
090819957660,330126075416343,OSS-0770148,UD PANGESTU PRADIPTA TBK,UD PANGEST,JALAN ANTAPANI LAMA NO. 5,KOTA ADMINISTRASI JAKARTA PUSAT,ID-51,62619,+62 (33) 448-8464,Firma,TERDAFTAR,DIBEKUKAN,1,1,API-U,23774-API,NIPER-48972,2026-01-11,AKTIF
443611204607,679475281553992,OSS-1061824,UD YULIARTI PUTRA (DUPLICATE),UD YULIART,JL. GEDEBAGE SELATAN NO. 5,SUKABUMI,ID-18,13612,(0737) 726 7223,Perum,TERDAFTAR,DIBEKUKAN,0,0,,,,2026-01-19,AKTIF
207620395261,259677453087447,OSS-6461744,PERUM WACANA PRABOWO,PERUM WACA,GG. CIKUTRA TIMUR NO. 13,KEDIRI,ID-49,45255,+62-036-535-6547,PT,TERDAFTAR,DIBEKUKAN,0,0,,,,2026-01-16,AKTIF
148341039282,929169357576024,OSS-2823032,PD WIBISONO TBK,PD WIBISON,GG. LASWI NO. 931,BANJARBARU,ID-38,33778,+62-051-725-6051,CV,TERDAFTAR,TIDAK AKTIF,0,0,,,,2026-01-24,AKTIF
175418277114,881605801975570,OSS-8267865,UD SAPUTRA,UD SAPUTRA,GG. PELAJAR PEJUANG NO. 2,YOGYAKARTA,ID-87,67088,+62-050-151-3786,Perum,DISAHKAN,TIDAK AKTIF,1,1,API-P,26849-API,NIPER-70424,2026-02-17,AKTIF
177362751251,463567945646927,OSS-1291606,CV WIBISONO MAYASARI,WIBISONO M,JL. SURYAKENCANA NO. 05,KOTA ADMINISTRASI JAKARTA UTARA,ID-72,32056,+62 (15) 106-6843,Perum,DISAHKAN,TIDAK AKTIF,0,1,,,NIPER-55525,2026-02-06,AKTIF
681120056555,304074393872707,OSS-5933592,CV NABABAN TBK,NABABAN TB,JL. JAKARTA NO. 9,BENGKULU,ID-59,10637,081 186 8938,CV,DISAHKAN,TIDAK AKTIF,0,1,,,NIPER-39543,2026-02-04,AKTIF
590582924176,442445591035886,OSS-3150626,PD USAMAH PUTRA (PERSERO) TBK,PD USAMAH,JL. RAWAMANGUN NO. 2,BATAM,ID-48,86311,+62-0011-260-3220,CV,DISAHKAN,AKTIF,1,0,API-P,63873-API,,2026-02-21,AKTIF
798170191644,093830764043696,OSS-9952134,PERUM NURAINI NOVITASARI TBK,PERUM NURA,GANG S. PARMAN NO. 438,TOMOHON,ID-76,11479,+62 (0599) 450-7674,Firma,PROSES,AKTIF,0,0,,,,2026-01-18,AKTIF
323827223958,952182637757399,OSS-1133948,CV SALAHUDIN SUWARNO,SALAHUDIN,JL. DR. DJUNJUNAN NO. 560,TANGERANG,ID-88,17201,(086) 797 2276,PT,TERDAFTAR,DIBEKUKAN,0,1,,,NIPER-58521,2026-01-28,AKTIF
022181698141,344760948377402,OSS-9286433,CV ANGGRAINI,ANGGRAINI,GG. RONGGOWARSITO NO. 7,PALOPO,ID-78,19666,(010) 256-3420,Firma,TERDAFTAR,TIDAK AKTIF,1,0,API-P,22234-API,,2026-02-05,AKTIF
932194396929,932771322206991,OSS-8714569,PERUM SUARTINI NASYIDAH (PERSERO) TBK,PERUM SUAR,JALAN KH AMIN JASUTA NO. 5,KOTA ADMINISTRASI JAKARTA TIMUR,ID-29,54228,+62 (0844) 805-3289,PT,PROSES,DIBEKUKAN,1,0,API-U,51894-API,,2026-02-15,AKTIF
276395685142,370485513138436,OSS-6113588,UD LAILASARI TBK (DUPLICATE),UD LAILASA,JL. MEDOKAN AYU NO. 7,SURAKARTA,ID-25,01118,+62 (095) 052-8589,Perum,TERDAFTAR,TIDAK AKTIF,1,0,API-P,30821-API,,2026-01-26,AKTIF
882687443373,140290300810391,OSS-1140755,PERUM FUJIATI NARPATI (PERSERO) TBK,PERUM FUJI,GG. S. PARMAN NO. 43,MAGELANG,ID-30,44755,+62-82-382-8881,PT,DISAHKAN,TIDAK AKTIF,0,1,,,NIPER-61371,2026-01-27,AKTIF
627506215020,551143719929482,OSS-4254497,UD HALIM (PERSERO) TBK (DUPLICATE),UD HALIM (,GANG ANTAPANI LAMA NO. 23,DENPASAR,ID-40,78793,(076) 602-6029,Firma,PROSES,AKTIF,0,0,,,,2026-02-20,AKTIF
564605909522,538706309380895,OSS-7567022,PT NABABAN RIYANTI TBK,NABABAN RI,GANG KEBONJATI NO. 46,PANGKALPINANG,ID-43,54258,+62 (020) 821-3291,Firma,PROSES,TIDAK AKTIF,0,1,,,NIPER-37608,2026-02-09,AKTIF
411516446592,396597826900800,OSS-4703226,PT NURAINI,NURAINI,JL. KIARACONDONG NO. 4,KOTA ADMINISTRASI JAKARTA BARAT,ID-72,05388,089 312 9044,Perum,DISAHKAN,DIBEKUKAN,1,0,API-P,28236-API,,2026-01-15,AKTIF
261940699052,597945437466786,OSS-3120489,PD MAYASARI LAILASARI TBK,PD MAYASAR,JALAN MOCH. TOHA NO. 0,PALU,ID-70,41161,+62 (030) 675-1218,CV,DISAHKAN,DIBEKUKAN,1,1,API-P,94384-API,NIPER-97024,2026-02-16,AKTIF
986161846122,922153334743712,OSS-9303363,PERUM PRASETYO MEGANTARA (DUPLICATE),PERUM PRAS,JL. SADANG SERANG NO. 4,MEULABOH,ID-77,18356,+62 (0511) 546 2102,Perum,TERDAFTAR,AKTIF,0,1,,,NIPER-51384,2026-02-25,AKTIF
734461181745,192875723321894,OSS-4223354,PERUM PUTRA (PERSERO) TBK,PERUM PUTR,JL. CIKUTRA TIMUR NO. 41,BANJAR,ID-95,26204,+62 (274) 299-6855,PT,DISAHKAN,AKTIF,1,0,API-P,09460-API,,2026-01-19,AKTIF
919199871100,596269886315576,OSS-1096371,PD SIHOMBING (PERSERO) TBK,PD SIHOMBI,GG. YOS SUDARSO NO. 372,PALOPO,ID-19,59733,(092) 618-8232,PT,DISAHKAN,AKTIF,1,1,API-U,76135-API,NIPER-73586,2026-01-11,AKTIF
773445608489,861572947099424,OSS-8548992,PD RIYANTI RAJASA,PD RIYANTI,GG. M.H THAMRIN NO. 7,PALEMBANG,ID-51,76191,+62 (0117) 616-7273,PT,TERDAFTAR,AKTIF,1,1,API-P,11036-API,NIPER-21733,2026-02-25,AKTIF
735265990525,951627908159332,OSS-7370801,PT MULYANI ANGGRIAWAN (PERSERO) TBK,MULYANI AN,GANG M.H THAMRIN NO. 489,KOTA ADMINISTRASI JAKARTA TIMUR,ID-89,55803,(0945) 792 1768,Perum,PROSES,TIDAK AKTIF,1,0,API-U,90627-API,,2026-01-06,AKTIF
054168331421,472380327055440,OSS-2741243,PT SITOMPUL NURAINI,SITOMPUL N,GG. KENDALSARI NO. 426,BENGKULU,ID-95,67634,085 285 2958,PT,PROSES,TIDAK AKTIF,1,0,API-P,03120-API,,2026-02-02,AKTIF
959704526075,058015283311609,OSS-0916285,ZULAIKA,ZULAIKA,GG. PETA NO. 6,LANGSA,ID-12,83275,+62-09-657-5096,Perum,TERDAFTAR,DIBEKUKAN,1,1,API-U,91685-API,NIPER-64243,2026-01-14,AKTIF
887226862618,665210305417740,OSS-0473295,CV PURWANTI,PURWANTI,GANG SILIWANGI NO. 118,SOLOK,ID-97,87338,+62-068-301-8197,PT,DISAHKAN,DIBEKUKAN,0,1,,,NIPER-42453,2026-01-12,AKTIF
499902038540,700841591242695,OSS-7538513,PD PRAYOGA SITORUS (PERSERO) TBK,PD PRAYOGA,JALAN RAJAWALI TIMUR NO. 620,BANJARMASIN,ID-83,20633,+62 (0611) 897 8737,Perum,PROSES,DIBEKUKAN,0,0,,,,2026-03-02,AKTIF
845754317067,836760696879928,OSS-6308253,PT TAMPUBOLON,TAMPUBOLON,JL. SUKABUMI NO. 7,KOTA ADMINISTRASI JAKARTA TIMUR,ID-93,49222,+62 (0066) 606 4064,Firma,TERDAFTAR,DIBEKUKAN,0,1,,,NIPER-62788,2026-01-25,AKTIF
708444453256,721195110945265,OSS-8216551,PD NATSIR (PERSERO) TBK,PD NATSIR,GG. H.J MAEMUNAH NO. 41,KENDARI,ID-66,72228,+62 (569) 314-9354,Firma,PROSES,TIDAK AKTIF,0,0,,,,2026-02-20,AKTIF
310407575970,524626287186332,OSS-8190533,UD DABUKKE IRAWAN,UD DABUKKE,GG. ERLANGGA NO. 07,LUBUKLINGGAU,ID-83,23407,(0804) 500 6894,Firma,TERDAFTAR,AKTIF,1,0,API-U,89467-API,,2026-01-07,AKTIF
793759961051,125938672870297,OSS-5691965,PRABOWO (PERSERO) TBK,PRABOWO (P,GANG KEBONJATI NO. 42,KOTA ADMINISTRASI JAKARTA SELATAN,ID-40,50537,080 414 6322,Perum,DISAHKAN,DIBEKUKAN,0,1,,,NIPER-25466,2026-01-16,AKTIF
609193511745,553706272816733,OSS-7461215,UD ANGGRAINI MARBUN TBK,UD ANGGRAI,JL. W.R. SUPRATMAN NO. 848,PEKANBARU,ID-49,62099,+62-069-319-6303,Perum,PROSES,AKTIF,1,0,API-U,99516-API,,2026-01-16,AKTIF
270026166953,432950646001551,OSS-6607289,UD MULYANI PRADANA (PERSERO) TBK,UD MULYANI,GANG SURYAKENCANA NO. 16,BANDA ACEH,ID-89,65673,0857517145,Perum,DISAHKAN,DIBEKUKAN,0,1,,,NIPER-22414,2026-03-01,AKTIF
264987572524,242299423790486,OSS-8524485,CV MANULLANG OKTAVIANI TBK,MANULLANG,JL. LASWI NO. 11,KOTA ADMINISTRASI JAKARTA BARAT,ID-33,14807,+62 (0581) 516-3366,Firma,TERDAFTAR,TIDAK AKTIF,0,1,,,NIPER-37296,2026-01-27,AKTIF
758437402780,018224267233751,OSS-3045142,PD PERTIWI TBK,PD PERTIWI,JALAN BKR NO. 9,KOTA ADMINISTRASI JAKARTA TIMUR,ID-19,24956,0881911129,Firma,PROSES,TIDAK AKTIF,0,0,,,,2026-01-02,AKTIF
371002959635,187570532093613,OSS-0144641,CV PRATIWI WAHYUNI TBK,PRATIWI WA,JL. W.R. SUPRATMAN NO. 58,MEULABOH,ID-88,28940,+62 (017) 130 3709,Firma,DISAHKAN,TIDAK AKTIF,0,1,,,NIPER-71846,2026-02-22,AKTIF
741714180605,352759367240113,OSS-5632776,UD FARIDA SITOMPUL (PERSERO) TBK,UD FARIDA,GG. PASTEUR NO. 2,SIBOLGA,ID-32,30001,+62 (086) 406 2256,PT,TERDAFTAR,DIBEKUKAN,0,0,,,,2026-01-25,AKTIF
186387829456,511810220317310,OSS-9678994,UD PRASETYA (DUPLICATE),UD PRASETY,JL. SURYAKENCANA NO. 17,MATARAM,ID-33,50948,+62-014-138-1138,PT,DISAHKAN,TIDAK AKTIF,0,1,,,NIPER-63383,2026-01-21,AKTIF
188796948060,099198128044321,OSS-8646646,CV PUSPITA,PUSPITA,JALAN MOCH. TOHA NO. 379,GORONTALO,ID-24,14101,+62 (021) 429-6070,PT,PROSES,DIBEKUKAN,0,0,,,,2026-02-05,AKTIF
254837441715,810213125129311,OSS-0059129,UD WIDIASTUTI KURNIAWAN (PERSERO) TBK,UD WIDIAST,JL. CIWASTRA NO. 110,TANGERANG SELATAN,ID-24,30165,083 737 9274,Firma,TERDAFTAR,TIDAK AKTIF,0,1,,,NIPER-90728,2026-01-08,AKTIF
942009834251,025476410703559,OSS-9996046,PD SURYONO (PERSERO) TBK,PD SURYONO,JL. STASIUN WONOKROMO NO. 7,LUBUKLINGGAU,ID-87,84749,+62 (048) 221 4260,Firma,TERDAFTAR,TIDAK AKTIF,1,0,API-U,83909-API,,2026-02-12,AKTIF
688285031723,513739900631403,OSS-5263560,CV RAHIMAH PRAYOGA,RAHIMAH PR,GANG LASWI NO. 4,TANJUNGBALAI,ID-76,66643,(0490) 607-2311,PT,DISAHKAN,AKTIF,1,0,API-U,12712-API,,2026-01-18,AKTIF
884804347022,447836238285002,OSS-5331331,PT HARDIANSYAH ZULAIKA TBK (DUPLICATE),HARDIANSYA,JL. RAJAWALI TIMUR NO. 605,SABANG,ID-31,27995,(098) 825 7522,Perum,TERDAFTAR,AKTIF,0,0,,,,2026-01-04,AKTIF
704731483687,477740703666560,OSS-0762282,CV YULIARTI,YULIARTI,JL. S. PARMAN NO. 82,SABANG,ID-97,72643,+62-304-596-9206,CV,DISAHKAN,TIDAK AKTIF,1,1,API-P,66048-API,NIPER-53123,2026-02-18,AKTIF
527705087550,562448188867895,OSS-0139193,PT FARIDA SETIAWAN (PERSERO) TBK,FARIDA SET,JL. DIPENOGORO NO. 498,JAMBI,ID-19,81404,(024) 786 3572,Firma,DISAHKAN,AKTIF,0,0,,,,2026-02-27,AKTIF
713794981063,422384860891271,OSS-6003048,UD PANGESTU RAHAYU (PERSERO) TBK,UD PANGEST,JALAN SURAPATI NO. 25,KOTA ADMINISTRASI JAKARTA PUSAT,ID-61,48100,+62 (029) 815-8029,Perum,DISAHKAN,TIDAK AKTIF,1,1,API-U,98042-API,NIPER-94562,2026-01-10,AKTIF
652443723935,000787800441023,OSS-9606719,PT TARIHORAN,TARIHORAN,GANG SURAPATI NO. 7,BANJAR,ID-64,52355,+62 (525) 822 5676,Perum,PROSES,TIDAK AKTIF,0,0,,,,2026-02-23,AKTIF
593070735953,016031454322829,OSS-2447082,PT HALIM,HALIM,GG. JAKARTA NO. 75,KOTA ADMINISTRASI JAKARTA BARAT,ID-59,50674,+62 (0268) 427 5930,Perum,TERDAFTAR,DIBEKUKAN,0,0,,,,2026-02-04,AKTIF
937419994697,503700581767005,OSS-0586827,UD RAHMAWATI SUARTINI (PERSERO) TBK (DUPLICATE),UD RAHMAWA,GANG IR. H. DJUANDA NO. 656,BEKASI,ID-75,35699,+62 (054) 037 9819,CV,PROSES,TIDAK AKTIF,0,0,,,,2026-01-29,AKTIF
742912930431,130121550017922,OSS-5664187,CV SUARTINI TBK,SUARTINI T,GANG KH AMIN JASUTA NO. 0,PEMATANGSIANTAR,ID-86,80698,+62 (0349) 597 9582,CV,DISAHKAN,AKTIF,1,0,API-U,32471-API,,2026-02-02,AKTIF
439220781050,898940816723369,OSS-3510738,SIMANJUNTAK (PERSERO) TBK,SIMANJUNTA,GG. W.R. SUPRATMAN NO. 94,MALANG,ID-53,09461,(0455) 637 8018,Perum,TERDAFTAR,TIDAK AKTIF,1,1,API-U,71513-API,NIPER-00634,2026-01-01,AKTIF
858309182189,722873692122928,OSS-9240710,PD ARYANI,PD ARYANI,GG. KAPTEN MUSLIHAT NO. 726,CIREBON,ID-63,32498,+62 (63) 855 3819,PT,DISAHKAN,TIDAK AKTIF,0,1,,,NIPER-11767,2026-01-10,AKTIF
879525656091,958373147191128,OSS-1762669,CV YULIARTI PRAKASA (PERSERO) TBK,YULIARTI P,JALAN WONOAYU NO. 038,PAREPARE,ID-51,39706,+62 (54) 281 5097,CV,TERDAFTAR,AKTIF,0,0,,,,2026-02-06,AKTIF
776297467930,721782192790068,OSS-4642873,UD WIJAYANTI TBK,UD WIJAYAN,GG. MONGINSIDI NO. 7,BENGKULU,ID-46,13549,+62 (58) 674-5644,CV,TERDAFTAR,TIDAK AKTIF,1,1,API-P,31328-API,NIPER-15613,2026-02-15,AKTIF
233507766750,177852002298323,OSS-3743824,PERUM LAKSMIWATI TBK (DUPLICATE),PERUM LAKS,GANG RAWAMANGUN NO. 922,SERANG,ID-38,40485,(0543) 276-3153,Firma,PROSES,AKTIF,0,0,,,,2026-01-03,AKTIF
608108578800,459889341996176,OSS-4432907,UD PURWANTI MUSTOFA TBK,UD PURWANT,GANG PASTEUR NO. 8,KOTA ADMINISTRASI JAKARTA PUSAT,ID-38,06781,+62 (0464) 945 9924,CV,DISAHKAN,TIDAK AKTIF,0,1,,,NIPER-85910,2026-01-10,AKTIF
938199242800,335563224035163,OSS-2463048,CV SANTOSO,SANTOSO,JALAN PELAJAR PEJUANG NO. 28,PADANG,ID-20,75040,+62 (79) 453 1873,CV,DISAHKAN,DIBEKUKAN,0,0,,,,2026-01-07,AKTIF
568065625904,599080271122182,OSS-3155516,PT LAILASARI TBK,LAILASARI,GANG JAKARTA NO. 1,PALOPO,ID-42,14330,0800370033,PT,DISAHKAN,AKTIF,1,1,API-P,22855-API,NIPER-66084,2026-01-16,AKTIF
328140299866,852026123458997,OSS-1160371,RAHAYU USADA (PERSERO) TBK,RAHAYU USA,GG. SADANG SERANG NO. 75,KOTA ADMINISTRASI JAKARTA UTARA,ID-26,13942,+62 (892) 976-0445,CV,PROSES,DIBEKUKAN,0,0,,,,2026-01-15,AKTIF
845505930283,231043768859148,OSS-6340094,PERUM PERMATA (PERSERO) TBK,PERUM PERM,JALAN KUTAI NO. 319,TANGERANG,ID-63,80356,+62-0139-757-9797,Perum,TERDAFTAR,DIBEKUKAN,0,1,,,NIPER-98344,2026-03-02,AKTIF
041261001206,817310182050556,OSS-8796748,CV PRASASTA FUJIATI,PRASASTA F,JALAN WONOAYU NO. 953,BIMA,ID-22,80796,(0180) 956-6450,PT,DISAHKAN,DIBEKUKAN,1,1,API-U,86102-API,NIPER-44578,2026-01-25,AKTIF
932253271005,752533040028165,OSS-6033277,WIDODO TAMBA (DUPLICATE),WIDODO TAM,JL. GEGERKALONG HILIR NO. 00,PANGKALPINANG,ID-95,22482,+62 (0702) 841-2998,Perum,PROSES,AKTIF,1,0,API-P,75996-API,,2026-01-27,AKTIF
287567311017,660279126154098,OSS-5691039,UD PURWANTI MAHESWARA,UD PURWANT,JL. KEBONJATI NO. 53,BINJAI,ID-74,42216,+62 (981) 157-9136,Firma,DISAHKAN,TIDAK AKTIF,0,0,,,,2026-01-11,AKTIF
225066716435,139718952783627,OSS-3594303,PERUM SETIAWAN,PERUM SETI,JALAN PACUAN KUDA NO. 37,KOTA ADMINISTRASI JAKARTA TIMUR,ID-22,41780,(0391) 363-4227,Firma,DISAHKAN,DIBEKUKAN,1,0,API-U,53530-API,,2026-01-30,AKTIF
874897573123,384377494906849,OSS-2101597,CV OKTAVIANI PRADIPTA (PERSERO) TBK,OKTAVIANI,GG. MOCH. RAMDAN NO. 76,MADIUN,ID-26,87990,+62 (779) 307-6029,Perum,PROSES,DIBEKUKAN,1,0,API-P,59275-API,,2026-02-11,AKTIF
946400817612,149024714734450,OSS-9369478,PD LAZUARDI HALIM TBK,PD LAZUARD,JALAN ASTANA ANYAR NO. 34,DUMAI,ID-10,81596,+62 (042) 922-0786,Firma,TERDAFTAR,AKTIF,1,0,API-P,42202-API,,2026-01-29,AKTIF
253031584643,944280540092319,OSS-5078730,CV PRASTUTI (PERSERO) TBK,PRASTUTI (,JL. INDRAGIRI NO. 5,TIDORE KEPULAUAN,ID-48,62055,+62 (562) 849-7565,CV,TERDAFTAR,TIDAK AKTIF,1,0,API-U,78339-API,,2026-02-19,AKTIF
495104208962,928708185835139,OSS-7415177,PD SUSANTI PERTIWI,PD SUSANTI,JL. M.T HARYONO NO. 2,SINGKAWANG,ID-45,76946,+62-0352-544-3092,Perum,DISAHKAN,TIDAK AKTIF,0,1,,,NIPER-68473,2026-02-11,AKTIF
821223552165,058714692182192,OSS-5967908,CV ASTUTI TBK,ASTUTI TBK,JALAN JOYOBOYO NO. 951,SURABAYA,ID-61,94842,+62 (0959) 881-1457,Firma,TERDAFTAR,TIDAK AKTIF,1,1,API-U,88707-API,NIPER-15238,2026-02-06,AKTIF
038287232440,793110291813317,OSS-0876014,PD NASHIRUDDIN PRAKASA TBK,PD NASHIRU,GG. IR. H. DJUANDA NO. 0,BONTANG,ID-63,28837,(0441) 975-4661,PT,DISAHKAN,TIDAK AKTIF,1,1,API-P,76620-API,NIPER-47196,2026-02-12,AKTIF
658260825263,794128866911223,OSS-2142526,PADMASARI,PADMASARI,GG. WONOAYU NO. 65,KOTA ADMINISTRASI JAKARTA SELATAN,ID-88,65325,+62 (441) 181 8513,CV,PROSES,TIDAK AKTIF,0,0,,,,2026-02-01,AKTIF
346444274030,739127483631029,OSS-8362933,PD DAMANIK,PD DAMANIK,JL. INDRAGIRI NO. 74,BIMA,ID-10,75738,+62-007-518-7324,PT,TERDAFTAR,TIDAK AKTIF,1,0,API-U,24962-API,,2026-01-10,AKTIF
270950749369,036971384924032,OSS-6446761,PT SAMOSIR,SAMOSIR,GANG RAJAWALI TIMUR NO. 0,PAGARALAM,ID-11,08911,082 549 6231,Firma,DISAHKAN,TIDAK AKTIF,1,0,API-U,91398-API,,2026-02-15,AKTIF
261532341659,135709334320990,OSS-1615649,PD PERTIWI HARYANTI,PD PERTIWI,JL. BKR NO. 04,SIBOLGA,ID-66,80914,(0657) 183 4928,Firma,PROSES,TIDAK AKTIF,0,0,,,,2026-01-29,AKTIF
977679982939,958590238054768,OSS-2469661,UD ARDIANTO WACANA,UD ARDIANT,JL. DR. DJUNJUNAN NO. 628,BONTANG,ID-67,08609,(032) 351-3542,PT,TERDAFTAR,AKTIF,0,1,,,NIPER-79420,2026-01-15,AKTIF
118822131723,613280001959408,OSS-7495033,PD HANDAYANI (PERSERO) TBK,PD HANDAYA,GANG KIARACONDONG NO. 41,BANJARMASIN,ID-18,26956,+62 (09) 484-6180,CV,DISAHKAN,DIBEKUKAN,0,1,,,NIPER-28823,2026-01-02,AKTIF
952078187414,656637070437375,OSS-1435355,PD MARBUN (PERSERO) TBK,PD MARBUN,GANG SURAPATI NO. 00,LHOKSEUMAWE,ID-51,91261,+62-0581-514-1859,PT,TERDAFTAR,DIBEKUKAN,1,1,API-U,40048-API,NIPER-96560,2026-01-09,AKTIF
881196767542,918504450767087,OSS-3006967,CV ARDIANTO JAILANI,ARDIANTO J,GG. ASTANA ANYAR NO. 9,KOTA ADMINISTRASI JAKARTA SELATAN,ID-24,40938,+62 (50) 853-9266,Firma,PROSES,TIDAK AKTIF,1,1,API-U,55017-API,NIPER-77343,2026-03-01,AKTIF
686364449810,632673920604294,OSS-2992119,UD HASSANAH SAPTONO,UD HASSANA,JALAN BANGKA RAYA NO. 7,BANJARMASIN,ID-34,87211,+62 (03) 829 9839,Firma,DISAHKAN,TIDAK AKTIF,1,0,API-P,90150-API,,2026-02-19,AKTIF
205834912959,943630018403393,OSS-9001336,WIJAYA HALIM TBK,WIJAYA HAL,GANG YOS SUDARSO NO. 65,BANJAR,ID-69,53791,080 867 4530,Perum,DISAHKAN,AKTIF,0,0,,,,2026-01-30,AKTIF
952738741653,761719827068718,OSS-9604929,PD WIBOWO ANDRIANI (PERSERO) TBK,PD WIBOWO,GG. RAYA SETIABUDHI NO. 46,SOLOK,ID-60,38162,+62 (568) 595 5788,CV,PROSES,DIBEKUKAN,0,0,,,,2026-02-06,AKTIF
207620395261,896507474228486,OSS-6461744,PERUM WACANA PRABOWO,PERUM WACA,GG. CIKUTRA TIMUR NO. 13,KEDIRI,ID-49,45255,+62-036-535-6547,PT,TERDAFTAR,DIBEKUKAN,0,0,,,,2026-01-16,AKTIF
748968405264,005529503109651,OSS-7257283,PERUM SANTOSO RAHAYU TBK,PERUM SANT,JALAN RAJAWALI BARAT NO. 0,KOTA ADMINISTRASI JAKARTA UTARA,ID-19,37583,(083) 720 5251,Firma,DISAHKAN,DIBEKUKAN,1,1,API-U,18280-API,NIPER-91057,2026-01-20,AKTIF
053558823481,180829385028477,OSS-9825875,PD HIDAYAT WAHYUDIN,PD HIDAYAT,JALAN RAYA UJUNGBERUNG NO. 307,METRO,ID-80,67063,+62-0119-161-1955,Firma,TERDAFTAR,TIDAK AKTIF,1,0,API-P,30937-API,,2026-02-09,AKTIF
859715869844,812043198099375,OSS-8855237,PD LATUPONO UYAINAH,PD LATUPON,GG. HOS. COKROAMINOTO NO. 9,JAMBI,ID-55,23210,+62-113-995-5265,PT,DISAHKAN,DIBEKUKAN,1,0,API-U,25508-API,,2026-02-24,AKTIF
131638820200,969022275030449,OSS-8262599,CV HASANAH TBK,HASANAH TB,JALAN H.J MAEMUNAH NO. 48,SUNGAI PENUH,ID-38,34487,+62 (0008) 837-4971,Firma,TERDAFTAR,DIBEKUKAN,1,0,API-P,79982-API,,2026-02-17,AKTIF
197459185744,821474841238042,OSS-7205091,CV MANSUR (PERSERO) TBK,MANSUR (PE,GG. LEMBONG NO. 43,BINJAI,ID-28,36922,+62 (015) 208 2748,PT,PROSES,TIDAK AKTIF,1,1,API-U,10443-API,NIPER-09478,2026-02-16,AKTIF
252473806973,845151995830637,OSS-4425613,PERUM SAMOSIR KUSWANDARI TBK,PERUM SAMO,GANG LEMBONG NO. 0,SIBOLGA,ID-77,22338,+62 (062) 199-4773,Firma,DISAHKAN,AKTIF,1,0,API-P,74214-API,,2026-02-07,AKTIF
152931921466,031538767320983,OSS-7378369,UD SAMOSIR KURNIAWAN,UD SAMOSIR,JL. RAJAWALI BARAT NO. 307,SINGKAWANG,ID-87,26925,+62 (22) 693-5301,CV,TERDAFTAR,AKTIF,0,0,,,,2026-02-21,AKTIF
906185108405,775755386740869,OSS-6707524,PT FIRGANTORO PRAKASA,FIRGANTORO,JL. WONOAYU NO. 448,SINGKAWANG,ID-54,95516,(089) 475-2943,Perum,PROSES,DIBEKUKAN,1,1,API-U,24153-API,NIPER-23183,2026-01-05,AKTIF
990941679520,279891454811891,OSS-7284584,UD RAHMAWATI RAJASA (PERSERO) TBK,UD RAHMAWA,GG. K.H. WAHID HASYIM NO. 8,MALANG,ID-34,72008,+62-57-019-7435,Firma,DISAHKAN,DIBEKUKAN,1,1,API-U,75292-API,NIPER-55568,2026-02-19,AKTIF
487201240254,550054908099839,OSS-7673887,UD WALUYO KUSWOYO,UD WALUYO,JL. KIARACONDONG NO. 38,YOGYAKARTA,ID-11,00914,+62-0529-493-0741,Firma,TERDAFTAR,AKTIF,1,1,API-U,79965-API,NIPER-46628,2026-01-23,AKTIF
435177845156,445865280613102,OSS-7919722,UD MARYADI HARDIANSYAH (PERSERO) TBK,UD MARYADI,GG. GARDUJATI NO. 433,PASURUAN,ID-64,31606,+62 (001) 106-2854,Firma,TERDAFTAR,TIDAK AKTIF,1,0,API-U,98455-API,,2026-02-03,AKTIF
610332487736,518849198661329,OSS-4063572,PD WASKITA (PERSERO) TBK,PD WASKITA,JALAN SUNIARAJA NO. 8,BANDUNG,ID-68,72843,085 800 9998,Perum,PROSES,TIDAK AKTIF,1,0,API-P,66924-API,,2026-01-23,AKTIF
092628975720,314306143288589,OSS-9470990,PERUM PERMATA PUDJIASTUTI (PERSERO) TBK,PERUM PERM,GG. CIUMBULEUIT NO. 449,PAYAKUMBUH,ID-26,13646,0890688785,CV,TERDAFTAR,AKTIF,0,1,,,NIPER-80391,2026-01-28,AKTIF
165064630059,180575516020008,OSS-9161746,CV PADMASARI,PADMASARI,JL. PASIRKOJA NO. 841,MOJOKERTO,ID-78,29131,(070) 805-6856,CV,TERDAFTAR,DIBEKUKAN,1,1,API-U,67063-API,NIPER-62198,2026-02-03,AKTIF
657580143270,559845465441387,OSS-3207529,PERUM HASANAH HASSANAH,PERUM HASA,GG. DIPENOGORO NO. 36,JAYAPURA,ID-26,02037,(048) 851 1124,CV,PROSES,DIBEKUKAN,0,1,,,NIPER-86598,2026-01-03,AKTIF
138459609454,490149542770707,OSS-0578360,UD SURYATMI,UD SURYATM,GG. K.H. WAHID HASYIM NO. 44,BLITAR,ID-81,22903,+62 (002) 879-5083,PT,PROSES,DIBEKUKAN,0,1,,,NIPER-04405,2026-02-23,AKTIF
587441929297,784112445362508,OSS-2528297,PD PRATAMA FIRGANTORO,PD PRATAMA,GG. DIPATIUKUR NO. 5,PASURUAN,ID-87,04983,+62-78-741-1839,PT,TERDAFTAR,AKTIF,0,1,,,NIPER-65743,2026-03-01,AKTIF
664210042555,267357254175974,OSS-4025305,UD WAHYUNI HIDAYAT,UD WAHYUNI,JL. MONGINSIDI NO. 7,SINGKAWANG,ID-50,80457,(004) 437-7131,CV,PROSES,DIBEKUKAN,1,0,API-P,32577-API,,2026-01-30,AKTIF
057549811180,981660898911281,OSS-4714384,ISWAHYUDI,ISWAHYUDI,JALAN KIARACONDONG NO. 596,BANJARMASIN,ID-35,05530,(027) 718-6986,PT,PROSES,AKTIF,0,0,,,,2026-02-21,AKTIF
346276007302,171495849685088,OSS-7735240,ZULKARNAIN WIBISONO (PERSERO) TBK,ZULKARNAIN,GANG CIWASTRA NO. 342,SERANG,ID-46,89323,+62-0753-182-0256,Firma,PROSES,TIDAK AKTIF,1,0,API-U,97430-API,,2026-01-03,AKTIF
209603108981,006345804425823,OSS-2555624,PT FARIDA TBK,FARIDA TBK,GANG AHMAD DAHLAN NO. 137,KEDIRI,ID-58,02482,+62 (019) 160 0470,PT,PROSES,TIDAK AKTIF,0,1,,,NIPER-49636,2026-02-11,AKTIF
553835065413,907443297920222,OSS-1237032,PERUM MARDHIYAH NASYIDAH,PERUM MARD,JL. TEBET BARAT DALAM NO. 6,BANJARMASIN,ID-17,20610,084 106 9777,Firma,TERDAFTAR,AKTIF,1,0,API-U,53238-API,,2026-01-20,AKTIF
605861265860,480869351485047,OSS-2590631,PERUM MAULANA,PERUM MAUL,JL. PACUAN KUDA NO. 048,LHOKSEUMAWE,ID-14,12779,+62 (64) 468 4184,Firma,DISAHKAN,AKTIF,0,0,,,,2026-02-05,AKTIF
032892624753,666802894614554,OSS-5117559,PERUM PRATAMA (PERSERO) TBK,PERUM PRAT,JALAN CIWASTRA NO. 141,LHOKSEUMAWE,ID-74,29567,+62 (30) 855-4436,Firma,DISAHKAN,TIDAK AKTIF,1,1,API-U,44937-API,NIPER-47908,2026-01-20,AKTIF
768239945992,322478864315512,OSS-2489565,CV SUSANTI NAINGGOLAN TBK,SUSANTI NA,GANG PHH. MUSTOFA NO. 79,BONTANG,ID-12,77196,+62 (30) 027 5349,CV,PROSES,TIDAK AKTIF,0,1,,,NIPER-11970,2026-01-26,AKTIF
100235120945,969157349438563,OSS-3759849,CV NAMAGA,NAMAGA,JALAN GARDUJATI NO. 8,SORONG,ID-21,13379,+62 (233) 143 2417,Perum,PROSES,AKTIF,0,0,,,,2026-02-21,AKTIF
995073197725,921444085757490,OSS-3372248,CV WAHYUDIN NASYIAH,WAHYUDIN N,GANG OTTO ISKANDARDINATA NO. 5,KOTAMOBAGU,ID-72,21903,+62 (31) 255-9122,Perum,PROSES,TIDAK AKTIF,1,1,API-U,41925-API,NIPER-42439,2026-02-09,AKTIF
339970351557,953642137911569,OSS-9715084,PD WASITA,PD WASITA,JALAN RONGGOWARSITO NO. 3,LHOKSEUMAWE,ID-41,43803,(072) 300-7915,Perum,TERDAFTAR,AKTIF,1,1,API-P,46060-API,NIPER-15482,2026-02-02,AKTIF
044774209066,257984012101330,OSS-1405631,PERUM SITOMPUL TBK,PERUM SITO,JL. WARINGIN NO. 3,TANGERANG SELATAN,ID-13,78748,+62 (068) 799 4566,PT,TERDAFTAR,AKTIF,1,1,API-U,07366-API,NIPER-99582,2026-01-06,AKTIF
668665899446,613801548814019,OSS-1846494,PD WINARNO TBK,PD WINARNO,GG. JOYOBOYO NO. 032,BAU-BAU,ID-17,74066,+62 (92) 547 3418,Perum,TERDAFTAR,AKTIF,0,1,,,NIPER-23920,2026-01-04,AKTIF
994450784902,965917612143002,OSS-8306686,CV MAYASARI KURNIAWAN,MAYASARI K,GANG SENTOT ALIBASA NO. 4,BANDAR LAMPUNG,ID-20,41413,(099) 879-0454,CV,DISAHKAN,DIBEKUKAN,1,0,API-P,64373-API,,2026-02-03,AKTIF
353004999266,536197731739462,OSS-4872385,UD WIJAYANTI PRASASTA (PERSERO) TBK,UD WIJAYAN,GANG KAPTEN MUSLIHAT NO. 413,SAMARINDA,ID-30,17967,+62-060-558-1735,PT,TERDAFTAR,TIDAK AKTIF,0,1,,,NIPER-79211,2026-01-14,AKTIF
808937046538,736474891706755,OSS-3834798,PERUM HALIM USAMAH,PERUM HALI,GANG RAJAWALI BARAT NO. 029,TIDORE KEPULAUAN,ID-59,77990,+62 (092) 976 1654,Firma,PROSES,DIBEKUKAN,0,0,,,,2026-01-13,AKTIF
156747628508,662846419838942,OSS-8689136,CV LAZUARDI SAPUTRA,LAZUARDI S,JALAN VETERAN NO. 648,KOTA ADMINISTRASI JAKARTA PUSAT,ID-93,54412,+62 (905) 465 6747,Perum,PROSES,AKTIF,0,1,,,NIPER-73317,2026-02-24,AKTIF
573701021470,469990981035596,OSS-8341605,UD MAYASARI WAHYUDIN,UD MAYASAR,JALAN KUTAI NO. 29,BANDA ACEH,ID-41,18519,+62 (056) 048-3286,Perum,DISAHKAN,TIDAK AKTIF,0,1,,,NIPER-42091,2026-01-09,AKTIF
453909113228,888154798391781,OSS-3702284,CV JAILANI PRABOWO,JAILANI PR,JALAN K.H. WAHID HASYIM NO. 22,DUMAI,ID-54,59034,+62 (005) 422 9138,CV,DISAHKAN,DIBEKUKAN,1,1,API-P,23850-API,NIPER-06031,2026-01-10,AKTIF
101454187724,908074427166040,OSS-5837746,PT MANGUNSONG UTAMI,MANGUNSONG,JALAN AHMAD DAHLAN NO. 91,SUNGAI PENUH,ID-10,78598,+62 (34) 757 9651,Perum,TERDAFTAR,AKTIF,0,1,,,NIPER-52893,2026-01-19,AKTIF
533838742143,674865874857462,OSS-5799976,PT SURYATMI,SURYATMI,GANG M.T HARYONO NO. 3,KOTA ADMINISTRASI JAKARTA BARAT,ID-19,78309,+62 (012) 181 4377,CV,DISAHKAN,DIBEKUKAN,0,0,,,,2026-01-26,AKTIF
627147088022,828323001571127,OSS-0198839,PD WIBOWO RAMADAN,PD WIBOWO,JALAN KAPTEN MUSLIHAT NO. 880,MAGELANG,ID-95,44176,+62 (509) 339 1730,CV,TERDAFTAR,DIBEKUKAN,1,0,API-P,88466-API,,2026-01-21,AKTIF
480987955077,384574101639043,OSS-2684705,PD ZULAIKA TBK,PD ZULAIKA,GG. GARDUJATI NO. 4,MALANG,ID-44,52416,+62-0227-024-1137,Perum,DISAHKAN,AKTIF,0,0,,,,2026-02-25,AKTIF
355928855383,453671419557995,OSS-5202575,UD MUSTOFA (PERSERO) TBK,UD MUSTOFA,JL. KAPTEN MUSLIHAT NO. 705,LANGSA,ID-82,21964,+62 (074) 757 0748,Perum,TERDAFTAR,AKTIF,0,1,,,NIPER-21929,2026-01-18,AKTIF
961029087182,749680491872742,OSS-0495612,CV LAKSMIWATI,LAKSMIWATI,JL. SUKAJADI NO. 2,BANJAR,ID-25,23597,+62-0711-222-9907,Firma,DISAHKAN,TIDAK AKTIF,1,1,API-P,75608-API,NIPER-58167,2026-02-27,AKTIF
903188135581,039098803254286,OSS-4449476,PT SIHOMBING NAJMUDIN TBK,SIHOMBING,JALAN RAJAWALI BARAT NO. 09,MALANG,ID-15,24179,+62 (0245) 092-0301,PT,DISAHKAN,TIDAK AKTIF,0,1,,,NIPER-95228,2026-01-03,AKTIF
173728832277,217897677964465,OSS-9408708,PERUM HIDAYAT,PERUM HIDA,JL. ERLANGGA NO. 20,KOTA ADMINISTRASI JAKARTA UTARA,ID-87,20397,088 493 7969,CV,PROSES,AKTIF,1,1,API-U,67560-API,NIPER-15351,2026-01-26,AKTIF
533944444962,804717034390378,OSS-5382978,CV YOLANDA PRASTUTI,YOLANDA PR,JL. RAYA UJUNGBERUNG NO. 4,TUAL,ID-24,46436,+62 (0805) 793 5990,Perum,DISAHKAN,AKTIF,1,0,API-P,51171-API,,2026-02-02,AKTIF
852023209140,169332844234719,OSS-9829075,PT SITOMPUL TBK,SITOMPUL T,GG. CIKUTRA BARAT NO. 56,DUMAI,ID-33,10064,+62-0322-622-7777,Perum,DISAHKAN,AKTIF,1,0,API-U,33168-API,,2026-01-29,AKTIF
684268517973,679901027190952,OSS-0387212,UD UYAINAH (DUPLICATE),UD UYAINAH,GG. SETIABUDHI NO. 6,LHOKSEUMAWE,ID-75,62201,(056) 633 9350,PT,DISAHKAN,AKTIF,0,0,,,,2026-01-28,AKTIF
252215979653,464581570580262,OSS-6584948,PD PURNAWATI PRABOWO (PERSERO) TBK,PD PURNAWA,GG. RAJAWALI BARAT NO. 5,BONTANG,ID-90,48733,+62 (046) 640 4898,Perum,DISAHKAN,DIBEKUKAN,1,0,API-U,69903-API,,2026-01-01,AKTIF
302866535818,985791721486882,OSS-3855151,PERUM PRASASTA,PERUM PRAS,GANG CEMPAKA NO. 088,KOTA ADMINISTRASI JAKARTA SELATAN,ID-52,81272,(0460) 011-1566,PT,PROSES,DIBEKUKAN,1,0,API-P,31108-API,,2026-01-25,AKTIF
743981004040,973101148842469,OSS-0130393,UD WIDIASTUTI NAPITUPULU,UD WIDIAST,JL. CIHAMPELAS NO. 7,BINJAI,ID-90,32842,0864200952,Perum,PROSES,AKTIF,0,1,,,NIPER-96920,2026-01-14,AKTIF
779091824906,765336330199657,OSS-2467468,JANUAR TBK,JANUAR TBK,JALAN TEBET BARAT DALAM NO. 81,BOGOR,ID-79,38022,+62 (175) 094 2215,CV,PROSES,TIDAK AKTIF,0,0,,,,2026-01-20,AKTIF
778280647969,545009025590561,OSS-6556503,CV YULIARTI SARAGIH,YULIARTI S,GG. GARDUJATI NO. 20,BANDUNG,ID-14,69864,+62-79-056-9659,CV,DISAHKAN,DIBEKUKAN,1,1,API-P,17135-API,NIPER-78529,2026-02-14,AKTIF
718945873690,946579562971034,OSS-4134130,BUDIYANTO TBK,BUDIYANTO,JALAN PETA NO. 3,MANADO,ID-18,60102,+62 (0184) 881-0855,CV,TERDAFTAR,DIBEKUKAN,1,1,API-U,15924-API,NIPER-78608,2026-02-05,AKTIF
905776486198,532087670471336,OSS-2217721,NUGROHO,NUGROHO,JL. W.R. SUPRATMAN NO. 0,PADANG SIDEMPUAN,ID-20,38240,(0614) 413-6585,Perum,PROSES,AKTIF,0,1,,,NIPER-92658,2026-01-20,AKTIF
562325056681,571256867952093,OSS-8647325,UD MANDALA JANUAR (PERSERO) TBK,UD MANDALA,GANG RAYA SETIABUDHI NO. 5,TANGERANG,ID-76,55958,+62-811-900-0017,Firma,PROSES,AKTIF,1,0,API-P,95052-API,,2026-02-25,AKTIF
197426941117,694318336583928,OSS-1871803,CV HUTAGALUNG PRASETYO TBK,HUTAGALUNG,JL. JOYOBOYO NO. 328,SORONG,ID-30,71856,+62-067-148-9815,PT,TERDAFTAR,AKTIF,0,1,,,NIPER-32010,2026-02-08,AKTIF
365348563374,884868096548070,OSS-4038767,PD PRABOWO LAKSMIWATI (DUPLICATE),PD PRABOWO,JALAN KEBONJATI NO. 3,MAGELANG,ID-98,43022,+62-68-010-4924,Perum,TERDAFTAR,AKTIF,0,1,,,NIPER-21243,2026-01-23,AKTIF
334453975082,903856980284402,OSS-7836268,PERUM SIHOMBING (PERSERO) TBK,PERUM SIHO,JALAN PASIRKOJA NO. 75,MALANG,ID-91,79260,(008) 238-2000,PT,PROSES,AKTIF,1,1,API-P,29780-API,NIPER-67824,2026-02-27,AKTIF
026224789225,182613506210840,OSS-1579970,CV SUSANTI NOVITASARI (PERSERO) TBK,SUSANTI NO,GANG K.H. WAHID HASYIM NO. 86,MEDAN,ID-18,83681,(082) 140 7373,Perum,PROSES,AKTIF,0,1,,,NIPER-08714,2026-02-13,AKTIF
327186645413,073995154886098,OSS-3700561,PERUM WIBISONO RAJATA TBK,PERUM WIBI,GG. RONGGOWARSITO NO. 370,GORONTALO,ID-81,26827,+62 (081) 879-3548,CV,TERDAFTAR,AKTIF,1,1,API-P,86869-API,NIPER-80615,2026-02-11,AKTIF
934697865316,624694551500579,OSS-0634997,CV HAKIM,HAKIM,JALAN MOCH. RAMDAN NO. 987,MEDAN,ID-71,12848,(094) 447-4006,Firma,TERDAFTAR,AKTIF,1,1,API-P,75615-API,NIPER-13501,2026-02-16,AKTIF
564928247497,233379497977448,OSS-7244017,PD SUWARNO RAHIMAH,PD SUWARNO,JL. K.H. WAHID HASYIM NO. 688,MEULABOH,ID-94,42219,+62 (584) 499 8686,Perum,PROSES,TIDAK AKTIF,0,1,,,NIPER-07456,2026-01-24,AKTIF
864093942517,432047634557387,OSS-4217500,PD NAMAGA TBK,PD NAMAGA,JALAN KH AMIN JASUTA NO. 4,MOJOKERTO,ID-87,93796,+62 (0564) 121 2389,Firma,TERDAFTAR,AKTIF,1,1,API-P,97098-API,NIPER-87034,2026-02-21,AKTIF
973518962252,756002230234056,OSS-7712515,UD JAILANI,UD JAILANI,GG. CIKUTRA TIMUR NO. 66,TARAKAN,ID-10,23927,088 447 9098,PT,DISAHKAN,TIDAK AKTIF,1,0,API-P,63615-API,,2026-01-11,AKTIF
056470274118,831650188295742,OSS-7592296,PT UTAMA PRADANA TBK,UTAMA PRAD,JL. DIPENOGORO NO. 673,BANDAR LAMPUNG,ID-62,65078,+62 (0465) 156 4380,Firma,PROSES,AKTIF,1,1,API-U,87599-API,NIPER-57962,2026-02-12,AKTIF
090143276889,924313272126740,OSS-5530763,PERUM RAHMAWATI NAINGGOLAN TBK,PERUM RAHM,JL. IR. H. DJUANDA NO. 80,LUBUKLINGGAU,ID-11,00520,+62 (061) 762 0442,CV,TERDAFTAR,TIDAK AKTIF,0,1,,,NIPER-32409,2026-02-05,AKTIF
239890857257,482282186822831,OSS-2429015,PERUM JAILANI SITORUS,PERUM JAIL,GG. VETERAN NO. 18,BEKASI,ID-18,75778,+62 (131) 139 8404,Firma,DISAHKAN,TIDAK AKTIF,0,1,,,NIPER-11977,2026-02-14,AKTIF
079619909798,965913118708781,OSS-5749167,PD SINAGA,PD SINAGA,JALAN TEBET BARAT DALAM NO. 8,PALANGKARAYA,ID-64,88516,0820385285,CV,DISAHKAN,AKTIF,0,1,,,NIPER-79401,2026-02-11,AKTIF
570298705616,075758994592911,OSS-6221150,PD HAKIM PRAKASA,PD HAKIM P,JALAN ASIA AFRIKA NO. 185,TEGAL,ID-66,08982,(0854) 115 6917,Firma,DISAHKAN,DIBEKUKAN,1,0,API-U,54955-API,,2026-01-13,AKTIF
587825731302,203735405334016,OSS-4785060,CV MANDASARI HIDAYAT,MANDASARI,GANG CIUMBULEUIT NO. 214,MADIUN,ID-52,81932,+62 (06) 152-5019,Perum,TERDAFTAR,TIDAK AKTIF,0,1,,,NIPER-17798,2026-01-12,AKTIF
336269158544,097794911620463,OSS-4975007,NATSIR,NATSIR,JALAN IR. H. DJUANDA NO. 499,PAGARALAM,ID-29,00507,+62-020-225-2433,PT,PROSES,DIBEKUKAN,1,0,API-P,82720-API,,2026-02-18,AKTIF
698611504080,413754423211432,OSS-4307352,RAMADAN (PERSERO) TBK,RAMADAN (P,JL. OTTO ISKANDARDINATA NO. 83,BANDA ACEH,ID-46,15791,+62-38-618-2436,CV,TERDAFTAR,AKTIF,0,1,,,NIPER-61413,2026-01-05,AKTIF
713044623642,683854861460282,OSS-6174015,CV YULIANTI UWAIS,YULIANTI U,JALAN BKR NO. 40,PEKALONGAN,ID-53,98079,088 717 0726,PT,TERDAFTAR,TIDAK AKTIF,0,0,,,,2026-02-11,AKTIF
542520464124,492036895579133,OSS-6524394,SUSANTI (PERSERO) TBK,SUSANTI (P,JALAN MONGINSIDI NO. 74,MANADO,ID-43,94449,0817165673,CV,DISAHKAN,AKTIF,0,0,,,,2026-02-21,AKTIF
135800401041,459642297125296,OSS-7188397,UD SINAGA LAKSMIWATI (PERSERO) TBK,UD SINAGA,JL. KUTISARI SELATAN NO. 7,TANJUNGBALAI,ID-18,17030,+62-763-715-3988,Perum,DISAHKAN,TIDAK AKTIF,1,0,API-U,54728-API,,2026-01-29,AKTIF
876265391677,874800506362285,OSS-5784335,PERUM FUJIATI,PERUM FUJI,JL. K.H. WAHID HASYIM NO. 55,MADIUN,ID-55,24419,+62-0803-760-4421,PT,PROSES,TIDAK AKTIF,1,0,API-P,80407-API,,2026-02-21,AKTIF
152800648615,779932469649289,OSS-6389996,NASHIRUDDIN,NASHIRUDDI,JALAN CIKAPAYANG NO. 547,KOTA ADMINISTRASI JAKARTA UTARA,ID-29,49442,0828183255,PT,PROSES,DIBEKUKAN,0,0,,,,2026-02-21,AKTIF
903477633869,665149418820553,OSS-6172259,PT WACANA (PERSERO) TBK,WACANA (PE,JALAN SENTOT ALIBASA NO. 9,TANGERANG,ID-12,91228,+62 (95) 020-7113,Firma,TERDAFTAR,DIBEKUKAN,0,0,,,,2026-02-27,AKTIF
771062879550,673207788396775,OSS-9784250,PERUM SANTOSO,PERUM SANT,GG. AHMAD YANI NO. 904,PADANG SIDEMPUAN,ID-57,80583,+62 (0692) 990 4360,Firma,TERDAFTAR,DIBEKUKAN,0,1,,,NIPER-45510,2026-02-01,AKTIF
314675361275,156277963044836,OSS-0854566,PD WACANA RAJATA (PERSERO) TBK,PD WACANA,JALAN SADANG SERANG NO. 0,PALOPO,ID-72,39283,+62 (099) 529-8006,Perum,DISAHKAN,TIDAK AKTIF,1,1,API-U,15581-API,NIPER-08358,2026-02-18,AKTIF
143403715243,109156830953122,OSS-5264974,PERUM HARIYAH HALIM TBK,PERUM HARI,GANG PETA NO. 863,PANGKALPINANG,ID-90,78101,+62-012-448-0569,Firma,TERDAFTAR,DIBEKUKAN,1,1,API-P,42118-API,NIPER-74900,2026-02-21,AKTIF
927848869051,029476334083888,OSS-7324310,DONGORAN,DONGORAN,GG. PACUAN KUDA NO. 5,MANADO,ID-37,74398,(010) 703 0378,CV,PROSES,TIDAK AKTIF,0,0,,,,2026-02-12,AKTIF
837801820433,971895690705626,OSS-0856411,PERUM NARPATI,PERUM NARP,JL. PASIR KOJA NO. 246,BANJARMASIN,ID-73,20046,+62 (052) 654-6103,Firma,PROSES,DIBEKUKAN,0,0,,,,2026-01-18,AKTIF
330206457355,197261297606238,OSS-8797967,CV NAPITUPULU PRASETYO,NAPITUPULU,GANG RUMAH SAKIT NO. 05,TANGERANG,ID-12,02760,+62 (091) 473 8636,Perum,TERDAFTAR,TIDAK AKTIF,0,0,,,,2026-01-22,AKTIF
783600603105,911210467916508,OSS-1261147,PD SANTOSO WACANA TBK,PD SANTOSO,JL. KUTAI NO. 3,BENGKULU,ID-95,17843,+62-54-380-0158,Perum,TERDAFTAR,TIDAK AKTIF,0,1,,,NIPER-27029,2026-01-20,AKTIF
751010472639,667659215033047,OSS-3828183,CV PRAYOGA MARDHIYAH TBK,PRAYOGA MA,GANG M.H THAMRIN NO. 3,PEKALONGAN,ID-39,91610,+62 (0902) 385-3729,Firma,TERDAFTAR,TIDAK AKTIF,1,1,API-P,97177-API,NIPER-47795,2026-01-31,AKTIF
183035142716,859842097242916,OSS-9379566,KUSWANDARI LATUPONO,KUSWANDARI,GANG WARINGIN NO. 4,LHOKSEUMAWE,ID-26,96383,(0485) 204 3791,PT,PROSES,TIDAK AKTIF,0,1,,,NIPER-96016,2026-02-09,AKTIF
907056951063,611287408117306,OSS-9938214,CV PALASTRI TBK,PALASTRI T,JL. ABDUL MUIS NO. 2,BANJARMASIN,ID-24,21850,+62 (608) 319 1260,Perum,PROSES,AKTIF,1,1,API-U,48589-API,NIPER-65498,2026-02-16,AKTIF
316781875444,189796089499934,OSS-3097430,CV NASYIDAH SAPTONO,NASYIDAH S,JALAN STASIUN WONOKROMO NO. 57,LUBUKLINGGAU,ID-77,34384,(0364) 798-5066,Perum,PROSES,DIBEKUKAN,0,0,,,,2026-02-23,AKTIF
386888917879,150596257197609,OSS-3201265,PERUM PERMATA PURWANTI (PERSERO) TBK (DUPLICATE),PERUM PERM,GG. CIWASTRA NO. 0,BOGOR,ID-68,75585,+62 (077) 741-2746,Perum,TERDAFTAR,DIBEKUKAN,1,1,API-P,92118-API,NIPER-82419,2026-01-18,AKTIF
140226808146,355066654079137,OSS-0571132,CV PRADIPTA SIMANJUNTAK TBK,PRADIPTA S,GG. ERLANGGA NO. 3,TERNATE,ID-98,68445,(055) 201 3320,CV,PROSES,TIDAK AKTIF,0,0,,,,2026-02-01,AKTIF
846954495697,755612340015229,OSS-0401507,CV RAHAYU SAPUTRA (PERSERO) TBK,RAHAYU SAP,JL. DR. DJUNJUNAN NO. 22,SEMARANG,ID-84,34220,082 419 8577,PT,PROSES,TIDAK AKTIF,1,1,API-P,87341-API,NIPER-37230,2026-01-07,AKTIF
819236534606,790382107806904,OSS-2398471,PERUM DABUKKE AGUSTINA (PERSERO) TBK,PERUM DABU,JL. SOEKARNO HATTA NO. 64,SUNGAI PENUH,ID-64,48954,(0876) 989-9927,PT,DISAHKAN,DIBEKUKAN,1,0,API-U,51758-API,,2026-02-04,AKTIF
354905360463,678292731247649,OSS-5163489,PERUM GUNARTO TBK,PERUM GUNA,JL. RAYA UJUNGBERUNG NO. 7,PAYAKUMBUH,ID-60,33090,+62-040-223-1090,CV,PROSES,AKTIF,0,0,,,,2026-01-08,AKTIF
209395159274,504167313291135,OSS-9070186,PERUM PRASETYO,PERUM PRAS,GG. AHMAD DAHLAN NO. 249,TARAKAN,ID-31,62272,(081) 599-9567,CV,DISAHKAN,DIBEKUKAN,1,1,API-U,02482-API,NIPER-34619,2026-02-25,AKTIF
905429094790,313307983627524,OSS-7625340,PT WINARSIH,WINARSIH,GG. CIUMBULEUIT NO. 495,BATAM,ID-37,81561,+62 (69) 592 9267,CV,TERDAFTAR,AKTIF,0,0,,,,2026-02-01,AKTIF
430475838990,486627177860381,OSS-7654237,PD PRATIWI PUTRA TBK,PD PRATIWI,GG. H.J MAEMUNAH NO. 82,GORONTALO,ID-37,04242,+62 (0835) 181 5994,Perum,PROSES,AKTIF,0,0,,,,2026-01-29,AKTIF
697357790714,163356588043416,OSS-5182755,PERUM SANTOSO NAJMUDIN,PERUM SANT,JALAN MOCH. TOHA NO. 3,GORONTALO,ID-50,33952,+62 (011) 790-8075,PT,TERDAFTAR,AKTIF,1,1,API-U,95794-API,NIPER-72846,2026-01-25,AKTIF
160312191442,381454032741546,OSS-4225592,PD HIDAYANTO OKTAVIANI,PD HIDAYAN,GG. RAJAWALI BARAT NO. 11,TANGERANG,ID-84,29783,+62 (84) 538 1291,CV,DISAHKAN,TIDAK AKTIF,1,0,API-P,66040-API,,2026-02-12,AKTIF
785092250074,912978446356494,OSS-8729382,PERUM WIJAYA,PERUM WIJA,JALAN JOYOBOYO NO. 833,PALEMBANG,ID-23,59602,+62 (349) 214 3921,CV,DISAHKAN,DIBEKUKAN,0,1,,,NIPER-23996,2026-01-02,AKTIF
693957875207,020426201971212,OSS-4139369,PD NASYIDAH PURNAWATI TBK,PD NASYIDA,GG. LEMBONG NO. 267,KEDIRI,ID-57,92276,+62-75-988-9786,Perum,DISAHKAN,TIDAK AKTIF,0,1,,,NIPER-53394,2026-01-25,AKTIF
493783063963,845269694439164,OSS-9701693,CV PERMATA (PERSERO) TBK,PERMATA (P,JL. CIHAMPELAS NO. 301,BOGOR,ID-67,41903,+62 (006) 153-7221,Perum,PROSES,DIBEKUKAN,1,0,API-P,55668-API,,2026-01-09,AKTIF
621045069651,985058301410651,OSS-8960184,UD WASITA TBK (DUPLICATE),UD WASITA,GG. CIKAPAYANG NO. 657,KOTA ADMINISTRASI JAKARTA PUSAT,ID-44,19924,(0750) 947-5335,Perum,TERDAFTAR,DIBEKUKAN,1,1,API-P,81123-API,NIPER-70172,2026-02-21,AKTIF
859017524001,755049357814127,OSS-7015338,PERUM MANSUR WIJAYANTI (PERSERO) TBK,PERUM MANS,JL. MOCH. TOHA NO. 1,SUNGAI PENUH,ID-90,40074,+62-0262-843-2376,CV,TERDAFTAR,TIDAK AKTIF,0,1,,,NIPER-03567,2026-02-19,AKTIF
236537558491,282642491485961,OSS-8946585,PD PRASETYO (PERSERO) TBK,PD PRASETY,GG. GEDEBAGE SELATAN NO. 792,DENPASAR,ID-22,28115,+62-71-689-2321,CV,DISAHKAN,DIBEKUKAN,0,1,,,NIPER-71146,2026-02-25,AKTIF
878930381476,026317605540867,OSS-7621098,CV NAJMUDIN TBK,NAJMUDIN T,JALAN CIHAMPELAS NO. 67,KOTA ADMINISTRASI JAKARTA UTARA,ID-12,59730,+62-0753-745-0883,CV,PROSES,TIDAK AKTIF,1,0,API-U,06829-API,,2026-02-12,AKTIF
451897095186,143817195103455,OSS-3834724,CV PRATAMA (PERSERO) TBK,PRATAMA (P,GG. MOCH. RAMDAN NO. 231,CIREBON,ID-20,45732,+62 (241) 423-2417,Firma,TERDAFTAR,AKTIF,0,0,,,,2026-01-10,AKTIF
845385208693,097481007559352,OSS-1671396,UD PERTIWI NASYIAH TBK,UD PERTIWI,JALAN CEMPAKA NO. 60,MALANG,ID-69,13910,+62 (174) 787 5452,Perum,TERDAFTAR,DIBEKUKAN,1,1,API-P,14275-API,NIPER-97629,2026-02-26,AKTIF
693959882033,082244642409501,OSS-8539014,PD YUNIAR (PERSERO) TBK,PD YUNIAR,GG. ANTAPANI LAMA NO. 589,CIMAHI,ID-59,03237,+62 (062) 691 5361,Firma,TERDAFTAR,DIBEKUKAN,1,0,API-P,97198-API,,2026-01-26,AKTIF
480664634420,827542119549316,OSS-7302434,PERUM NATSIR TBK,PERUM NATS,JALAN BANGKA RAYA NO. 0,PALOPO,ID-21,91586,+62 (909) 074 2567,PT,TERDAFTAR,TIDAK AKTIF,0,1,,,NIPER-33283,2026-02-01,AKTIF
451454411871,613151669064818,OSS-8402488,PT FIRMANSYAH (PERSERO) TBK,FIRMANSYAH,GG. SUKABUMI NO. 68,BUKITTINGGI,ID-33,16385,+62 (0779) 978-6318,PT,DISAHKAN,TIDAK AKTIF,1,1,API-U,30067-API,NIPER-73173,2026-01-31,AKTIF
593012508955,377678004377772,OSS-1244462,PD PRASETYO,PD PRASETY,JALAN PHH. MUSTOFA NO. 96,TANJUNGPINANG,ID-15,03990,+62-763-163-1907,CV,TERDAFTAR,TIDAK AKTIF,0,1,,,NIPER-91363,2026-01-21,AKTIF
751404445376,349156201840503,OSS-2613716,PRAYOGA (PERSERO) TBK,PRAYOGA (P,JALAN SENTOT ALIBASA NO. 00,PANGKALPINANG,ID-26,16917,+62 (0187) 861 4873,Firma,TERDAFTAR,AKTIF,0,0,,,,2026-02-01,AKTIF
324651835914,612014079834007,OSS-7160108,FARIDA PERMADI (DUPLICATE),FARIDA PER,JALAN JEND. SUDIRMAN NO. 553,SINGKAWANG,ID-98,53175,+62 (86) 122 4000,PT,DISAHKAN,DIBEKUKAN,1,1,API-U,25937-API,NIPER-58183,2026-02-24,AKTIF
093728765038,831552328384935,OSS-2540402,PD LAILASARI MAULANA,PD LAILASA,GANG RAWAMANGUN NO. 510,TIDORE KEPULAUAN,ID-70,25054,+62-567-729-9854,PT,DISAHKAN,AKTIF,1,0,API-P,72343-API,,2026-01-13,AKTIF
927559467267,708570747807729,OSS-5452418,PD WAHYUDIN,PD WAHYUDI,JL. CEMPAKA NO. 34,KOTA ADMINISTRASI JAKARTA BARAT,ID-12,45324,+62 (87) 196-0528,PT,DISAHKAN,AKTIF,0,0,,,,2026-01-14,AKTIF
213719068265,616363782579390,OSS-9006789,ANDRIANI ANDRIANI (PERSERO) TBK,ANDRIANI A,GANG PASTEUR NO. 3,SOLOK,ID-71,78794,(0590) 757-8250,CV,DISAHKAN,TIDAK AKTIF,1,1,API-U,45985-API,NIPER-04948,2026-01-12,AKTIF
700831183272,231755134827676,OSS-9941707,PERUM ARYANI,PERUM ARYA,GANG PELAJAR PEJUANG NO. 782,MOJOKERTO,ID-49,71340,+62 (026) 418-7238,CV,PROSES,DIBEKUKAN,0,0,,,,2026-01-09,AKTIF
585960242203,402035337471510,OSS-5612995,PT DABUKKE SAEFULLAH,DABUKKE SA,JL. GEGERKALONG HILIR NO. 340,MADIUN,ID-45,05945,(066) 840-7367,Firma,TERDAFTAR,TIDAK AKTIF,0,1,,,NIPER-80890,2026-01-24,AKTIF
837522766909,989412211259210,OSS-6431717,PD TARIHORAN ANGGRIAWAN (PERSERO) TBK,PD TARIHOR,GG. S. PARMAN NO. 4,BINJAI,ID-19,14877,+62 (059) 596-8091,PT,PROSES,AKTIF,0,0,,,,2026-02-08,AKTIF
546124103472,809990207371284,OSS-9371763,CV PRADANA WINARNO,PRADANA WI,JALAN INDRAGIRI NO. 806,KOTA ADMINISTRASI JAKARTA SELATAN,ID-82,98259,+62 (640) 524-4989,Perum,PROSES,AKTIF,1,1,API-P,84017-API,NIPER-40633,2026-01-29,AKTIF
252210407843,206700400529707,OSS-7858753,UD WIBISONO HASANAH,UD WIBISON,GG. RAJAWALI BARAT NO. 3,SINGKAWANG,ID-81,68920,(0304) 764 7458,Firma,TERDAFTAR,AKTIF,0,0,,,,2026-02-02,AKTIF
599508914233,029276405473986,OSS-2214051,PT NASYIDAH WIBISONO,NASYIDAH W,GG. RAJIMAN NO. 73,PURWOKERTO,ID-94,47852,+62 (0744) 203 5944,CV,TERDAFTAR,TIDAK AKTIF,0,1,,,NIPER-10238,2026-01-17,AKTIF
649762847178,045121405292582,OSS-7666642,CV LAZUARDI MAHESWARA TBK,LAZUARDI M,GG. SILIWANGI NO. 952,SAWAHLUNTO,ID-82,29779,+62-582-218-1372,CV,TERDAFTAR,DIBEKUKAN,1,0,API-P,46371-API,,2026-03-02,AKTIF
365348563374,884868096548070,OSS-4038767,PD PRABOWO LAKSMIWATI,PD PRABOWO,JL. STASIUN WONOKROMO NO. 9,MAGELANG,ID-98,43022,+62-68-010-4924,Perum,TERDAFTAR,AKTIF,0,1,,,NIPER-21243,2026-01-23,AKTIF
346444274030,739127483631029,OSS-8362933,PD DAMANIK (DUPLICATE),PD DAMANIK,JL. INDRAGIRI NO. 74,BIMA,ID-10,75738,+62-007-518-7324,PT,TERDAFTAR,TIDAK AKTIF,1,0,API-U,24962-API,,2026-01-10,AKTIF
767384291846,122391824514065,OSS-3402926,PD WASTUTI PRATAMA (PERSERO) TBK,PD WASTUTI,GANG ASTANA ANYAR NO. 37,KOTAMOBAGU,ID-27,19754,+62 (39) 728 0187,CV,PROSES,DIBEKUKAN,0,1,,,NIPER-05284,2026-02-24,AKTIF
437652453095,717100330836997,OSS-3108402,UD NATSIR PRATIWI,UD NATSIR,JALAN PELAJAR PEJUANG NO. 63,PANGKALPINANG,ID-54,57210,+62 (078) 442-4943,Perum,PROSES,AKTIF,1,0,API-P,08229-API,,2026-02-01,AKTIF
464844273983,565239188676227,OSS-3533406,JAILANI ZULKARNAIN,JAILANI ZU,JL. PASTEUR NO. 142,MEDAN,ID-62,34526,+62-628-862-3357,Perum,DISAHKAN,DIBEKUKAN,0,1,,,NIPER-04445,2026-01-26,AKTIF
809166965276,245011981158997,OSS-3036501,NASYIDAH PRADIPTA (PERSERO) TBK,NASYIDAH P,JL. SUKAJADI NO. 745,MADIUN,ID-33,72056,+62 (0052) 051-9240,Firma,DISAHKAN,TIDAK AKTIF,0,1,,,NIPER-47193,2026-01-15,AKTIF
069014971103,847156756650518,OSS-8601674,PERUM ZULAIKA (PERSERO) TBK,PERUM ZULA,JALAN SOEKARNO HATTA NO. 6,BANDA ACEH,ID-10,50566,+62-0754-024-2861,Perum,TERDAFTAR,AKTIF,0,0,,,,2026-02-04,AKTIF
907726925232,099662725070120,OSS-0840758,CV MAULANA KUSWANDARI,MAULANA KU,GANG KUTAI NO. 3,PAYAKUMBUH,ID-57,87873,+62 (0053) 867 6770,Perum,PROSES,DIBEKUKAN,1,0,API-P,37379-API,,2026-02-25,AKTIF
781291428341,108099693084887,OSS-2563942,PERUM MELANI ISWAHYUDI TBK,PERUM MELA,JL. KENDALSARI NO. 2,PALOPO,ID-64,29927,+62 (037) 314-5303,CV,TERDAFTAR,DIBEKUKAN,0,0,,,,2026-02-03,AKTIF
044999657117,582003089995778,OSS-3658359,PT SAPUTRA NABABAN (PERSERO) TBK,SAPUTRA NA,JL. SUNIARAJA NO. 417,PEKALONGAN,ID-71,30115,089 264 2109,Perum,PROSES,DIBEKUKAN,1,0,API-P,96733-API,,2026-02-04,AKTIF
329451409364,983856255870914,OSS-0937840,PT MANDALA MANSUR,MANDALA MA,JL. PELAJAR PEJUANG NO. 6,SURAKARTA,ID-88,77860,+62 (751) 151 3906,Perum,PROSES,TIDAK AKTIF,0,0,,,,2026-01-01,AKTIF
846910276554,231593208266193,OSS-1459437,CV RAJASA,RAJASA,GANG IR. H. DJUANDA NO. 2,KEDIRI,ID-95,55148,(0759) 147 0251,PT,TERDAFTAR,DIBEKUKAN,1,0,API-P,08547-API,,2026-01-24,AKTIF
460876092734,260969964891497,OSS-5524808,UD WAHYUDIN,UD WAHYUDI,JL. JEND. SUDIRMAN NO. 8,MADIUN,ID-60,59304,+62-269-568-3481,Perum,PROSES,DIBEKUKAN,0,1,,,NIPER-69099,2026-01-18,AKTIF
864093942517,432047634557387,OSS-4217500,PD NAMAGA TBK (DUPLICATE),PD NAMAGA,JALAN KH AMIN JASUTA NO. 4,MOJOKERTO,ID-87,93796,+62 (0564) 121 2389,Firma,TERDAFTAR,AKTIF,1,1,API-P,97098-API,NIPER-87034,2026-02-21,AKTIF
331280989071,941121248388989,OSS-0279745,PT NURAINI,NURAINI,JL. CIKAPAYANG NO. 625,TIDORE KEPULAUAN,ID-11,48190,(0440) 063 0029,PT,PROSES,AKTIF,0,1,,,NIPER-43320,2026-01-23,AKTIF
239791378765,530073095055605,OSS-7121988,PERUM MANSUR,PERUM MANS,GANG GEDEBAGE SELATAN NO. 0,KOTA ADMINISTRASI JAKARTA BARAT,ID-80,86401,+62-042-462-4561,CV,PROSES,AKTIF,1,1,API-U,85174-API,NIPER-46004,2026-01-20,AKTIF
563790529687,701793146207174,OSS-5637883,UD WINARNO PRADIPTA TBK,UD WINARNO,JALAN RUNGKUT INDUSTRI NO. 393,TASIKMALAYA,ID-28,04369,(055) 400 6701,Firma,PROSES,DIBEKUKAN,1,0,API-U,96966-API,,2026-01-25,AKTIF
241220571480,909731948967387,OSS-9012934,PERUM DONGORAN WASKITA (DUPLICATE),PERUM DONG,GANG JAYAWIJAYA NO. 0,BATU,ID-30,09083,087 120 9967,Perum,TERDAFTAR,TIDAK AKTIF,0,0,,,,2026-02-19,AKTIF
652782546305,941567117753987,OSS-2458198,MAYASARI WINARSIH TBK,MAYASARI W,GANG RAYA SETIABUDHI NO. 805,TERNATE,ID-66,59726,083 950 7051,PT,TERDAFTAR,DIBEKUKAN,0,1,,,NIPER-30696,2026-03-01,AKTIF
052024994085,697123718107550,OSS-9526650,SIREGAR,SIREGAR,JL. LASWI NO. 8,PROBOLINGGO,ID-88,23571,+62 (41) 595 2867,Firma,DISAHKAN,DIBEKUKAN,1,1,API-U,04116-API,NIPER-74672,2026-02-10,AKTIF
993757927085,531665043448466,OSS-1177162,PT NAJMUDIN SETIAWAN,NAJMUDIN S,JL. K.H. WAHID HASYIM NO. 272,PARIAMAN,ID-45,22625,+62 (483) 152 2930,Perum,TERDAFTAR,DIBEKUKAN,1,0,API-U,11796-API,,2026-03-02,AKTIF
582063661718,789465299043678,OSS-2061756,PERUM ANDRIANI PANGESTU TBK,PERUM ANDR,GG. JAKARTA NO. 13,LANGSA,ID-37,53760,(0755) 622-9237,Firma,TERDAFTAR,AKTIF,1,0,API-P,52779-API,,2026-01-08,AKTIF
072750521469,818955923921518,OSS-2097535,UD ANGGRIAWAN ARDIANTO,UD ANGGRIA,GANG R.E MARTADINATA NO. 853,PALU,ID-64,36810,(030) 154 9381,Perum,TERDAFTAR,AKTIF,0,0,,,,2026-02-07,AKTIF
680748829678,200993825676959,OSS-8058546,PD SALAHUDIN (PERSERO) TBK,PD SALAHUD,GANG RAYA SETIABUDHI NO. 924,KEDIRI,ID-96,77855,+62 (0597) 693 9864,PT,TERDAFTAR,DIBEKUKAN,0,0,,,,2026-01-11,AKTIF
247395231676,126917866337521,OSS-2432491,UD SURYATMI LESTARI,UD SURYATM,JALAN R.E MARTADINATA NO. 6,GORONTALO,ID-15,85047,080 783 0962,PT,DISAHKAN,AKTIF,1,0,API-U,63978-API,,2026-01-13,AKTIF
727949779016,819938096952442,OSS-1452026,HANDAYANI PUDJIASTUTI TBK,HANDAYANI,JL. KENDALSARI NO. 328,SEMARANG,ID-43,35030,+62 (0918) 454-4842,Firma,DISAHKAN,TIDAK AKTIF,1,0,API-U,35381-API,,2026-01-06,AKTIF
075907277556,214967195058020,OSS-8751724,PUDJIASTUTI BUDIMAN,PUDJIASTUT,JL. M.T HARYONO NO. 77,BANDUNG,ID-58,06343,088 477 6438,PT,TERDAFTAR,DIBEKUKAN,1,1,API-U,72613-API,NIPER-59866,2026-02-06,AKTIF
281007498887,105484043800866,OSS-6581539,PD MANGUNSONG MAULANA,PD MANGUNS,JL. SUKAJADI NO. 69,KOTA ADMINISTRASI JAKARTA TIMUR,ID-21,65920,+62 (488) 850-7325,PT,DISAHKAN,AKTIF,1,0,API-P,79162-API,,2026-01-14,AKTIF
380620275110,398720369924779,OSS-8936037,PERUM MANSUR (PERSERO) TBK,PERUM MANS,JL. M.T HARYONO NO. 35,PALU,ID-67,11762,+62-408-263-8864,Firma,DISAHKAN,DIBEKUKAN,1,0,API-U,52197-API,,2026-02-22,AKTIF
601802118135,482363019642598,OSS-3942775,CV LAKSMIWATI SIRAIT TBK,LAKSMIWATI,JALAN PELAJAR PEJUANG NO. 34,LHOKSEUMAWE,ID-90,65146,082 988 6585,PT,TERDAFTAR,AKTIF,0,1,,,NIPER-33441,2026-01-01,AKTIF
869736145875,184374919157903,OSS-9158827,PT SURYONO,SURYONO,GG. DR. DJUNJUNAN NO. 101,BANJAR,ID-81,74762,+62 (40) 955 1910,CV,DISAHKAN,DIBEKUKAN,0,1,,,NIPER-37203,2026-02-18,AKTIF
125770620608,495160487117001,OSS-9445353,PD PRASETYA TBK,PD PRASETY,JALAN TUBAGUS ISMAIL NO. 085,TASIKMALAYA,ID-10,60121,+62 (858) 072 1156,Perum,DISAHKAN,AKTIF,0,0,,,,2026-01-21,AKTIF
328742565686,680580005895381,OSS-5750154,PERUM SITORUS HASANAH,PERUM SITO,GG. ERLANGGA NO. 4,KOTAMOBAGU,ID-68,51446,(019) 954-1710,Perum,PROSES,DIBEKUKAN,0,1,,,NIPER-06562,2026-01-22,AKTIF
059178766342,833238356273711,OSS-9182060,UD SALAHUDIN (PERSERO) TBK,UD SALAHUD,JL. SURYAKENCANA NO. 0,YOGYAKARTA,ID-34,34826,+62 (512) 878-3481,Firma,TERDAFTAR,TIDAK AKTIF,1,1,API-U,95714-API,NIPER-63970,2026-02-08,AKTIF
464310323385,437673058582196,OSS-4599682,UD PUTRA ISWAHYUDI (DUPLICATE),UD PUTRA I,JL. SETIABUDHI NO. 88,TERNATE,ID-14,30781,+62 (0125) 706 7077,CV,TERDAFTAR,DIBEKUKAN,0,0,,,,2026-02-07,AKTIF
875714622479,124817266863553,OSS-3985176,UD HARIYAH ISWAHYUDI (PERSERO) TBK,UD HARIYAH,JL. KAPTEN MUSLIHAT NO. 09,BONTANG,ID-91,99634,+62 (08) 164 7621,Perum,TERDAFTAR,DIBEKUKAN,1,1,API-P,98667-API,NIPER-28016,2026-02-23,AKTIF
387448595856,603479411190258,OSS-6484178,UD SITUMORANG (PERSERO) TBK,UD SITUMOR,GG. MERDEKA NO. 81,TERNATE,ID-96,76221,+62 (078) 390-6995,Perum,TERDAFTAR,AKTIF,0,1,,,NIPER-43947,2026-02-03,AKTIF
485536985719,658698105329953,OSS-2757522,PT THAMRIN HARTATI,THAMRIN HA,JALAN SUNIARAJA NO. 5,SAMARINDA,ID-36,22671,+62 (073) 391 7001,Firma,TERDAFTAR,AKTIF,0,1,,,NIPER-85501,2026-01-09,AKTIF
381025040228,595336653367259,OSS-5818772,PD WIJAYANTI MARYADI TBK,PD WIJAYAN,GG. ASTANA ANYAR NO. 72,LUBUKLINGGAU,ID-63,28573,+62 (0411) 203 1422,Firma,TERDAFTAR,TIDAK AKTIF,0,0,,,,2026-01-17,AKTIF
575610801030,221239551216983,OSS-2328541,CV MARBUN TBK,MARBUN TBK,GG. GEGERKALONG HILIR NO. 445,PAREPARE,ID-59,50451,(078) 778 8011,CV,PROSES,TIDAK AKTIF,1,1,API-U,59132-API,NIPER-68423,2026-01-14,AKTIF
373215716216,998336084317034,OSS-6652029,HALIMAH RAHMAWATI (PERSERO) TBK,HALIMAH RA,GG. DIPENOGORO NO. 2,SIBOLGA,ID-49,30431,+62 (022) 918 5468,Perum,DISAHKAN,DIBEKUKAN,1,1,API-U,37515-API,NIPER-37771,2026-02-03,AKTIF
461732698796,649126044325694,OSS-4702887,PERUM ADRIANSYAH (PERSERO) TBK,PERUM ADRI,GANG IR. H. DJUANDA NO. 03,KOTA ADMINISTRASI JAKARTA BARAT,ID-49,93796,+62 (084) 801-9858,PT,PROSES,AKTIF,0,1,,,NIPER-94490,2026-02-10,AKTIF
474017229744,240970580222113,OSS-3288590,PD SAMOSIR (PERSERO) TBK,PD SAMOSIR,JL. LASWI NO. 889,PADANGPANJANG,ID-99,72292,+62 (0698) 398-3491,PT,DISAHKAN,AKTIF,1,0,API-U,08721-API,,2026-02-19,AKTIF
610329353472,993869614709597,OSS-4877774,PD NAJMUDIN PRATAMA,PD NAJMUDI,JALAN S. PARMAN NO. 79,PALEMBANG,ID-70,08671,+62-0709-100-4955,Firma,PROSES,AKTIF,0,0,,,,2026-02-12,AKTIF
326194570859,389814853444547,OSS-5593331,PD PADMASARI ZULAIKA,PD PADMASA,JL. CIWASTRA NO. 36,SABANG,ID-82,28071,+62 (0461) 708 0710,Firma,TERDAFTAR,AKTIF,0,0,,,,2026-02-04,AKTIF
398794906692,889543055534067,OSS-5469868,CV HUTAGALUNG NURAINI (DUPLICATE),HUTAGALUNG,GG. K.H. WAHID HASYIM NO. 610,PADANG,ID-50,08644,+62-017-289-4225,Perum,PROSES,AKTIF,1,0,API-U,44225-API,,2026-02-24,AKTIF
688061557894,926695658000339,OSS-4531257,PD LAKSMIWATI HABIBI (PERSERO) TBK,PD LAKSMIW,GANG JEND. SUDIRMAN NO. 85,PALU,ID-42,59451,+62-589-747-9663,PT,DISAHKAN,DIBEKUKAN,0,1,,,NIPER-64002,2026-02-15,AKTIF
460940446531,470302887807225,OSS-1069050,PT LAKSITA THAMRIN (PERSERO) TBK,LAKSITA TH,JL. R.E MARTADINATA NO. 446,MAGELANG,ID-26,93520,+62 (163) 012-3515,Firma,TERDAFTAR,DIBEKUKAN,1,0,API-U,02624-API,,2026-03-02,AKTIF
184833649215,296458716639303,OSS-2216880,KUSWOYO MULYANI (PERSERO) TBK,KUSWOYO MU,GANG RAJIMAN NO. 12,BENGKULU,ID-90,18833,+62 (0017) 919-4455,Firma,DISAHKAN,AKTIF,1,0,API-P,76696-API,,2026-01-09,AKTIF
643943852207,311964880165984,OSS-3770622,WIDIASTUTI PRANOWO,WIDIASTUTI,JL. LASWI NO. 881,BATU,ID-53,88734,(0106) 459 3400,CV,PROSES,TIDAK AKTIF,0,0,,,,2026-02-07,AKTIF
708460945675,809483013395907,OSS-5411832,PT DAMANIK (PERSERO) TBK,DAMANIK (P,GANG ANTAPANI LAMA NO. 34,SUNGAI PENUH,ID-65,19025,+62 (019) 024 4136,PT,DISAHKAN,TIDAK AKTIF,0,1,,,NIPER-16726,2026-01-03,AKTIF
536701809523,030114493605561,OSS-2719472,UD SIHOTANG PALASTRI (PERSERO) TBK,UD SIHOTAN,GG. SUKAJADI NO. 01,METRO,ID-46,30833,080 619 8788,PT,TERDAFTAR,AKTIF,1,0,API-P,56620-API,,2026-02-11,AKTIF
772827695887,089426603669802,OSS-7644829,CV TARIHORAN (PERSERO) TBK,TARIHORAN,GANG DR. DJUNJUNAN NO. 53,PAYAKUMBUH,ID-90,84247,+62 (064) 919-1636,PT,DISAHKAN,DIBEKUKAN,1,1,API-P,95072-API,NIPER-59250,2026-01-17,AKTIF
929645156961,587096942672627,OSS-6676679,PD WIBISONO,PD WIBISON,JL. SETIABUDHI NO. 57,JAMBI,ID-63,97110,+62-034-639-6859,CV,TERDAFTAR,DIBEKUKAN,1,0,API-U,02891-API,,2026-02-10,AKTIF
655497923842,543166932445270,OSS-7364437,PERUM PRASASTA TBK,PERUM PRAS,JALAN SURYAKENCANA NO. 40,SUKABUMI,ID-22,64436,+62-53-499-4296,Firma,PROSES,AKTIF,1,1,API-U,65985-API,NIPER-02051,2026-01-22,AKTIF
425824601289,039544490910426,OSS-6805755,CV SUWARNO HARYANTO,SUWARNO HA,GANG WARINGIN NO. 20,KEDIRI,ID-46,29530,+62 (24) 841-8643,CV,DISAHKAN,DIBEKUKAN,0,0,,,,2026-02-26,AKTIF
146954257175,726005630706802,OSS-2409512,UD NURDIYANTI,UD NURDIYA,JALAN IR. H. DJUANDA NO. 928,SUBULUSSALAM,ID-16,19883,0834374979,CV,TERDAFTAR,DIBEKUKAN,1,1,API-U,06924-API,NIPER-82230,2026-01-26,AKTIF
970629985216,864715083599461,OSS-3674020,PERUM PUTRA,PERUM PUTR,GANG KIARACONDONG NO. 4,KENDARI,ID-29,37383,(0765) 914 0202,Perum,DISAHKAN,DIBEKUKAN,1,1,API-U,89644-API,NIPER-42418,2026-01-25,AKTIF
070783596577,045434453297115,OSS-9429405,PT PRASTUTI TAMPUBOLON,PRASTUTI T,GG. JEND. SUDIRMAN NO. 8,KOTA ADMINISTRASI JAKARTA PUSAT,ID-78,70971,+62-007-987-4606,Perum,PROSES,TIDAK AKTIF,1,1,API-U,63843-API,NIPER-24610,2026-01-01,AKTIF
534976217410,375141648668982,OSS-3973278,MANULLANG NOVITASARI TBK,MANULLANG,GG. SILIWANGI NO. 01,BATAM,ID-78,49952,+62 (359) 530 1965,Firma,TERDAFTAR,AKTIF,0,0,,,,2026-02-23,AKTIF
897558718804,117755613212549,OSS-2529693,PD RAHAYU (PERSERO) TBK,PD RAHAYU,JL. M.H THAMRIN NO. 0,KOTA ADMINISTRASI JAKARTA UTARA,ID-47,11990,+62 (023) 265 5846,PT,TERDAFTAR,TIDAK AKTIF,1,1,API-U,65592-API,NIPER-80764,2026-01-08,AKTIF
416323247648,945581789639763,OSS-2875238,PT SUDIATI,SUDIATI,GANG DIPENOGORO NO. 557,BLITAR,ID-72,41662,+62 (853) 987-9456,Perum,PROSES,TIDAK AKTIF,1,0,API-P,87807-API,,2026-01-06,AKTIF
319165430895,231202191505764,OSS-4974700,CV ANDRIANI,ANDRIANI,GANG RAJAWALI TIMUR NO. 6,PADANG,ID-93,97974,+62 (063) 656 0450,Firma,TERDAFTAR,AKTIF,0,0,,,,2026-02-04,AKTIF
711256738627,743576593962183,OSS-5924916,PD ISWAHYUDI,PD ISWAHYU,GANG M.T HARYONO NO. 823,KOTA ADMINISTRASI JAKARTA PUSAT,ID-74,76492,+62 (92) 067-9385,PT,PROSES,TIDAK AKTIF,0,1,,,NIPER-73594,2026-02-28,AKTIF
946194909656,863019397867706,OSS-9095425,PT HASSANAH,HASSANAH,GANG JAKARTA NO. 373,PARIAMAN,ID-81,03445,(076) 212 9318,CV,TERDAFTAR,TIDAK AKTIF,1,1,API-P,31983-API,NIPER-11168,2026-02-02,AKTIF
431027487515,139496507163589,OSS-1187203,PERUM HUTASOIT LAKSITA (PERSERO) TBK,PERUM HUTA,GANG CIHAMPELAS NO. 7,PADANG,ID-48,28056,(0726) 312-3992,Firma,TERDAFTAR,AKTIF,1,1,API-U,55990-API,NIPER-83453,2026-01-21,AKTIF
676879749655,765581519613243,OSS-8535005,UD RIYANTI TBK,UD RIYANTI,JALAN RAJIMAN NO. 60,MOJOKERTO,ID-47,30250,+62-586-619-4101,Firma,TERDAFTAR,TIDAK AKTIF,0,0,,,,2026-01-30,AKTIF
815679972815,613023276391694,OSS-9739768,PD UTAMA PADMASARI TBK,PD UTAMA P,JALAN CIKAPAYANG NO. 0,BANDUNG,ID-60,19975,+62 (017) 563-4406,Perum,PROSES,DIBEKUKAN,1,0,API-U,02109-API,,2026-01-08,AKTIF
338880697338,287899172352881,OSS-5136992,PT DONGORAN DONGORAN (PERSERO) TBK,DONGORAN D,GANG ASIA AFRIKA NO. 31,KUPANG,ID-72,51638,088 328 9971,CV,PROSES,AKTIF,0,0,,,,2026-01-29,AKTIF
962488835519,918139218618160,OSS-1511520,CV NAMAGA SETIAWAN,NAMAGA SET,GG. RUNGKUT INDUSTRI NO. 7,MADIUN,ID-89,22073,+62 (94) 916 9700,PT,TERDAFTAR,TIDAK AKTIF,0,0,,,,2026-01-10,AKTIF
074644399206,110486578295787,OSS-7550718,PT NUGROHO,NUGROHO,JALAN R.E MARTADINATA NO. 32,KUPANG,ID-10,97275,+62 (567) 070-9161,Firma,PROSES,DIBEKUKAN,0,0,,,,2026-01-17,AKTIF
178840954833,689401078596247,OSS-7960352,PD AGUSTINA (PERSERO) TBK,PD AGUSTIN,GG. S. PARMAN NO. 9,AMBON,ID-44,03085,+62 (0407) 934-0814,CV,DISAHKAN,DIBEKUKAN,1,0,API-P,04505-API,,2026-02-02,AKTIF
141417484337,408506038540155,OSS-6850192,PERUM MELANI (DUPLICATE),PERUM MELA,JALAN OTTO ISKANDARDINATA NO. 07,DUMAI,ID-58,14380,+62-0383-050-2419,PT,DISAHKAN,DIBEKUKAN,1,1,API-U,54607-API,NIPER-10665,2026-02-27,AKTIF
966591009313,909512528620212,OSS-2907085,NAPITUPULU WINARSIH TBK (DUPLICATE),NAPITUPULU,GG. JEND. A. YANI NO. 957,BAU-BAU,ID-20,44072,+62 (288) 286 0253,Perum,DISAHKAN,DIBEKUKAN,0,1,,,NIPER-57781,2026-01-02,AKTIF
862422074392,961697591188035,OSS-1844780,CV NURDIYANTI,NURDIYANTI,GG. JAKARTA NO. 9,PADANG,ID-50,42730,+62 (00) 988 1404,CV,TERDAFTAR,TIDAK AKTIF,1,0,API-U,58428-API,,2026-01-09,AKTIF
927678146562,275912443323154,OSS-4844826,SARAGIH TBK,SARAGIH TB,GANG KEBONJATI NO. 505,SUBULUSSALAM,ID-33,71116,+62 (198) 842-4078,CV,TERDAFTAR,TIDAK AKTIF,0,1,,,NIPER-18041,2026-01-21,AKTIF
681293800441,002621019726429,OSS-6351199,PD SAPTONO PRASETYO (DUPLICATE),PD SAPTONO,GANG LASWI NO. 6,PAYAKUMBUH,ID-13,12101,+62 (33) 754 7849,Firma,DISAHKAN,DIBEKUKAN,1,0,API-P,11791-API,,2026-01-06,AKTIF
423429471228,951633073541833,OSS-6606296,PD MARDHIYAH TBK,PD MARDHIY,JL. W.R. SUPRATMAN NO. 1,PADANGPANJANG,ID-14,25916,+62-0296-700-0236,CV,TERDAFTAR,AKTIF,0,1,,,NIPER-11498,2026-02-07,AKTIF
431722119219,332686925582817,OSS-0971863,UD MANDASARI NASYIDAH (PERSERO) TBK,UD MANDASA,GANG CEMPAKA NO. 35,PALU,ID-80,99285,083 517 3209,CV,PROSES,TIDAK AKTIF,1,0,API-U,22712-API,,2026-01-21,AKTIF
379643979015,803887814310544,OSS-9437611,UD USADA PURWANTI TBK,UD USADA P,JALAN MONGINSIDI NO. 833,BAU-BAU,ID-52,36710,(052) 497-0778,PT,DISAHKAN,TIDAK AKTIF,1,1,API-U,68855-API,NIPER-16434,2026-02-21,AKTIF
069400156146,522069217917585,OSS-6001071,PT PERTIWI (DUPLICATE),PERTIWI,JALAN GEGERKALONG HILIR NO. 94,BLITAR,ID-90,47191,+62 (439) 181-6302,Firma,DISAHKAN,TIDAK AKTIF,1,1,API-P,01517-API,NIPER-33311,2026-02-13,AKTIF
231631603781,105703996306670,OSS-0599469,PD SUARTINI PRASASTA (PERSERO) TBK,PD SUARTIN,GG. CIKUTRA BARAT NO. 715,BANDAR LAMPUNG,ID-92,14086,+62-323-430-6587,CV,PROSES,AKTIF,0,0,,,,2026-01-18,AKTIF
242928195177,218057756591814,OSS-4892758,PD SAMOSIR (PERSERO) TBK,PD SAMOSIR,GANG LEMBONG NO. 64,SURABAYA,ID-10,28383,083 358 8463,PT,TERDAFTAR,AKTIF,1,0,API-U,91934-API,,2026-01-13,AKTIF
467132813682,330322828701576,OSS-3259740,CV PANGESTU TBK,PANGESTU T,GANG MOCH. TOHA NO. 2,SIBOLGA,ID-77,86307,+62 (61) 690 6149,Perum,PROSES,TIDAK AKTIF,0,0,,,,2026-01-02,AKTIF
385145801721,373999705530177,OSS-0015108,UD SITUMORANG SUDIATI TBK,UD SITUMOR,JL. GEDEBAGE SELATAN NO. 58,MADIUN,ID-14,83803,(0418) 241-7026,PT,TERDAFTAR,AKTIF,0,1,,,NIPER-73451,2026-01-26,AKTIF
946554327144,153747605683865,OSS-4904905,UD YUNIAR BUDIMAN TBK (DUPLICATE),UD YUNIAR,GANG RAYA SETIABUDHI NO. 83,PONTIANAK,ID-37,40093,+62 (182) 465 1260,Perum,DISAHKAN,TIDAK AKTIF,1,1,API-P,67072-API,NIPER-55183,2026-01-16,AKTIF
761905032686,025126007952371,OSS-5495281,NAPITUPULU TBK,NAPITUPULU,GG. OTTO ISKANDARDINATA NO. 5,MAKASSAR,ID-20,11982,(005) 687 7174,CV,DISAHKAN,TIDAK AKTIF,1,1,API-U,47077-API,NIPER-11158,2026-02-14,AKTIF
676031692228,626276444906957,OSS-6356540,CV PRASTUTI ZULAIKA (PERSERO) TBK,PRASTUTI Z,JL. MEDOKAN AYU NO. 5,PARIAMAN,ID-38,16576,+62 (074) 427-2297,PT,TERDAFTAR,TIDAK AKTIF,0,1,,,NIPER-97731,2026-02-27,AKTIF
703694057299,541715854290225,OSS-7183902,PD MANGUNSONG MELANI (PERSERO) TBK,PD MANGUNS,GG. SURAPATI NO. 995,SUKABUMI,ID-12,66883,+62 (23) 610-7571,CV,TERDAFTAR,AKTIF,1,1,API-P,36793-API,NIPER-39857,2026-02-02,AKTIF
983736763312,806225000985130,OSS-9143570,CV HALIMAH TBK,HALIMAH TB,JL. RAWAMANGUN NO. 25,PADANG SIDEMPUAN,ID-64,54472,+62-055-917-3965,Perum,TERDAFTAR,TIDAK AKTIF,1,0,API-U,20995-API,,2026-01-08,AKTIF
446862427179,213600361341573,OSS-9653461,CV MANDALA LAZUARDI,MANDALA LA,GG. CIUMBULEUIT NO. 033,SUKABUMI,ID-18,84876,0835356275,Perum,PROSES,AKTIF,0,0,,,,2026-01-26,AKTIF
601574830112,041797287228060,OSS-8474262,PD ANDRIANI SITOMPUL,PD ANDRIAN,GANG CIKAPAYANG NO. 99,PAGARALAM,ID-85,85833,+62 (005) 863-8707,CV,TERDAFTAR,DIBEKUKAN,0,1,,,NIPER-72731,2026-01-20,AKTIF
937325683768,382066815835902,OSS-2892030,UD TAMBA,UD TAMBA,GANG BKR NO. 774,TASIKMALAYA,ID-20,89446,+62 (313) 340 6348,Firma,DISAHKAN,DIBEKUKAN,1,1,API-U,45804-API,NIPER-38692,2026-01-11,AKTIF
071905657439,677054673931649,OSS-0954688,CV WIJAYANTI HARDIANSYAH TBK,WIJAYANTI,JL. JAMIKA NO. 31,SEMARANG,ID-90,66254,(0800) 958-0401,PT,PROSES,AKTIF,0,1,,,NIPER-46159,2026-02-27,AKTIF
627299273874,192303481918332,OSS-7621171,UD SARAGIH,UD SARAGIH,JL. MERDEKA NO. 465,LHOKSEUMAWE,ID-34,17777,+62-315-263-0151,PT,PROSES,AKTIF,0,0,,,,2026-01-27,AKTIF
059031372967,888738257830877,OSS-6632284,UD DONGORAN,UD DONGORA,JALAN IR. H. DJUANDA NO. 77,PAGARALAM,ID-17,22800,+62-496-114-9754,CV,PROSES,TIDAK AKTIF,1,1,API-P,74586-API,NIPER-53379,2026-01-29,AKTIF
386549660251,435804711800450,OSS-1531195,MARYADI LAKSMIWATI TBK,MARYADI LA,GANG RAJIMAN NO. 6,BANJARBARU,ID-20,48562,+62 (750) 422 4640,CV,DISAHKAN,AKTIF,1,0,API-P,69486-API,,2026-01-21,AKTIF
195264674456,322505467884880,OSS-5954742,PT MAHENDRA,MAHENDRA,GG. MERDEKA NO. 7,KUPANG,ID-47,43880,+62 (037) 249-2884,Firma,TERDAFTAR,DIBEKUKAN,0,0,,,,2026-01-29,AKTIF
415885107703,485685916649379,OSS-0960796,UD MARYATI PRAYOGA,UD MARYATI,GANG JAMIKA NO. 0,MALANG,ID-26,74615,(0607) 192-0815,PT,DISAHKAN,AKTIF,0,0,,,,2026-01-27,AKTIF
141970076792,984646540176488,OSS-8099368,CV TAMPUBOLON (PERSERO) TBK,TAMPUBOLON,JALAN RAJIMAN NO. 028,KOTAMOBAGU,ID-68,32318,(001) 695-7860,Perum,PROSES,TIDAK AKTIF,1,1,API-U,93084-API,NIPER-95369,2026-01-01,AKTIF
543344335493,418635494518374,OSS-4026344,PT NAINGGOLAN PUSPITA TBK,NAINGGOLAN,GANG WONOAYU NO. 78,SAMARINDA,ID-69,88227,+62 (97) 404 0006,Perum,DISAHKAN,AKTIF,1,1,API-P,66376-API,NIPER-91115,2026-01-14,AKTIF
094785991136,966260933317361,OSS-2377874,PT USAMAH NURAINI TBK,USAMAH NUR,GG. JOYOBOYO NO. 7,SABANG,ID-51,23823,(056) 754-3005,CV,TERDAFTAR,TIDAK AKTIF,0,0,,,,2026-02-20,AKTIF
447563651837,047023712506821,OSS-2035813,PERUM WIJAYANTI SITOMPUL (PERSERO) TBK,PERUM WIJA,GG. SOEKARNO HATTA NO. 405,PEKALONGAN,ID-62,23591,088 552 2929,Firma,PROSES,AKTIF,1,1,API-P,77025-API,NIPER-98458,2026-02-04,AKTIF
492321243025,833036132276904,OSS-7447309,PT DABUKKE,DABUKKE,GG. VETERAN NO. 78,MAKASSAR,ID-41,34335,(0843) 701 1803,PT,DISAHKAN,AKTIF,1,1,API-P,36136-API,NIPER-37506,2026-02-23,AKTIF
509379416848,435923431352096,OSS-2651114,CV GUNARTO JAILANI,GUNARTO JA,JL. TUBAGUS ISMAIL NO. 081,LANGSA,ID-69,43510,+62 (81) 164-3185,PT,DISAHKAN,DIBEKUKAN,0,0,,,,2026-02-03,AKTIF
849149860995,504932664322394,OSS-6121289,PT SITOMPUL,SITOMPUL,JALAN PASIR KOJA NO. 012,PALANGKARAYA,ID-56,23984,(0422) 567-8718,Firma,TERDAFTAR,TIDAK AKTIF,0,0,,,,2026-01-08,AKTIF
781887581589,186239378408719,OSS-5715621,PT BUDIYANTO,BUDIYANTO,JALAN JOYOBOYO NO. 06,PALANGKARAYA,ID-12,90037,+62-86-146-3910,CV,TERDAFTAR,TIDAK AKTIF,1,0,API-P,27423-API,,2026-01-19,AKTIF
201622918938,912003039896532,OSS-8653931,UD IRAWAN KUSWOYO,UD IRAWAN,JL. GARDUJATI NO. 864,KOTA ADMINISTRASI JAKARTA SELATAN,ID-21,83314,085 571 5187,Perum,PROSES,TIDAK AKTIF,1,1,API-P,13708-API,NIPER-88869,2026-01-27,AKTIF
897191745432,940995757450492,OSS-3876834,UD MULYANI TBK,UD MULYANI,JALAN RONGGOWARSITO NO. 5,TANJUNGPINANG,ID-21,63636,+62-823-592-4973,Perum,DISAHKAN,DIBEKUKAN,1,1,API-U,07509-API,NIPER-50164,2026-01-27,AKTIF
101002026530,788073161027037,OSS-9353712,PT RAHAYU,RAHAYU,GG. RONGGOWARSITO NO. 2,JAYAPURA,ID-50,65091,+62-36-880-8825,Perum,PROSES,DIBEKUKAN,0,1,,,NIPER-95161,2026-01-09,AKTIF
710439990198,775521215633994,OSS-3026358,UD MAHESWARA,UD MAHESWA,GG. SOEKARNO HATTA NO. 3,BAU-BAU,ID-47,09405,+62-029-017-1494,Firma,DISAHKAN,TIDAK AKTIF,0,0,,,,2026-02-26,AKTIF
007185921906,211697431920515,OSS-8318861,UD NUGROHO (PERSERO) TBK,UD NUGROHO,GG. BANGKA RAYA NO. 7,PASURUAN,ID-22,92323,(0994) 801 1248,Perum,PROSES,DIBEKUKAN,1,1,API-P,71556-API,NIPER-38015,2026-02-19,AKTIF
586048857784,088435110992959,OSS-8956792,PD FIRMANSYAH PADMASARI,PD FIRMANS,GANG ABDUL MUIS NO. 0,TASIKMALAYA,ID-78,07576,+62 (79) 611-2869,CV,PROSES,AKTIF,0,0,,,,2026-02-06,AKTIF
146073720403,240440121785634,OSS-3614550,CV RAHIMAH,RAHIMAH,JALAN CIWASTRA NO. 868,PAGARALAM,ID-34,75646,083 633 2094,Firma,TERDAFTAR,DIBEKUKAN,0,0,,,,2026-01-01,AKTIF
991404186905,638040045525265,OSS-4606792,PERUM PUDJIASTUTI MELANI (PERSERO) TBK,PERUM PUDJ,GANG AHMAD DAHLAN NO. 969,KENDARI,ID-22,95675,+62 (037) 647 8913,PT,DISAHKAN,DIBEKUKAN,0,0,,,,2026-01-31,AKTIF
117390665068,885760273160350,OSS-2450632,WULANDARI TAMPUBOLON (PERSERO) TBK,WULANDARI,GG. RUNGKUT INDUSTRI NO. 56,METRO,ID-25,67646,+62 (042) 840-0001,CV,PROSES,DIBEKUKAN,0,1,,,NIPER-37437,2026-02-03,AKTIF
985313126296,806240039701279,OSS-2754288,PD MEGANTARA TBK,PD MEGANTA,JL. YOS SUDARSO NO. 704,TUAL,ID-37,88354,+62-058-790-3504,Perum,DISAHKAN,AKTIF,0,1,,,NIPER-50655,2026-01-06,AKTIF
214066504427,173962712863917,OSS-4101194,MANDASARI MARYADI (PERSERO) TBK,MANDASARI,GANG JAKARTA NO. 5,SAMARINDA,ID-61,87766,+62 (083) 067 1985,CV,DISAHKAN,DIBEKUKAN,1,0,API-P,54601-API,,2026-01-31,AKTIF
181123993302,559879206231459,OSS-6889109,PT PERTIWI WASKITA (PERSERO) TBK,PERTIWI WA,JALAN SENTOT ALIBASA NO. 112,JAMBI,ID-50,08164,+62 (080) 446-0819,CV,TERDAFTAR,TIDAK AKTIF,1,0,API-P,71408-API,,2026-02-10,AKTIF
026217459615,865780913431611,OSS-7240050,UD WAHYUDIN TBK,UD WAHYUDI,GG. AHMAD YANI NO. 2,CIREBON,ID-16,96937,+62 (37) 474 0748,PT,TERDAFTAR,DIBEKUKAN,1,0,API-U,21759-API,NIPER-CONFLICT,2026-02-20,AKTIF
527262719273,969451369855255,OSS-2027220,PERUM HUTAPEA,PERUM HUTA,JL. SURAPATI NO. 582,CIREBON,ID-35,99066,(0399) 281 3448,Perum,PROSES,AKTIF,1,0,API-P,93875-API,,2026-01-20,AKTIF
256481369760,254604101277772,OSS-9637162,PERUM FARIDA NUGROHO TBK,PERUM FARI,GG. OTTO ISKANDARDINATA NO. 840,PAREPARE,ID-16,67118,+62 (0605) 763 5749,PT,TERDAFTAR,DIBEKUKAN,0,0,,,,2026-02-05,AKTIF
135800401041,459642297125296,OSS-7188397,UD SINAGA LAKSMIWATI (PERSERO) TBK,UD SINAGA,GANG CIWASTRA NO. 83,TANJUNGBALAI,ID-18,17030,+62-763-715-3988,Perum,DISAHKAN,TIDAK AKTIF,1,0,API-U,54728-API,,2026-01-29,AKTIF
268904723864,100953855742164,OSS-3599009,PD NASYIDAH HUTAGALUNG,PD NASYIDA,JALAN RAJAWALI TIMUR NO. 61,JAYAPURA,ID-23,88443,(0066) 187 5646,CV,DISAHKAN,AKTIF,0,1,,,NIPER-72636,2026-03-02,AKTIF
457443319971,153334972969701,OSS-0034344,UD NAMAGA TAMBA TBK,UD NAMAGA,GG. MONGINSIDI NO. 02,MATARAM,ID-31,79437,(038) 274-9033,PT,TERDAFTAR,TIDAK AKTIF,1,1,API-P,12223-API,NIPER-95480,2026-01-30,AKTIF
316494000083,555237403283333,OSS-7907834,CV HARDIANSYAH,HARDIANSYA,GG. PHH. MUSTOFA NO. 72,GORONTALO,ID-28,46819,083 472 0093,Firma,TERDAFTAR,AKTIF,0,0,,,,2026-02-19,AKTIF
894587085371,542766979380862,OSS-2605174,PERUM KUSWANDARI ADRIANSYAH TBK,PERUM KUSW,JL. SURYAKENCANA NO. 6,TIDORE KEPULAUAN,ID-18,56249,+62-0144-353-3907,Perum,DISAHKAN,DIBEKUKAN,0,0,,,,2026-01-03,AKTIF
164261070335,084243198392484,OSS-8130041,PERUM HUTAGALUNG BUDIMAN TBK,PERUM HUTA,JL. DIPENOGORO NO. 16,TEBINGTINGGI,ID-98,86463,+62-0953-481-1050,PT,PROSES,DIBEKUKAN,1,0,API-P,14764-API,,2026-01-04,AKTIF
458795797114,917946190692395,OSS-1083278,PD NURDIYANTI ANGGRAINI TBK,PD NURDIYA,JL. MOCH. RAMDAN NO. 650,BANJARBARU,ID-17,24114,+62 (07) 651-3352,Firma,PROSES,AKTIF,0,1,,,NIPER-94957,2026-01-01,AKTIF
244644235986,484092702907542,OSS-2489801,PD WIBISONO (PERSERO) TBK,PD WIBISON,JL. RUMAH SAKIT NO. 6,TUAL,ID-21,68140,+62-0484-545-3679,Perum,TERDAFTAR,TIDAK AKTIF,0,0,,,,2026-02-14,AKTIF
202465726712,061540057528319,OSS-8784382,CV ARDIANTO KUSUMO,ARDIANTO K,GANG RAJAWALI BARAT NO. 93,BITUNG,ID-21,17727,+62 (084) 523 1023,CV,DISAHKAN,TIDAK AKTIF,1,0,API-U,67819-API,,2026-01-13,AKTIF
138749306559,212512674821784,OSS-3837176,PD ISWAHYUDI TBK,PD ISWAHYU,GANG CIHAMPELAS NO. 973,KOTA ADMINISTRASI JAKARTA SELATAN,ID-23,10052,+62 (0367) 547 9851,CV,DISAHKAN,DIBEKUKAN,1,0,API-P,62583-API,,2026-01-11,AKTIF
570224585277,130597618015513,OSS-3412315,CV PRAYOGA,PRAYOGA,GANG OTTO ISKANDARDINATA NO. 4,LANGSA,ID-17,73896,+62-00-320-6631,PT,DISAHKAN,DIBEKUKAN,0,1,,,NIPER-77122,2026-02-05,AKTIF
359129231078,466956171823273,OSS-8827974,CV PRATIWI,PRATIWI,JL. MEDOKAN AYU NO. 70,PALEMBANG,ID-93,61490,+62 (0858) 452-1129,Perum,DISAHKAN,TIDAK AKTIF,0,1,,,NIPER-44354,2026-01-28,AKTIF
887056170791,734762395949389,OSS-4051684,UD WASTUTI MANDASARI,UD WASTUTI,JALAN JAYAWIJAYA NO. 8,BEKASI,ID-19,18626,(016) 864 3005,CV,DISAHKAN,AKTIF,0,0,,,,2026-01-10,AKTIF
799492028670,071182610141697,OSS-1461172,UD ISWAHYUDI (PERSERO) TBK,UD ISWAHYU,GANG JAYAWIJAYA NO. 70,PEKALONGAN,ID-86,02120,+62 (0357) 373 6809,CV,DISAHKAN,DIBEKUKAN,1,0,API-U,69977-API,,2026-02-10,AKTIF
319717212831,906379966172150,OSS-0184211,PD RAJATA PRASTUTI (PERSERO) TBK,PD RAJATA,GG. IR. H. DJUANDA NO. 38,PALOPO,ID-68,90308,+62 (53) 820 2385,PT,DISAHKAN,TIDAK AKTIF,1,1,API-U,81602-API,NIPER-31594,2026-01-07,AKTIF
267140387808,631584248174265,OSS-9382288,CV PUSPASARI,PUSPASARI,JALAN RUMAH SAKIT NO. 76,MOJOKERTO,ID-19,21499,+62 (0031) 757-3526,Firma,PROSES,TIDAK AKTIF,1,1,API-U,60832-API,NIPER-46728,2026-02-11,AKTIF
590012526079,262067710201193,OSS-4916069,PERUM MAYASARI SITORUS,PERUM MAYA,GANG HOS. COKROAMINOTO NO. 38,MEULABOH,ID-41,73706,085 286 5778,CV,PROSES,TIDAK AKTIF,1,0,API-U,13861-API,,2026-02-19,AKTIF
376769459196,639551720849649,OSS-8560125,CV TAMBA PRASASTA (PERSERO) TBK,TAMBA PRAS,GANG IR. H. DJUANDA NO. 10,TANJUNGBALAI,ID-24,53795,+62-0816-493-8318,PT,TERDAFTAR,AKTIF,1,0,API-P,49196-API,,2026-02-20,AKTIF
118328401440,790438935317324,OSS-6155224,PRAYOGA,PRAYOGA,GG. M.H THAMRIN NO. 268,MEULABOH,ID-97,83527,+62-0839-688-5606,PT,PROSES,AKTIF,1,1,API-P,94568-API,NIPER-47093,2026-01-25,AKTIF
704125624878,199357256370082,OSS-5123819,CV ANGGRAINI PANGESTU (PERSERO) TBK,ANGGRAINI,JALAN TEBET BARAT DALAM NO. 4,PANGKALPINANG,ID-51,33623,+62 (0252) 896-6064,CV,PROSES,TIDAK AKTIF,0,0,,,,2026-01-18,AKTIF
894157221969,381021025185823,OSS-7918584,PD MARYATI SAPUTRA (PERSERO) TBK,PD MARYATI,GG. W.R. SUPRATMAN NO. 733,MAKASSAR,ID-88,75320,0815937340,CV,DISAHKAN,TIDAK AKTIF,1,0,API-U,13357-API,,2026-03-01,AKTIF
160176673477,643292879038273,OSS-9772897,PD NASYIDAH TBK,PD NASYIDA,GG. PASTEUR NO. 77,TIDORE KEPULAUAN,ID-99,93720,+62 (652) 780 0264,Firma,TERDAFTAR,TIDAK AKTIF,0,1,,,NIPER-33724,2026-02-04,AKTIF
434864033681,766841096428167,OSS-6943872,CV SETIAWAN,SETIAWAN,JALAN M.H THAMRIN NO. 388,BINJAI,ID-96,58534,+62 (0070) 182-1254,CV,PROSES,DIBEKUKAN,0,1,,,NIPER-74414,2026-02-18,AKTIF
449742337842,572035241024164,OSS-0960640,PD NASYIAH,PD NASYIAH,JALAN YOS SUDARSO NO. 988,TANJUNGBALAI,ID-32,66663,+62-832-182-5881,Firma,TERDAFTAR,DIBEKUKAN,0,0,,,,2026-02-13,AKTIF
301668003651,682563144973416,OSS-1382787,PERUM HASSANAH,PERUM HASS,JL. S. PARMAN NO. 8,SEMARANG,ID-87,82869,0867920670,CV,PROSES,TIDAK AKTIF,0,1,,,NIPER-97495,2026-01-03,AKTIF
461198309754,247388523774877,OSS-0078812,CV NATSIR TBK,NATSIR TBK,JL. SURYAKENCANA NO. 8,PURWOKERTO,ID-43,26799,+62-096-660-2865,Firma,TERDAFTAR,AKTIF,1,1,API-U,38395-API,NIPER-71646,2026-02-27,AKTIF
378630701316,889780332316495,OSS-8649170,PERUM BUDIMAN (PERSERO) TBK,PERUM BUDI,JALAN PHH. MUSTOFA NO. 01,SOLOK,ID-95,87244,+62 (011) 397 3031,Firma,TERDAFTAR,AKTIF,0,1,,,NIPER-05196,2026-02-27,AKTIF
151161314897,195514623013718,OSS-9327665,PD MARDHIYAH TARIHORAN,PD MARDHIY,GG. PHH. MUSTOFA NO. 4,BENGKULU,ID-95,36644,(090) 246-6645,CV,DISAHKAN,TIDAK AKTIF,0,0,,,,2026-01-13,AKTIF
910871296879,748143274200884,OSS-6313963,WAHYUDIN HARTATI TBK,WAHYUDIN H,GG. GEDEBAGE SELATAN NO. 990,PEKALONGAN,ID-25,49305,+62 (073) 802-8191,Firma,PROSES,DIBEKUKAN,1,0,API-P,74956-API,,2026-02-04,AKTIF
914434808829,795460647375570,OSS-4019102,UD SUDIATI (PERSERO) TBK,UD SUDIATI,GG. SURAPATI NO. 402,TARAKAN,ID-26,73008,+62-76-968-9785,CV,TERDAFTAR,DIBEKUKAN,0,1,,,NIPER-06608,2026-01-10,AKTIF
850215450308,365425102480569,OSS-3315748,PERUM DONGORAN MAHESWARA,PERUM DONG,GANG PASIR KOJA NO. 47,PALU,ID-76,47426,+62 (608) 009-1937,CV,PROSES,AKTIF,0,0,,,,2026-02-21,AKTIF
059592470601,726071366927142,OSS-4678156,UD HALIMAH (DUPLICATE),UD HALIMAH,JALAN SILIWANGI NO. 3,BANJARBARU,ID-37,64205,+62-0883-114-8350,CV,TERDAFTAR,TIDAK AKTIF,0,1,,,NIPER-07949,2026-01-18,AKTIF
314583833332,879385139103035,OSS-8338080,UD WIDODO PRADANA (PERSERO) TBK,UD WIDODO,JALAN PELAJAR PEJUANG NO. 98,CIMAHI,ID-48,29770,(060) 988-4833,CV,DISAHKAN,TIDAK AKTIF,0,0,,,,2026-01-18,AKTIF
866905946998,428828470520313,OSS-2988712,CV BUDIYANTO PRANOWO,BUDIYANTO,GANG PHH. MUSTOFA NO. 778,BOGOR,ID-76,85272,087 603 2087,Firma,TERDAFTAR,DIBEKUKAN,1,1,API-U,78347-API,NIPER-10628,2026-01-05,AKTIF
459897255625,219761654203423,OSS-0132398,CV PUSPASARI,PUSPASARI,GG. LEMBONG NO. 51,PEKANBARU,ID-82,74927,+62 (038) 404-3234,PT,TERDAFTAR,TIDAK AKTIF,0,1,,,NIPER-28967,2026-01-08,AKTIF
504004922267,177209125965188,OSS-2379379,PERUM LAKSMIWATI WAHYUDIN,PERUM LAKS,GG. STASIUN WONOKROMO NO. 806,GORONTALO,ID-77,66195,+62 (61) 325 3183,Perum,PROSES,TIDAK AKTIF,1,0,API-U,78904-API,,2026-02-05,AKTIF
652442724530,454795406414733,OSS-4642709,PADMASARI PERTIWI TBK,PADMASARI,GG. CIKUTRA TIMUR NO. 5,SABANG,ID-28,03571,+62 (018) 242 7349,PT,PROSES,TIDAK AKTIF,1,0,API-U,91517-API,,2026-02-01,AKTIF
767957571869,725006973658794,OSS-9231511,PERUM HUTAPEA,PERUM HUTA,JL. MOCH. RAMDAN NO. 71,SEMARANG,ID-89,66176,+62 (881) 883-7606,Firma,DISAHKAN,AKTIF,1,1,API-U,17125-API,NIPER-50758,2026-01-12,AKTIF
263444359624,587012042425369,OSS-0912375,PT NAJMUDIN PUSPASARI,NAJMUDIN P,GANG CIKUTRA BARAT NO. 967,BLITAR,ID-36,36524,+62-055-364-8187,Perum,DISAHKAN,DIBEKUKAN,0,1,,,NIPER-54036,2026-01-05,AKTIF
754185979129,932699210112745,OSS-8895579,PD PRAKASA (PERSERO) TBK,PD PRAKASA,JL. GARDUJATI NO. 16,PADANG SIDEMPUAN,ID-41,39198,(027) 605-9171,Firma,TERDAFTAR,TIDAK AKTIF,0,0,,,,2026-01-20,AKTIF
276243265720,798047078937987,OSS-7523999,CV WIBISONO PRATIWI (PERSERO) TBK,WIBISONO P,GANG PASTEUR NO. 983,PALOPO,ID-24,82629,+62-16-515-9952,Perum,PROSES,TIDAK AKTIF,0,1,,,NIPER-74787,2026-01-18,AKTIF
164425113316,263279033041075,OSS-4818164,PD PURNAWATI MARDHIYAH,PD PURNAWA,JALAN KENDALSARI NO. 10,METRO,ID-43,53479,(038) 090 4000,PT,PROSES,DIBEKUKAN,1,0,API-U,72672-API,,2026-02-19,AKTIF
772781050922,216107051843905,OSS-5295806,PT HARYANTO NABABAN (PERSERO) TBK,HARYANTO N,JL. CEMPAKA NO. 493,CIREBON,ID-19,44851,+62 (791) 971 1121,Firma,PROSES,TIDAK AKTIF,0,1,,,NIPER-25902,2026-02-06,AKTIF
858555197177,395517663294772,OSS-6955328,UD KUSWANDARI (PERSERO) TBK,UD KUSWAND,JALAN JAYAWIJAYA NO. 549,PROBOLINGGO,ID-97,99336,0855614205,CV,PROSES,TIDAK AKTIF,0,1,,,NIPER-33408,2026-02-06,AKTIF
834279730294,069572520235893,OSS-7712582,PERUM PURWANTI (PERSERO) TBK,PERUM PURW,JALAN SUKAJADI NO. 5,TIDORE KEPULAUAN,ID-95,56446,+62 (0523) 900 4152,PT,PROSES,TIDAK AKTIF,0,0,,,,2026-02-11,AKTIF
202791134263,136208286054972,OSS-2277726,UD NAMAGA NUGROHO,UD NAMAGA,GANG RAJAWALI TIMUR NO. 0,SUBULUSSALAM,ID-47,95957,+62 (046) 384-8309,PT,PROSES,TIDAK AKTIF,1,0,API-U,75780-API,,2026-01-30,AKTIF
219165806438,551299866318058,OSS-3097690,PD PANGESTU TBK,PD PANGEST,GANG MOCH. RAMDAN NO. 1,SOLOK,ID-14,77533,+62 (940) 953-3243,Perum,TERDAFTAR,AKTIF,0,0,,,,2026-01-13,AKTIF
021937018288,776456565782953,OSS-7798786,HARIYAH,HARIYAH,JALAN PELAJAR PEJUANG NO. 7,PAREPARE,ID-20,95595,(0109) 388 4955,PT,TERDAFTAR,DIBEKUKAN,1,0,API-P,39381-API,,2026-02-20,AKTIF
973982455381,518272382642951,OSS-8525576,UD SIRAIT,UD SIRAIT,JL. MONGINSIDI NO. 969,LANGSA,ID-15,87615,+62-48-849-1508,Perum,TERDAFTAR,DIBEKUKAN,1,0,API-P,92446-API,,2026-01-22,AKTIF
133044217953,485645044624044,OSS-1631664,PD HAKIM,PD HAKIM,JL. MERDEKA NO. 90,PALEMBANG,ID-68,21206,(005) 808 5690,PT,TERDAFTAR,DIBEKUKAN,1,1,API-U,28917-API,NIPER-08880,2026-02-10,AKTIF
819204877067,693332998651590,OSS-2578464,PERUM SITORUS,PERUM SITO,JL. RAYA UJUNGBERUNG NO. 6,BOGOR,ID-83,20846,(0292) 543-5519,CV,PROSES,TIDAK AKTIF,0,0,,,,2026-01-11,AKTIF
290292334511,009060530886843,OSS-0211667,CV SUSANTI ARDIANTO,SUSANTI AR,GANG RUMAH SAKIT NO. 8,MADIUN,ID-49,12996,+62 (0260) 336-2027,CV,DISAHKAN,DIBEKUKAN,0,1,,,NIPER-55821,2026-02-02,AKTIF
921380971830,125533390926810,OSS-6312927,CV HUTAPEA PADMASARI (PERSERO) TBK,HUTAPEA PA,JL. CIKUTRA BARAT NO. 07,KOTA ADMINISTRASI JAKARTA SELATAN,ID-22,22703,+62 (0099) 614-9292,Perum,DISAHKAN,DIBEKUKAN,1,1,API-U,89754-API,NIPER-12619,2026-02-26,AKTIF
167373912752,427477589784925,OSS-1517456,LAKSMIWATI,LAKSMIWATI,GG. H.J MAEMUNAH NO. 4,LHOKSEUMAWE,ID-49,18421,0885414157,CV,DISAHKAN,TIDAK AKTIF,1,0,API-U,70446-API,,2026-02-08,AKTIF
512144765191,090511403736646,OSS-7202964,PD ASTUTI SIREGAR (PERSERO) TBK,PD ASTUTI,GG. MONGINSIDI NO. 515,SIBOLGA,ID-54,38347,+62 (71) 246-0495,CV,TERDAFTAR,DIBEKUKAN,1,1,API-U,37965-API,NIPER-99597,2026-01-23,AKTIF
253554139357,309063580355506,OSS-8861191,PT ISWAHYUDI KUSUMO,ISWAHYUDI,GG. RAJAWALI BARAT NO. 6,SABANG,ID-79,37370,+62 (113) 263-4597,CV,DISAHKAN,AKTIF,1,1,API-U,90514-API,NIPER-49494,2026-02-12,AKTIF
134507100754,507854447539588,OSS-5967937,UD HUTASOIT AGUSTINA,UD HUTASOI,GG. AHMAD DAHLAN NO. 215,SAMARINDA,ID-99,64259,+62 (0564) 208-9277,CV,TERDAFTAR,DIBEKUKAN,0,0,,,,2026-02-19,AKTIF
353080713130,946926962012028,OSS-2501505,PERUM SUSANTI TBK,PERUM SUSA,GG. PHH. MUSTOFA NO. 067,MANADO,ID-89,27612,086 351 6140,PT,TERDAFTAR,AKTIF,0,1,,,NIPER-55684,2026-01-06,AKTIF
906744716392,823414363718923,OSS-9231260,CV MAULANA TBK,MAULANA TB,JL. CIKAPAYANG NO. 68,TANJUNGPINANG,ID-42,35670,086 041 4545,Perum,DISAHKAN,DIBEKUKAN,1,0,API-P,63502-API,,2026-02-21,AKTIF
449749561213,072681729825300,OSS-6792121,PD SIHOTANG,PD SIHOTAN,JALAN AHMAD YANI NO. 7,TANGERANG SELATAN,ID-97,82065,+62 (32) 081-8410,PT,PROSES,DIBEKUKAN,1,1,API-U,43267-API,NIPER-88120,2026-01-02,AKTIF
217749117675,500437531575229,OSS-5083860,PERUM HALIM PRABOWO,PERUM HALI,GANG STASIUN WONOKROMO NO. 75,PAREPARE,ID-18,35153,+62 (0743) 927 0812,PT,TERDAFTAR,TIDAK AKTIF,0,1,,,NIPER-07800,2026-02-23,AKTIF
512181587192,295258738232078,OSS-9620607,PERUM NARPATI HASTUTI (PERSERO) TBK,PERUM NARP,JL. BKR NO. 4,SERANG,ID-89,08027,+62 (60) 742-4422,Perum,TERDAFTAR,AKTIF,1,0,API-P,17596-API,,2026-01-03,AKTIF
960651813382,244924424919846,OSS-3637562,NAJMUDIN KUSUMO (PERSERO) TBK,NAJMUDIN K,JL. CIWASTRA NO. 86,SUBULUSSALAM,ID-11,44772,0879522873,CV,DISAHKAN,TIDAK AKTIF,1,0,API-U,63792-API,,2026-01-17,AKTIF
515718409080,512080056409951,OSS-2397283,ZULAIKA (PERSERO) TBK,ZULAIKA (P,GG. JEND. SUDIRMAN NO. 2,BANDAR LAMPUNG,ID-46,81441,+62 (298) 217-3929,Perum,PROSES,DIBEKUKAN,1,1,API-P,57867-API,NIPER-18153,2026-01-11,AKTIF
641789969860,919191135996605,OSS-7798066,CV PURNAWATI,PURNAWATI,GG. DIPENOGORO NO. 60,KOTA ADMINISTRASI JAKARTA PUSAT,ID-94,55347,+62-057-423-8856,Firma,PROSES,AKTIF,0,0,,,,2026-02-08,AKTIF
553833908877,314124904249743,OSS-0770871,UD SUARTINI TBK,UD SUARTIN,GG. H.J MAEMUNAH NO. 0,PURWOKERTO,ID-26,11516,+62 (0520) 835-9087,Firma,PROSES,DIBEKUKAN,1,0,API-U,98502-API,,2026-02-15,AKTIF
667644988447,478793560645778,OSS-5343974,UD SAFITRI (PERSERO) TBK,UD SAFITRI,GG. CIKAPAYANG NO. 492,BEKASI,ID-75,71604,082 293 8360,Perum,DISAHKAN,TIDAK AKTIF,1,1,API-U,10419-API,NIPER-88633,2026-02-02,AKTIF
300019805748,466234323972941,OSS-3956996,PD HAKIM NAJMUDIN,PD HAKIM N,GG. ERLANGGA NO. 12,TERNATE,ID-98,87044,+62-040-393-7085,Perum,DISAHKAN,DIBEKUKAN,0,0,,,,2026-01-06,AKTIF
954585835639,981274392255174,OSS-1925814,PD NUGROHO KURNIAWAN (PERSERO) TBK,PD NUGROHO,JALAN GEDEBAGE SELATAN NO. 8,KEDIRI,ID-38,54138,+62 (0531) 563 0930,Firma,TERDAFTAR,TIDAK AKTIF,0,1,,,NIPER-79685,2026-02-28,AKTIF
198221672632,503250727180984,OSS-6997939,PERUM GUNAWAN MARBUN,PERUM GUNA,JALAN SURAPATI NO. 376,SAMARINDA,ID-11,55817,+62 (0244) 165-8634,PT,PROSES,TIDAK AKTIF,1,1,API-U,47832-API,NIPER-62499,2026-02-19,AKTIF
718134102906,169185361067076,OSS-9670258,CV KUSMAWATI,KUSMAWATI,GANG PACUAN KUDA NO. 685,PRABUMULIH,ID-13,05289,+62 (0168) 631-8552,PT,PROSES,TIDAK AKTIF,1,0,API-U,56767-API,,2026-01-24,AKTIF
899093482670,966107933006665,OSS-3138246,PT ASTUTI,ASTUTI,GANG M.H THAMRIN NO. 89,PASURUAN,ID-17,40936,+62 (934) 241-9099,Firma,DISAHKAN,AKTIF,0,0,,,,2026-01-17,AKTIF
263999314854,804796875441215,OSS-2280557,UD FUJIATI NASYIDAH TBK,UD FUJIATI,GG. MERDEKA NO. 581,KOTA ADMINISTRASI JAKARTA TIMUR,ID-14,74076,(080) 108-4684,PT,DISAHKAN,DIBEKUKAN,1,1,API-U,74596-API,NIPER-37509,2026-01-12,AKTIF
443489953495,556599863939173,OSS-6931250,UD PRATAMA HASANAH (PERSERO) TBK,UD PRATAMA,JALAN RONGGOWARSITO NO. 5,PONTIANAK,ID-86,24960,(069) 260-3754,PT,PROSES,TIDAK AKTIF,0,0,,,,2026-03-01,AKTIF
845679723200,249685498227495,OSS-4508920,PERUM PURWANTI HABIBI,PERUM PURW,JALAN KIARACONDONG NO. 3,MAKASSAR,ID-51,77959,+62 (946) 521 7073,CV,PROSES,AKTIF,1,1,API-P,03379-API,NIPER-33756,2026-01-15,AKTIF
985146217264,934298933057446,OSS-2193678,PD KUSUMO THAMRIN TBK,PD KUSUMO,GG. JEND. A. YANI NO. 0,LUBUKLINGGAU,ID-69,47695,+62 (646) 829-3995,Perum,TERDAFTAR,DIBEKUKAN,0,1,,,NIPER-48082,2026-02-10,AKTIF
257791199370,864025977065085,OSS-9859418,UD SINAGA,UD SINAGA,JALAN CIUMBULEUIT NO. 2,DEPOK,ID-40,45421,+62 (064) 468 1626,CV,DISAHKAN,TIDAK AKTIF,0,0,,,,2026-01-01,AKTIF
197175762837,967566376373354,OSS-7240189,UD OKTAVIANI,UD OKTAVIA,GG. VETERAN NO. 8,BINJAI,ID-62,55351,+62-0592-076-6798,Firma,DISAHKAN,TIDAK AKTIF,1,1,API-U,89968-API,NIPER-42758,2026-01-11,AKTIF
252188102428,361309440461736,OSS-3773975,SIHOMBING BUDIYANTO (PERSERO) TBK,SIHOMBING,JALAN BANGKA RAYA NO. 766,BALIKPAPAN,ID-24,78897,(065) 124 0934,CV,DISAHKAN,AKTIF,0,1,,,NIPER-22137,2026-02-22,AKTIF
373053428907,816293096150710,OSS-6616903,PD HAKIM SITOMPUL (PERSERO) TBK,PD HAKIM S,JL. ERLANGGA NO. 9,PALEMBANG,ID-49,31994,(070) 996-0874,Perum,DISAHKAN,TIDAK AKTIF,1,1,API-U,96122-API,NIPER-98308,2026-01-22,AKTIF
088494999635,768662138059519,OSS-4845422,PERUM SITORUS TBK,PERUM SITO,JL. BKR NO. 5,MALANG,ID-67,19635,+62 (010) 967-4513,PT,TERDAFTAR,DIBEKUKAN,1,1,API-U,63659-API,NIPER-05041,2026-01-01,AKTIF
711467265793,721877359508493,OSS-6466960,PD SAMOSIR,PD SAMOSIR,GANG W.R. SUPRATMAN NO. 234,BLITAR,ID-92,91514,+62-091-778-8600,Firma,PROSES,TIDAK AKTIF,1,0,API-P,93916-API,,2026-01-03,AKTIF
513495685921,447593650286603,OSS-7171632,ARDIANTO,ARDIANTO,GANG ASIA AFRIKA NO. 37,KOTA ADMINISTRASI JAKARTA BARAT,ID-14,87779,(069) 192 5563,Firma,DISAHKAN,DIBEKUKAN,0,1,,,NIPER-01960,2026-01-09,AKTIF
666242274176,208192057854222,OSS-4250134,PD PRABOWO MANULLANG (PERSERO) TBK,PD PRABOWO,JALAN CIHAMPELAS NO. 13,PALEMBANG,ID-63,03051,+62-50-949-7725,CV,DISAHKAN,AKTIF,1,1,API-P,40299-API,NIPER-82938,2026-02-10,AKTIF
879446206836,601012274650856,OSS-4281107,PD MANGUNSONG PRASASTA (PERSERO) TBK,PD MANGUNS,GG. RAJAWALI TIMUR NO. 010,TUAL,ID-76,92352,+62-89-003-9599,CV,TERDAFTAR,TIDAK AKTIF,0,0,,,,2026-02-23,AKTIF
957787790839,915329417106560,OSS-0210645,PT YULIANTI WAHYUNI (PERSERO) TBK,YULIANTI W,JALAN CIKUTRA BARAT NO. 2,BUKITTINGGI,ID-30,52576,(014) 539-9788,PT,PROSES,DIBEKUKAN,1,0,API-U,56750-API,,2026-02-07,AKTIF
666858592658,721817216027664,OSS-1005852,PERUM NAINGGOLAN PALASTRI TBK,PERUM NAIN,JALAN DR. DJUNJUNAN NO. 998,PAYAKUMBUH,ID-83,33787,+62 (624) 794 5883,PT,TERDAFTAR,AKTIF,0,0,,,,2026-02-11,AKTIF
519318825563,273330209856529,OSS-9213507,PERUM SIMANJUNTAK TBK,PERUM SIMA,JL. KUTAI NO. 749,KOTA ADMINISTRASI JAKARTA TIMUR,ID-70,61362,+62 (010) 546 7903,PT,TERDAFTAR,DIBEKUKAN,0,0,,,,2026-02-22,AKTIF
280857623623,916135024855256,OSS-8708806,UD KUSWANDARI MEGANTARA,UD KUSWAND,GG. RAJAWALI TIMUR NO. 372,SINGKAWANG,ID-13,27164,+62-0169-580-0684,CV,DISAHKAN,TIDAK AKTIF,0,1,,,NIPER-11602,2026-02-13,AKTIF
218241408170,284616878732149,OSS-9970320,CV YUNIAR TBK,YUNIAR TBK,JALAN LASWI NO. 42,BANJAR,ID-31,51004,(001) 041 3135,Perum,TERDAFTAR,DIBEKUKAN,0,0,,,,2026-02-17,AKTIF
958807327146,355428468638720,OSS-3238322,PT SARAGIH SURYATMI TBK,SARAGIH SU,GG. PHH. MUSTOFA NO. 265,PURWOKERTO,ID-47,92458,+62-023-310-8185,Firma,PROSES,DIBEKUKAN,1,0,API-U,48051-API,,2026-02-02,AKTIF
148089658614,692119368757412,OSS-2876704,UD KUSMAWATI (PERSERO) TBK,UD KUSMAWA,JALAN MOCH. RAMDAN NO. 0,BANDUNG,ID-45,86283,+62 (571) 427 0931,CV,PROSES,TIDAK AKTIF,1,0,API-P,91212-API,,2026-02-11,AKTIF
364876247762,704581634280534,OSS-5442602,PT LAKSITA,LAKSITA,JL. BKR NO. 454,TANJUNGBALAI,ID-25,74527,+62-069-157-1274,PT,PROSES,TIDAK AKTIF,0,0,,,,2026-02-28,AKTIF
826222964802,784669389228636,OSS-3891974,PT SAEFULLAH UWAIS,SAEFULLAH,JL. CIHAMPELAS NO. 97,CILEGON,ID-53,50989,+62 (98) 810-0009,Firma,PROSES,TIDAK AKTIF,0,0,,,,2026-01-01,AKTIF
880294240903,678812786866943,OSS-2029390,PERUM NOVITASARI RAJATA TBK (DUPLICATE),PERUM NOVI,GANG M.H THAMRIN NO. 230,KUPANG,ID-21,24240,+62-0381-059-5518,Perum,TERDAFTAR,TIDAK AKTIF,1,1,API-U,42694-API,NIPER-50053,2026-01-30,AKTIF
770797800010,995659285210656,OSS-9086402,PERUM HALIMAH PRATIWI,PERUM HALI,JALAN GARDUJATI NO. 85,TANJUNGPINANG,ID-49,44287,+62 (098) 683-4246,CV,DISAHKAN,TIDAK AKTIF,0,0,,,,2026-02-12,AKTIF
038364251179,087577774462060,OSS-9010099,PERUM UWAIS (PERSERO) TBK,PERUM UWAI,GG. OTTO ISKANDARDINATA NO. 227,SUKABUMI,ID-95,34847,088 004 7245,PT,DISAHKAN,DIBEKUKAN,0,1,,,NIPER-71267,2026-01-07,AKTIF
479211216826,431946135411834,OSS-6458766,UD SAEFULLAH HANDAYANI (PERSERO) TBK,UD SAEFULL,GANG SURYAKENCANA NO. 086,SURABAYA,ID-53,29937,+62 (053) 899 1134,Perum,TERDAFTAR,TIDAK AKTIF,0,1,,,NIPER-40244,2026-01-20,AKTIF
408610678277,114629812821412,OSS-2825650,PD ISWAHYUDI BUDIYANTO (PERSERO) TBK,PD ISWAHYU,JL. PASIRKOJA NO. 6,PADANGPANJANG,ID-40,50259,+62 (374) 089 4459,Perum,DISAHKAN,DIBEKUKAN,1,0,API-P,47411-API,,2026-01-08,AKTIF
165119214574,452030276947308,OSS-8240353,PT NARPATI SURYONO,NARPATI SU,JL. INDRAGIRI NO. 634,SAMARINDA,ID-40,12180,+62 (257) 959-9004,Firma,DISAHKAN,DIBEKUKAN,0,0,,,,2026-01-29,AKTIF
621045069651,985058301410651,OSS-8960184,UD WASITA TBK,UD WASITA,GG. CIKAPAYANG NO. 657,KOTA ADMINISTRASI JAKARTA PUSAT,ID-44,19924,(0750) 947-5335,Perum,TERDAFTAR,DIBEKUKAN,1,1,API-P,81123-API,NIPER-70172,2026-02-21,AKTIF
077128061990,746669747217124,OSS-3566830,CV TAMPUBOLON NAPITUPULU,TAMPUBOLON,JALAN SILIWANGI NO. 87,PASURUAN,ID-29,50781,+62-072-839-4764,Perum,PROSES,DIBEKUKAN,1,0,API-P,61261-API,,2026-01-17,AKTIF
546864055772,697079260485590,OSS-7458344,SIMANJUNTAK,SIMANJUNTA,JALAN YOS SUDARSO NO. 55,PAREPARE,ID-40,79061,+62 (290) 172 1034,Perum,PROSES,TIDAK AKTIF,1,0,API-P,37896-API,,2026-02-05,AKTIF
008696610168,311395001680941,OSS-4915076,PERUM NAPITUPULU PADMASARI,PERUM NAPI,GANG PHH. MUSTOFA NO. 15,SUBULUSSALAM,ID-49,40777,+62 (0620) 726-6292,Perum,TERDAFTAR,AKTIF,1,1,API-P,50817-API,NIPER-76029,2026-02-02,AKTIF
623818392451,679177619607911,OSS-7292335,CV PRANOWO,PRANOWO,JL. SOEKARNO HATTA NO. 562,TEBINGTINGGI,ID-88,45040,+62 (0147) 716 8289,PT,PROSES,AKTIF,0,0,,,,2026-02-15,AKTIF
198656380312,360669417174565,OSS-8318778,PD RAJATA,PD RAJATA,GG. IR. H. DJUANDA NO. 4,MADIUN,ID-78,30981,+62 (145) 416-1825,PT,PROSES,AKTIF,0,0,,,,2026-01-25,AKTIF
718718201788,375875459619022,OSS-7934674,PT PALASTRI TBK,PALASTRI T,GG. MERDEKA NO. 21,PASURUAN,ID-74,93117,(0355) 563-6934,PT,TERDAFTAR,DIBEKUKAN,1,1,API-P,79440-API,NIPER-33367,2026-01-25,AKTIF
025557817946,329514674702375,OSS-6190424,PD MAHENDRA TBK,PD MAHENDR,GANG PASTEUR NO. 7,PONTIANAK,ID-37,83960,+62 (0831) 821 1814,Firma,DISAHKAN,TIDAK AKTIF,0,1,,,NIPER-85061,2026-02-28,AKTIF
978545550415,879048060679244,OSS-9392318,PT SITOMPUL RAHIMAH,SITOMPUL R,GANG R.E MARTADINATA NO. 4,PEKALONGAN,ID-77,09434,(0479) 797-8268,Perum,PROSES,AKTIF,0,1,,,NIPER-62458,2026-01-12,AKTIF
691330303346,771167507627995,OSS-5302453,PT NATSIR,NATSIR,GANG JEND. A. YANI NO. 034,BANJAR,ID-15,84719,+62-17-222-4050,Perum,DISAHKAN,AKTIF,0,0,,,,2026-02-04,AKTIF
121458521751,237390973116402,OSS-3276107,PERUM PADMASARI ARDIANTO TBK,PERUM PADM,JALAN CIHAMPELAS NO. 275,SUNGAI PENUH,ID-64,32214,(029) 210-1021,Firma,TERDAFTAR,TIDAK AKTIF,1,1,API-U,29599-API,NIPER-81278,2026-02-12,AKTIF
499490410228,471909645807436,OSS-5939587,PERUM MARYADI,PERUM MARY,GG. RUMAH SAKIT NO. 628,MAKASSAR,ID-12,69912,+62 (60) 729 4557,PT,TERDAFTAR,TIDAK AKTIF,0,0,,,,2026-02-05,AKTIF
492967096395,290778038781859,OSS-8978672,UD SIREGAR SURYATMI,UD SIREGAR,GG. SENTOT ALIBASA NO. 0,MANADO,ID-28,67911,+62 (255) 351 2530,Firma,PROSES,AKTIF,0,0,,,,2026-01-26,AKTIF
309562126918,604096341589019,OSS-3095607,CV USAMAH,USAMAH,GANG MERDEKA NO. 861,SUBULUSSALAM,ID-51,36437,0830348424,Perum,PROSES,DIBEKUKAN,1,0,API-U,63785-API,,2026-02-11,AKTIF
085347550748,144439446926626,OSS-3951981,PERUM PRADIPTA NAINGGOLAN,PERUM PRAD,JALAN RAYA SETIABUDHI NO. 29,PANGKALPINANG,ID-94,77135,0899616001,Firma,DISAHKAN,TIDAK AKTIF,0,1,,,NIPER-31137,2026-02-07,AKTIF
473101383524,209862296716759,OSS-0368785,PT PERMATA THAMRIN (PERSERO) TBK,PERMATA TH,JL. IR. H. DJUANDA NO. 98,GORONTALO,ID-50,32869,+62-944-012-7920,PT,DISAHKAN,TIDAK AKTIF,0,1,,,NIPER-54502,2026-01-18,AKTIF
093353296109,175337389930827,OSS-6412778,UD WAHYUNI,UD WAHYUNI,JALAN CIKUTRA BARAT NO. 8,SORONG,ID-13,02790,+62 (32) 961-2510,Perum,TERDAFTAR,DIBEKUKAN,0,1,,,NIPER-31670,2026-02-25,AKTIF
886333421972,279241646632471,OSS-3656579,UD HANDAYANI (PERSERO) TBK,UD HANDAYA,GG. PASIRKOJA NO. 21,TANJUNGBALAI,ID-45,63801,+62 (78) 900-6429,CV,PROSES,DIBEKUKAN,0,1,,,NIPER-37121,2026-02-18,AKTIF
420422470428,485013672450893,OSS-2008587,CV HARYANTO (PERSERO) TBK,HARYANTO (,GANG PELAJAR PEJUANG NO. 6,JAYAPURA,ID-65,02912,+62-97-658-3571,CV,DISAHKAN,AKTIF,0,1,,,NIPER-78620,2026-02-25,AKTIF
712709821307,794791665921546,OSS-9844580,UD UTAMA PRAYOGA (DUPLICATE),UD UTAMA P,JALAN JEND. SUDIRMAN NO. 90,BAU-BAU,ID-96,95603,0873664168,Firma,DISAHKAN,DIBEKUKAN,1,1,API-U,95895-API,NIPER-17884,2026-02-04,AKTIF
861890787719,858866154550595,OSS-5017657,PERUM WIBISONO TBK,PERUM WIBI,GANG JEND. A. YANI NO. 7,KOTA ADMINISTRASI JAKARTA TIMUR,ID-15,43071,0894056764,Perum,PROSES,DIBEKUKAN,0,1,,,NIPER-77196,2026-02-03,AKTIF
727769871546,818803686059772,OSS-6736323,UD FIRMANSYAH PRADIPTA,UD FIRMANS,JL. RUNGKUT INDUSTRI NO. 396,SORONG,ID-64,92732,+62-0624-455-6123,CV,PROSES,TIDAK AKTIF,1,0,API-P,82918-API,,2026-01-07,AKTIF
674001847669,947300281200670,OSS-6520562,UD HASANAH MAHESWARA,UD HASANAH,JL. MEDOKAN AYU NO. 37,BANJARMASIN,ID-64,58260,(000) 750 7975,PT,DISAHKAN,TIDAK AKTIF,1,0,API-P,22178-API,,2026-01-18,AKTIF
801771566557,316792456539623,OSS-7314239,CV OKTAVIANI JAILANI (PERSERO) TBK (DUPLICATE),OKTAVIANI,GG. KH AMIN JASUTA NO. 322,PROBOLINGGO,ID-54,07032,+62 (0324) 962 2852,PT,PROSES,DIBEKUKAN,1,1,API-P,32756-API,NIPER-77016,2026-01-06,AKTIF
715066626705,514377693663439,OSS-2529596,PT HUTASOIT,HUTASOIT,JL. R.E MARTADINATA NO. 71,BANJARBARU,ID-43,72024,+62 (591) 024-5109,Perum,TERDAFTAR,DIBEKUKAN,0,1,,,NIPER-10903,2026-01-19,AKTIF
533917038616,781766471571499,OSS-3129581,PERUM YOLANDA MANSUR,PERUM YOLA,JL. CIUMBULEUIT NO. 926,KOTA ADMINISTRASI JAKARTA UTARA,ID-57,90276,(0823) 476 3041,Perum,TERDAFTAR,TIDAK AKTIF,1,0,API-U,23357-API,,2026-02-28,AKTIF
251327195005,281273585730652,OSS-4077848,CV PURNAWATI NASHIRUDDIN TBK,PURNAWATI,GANG KUTISARI SELATAN NO. 2,PONTIANAK,ID-60,74485,(0086) 209 5935,PT,TERDAFTAR,DIBEKUKAN,0,0,,,,2026-01-28,AKTIF
253145365600,078327125672568,OSS-1853118,CV LESTARI SIREGAR,LESTARI SI,JALAN MEDOKAN AYU NO. 1,KOTA ADMINISTRASI JAKARTA UTARA,ID-37,31164,+62 (971) 174 9118,Firma,PROSES,AKTIF,0,1,,,NIPER-45128,2026-02-27,AKTIF
712946715133,157174739417635,OSS-2352392,PD WIDODO MELANI,PD WIDODO,JL. MERDEKA NO. 4,PAREPARE,ID-43,82049,+62-49-385-4066,Perum,PROSES,DIBEKUKAN,0,1,,,NIPER-88870,2026-01-26,AKTIF
412315611933,484637004464198,OSS-0815643,JAILANI RAHMAWATI,JAILANI RA,JL. MERDEKA NO. 919,MEULABOH,ID-92,74680,+62-907-561-1389,CV,PROSES,DIBEKUKAN,0,1,,,NIPER-04062,2026-01-21,AKTIF
526904580118,061932735563749,OSS-5728925,CV PRATIWI TBK,PRATIWI TB,GG. OTTO ISKANDARDINATA NO. 9,SINGKAWANG,ID-11,08772,(062) 311-6260,PT,TERDAFTAR,AKTIF,1,1,API-U,90706-API,NIPER-82845,2026-02-07,AKTIF
027376149981,291799989088390,OSS-6767270,CV HUTAGALUNG PADMASARI TBK,HUTAGALUNG,JALAN CIHAMPELAS NO. 014,SORONG,ID-80,51499,+62 (28) 921-4155,Firma,TERDAFTAR,DIBEKUKAN,0,1,,,NIPER-84153,2026-01-13,AKTIF
194874612319,002415517586373,OSS-5332702,PD FUJIATI MARDHIYAH TBK,PD FUJIATI,JALAN CIKUTRA TIMUR NO. 621,TASIKMALAYA,ID-48,51494,(0396) 543 1055,Perum,PROSES,DIBEKUKAN,1,1,API-U,77103-API,NIPER-02759,2026-01-25,AKTIF
328982868439,460882919439486,OSS-0875897,UD DABUKKE NAPITUPULU,UD DABUKKE,JALAN LASWI NO. 39,BATAM,ID-46,10479,(010) 253-9741,CV,DISAHKAN,DIBEKUKAN,0,1,,,NIPER-54485,2026-01-01,AKTIF
012090205834,281464122106316,OSS-3754259,LAKSMIWATI HARDIANSYAH,LAKSMIWATI,JALAN JAKARTA NO. 19,KOTAMOBAGU,ID-98,46938,+62 (360) 626-6225,Perum,TERDAFTAR,TIDAK AKTIF,1,0,API-U,80015-API,,2026-01-16,AKTIF
203405142795,915702814313345,OSS-8172770,CV HUTAPEA SUDIATI TBK,HUTAPEA SU,JALAN YOS SUDARSO NO. 03,BOGOR,ID-54,80571,+62 (087) 013-2872,CV,PROSES,DIBEKUKAN,1,1,API-U,55358-API,NIPER-18462,2026-02-27,AKTIF
252215979653,137818124530826,OSS-6584948,PD PURNAWATI PRABOWO (PERSERO) TBK,PD PURNAWA,GG. RAJAWALI BARAT NO. 5,BONTANG,ID-90,48733,+62 (046) 640 4898,Perum,DISAHKAN,DIBEKUKAN,1,0,API-U,69903-API,,2026-01-01,AKTIF
942565290603,202032650977539,OSS-6737948,SETIAWAN YOLANDA TBK,SETIAWAN Y,GG. SADANG SERANG NO. 87,SURAKARTA,ID-26,84156,+62-82-137-1184,PT,PROSES,DIBEKUKAN,1,1,API-P,25476-API,NIPER-81826,2026-02-02,AKTIF
513386136746,161605433707367,OSS-1274706,CV HUTAGALUNG (PERSERO) TBK,HUTAGALUNG,GANG ABDUL MUIS NO. 6,BOGOR,ID-33,72041,0862931916,CV,PROSES,TIDAK AKTIF,1,1,API-U,78758-API,NIPER-64740,2026-01-01,AKTIF
796068886742,050578462216346,OSS-5186515,PT MUSTOFA HARYANTO,MUSTOFA HA,JL. M.T HARYONO NO. 987,PRABUMULIH,ID-25,86514,(060) 170-5939,Firma,DISAHKAN,DIBEKUKAN,1,1,API-P,67015-API,NIPER-52264,2026-01-26,AKTIF
310695481023,652235358333057,OSS-9418602,PD WIBISONO,PD WIBISON,GG. MOCH. RAMDAN NO. 3,SAMARINDA,ID-14,54248,0888209005,Perum,DISAHKAN,AKTIF,0,1,,,NIPER-78420,2026-02-28,AKTIF
921890009132,531129047270031,OSS-8513250,CV DABUKKE (PERSERO) TBK,DABUKKE (P,GANG MONGINSIDI NO. 55,TUAL,ID-66,43604,+62 (010) 374-0860,CV,PROSES,DIBEKUKAN,1,1,API-P,04512-API,NIPER-66497,2026-03-02,AKTIF
288453945546,745621765396982,OSS-2110134,PERUM SAPTONO (PERSERO) TBK,PERUM SAPT,JALAN SETIABUDHI NO. 5,PADANG SIDEMPUAN,ID-49,82319,(0810) 634-3199,Firma,DISAHKAN,AKTIF,0,1,,,NIPER-01124,2026-02-19,AKTIF
376448492524,472493190235182,OSS-1461865,UD FIRGANTORO,UD FIRGANT,GG. ANTAPANI LAMA NO. 02,PALU,ID-90,94050,+62 (854) 038 3006,Perum,DISAHKAN,AKTIF,0,1,,,NIPER-38314,2026-01-20,AKTIF
092568359627,838777654023471,OSS-4513740,PERUM YULIARTI MARPAUNG,PERUM YULI,GANG SADANG SERANG NO. 936,MATARAM,ID-62,27545,+62 (0034) 989 3975,PT,DISAHKAN,TIDAK AKTIF,0,0,,,,2026-01-15,AKTIF
850215450308,923319710510860,OSS-3315748,PERUM DONGORAN MAHESWARA,PERUM DONG,GANG PASIR KOJA NO. 47,PALU,ID-76,47426,+62 (608) 009-1937,CV,PROSES,AKTIF,0,0,,,,2026-02-21,AKTIF
055604473170,720544155518899,OSS-0887012,PD HASANAH TBK,PD HASANAH,JALAN CEMPAKA NO. 4,YOGYAKARTA,ID-20,35139,+62-82-500-7110,CV,DISAHKAN,TIDAK AKTIF,1,0,API-P,04380-API,,2026-01-02,AKTIF
661906989835,501521441417505,OSS-7631447,UD MAHESWARA LAZUARDI (DUPLICATE),UD MAHESWA,JL. KAPTEN MUSLIHAT NO. 682,PADANG SIDEMPUAN,ID-58,36017,+62-048-595-0715,Perum,PROSES,AKTIF,0,1,,,NIPER-18131,2026-03-02,AKTIF
684674205509,882201860868731,OSS-5495932,PT PUSPITA (PERSERO) TBK,PUSPITA (P,JL. MEDOKAN AYU NO. 765,SURAKARTA,ID-73,51609,(093) 301 6212,CV,DISAHKAN,AKTIF,1,1,API-U,53930-API,NIPER-73452,2026-01-28,AKTIF
503599650850,584495854896811,OSS-7807471,UD YULIARTI AGUSTINA TBK (DUPLICATE),UD YULIART,JALAN KH AMIN JASUTA NO. 106,SABANG,ID-12,12545,(093) 885 4570,Perum,DISAHKAN,TIDAK AKTIF,0,0,,,,2026-01-22,AKTIF
537894098668,198648646659352,OSS-3857121,CV WIDIASTUTI LAKSITA,WIDIASTUTI,JL. JOYOBOYO NO. 357,PASURUAN,ID-28,93250,+62 (092) 271 9670,Firma,TERDAFTAR,AKTIF,1,1,API-P,31053-API,NIPER-71809,2026-02-14,AKTIF
103283111039,747295646947130,OSS-7206102,UD PERTIWI ARYANI,UD PERTIWI,JALAN SUKAJADI NO. 4,BINJAI,ID-48,30681,+62 (58) 781-1025,Firma,TERDAFTAR,TIDAK AKTIF,1,0,API-P,27061-API,,2026-02-04,AKTIF
547697596729,953973409716003,OSS-3959268,PERUM RAMADAN WACANA (DUPLICATE),PERUM RAMA,JALAN WARINGIN NO. 69,BOGOR,ID-38,61074,+62 (41) 507 2028,PT,PROSES,AKTIF,0,1,,,NIPER-56066,2026-01-31,AKTIF
692654978791,228931845931946,OSS-3300651,UD NURAINI TBK,UD NURAINI,GANG GARDUJATI NO. 674,CIREBON,ID-11,08036,(0458) 781 5579,CV,PROSES,TIDAK AKTIF,1,1,API-U,57783-API,NIPER-11604,2026-01-31,AKTIF
757313005103,973409024593749,OSS-0370785,CV KUSUMO HARDIANSYAH,KUSUMO HAR,GG. JEND. A. YANI NO. 5,TERNATE,ID-59,90530,086 866 0476,CV,DISAHKAN,DIBEKUKAN,0,0,,,,2026-02-04,AKTIF
539913854131,744851954423344,OSS-0258855,PT NOVITASARI,NOVITASARI,JALAN INDRAGIRI NO. 97,KOTA ADMINISTRASI JAKARTA BARAT,ID-47,59964,(008) 725 4777,Perum,DISAHKAN,DIBEKUKAN,1,0,API-P,53881-API,,2026-02-04,AKTIF
945427295791,260157367847293,OSS-1687627,CV YOLANDA PRAKASA TBK,YOLANDA PR,GG. CIUMBULEUIT NO. 2,KENDARI,ID-91,66136,0897363655,PT,PROSES,DIBEKUKAN,0,1,,,NIPER-08595,2026-02-28,AKTIF
653123584842,094184446204245,OSS-7972731,PERUM MARPAUNG IRAWAN,PERUM MARP,JL. OTTO ISKANDARDINATA NO. 3,PALU,ID-30,38572,+62-032-165-1556,Firma,DISAHKAN,TIDAK AKTIF,1,0,API-U,73376-API,,2026-02-16,AKTIF
516394512858,913089817911598,OSS-7248343,PD HALIMAH,PD HALIMAH,GG. RAJIMAN NO. 239,JAMBI,ID-97,96887,089 972 4372,CV,TERDAFTAR,DIBEKUKAN,1,0,API-P,43675-API,,2026-01-28,AKTIF
478322881182,634363936589804,OSS-3736791,PT FIRMANSYAH,FIRMANSYAH,GG. H.J MAEMUNAH NO. 4,PASURUAN,ID-19,96296,+62-68-587-8618,Firma,DISAHKAN,DIBEKUKAN,1,1,API-P,15463-API,NIPER-29325,2026-01-03,AKTIF
838020841371,262595068880827,OSS-2034920,PT SURYATMI BUDIYANTO (PERSERO) TBK,SURYATMI B,GANG KH AMIN JASUTA NO. 381,TANJUNGBALAI,ID-99,43007,+62 (21) 537-3531,CV,DISAHKAN,AKTIF,1,1,API-U,52946-API,NIPER-06971,2026-02-07,AKTIF
465754921826,553979461921317,OSS-5301612,UD LATUPONO BUDIYANTO,UD LATUPON,JALAN M.H THAMRIN NO. 04,TOMOHON,ID-77,12839,0891858124,CV,PROSES,DIBEKUKAN,1,1,API-P,83488-API,NIPER-49030,2026-02-21,AKTIF
007182835253,548287148637516,OSS-2361194,PT WIBOWO PURNAWATI TBK,WIBOWO PUR,GG. RAYA SETIABUDHI NO. 277,CIMAHI,ID-38,59258,+62 (58) 827 9226,PT,PROSES,DIBEKUKAN,0,0,,,,2026-02-16,AKTIF
056117239146,801574941769116,OSS-5407761,UD RAJASA (PERSERO) TBK,UD RAJASA,JL. INDRAGIRI NO. 321,MEDAN,ID-17,75240,(0018) 276 0954,Perum,TERDAFTAR,DIBEKUKAN,1,1,API-P,90065-API,NIPER-79122,2026-01-01,AKTIF
684268517973,679901027190952,OSS-0387212,UD UYAINAH,UD UYAINAH,GG. SETIABUDHI NO. 6,LHOKSEUMAWE,ID-75,62201,(056) 633 9350,PT,DISAHKAN,AKTIF,0,0,,,,2026-01-28,AKTIF
044241448784,794387572527530,OSS-6840500,UD YUNIAR,UD YUNIAR,GANG CIHAMPELAS NO. 89,BITUNG,ID-60,14121,+62 (0618) 205 7347,Firma,DISAHKAN,DIBEKUKAN,1,1,API-P,18720-API,NIPER-34463,2026-02-01,AKTIF
956460048095,213450180550130,OSS-5661353,UD MANSUR TBK,UD MANSUR,GG. YOS SUDARSO NO. 44,PURWOKERTO,ID-94,35536,+62-003-000-8987,Firma,DISAHKAN,TIDAK AKTIF,0,0,,,,2026-01-23,AKTIF
230899236816,398624932390198,OSS-8712564,PERUM RIYANTI,PERUM RIYA,JL. DIPENOGORO NO. 82,TOMOHON,ID-95,97573,(037) 915 9594,PT,DISAHKAN,AKTIF,1,1,API-P,23619-API,NIPER-25750,2026-01-15,AKTIF
965701329022,784699733549465,OSS-1909862,UWAIS (PERSERO) TBK,UWAIS (PER,JALAN PETA NO. 369,SORONG,ID-13,66668,+62-272-386-5624,Perum,DISAHKAN,AKTIF,1,1,API-P,22010-API,NIPER-27621,2026-01-14,AKTIF
736710562101,186553764566839,OSS-1806906,UD SITORUS MAHENDRA,UD SITORUS,JL. H.J MAEMUNAH NO. 4,BONTANG,ID-43,09911,+62-36-704-1321,Perum,TERDAFTAR,DIBEKUKAN,1,1,API-U,40192-API,NIPER-93147,2026-01-16,AKTIF
290705810064,185903320237863,OSS-0142117,CV SANTOSO NASYIDAH TBK,SANTOSO NA,JALAN RUNGKUT INDUSTRI NO. 0,BIMA,ID-70,24105,+62-047-441-0750,Perum,DISAHKAN,AKTIF,0,1,,,NIPER-92068,2026-01-21,AKTIF
399290727859,978546903981563,OSS-5789405,CV PUSPASARI,PUSPASARI,JL. CIHAMPELAS NO. 5,PALEMBANG,ID-65,30174,+62-84-784-1846,Firma,DISAHKAN,TIDAK AKTIF,1,1,API-U,82761-API,NIPER-01807,2026-02-14,AKTIF
968706668843,316509833812724,OSS-9014054,PERUM PRADANA SETIAWAN,PERUM PRAD,GANG KAPTEN MUSLIHAT NO. 843,JAMBI,ID-82,25801,+62 (358) 496 2003,Perum,DISAHKAN,AKTIF,1,1,API-P,23020-API,NIPER-19268,2026-02-07,AKTIF
377841377990,789690091089142,OSS-7574944,PT NASYIDAH HIDAYAT (PERSERO) TBK,NASYIDAH H,GG. PACUAN KUDA NO. 034,BOGOR,ID-96,07730,+62 (0206) 199-5519,Perum,TERDAFTAR,TIDAK AKTIF,0,1,,,NIPER-71088,2026-02-01,AKTIF
468003390238,340885595494906,OSS-0442149,CV TAMPUBOLON (DUPLICATE),TAMPUBOLON,GANG TEBET BARAT DALAM NO. 1,TANGERANG SELATAN,ID-35,67563,+62 (104) 171-2014,CV,PROSES,AKTIF,0,0,,,,2026-02-09,AKTIF
156310047950,286669101463109,OSS-9046392,PT SINAGA TBK,SINAGA TBK,JALAN CIHAMPELAS NO. 27,BOGOR,ID-60,10501,+62 (041) 986 2238,Firma,PROSES,DIBEKUKAN,1,1,API-U,92539-API,NIPER-11808,2026-01-16,AKTIF
615249606972,217517368271959,OSS-0183761,PD NOVITASARI SAPTONO,PD NOVITAS,JL. JEND. A. YANI NO. 547,BIMA,ID-98,62411,0835512942,CV,TERDAFTAR,DIBEKUKAN,0,0,,,,2026-02-03,AKTIF
955261625514,406093215419783,OSS-9598200,UD HALIMAH,UD HALIMAH,GANG RAJAWALI TIMUR NO. 8,SOLOK,ID-19,70203,+62 (074) 820-2547,Firma,PROSES,AKTIF,0,0,,,,2026-01-07,AKTIF
987992806238,942593621882376,OSS-2532103,PD ASTUTI (PERSERO) TBK,PD ASTUTI,GANG JOYOBOYO NO. 72,YOGYAKARTA,ID-80,07262,+62-98-618-2069,Perum,PROSES,AKTIF,0,0,,,,2026-02-02,AKTIF
159291213588,704320804689900,OSS-9886567,CV SAPUTRA YULIANTI,SAPUTRA YU,JALAN RONGGOWARSITO NO. 752,PALOPO,ID-88,93895,+62-20-052-9564,Perum,PROSES,DIBEKUKAN,0,1,,,NIPER-26245,2026-01-08,AKTIF
943281719638,643267159587501,OSS-2848271,PERUM PERTIWI (PERSERO) TBK,PERUM PERT,GANG ANTAPANI LAMA NO. 130,PAYAKUMBUH,ID-46,07368,+62-543-119-8379,CV,PROSES,DIBEKUKAN,1,0,API-U,39254-API,,2026-02-09,AKTIF
119265684139,253401803446786,OSS-0282436,PADMASARI NURDIYANTI,PADMASARI,GANG JOYOBOYO NO. 711,BOGOR,ID-14,43221,(047) 476-0302,Perum,DISAHKAN,AKTIF,1,1,API-P,98747-API,NIPER-32424,2026-01-14,AKTIF
734011499747,547377049909678,OSS-1945659,PD PRADIPTA SURYATMI TBK,PD PRADIPT,JALAN ASIA AFRIKA NO. 7,PROBOLINGGO,ID-87,08041,(0569) 430-7218,PT,PROSES,AKTIF,0,1,,,NIPER-87716,2026-01-27,AKTIF
370480957234,800164795294991,OSS-6217721,PERUM TAMBA (PERSERO) TBK,PERUM TAMB,JALAN TEBET BARAT DALAM NO. 302,BALIKPAPAN,ID-43,26355,+62 (002) 923-5583,Perum,PROSES,TIDAK AKTIF,0,1,,,NIPER-22448,2026-01-24,AKTIF
623344182553,463310312336358,OSS-7847725,PERUM PERMATA,PERUM PERM,JL. CIUMBULEUIT NO. 08,PRABUMULIH,ID-69,37601,+62 (050) 416 9109,PT,DISAHKAN,TIDAK AKTIF,1,0,API-P,82682-API,,2026-01-11,AKTIF
369706643026,488475047862385,OSS-5131641,UD MELANI SARAGIH TBK,UD MELANI,JALAN KUTISARI SELATAN NO. 95,JAYAPURA,ID-96,71060,+62 (060) 753 5478,Perum,PROSES,AKTIF,0,1,,,NIPER-66079,2026-02-10,AKTIF
693088837079,919062315434491,OSS-9747084,PD MAHESWARA KUSUMO TBK (DUPLICATE),PD MAHESWA,GANG INDRAGIRI NO. 34,PAGARALAM,ID-99,09416,+62 (67) 240 8962,Firma,PROSES,AKTIF,1,0,API-P,87013-API,,2026-01-16,AKTIF
199062344565,574313291212775,OSS-6185374,UD LAZUARDI ISWAHYUDI (PERSERO) TBK,UD LAZUARD,JL. RAYA UJUNGBERUNG NO. 135,PEKANBARU,ID-65,44206,(0883) 171 2100,CV,TERDAFTAR,TIDAK AKTIF,1,0,API-P,32365-API,,2026-02-27,AKTIF
118722824718,552720742500317,OSS-4974997,UD MARPAUNG,UD MARPAUN,GG. GEDEBAGE SELATAN NO. 486,PADANGPANJANG,ID-75,81898,+62 (006) 173-5631,PT,TERDAFTAR,AKTIF,0,0,,,,2026-01-16,AKTIF
840056768786,858357694705237,OSS-0561512,CV MANDALA HARDIANSYAH TBK,MANDALA HA,GG. PETA NO. 113,PEKANBARU,ID-71,80043,+62 (410) 981 5415,Perum,TERDAFTAR,DIBEKUKAN,0,1,,,NIPER-83101,2026-02-03,AKTIF
314268296847,997817469563097,OSS-1739011,UD KUSWANDARI (PERSERO) TBK,UD KUSWAND,JL. SOEKARNO HATTA NO. 5,MAGELANG,ID-63,61937,+62 (84) 025 3295,CV,TERDAFTAR,DIBEKUKAN,1,1,API-U,07481-API,NIPER-05270,2026-02-15,AKTIF
165820297021,355690927557192,OSS-8565431,CV MANDASARI,MANDASARI,GG. PASIRKOJA NO. 7,SINGKAWANG,ID-10,73121,(0271) 551 8844,PT,PROSES,DIBEKUKAN,0,0,,,,2026-01-04,AKTIF
584989332811,604254250109646,OSS-9185562,PERUM ANDRIANI UTAMI TBK,PERUM ANDR,JL. H.J MAEMUNAH NO. 31,DUMAI,ID-97,79036,(052) 075-0214,Firma,TERDAFTAR,AKTIF,0,1,,,NIPER-06267,2026-01-09,AKTIF
516164266030,414950093176846,OSS-7972744,CV OKTAVIANI (DUPLICATE),OKTAVIANI,JALAN KH AMIN JASUTA NO. 688,MAGELANG,ID-47,54580,+62 (64) 348-2531,CV,DISAHKAN,DIBEKUKAN,1,0,API-P,04190-API,,2026-01-11,AKTIF
916548556540,381653009933526,OSS-5492046,MARYADI PANGESTU,MARYADI PA,GANG IR. H. DJUANDA NO. 17,TARAKAN,ID-85,18450,+62-0610-823-4040,Firma,PROSES,DIBEKUKAN,1,0,API-P,33861-API,,2026-02-14,AKTIF
621720488868,041869303264564,OSS-9674199,PD FIRGANTORO,PD FIRGANT,JL. SUKAJADI NO. 90,SUKABUMI,ID-90,34251,(0018) 158 9136,PT,DISAHKAN,DIBEKUKAN,0,0,,,,2026-01-23,AKTIF
655155900408,801578396183344,OSS-9196828,CV USADA WALUYO TBK,USADA WALU,JALAN HOS. COKROAMINOTO NO. 4,SAWAHLUNTO,ID-88,32915,+62 (849) 178-9890,CV,TERDAFTAR,TIDAK AKTIF,1,1,API-P,42200-API,NIPER-80807,2026-01-07,AKTIF
385261937056,619500811542853,OSS-9065659,UD WALUYO,UD WALUYO,GG. STASIUN WONOKROMO NO. 04,TIDORE KEPULAUAN,ID-75,92876,+62 (004) 641 6395,Firma,PROSES,DIBEKUKAN,1,1,API-P,29405-API,NIPER-54472,2026-02-04,AKTIF
626848250725,084985717177074,OSS-8172070,CV YUNIAR,YUNIAR,JL. JEND. A. YANI NO. 285,KOTA ADMINISTRASI JAKARTA UTARA,ID-30,03350,+62-29-789-6928,Perum,TERDAFTAR,AKTIF,0,0,,,,2026-02-04,AKTIF
062721304522,145103012799965,OSS-1532547,HIDAYAT,HIDAYAT,GG. JEND. SUDIRMAN NO. 7,KOTA ADMINISTRASI JAKARTA PUSAT,ID-29,79822,+62 (094) 497 6322,Firma,DISAHKAN,AKTIF,1,0,API-U,80102-API,,2026-02-23,AKTIF
934047211745,602671406209631,OSS-7864897,UD PRAYOGA,UD PRAYOGA,JALAN ABDUL MUIS NO. 8,PALOPO,ID-94,00133,+62-034-902-5751,Perum,DISAHKAN,TIDAK AKTIF,0,1,,,NIPER-08193,2026-02-19,AKTIF
212384877561,918987557983229,OSS-0005905,UD LATUPONO TBK,UD LATUPON,GANG M.H THAMRIN NO. 40,TEGAL,ID-18,93442,+62 (0627) 123-9330,Firma,TERDAFTAR,TIDAK AKTIF,1,0,API-U,65335-API,,2026-02-08,AKTIF
867382265599,933129931523005,OSS-1665234,PURNAWATI SAEFULLAH,PURNAWATI,GANG PHH. MUSTOFA NO. 9,PADANGPANJANG,ID-60,84624,+62-0143-560-3411,PT,DISAHKAN,AKTIF,1,0,API-P,46259-API,,2026-01-05,AKTIF
458065255028,644662991085313,OSS-5021576,KUSMAWATI GUNAWAN TBK,KUSMAWATI,JALAN SADANG SERANG NO. 32,TANGERANG,ID-99,40384,+62-099-634-2323,PT,TERDAFTAR,DIBEKUKAN,0,1,,,NIPER-99113,2026-02-14,AKTIF
066035995807,092886670470337,OSS-2674381,PERUM UWAIS,PERUM UWAI,GG. KUTISARI SELATAN NO. 92,KOTA ADMINISTRASI JAKARTA BARAT,ID-31,52897,(067) 480-5599,Perum,TERDAFTAR,TIDAK AKTIF,1,1,API-P,38090-API,NIPER-35648,2026-01-24,AKTIF
785455215098,564121632688452,OSS-4047996,PD HARTATI (PERSERO) TBK,PD HARTATI,JL. KENDALSARI NO. 623,DEPOK,ID-94,15447,+62 (559) 285 9895,Perum,PROSES,DIBEKUKAN,1,0,API-U,52127-API,,2026-01-10,AKTIF
476193788663,646533347749633,OSS-7922628,PERUM HUTAGALUNG,PERUM HUTA,JL. LEMBONG NO. 43,KOTA ADMINISTRASI JAKARTA BARAT,ID-37,50521,+62 (0050) 472-6097,Perum,DISAHKAN,DIBEKUKAN,0,0,,,,2026-02-09,AKTIF
557942072239,567217618989878,OSS-7767751,PERUM KUSWANDARI HARIYAH,PERUM KUSW,JL. RUNGKUT INDUSTRI NO. 1,SINGKAWANG,ID-42,20487,+62-0045-194-5586,CV,TERDAFTAR,AKTIF,1,0,API-P,81734-API,,2026-01-14,AKTIF
495936824343,180213092566631,OSS-7443860,CV GUNARTO NABABAN (PERSERO) TBK,GUNARTO NA,GG. KUTAI NO. 189,BEKASI,ID-26,83327,+62-078-300-6653,Firma,TERDAFTAR,TIDAK AKTIF,0,0,,,,2026-02-25,AKTIF
017690946762,856282915750670,OSS-6022493,CV AGUSTINA (PERSERO) TBK,AGUSTINA (,JL. RONGGOWARSITO NO. 34,TASIKMALAYA,ID-57,26693,+62 (073) 233-7279,PT,DISAHKAN,TIDAK AKTIF,1,1,API-U,50277-API,NIPER-81318,2026-02-14,AKTIF
806509512377,070551767262863,OSS-0966194,PERUM SIREGAR HUTASOIT TBK,PERUM SIRE,GANG MOCH. TOHA NO. 729,BENGKULU,ID-54,51179,+62 (07) 175 7551,PT,TERDAFTAR,DIBEKUKAN,0,1,,,NIPER-51191,2026-01-09,AKTIF
092490531582,582573559969127,OSS-3686163,UD NAINGGOLAN,UD NAINGGO,JL. CIWASTRA NO. 117,PEMATANGSIANTAR,ID-61,58022,+62 (0184) 035-0453,CV,DISAHKAN,TIDAK AKTIF,0,1,,,NIPER-73643,2026-02-15,AKTIF
635600625515,179751937849531,OSS-2734458,PT OKTAVIANI,OKTAVIANI,JALAN GARDUJATI NO. 461,KOTA ADMINISTRASI JAKARTA UTARA,ID-31,15265,+62-0222-470-8101,Firma,DISAHKAN,DIBEKUKAN,0,1,,,NIPER-48129,2026-02-07,AKTIF
057445500986,191880254057779,OSS-0554960,UD SIHOTANG,UD SIHOTAN,JALAN SETIABUDHI NO. 8,KOTA ADMINISTRASI JAKARTA SELATAN,ID-24,33565,+62 (948) 847-5554,Perum,PROSES,AKTIF,0,1,,,NIPER-13260,2026-02-07,AKTIF
277595121699,176004913125452,OSS-9137226,CV MANDASARI,MANDASARI,JL. SURAPATI NO. 9,BENGKULU,ID-43,66198,+62 (626) 477 5942,Firma,DISAHKAN,DIBEKUKAN,0,0,,,,2026-01-17,AKTIF
610629573937,958813448447513,OSS-7139372,PERUM SIREGAR (PERSERO) TBK,PERUM SIRE,JALAN GARDUJATI NO. 0,TERNATE,ID-30,80666,+62 (004) 593-4207,CV,DISAHKAN,DIBEKUKAN,1,1,API-P,96813-API,NIPER-49584,2026-02-17,AKTIF
336528084754,017263702731137,OSS-4959662,CV MEGANTARA TBK,MEGANTARA,GANG RONGGOWARSITO NO. 61,BEKASI,ID-39,03152,+62 (097) 245-6710,Firma,DISAHKAN,TIDAK AKTIF,1,1,API-P,68150-API,NIPER-89217,2026-01-10,AKTIF
893977704251,995290306956945,OSS-9741451,CV WIDODO UTAMA (PERSERO) TBK,WIDODO UTA,GANG MOCH. TOHA NO. 59,BALIKPAPAN,ID-62,13482,+62-024-633-8328,PT,PROSES,AKTIF,0,1,,,NIPER-02873,2026-01-02,AKTIF
064838268160,666259839258241,OSS-4831031,PERUM WULANDARI THAMRIN,PERUM WULA,GG. AHMAD YANI NO. 45,KEDIRI,ID-12,38460,+62 (971) 675-3947,Firma,TERDAFTAR,DIBEKUKAN,1,1,API-P,47945-API,NIPER-99342,2026-01-28,AKTIF
304635181385,912823232203759,OSS-6445902,PT SETIAWAN LAZUARDI (PERSERO) TBK,SETIAWAN L,JALAN KAPTEN MUSLIHAT NO. 7,KEDIRI,ID-25,03401,(028) 296-5364,PT,PROSES,AKTIF,0,0,,,,2026-02-26,AKTIF
098143672038,491644196786967,OSS-4930919,UD SUDIATI HALIM,UD SUDIATI,GANG RAYA SETIABUDHI NO. 460,BITUNG,ID-49,54333,+62-66-608-8074,PT,TERDAFTAR,DIBEKUKAN,0,0,,,,2026-02-11,AKTIF
916795410727,284982474140703,OSS-4910740,UD WIJAYANTI ADRIANSYAH (PERSERO) TBK,UD WIJAYAN,GG. PETA NO. 8,BEKASI,ID-58,23691,+62 (0307) 536-6614,Firma,DISAHKAN,DIBEKUKAN,1,1,API-P,49429-API,NIPER-65923,2026-01-07,AKTIF
496968949057,811762508810636,OSS-3752077,PERUM MAYASARI HUTAPEA,PERUM MAYA,JL. KUTISARI SELATAN NO. 5,MEULABOH,ID-99,79004,(009) 406-8943,Firma,PROSES,DIBEKUKAN,0,1,,,NIPER-35800,2026-01-05,AKTIF
625985108315,120008601895330,OSS-7937921,PERUM LAKSMIWATI PANGESTU,PERUM LAKS,JALAN CIKUTRA BARAT NO. 16,BENGKULU,ID-30,26882,+62-019-053-7833,Firma,TERDAFTAR,TIDAK AKTIF,1,1,API-P,44238-API,NIPER-81846,2026-02-14,AKTIF
140270335097,070282054126647,OSS-6707268,PT ZULKARNAIN HABIBI,ZULKARNAIN,JALAN K.H. WAHID HASYIM NO. 70,PADANGPANJANG,ID-82,86332,+62 (423) 373-9147,Firma,DISAHKAN,DIBEKUKAN,1,0,API-U,85550-API,,2026-01-18,AKTIF
786804403642,942359172576446,OSS-6598436,PERUM PRASTUTI (PERSERO) TBK (DUPLICATE),PERUM PRAS,JALAN SETIABUDHI NO. 1,METRO,ID-47,64065,(0470) 910-2203,PT,PROSES,TIDAK AKTIF,1,1,API-U,27390-API,NIPER-80899,2026-02-22,AKTIF
714987037844,576763141319299,OSS-3223947,PT HARDIANSYAH,HARDIANSYA,GG. CEMPAKA NO. 566,MEULABOH,ID-93,68801,+62-099-973-4829,CV,TERDAFTAR,DIBEKUKAN,0,0,,,,2026-01-17,AKTIF
932657327599,801110005155323,OSS-4159597,UD NATSIR SIREGAR TBK (DUPLICATE),UD NATSIR,JL. JAMIKA NO. 18,CILEGON,ID-27,43127,+62 (002) 676-7209,PT,DISAHKAN,TIDAK AKTIF,1,0,API-U,57992-API,,2026-02-18,AKTIF
634159841424,645220716358576,OSS-8744372,UD SIREGAR KUSWANDARI (PERSERO) TBK,UD SIREGAR,JALAN TEBET BARAT DALAM NO. 13,PARIAMAN,ID-25,32940,+62 (040) 979 1134,PT,PROSES,AKTIF,1,0,API-U,00261-API,,2026-01-01,AKTIF
343919972879,837870582699586,OSS-5482610,PERUM PERTIWI (PERSERO) TBK (DUPLICATE),PERUM PERT,JALAN CIKAPAYANG NO. 166,TEGAL,ID-71,46063,+62-0379-088-1345,PT,PROSES,AKTIF,0,0,,,,2026-03-02,AKTIF
221056121999,752547078835994,OSS-4725121,PT PUDJIASTUTI WASITA (DUPLICATE),PUDJIASTUT,JALAN INDRAGIRI NO. 0,BANDUNG,ID-73,94305,0847163441,Perum,TERDAFTAR,TIDAK AKTIF,0,1,,,NIPER-51361,2026-01-08,AKTIF
446590385998,587027757609829,OSS-9128605,UD DABUKKE TBK,UD DABUKKE,GG. SURYAKENCANA NO. 90,BANDAR LAMPUNG,ID-20,76333,+62-68-117-6636,Firma,DISAHKAN,TIDAK AKTIF,0,1,,,NIPER-23046,2026-02-14,AKTIF
177508639277,698431124098604,OSS-3668995,SURYONO LATUPONO (PERSERO) TBK,SURYONO LA,GG. W.R. SUPRATMAN NO. 23,MOJOKERTO,ID-61,21963,+62 (0610) 875-9860,PT,PROSES,AKTIF,1,0,API-U,78638-API,,2026-02-15,AKTIF
794451468970,237520442165629,OSS-5414330,PT PUTRA,PUTRA,JL. WARINGIN NO. 0,SUKABUMI,ID-71,39677,+62 (01) 311-9121,CV,TERDAFTAR,DIBEKUKAN,0,1,,,NIPER-23907,2026-03-01,AKTIF
014996117785,453905798662692,OSS-3395300,UD TAMPUBOLON NAPITUPULU,UD TAMPUBO,GG. SURAPATI NO. 3,PASURUAN,ID-59,12524,+62 (870) 131-1175,PT,DISAHKAN,AKTIF,0,1,,,NIPER-17335,2026-02-22,AKTIF
066575371893,903200263993125,OSS-9983198,UD NASYIDAH MANULLANG,UD NASYIDA,GANG JAYAWIJAYA NO. 808,TEGAL,ID-88,32927,+62-014-419-1847,Perum,TERDAFTAR,DIBEKUKAN,0,1,,,NIPER-73172,2026-01-26,AKTIF
540835630145,164987674684799,OSS-0625145,PT OKTAVIANI HUTAGALUNG,OKTAVIANI,GG. JAKARTA NO. 107,BOGOR,ID-14,61956,+62-364-549-5092,Perum,TERDAFTAR,DIBEKUKAN,1,0,API-U,43148-API,,2026-02-14,AKTIF
155388469753,847365927661131,OSS-7615865,UD MAYASARI,UD MAYASAR,GG. JAMIKA NO. 4,BITUNG,ID-38,67645,+62 (0056) 020 1873,Perum,PROSES,TIDAK AKTIF,1,0,API-U,28565-API,,2026-01-13,AKTIF
560303576924,957425782101683,OSS-4181398,PERUM WINARNO RAJASA TBK,PERUM WINA,GG. M.T HARYONO NO. 78,BAU-BAU,ID-95,97217,(020) 892 5664,Firma,TERDAFTAR,DIBEKUKAN,0,0,,,,2026-02-07,AKTIF
800338336736,140476194561581,OSS-8110699,CV PRASTUTI (PERSERO) TBK (DUPLICATE),PRASTUTI (,JL. WONOAYU NO. 89,TASIKMALAYA,ID-47,20108,081 072 3227,Perum,TERDAFTAR,TIDAK AKTIF,0,1,,,NIPER-47830,2026-02-23,AKTIF
774096021439,160949283052149,OSS-9463685,UD LESTARI (PERSERO) TBK,UD LESTARI,GG. HOS. COKROAMINOTO NO. 2,SURABAYA,ID-98,72660,+62 (24) 962-3752,CV,DISAHKAN,TIDAK AKTIF,0,1,,,NIPER-43247,2026-02-04,AKTIF
179440591498,735552232742532,OSS-4223206,PD NURAINI,PD NURAINI,JL. AHMAD DAHLAN NO. 5,SOLOK,ID-35,30186,+62 (02) 841 8542,Firma,DISAHKAN,DIBEKUKAN,1,1,API-U,81188-API,NIPER-72699,2026-01-09,AKTIF
941702165547,345528533693418,OSS-4706634,PERUM SITUMORANG (PERSERO) TBK,PERUM SITU,JL. PASTEUR NO. 707,PADANGPANJANG,ID-28,24241,+62 (031) 615-2998,CV,TERDAFTAR,DIBEKUKAN,0,0,,,,2026-02-14,AKTIF
465898757239,860491488248060,OSS-3162448,PT UWAIS PRASETYO (PERSERO) TBK,UWAIS PRAS,JALAN KIARACONDONG NO. 726,YOGYAKARTA,ID-95,91192,+62 (007) 918-1231,Firma,DISAHKAN,TIDAK AKTIF,0,1,,,NIPER-35168,2026-01-21,AKTIF
315871440549,971806128227769,OSS-1606816,CV NAINGGOLAN (PERSERO) TBK (DUPLICATE),NAINGGOLAN,GANG RAJAWALI BARAT NO. 7,CIREBON,ID-29,30002,+62 (167) 294-0900,Firma,TERDAFTAR,AKTIF,1,1,API-P,42036-API,NIPER-79761,2026-01-25,AKTIF
662153094966,081036412972697,OSS-6385880,PT WASKITA,WASKITA,JALAN KH AMIN JASUTA NO. 396,METRO,ID-78,79899,+62-40-808-1498,Firma,DISAHKAN,TIDAK AKTIF,0,0,,,,2026-02-10,AKTIF
830310112747,054098567062154,OSS-4647976,PERUM SIMANJUNTAK,PERUM SIMA,JALAN S. PARMAN NO. 62,BANJARBARU,ID-63,84518,+62 (085) 381 2438,Firma,PROSES,DIBEKUKAN,0,0,,,,2026-03-01,AKTIF
811307928985,834245746309671,OSS-1208665,UD RAMADAN ADRIANSYAH (DUPLICATE),UD RAMADAN,GG. PASIR KOJA NO. 842,TIDORE KEPULAUAN,ID-97,44316,080 328 7731,CV,TERDAFTAR,TIDAK AKTIF,1,0,API-P,40312-API,,2026-01-14,AKTIF
000124987547,383861052678151,OSS-4177313,CV MANDALA SAEFULLAH,MANDALA SA,JALAN JEND. A. YANI NO. 181,MAKASSAR,ID-93,89547,+62 (0856) 190 2767,PT,TERDAFTAR,TIDAK AKTIF,1,1,API-U,39571-API,NIPER-89494,2026-01-26,AKTIF
363417807278,080629095515713,OSS-3334997,PD SIHOMBING LATUPONO,PD SIHOMBI,JL. KH AMIN JASUTA NO. 18,JAMBI,ID-79,04260,+62-221-287-1411,PT,PROSES,AKTIF,0,0,,,,2026-01-27,AKTIF
895152911096,840532432397695,OSS-0722903,CV YUNIAR SARAGIH,YUNIAR SAR,JALAN M.T HARYONO NO. 2,MEULABOH,ID-96,37286,(0139) 821 2661,Perum,PROSES,DIBEKUKAN,1,1,API-P,74574-API,NIPER-43832,2026-02-23,AKTIF
016563854692,209664087713525,OSS-1337320,CV NATSIR TBK,NATSIR TBK,JALAN JOYOBOYO NO. 68,PALOPO,ID-51,42472,+62 (15) 522 3591,Perum,DISAHKAN,DIBEKUKAN,0,1,,,NIPER-64195,2026-02-03,AKTIF
199997290799,429441055609120,OSS-9233310,PD NARPATI TBK,PD NARPATI,JL. SETIABUDHI NO. 9,TERNATE,ID-40,33209,+62 (170) 947-6474,Perum,PROSES,DIBEKUKAN,0,1,,,NIPER-86286,2026-02-08,AKTIF
876181035514,799118796884207,OSS-2891524,SAPTONO,SAPTONO,JALAN KH AMIN JASUTA NO. 01,KENDARI,ID-97,75481,+62 (072) 357 9888,CV,TERDAFTAR,DIBEKUKAN,1,0,API-P,23698-API,,2026-01-19,AKTIF
851450854912,486680015631437,OSS-7014389,PT SIHOMBING SIHOMBING,SIHOMBING,GG. JAYAWIJAYA NO. 21,BANJARBARU,ID-91,79920,(0705) 772 9753,CV,DISAHKAN,DIBEKUKAN,1,0,API-U,33565-API,,2026-02-08,AKTIF
410554087674,599902702456225,OSS-9263497,UD SITOMPUL,UD SITOMPU,GG. RAYA UJUNGBERUNG NO. 807,BAU-BAU,ID-32,79680,+62-002-522-2664,PT,PROSES,AKTIF,0,1,,,NIPER-97986,2026-01-11,AKTIF
233574151813,706821529809123,OSS-7999155,CV PUSPASARI LAKSMIWATI TBK,PUSPASARI,JL. W.R. SUPRATMAN NO. 826,TARAKAN,ID-58,62434,+62 (091) 739-5932,Perum,TERDAFTAR,TIDAK AKTIF,1,1,API-U,95440-API,NIPER-55463,2026-02-15,AKTIF
281975077218,890665056553400,OSS-2671617,PD HANDAYANI SIMANJUNTAK,PD HANDAYA,GANG LASWI NO. 1,BENGKULU,ID-98,86981,+62 (0218) 592 9300,PT,PROSES,AKTIF,1,0,API-P,44922-API,,2026-02-21,AKTIF
546756933848,319501667875851,OSS-7823624,PD SALAHUDIN,PD SALAHUD,JALAN JAYAWIJAYA NO. 8,KENDARI,ID-87,56510,081 298 6139,Perum,PROSES,DIBEKUKAN,0,1,,,NIPER-36930,2026-01-04,AKTIF
894508479162,189728196295106,OSS-1956141,UD BUDIYANTO (PERSERO) TBK,UD BUDIYAN,JALAN PELAJAR PEJUANG NO. 388,MAKASSAR,ID-15,82277,087 205 0111,Firma,DISAHKAN,AKTIF,1,1,API-P,40533-API,NIPER-68915,2026-02-07,AKTIF
049474214254,827189804576922,OSS-9625847,PD MANGUNSONG (DUPLICATE),PD MANGUNS,GANG KUTISARI SELATAN NO. 9,SOLOK,ID-92,53044,+62-0197-406-3959,Perum,DISAHKAN,DIBEKUKAN,0,0,,,,2026-02-07,AKTIF
501692285964,738174999720740,OSS-3156206,UD ARDIANTO,UD ARDIANT,JL. CIWASTRA NO. 863,BEKASI,ID-20,22910,0866931243,Perum,TERDAFTAR,AKTIF,0,0,,,,2026-02-02,AKTIF
548490020193,786375338112061,OSS-5259646,YULIARTI NAINGGOLAN (PERSERO) TBK,YULIARTI N,GG. CIKUTRA BARAT NO. 012,PURWOKERTO,ID-30,22458,+62-126-634-0847,Firma,TERDAFTAR,AKTIF,0,1,,,NIPER-37638,2026-01-16,AKTIF
170243765456,284177225605313,OSS-4026650,CV KUSWANDARI WIDIASTUTI,KUSWANDARI,GG. RAJIMAN NO. 7,MADIUN,ID-79,86211,+62-22-580-3056,Firma,PROSES,DIBEKUKAN,0,0,,,,2026-02-28,AKTIF
824326253814,030755984142024,OSS-8435074,RAHIMAH (PERSERO) TBK,RAHIMAH (P,JL. INDRAGIRI NO. 9,BANDAR LAMPUNG,ID-26,44043,+62 (009) 077 1823,CV,PROSES,TIDAK AKTIF,1,1,API-U,53277-API,NIPER-37655,2026-01-22,AKTIF
594675987514,930448034578010,OSS-1175367,WIBOWO TBK,WIBOWO TBK,JALAN KUTISARI SELATAN NO. 827,TANGERANG,ID-67,06049,(0357) 013 5958,Perum,PROSES,DIBEKUKAN,0,0,,,,2026-01-28,AKTIF
165995300622,122427677462591,OSS-6011241,UD MARDHIYAH,UD MARDHIY,JALAN ABDUL MUIS NO. 0,PAREPARE,ID-22,77823,+62 (029) 957 0472,Perum,DISAHKAN,DIBEKUKAN,0,0,,,,2026-01-31,AKTIF
488259519110,689110593078301,OSS-6298857,UD SIHOMBING NASYIAH (PERSERO) TBK,UD SIHOMBI,GANG SETIABUDHI NO. 4,SALATIGA,ID-25,31387,+62-42-515-8709,Firma,DISAHKAN,DIBEKUKAN,1,1,API-U,78722-API,NIPER-35891,2026-02-06,AKTIF
825753365889,662190114274799,OSS-9637602,PERUM PRABOWO (PERSERO) TBK,PERUM PRAB,GG. RAJIMAN NO. 43,KOTAMOBAGU,ID-84,56087,+62 (57) 550-4410,CV,PROSES,DIBEKUKAN,1,1,API-P,45242-API,NIPER-78481,2026-02-18,AKTIF
665722402990,155799802841390,OSS-8088235,CV DABUKKE,DABUKKE,JL. CIWASTRA NO. 2,KOTA ADMINISTRASI JAKARTA UTARA,ID-28,31584,(0768) 634 2346,PT,DISAHKAN,AKTIF,0,1,,,NIPER-19942,2026-01-09,AKTIF
092490531582,582573559969127,OSS-3686163,UD NAINGGOLAN (DUPLICATE),UD NAINGGO,JL. CIWASTRA NO. 117,PEMATANGSIANTAR,ID-61,58022,+62 (0184) 035-0453,CV,DISAHKAN,TIDAK AKTIF,0,1,,,NIPER-73643,2026-02-15,AKTIF
650017747373,278232697963303,OSS-6835105,UD SAPTONO,UD SAPTONO,GG. RAJAWALI BARAT NO. 2,PAGARALAM,ID-21,41817,081 069 8807,Firma,PROSES,DIBEKUKAN,0,0,,,,2026-02-17,AKTIF
589527783404,665046382823266,OSS-8086631,CV UYAINAH TBK,UYAINAH TB,GANG TUBAGUS ISMAIL NO. 46,CIMAHI,ID-13,35660,+62 (0469) 789 5500,Perum,DISAHKAN,AKTIF,0,1,,,NIPER-47962,2026-02-14,AKTIF
398794906692,889543055534067,OSS-5469868,CV HUTAGALUNG NURAINI,HUTAGALUNG,GG. K.H. WAHID HASYIM NO. 610,PADANG,ID-50,08644,+62-017-289-4225,Perum,PROSES,AKTIF,1,0,API-U,44225-API,,2026-02-24,AKTIF
169810513864,410727508262815,OSS-1267709,PERUM UTAMI SUDIATI,PERUM UTAM,GANG R.E MARTADINATA NO. 6,CIMAHI,ID-18,93520,+62-089-367-3461,Firma,DISAHKAN,TIDAK AKTIF,0,0,,,,2026-01-25,AKTIF
017074039251,999452951712227,OSS-6433872,TARIHORAN SIREGAR,TARIHORAN,JL. SUKABUMI NO. 654,DEPOK,ID-40,08334,+62 (0470) 488-7899,Firma,TERDAFTAR,DIBEKUKAN,1,1,API-U,50470-API,NIPER-20596,2026-01-27,AKTIF
231600402728,986832120861498,OSS-4250796,PERUM SUARTINI USADA TBK,PERUM SUAR,JL. CIKUTRA BARAT NO. 1,BAU-BAU,ID-87,42460,(0372) 386-1595,PT,DISAHKAN,TIDAK AKTIF,1,1,API-P,28599-API,NIPER-47576,2026-01-26,AKTIF
114281785228,230524808806220,OSS-7223959,PD PRASASTA TBK,PD PRASAST,JL. HOS. COKROAMINOTO NO. 8,BATAM,ID-56,20478,(0688) 687-8599,Perum,PROSES,AKTIF,0,1,,,NIPER-64862,2026-02-08,AKTIF
657580143270,559845465441387,OSS-3207529,PERUM HASANAH HASSANAH (DUPLICATE),PERUM HASA,GG. DIPENOGORO NO. 36,JAYAPURA,ID-26,02037,(048) 851 1124,CV,PROSES,DIBEKUKAN,0,1,,,NIPER-86598,2026-01-03,AKTIF
481898553528,241153984776978,OSS-3198013,PD NURDIYANTI PRADIPTA,PD NURDIYA,JL. RAWAMANGUN NO. 3,SURAKARTA,ID-42,05412,+62 (0294) 227 8507,CV,DISAHKAN,TIDAK AKTIF,0,0,,,,2026-01-07,AKTIF
029400478517,095228796433087,OSS-0286745,PD TAMPUBOLON SIMANJUNTAK,PD TAMPUBO,JALAN KUTAI NO. 46,TANJUNGBALAI,ID-50,09098,+62 (54) 733 9775,Firma,PROSES,TIDAK AKTIF,0,1,,,NIPER-04448,2026-02-20,AKTIF
579115010162,600802658934759,OSS-7833548,UD LESTARI IRAWAN,UD LESTARI,GG. JOYOBOYO NO. 79,KOTA ADMINISTRASI JAKARTA PUSAT,ID-94,38664,+62-0203-172-6652,Firma,TERDAFTAR,DIBEKUKAN,1,0,API-U,82468-API,,2026-02-17,AKTIF
575766208975,986476120877832,OSS-0963607,CV NURDIYANTI TBK,NURDIYANTI,JL. JAYAWIJAYA NO. 580,PALEMBANG,ID-32,58190,+62-297-408-5967,CV,TERDAFTAR,AKTIF,1,0,API-U,26212-API,,2026-01-19,AKTIF
866004407017,767086142751395,OSS-0911697,CV LAKSMIWATI (PERSERO) TBK,LAKSMIWATI,GANG DR. DJUNJUNAN NO. 1,PADANG SIDEMPUAN,ID-24,03935,+62 (95) 926 0295,Firma,PROSES,DIBEKUKAN,0,1,,,NIPER-21643,2026-01-04,AKTIF
901712500176,235938626273867,OSS-5016174,MARDHIYAH PALASTRI TBK,MARDHIYAH,JALAN WARINGIN NO. 18,KOTAMOBAGU,ID-56,37950,+62 (274) 876 6503,PT,TERDAFTAR,TIDAK AKTIF,0,0,,,,2026-03-01,AKTIF
312622193660,827703620866118,OSS-1085256,PERUM HARIYAH NASHIRUDDIN TBK,PERUM HARI,GANG BKR NO. 272,BANJARBARU,ID-36,54327,+62 (12) 952 7405,CV,DISAHKAN,DIBEKUKAN,1,0,API-P,05019-API,,2026-01-09,AKTIF
895152911096,256363952787869,OSS-0722903,CV YUNIAR SARAGIH,YUNIAR SAR,JALAN M.T HARYONO NO. 2,MEULABOH,ID-96,37286,(0139) 821 2661,Perum,PROSES,DIBEKUKAN,1,1,API-P,74574-API,NIPER-43832,2026-02-23,AKTIF
049890136977,020489194501507,OSS-6292536,PD MARPAUNG SUARTINI,PD MARPAUN,JL. PETA NO. 83,BUKITTINGGI,ID-96,19871,+62 (045) 800 0600,Firma,TERDAFTAR,TIDAK AKTIF,0,0,,,,2026-01-16,AKTIF
939822159779,392280731234422,OSS-9053556,CV PRASETYA PADMASARI TBK,PRASETYA P,JALAN PHH. MUSTOFA NO. 3,BANDUNG,ID-10,62423,+62-71-725-7600,PT,DISAHKAN,DIBEKUKAN,1,1,API-U,83670-API,NIPER-44650,2026-02-10,AKTIF
861347615400,128801434182453,OSS-8806772,UD PANGESTU PRADIPTA,UD PANGEST,GANG RAJAWALI TIMUR NO. 2,JAYAPURA,ID-91,01251,+62 (83) 370 7900,PT,TERDAFTAR,AKTIF,1,0,API-U,30224-API,,2026-01-11,AKTIF
772379730905,330192518647048,OSS-5502313,UD SAPUTRA LESTARI (PERSERO) TBK,UD SAPUTRA,GANG CIKAPAYANG NO. 715,BALIKPAPAN,ID-20,48838,+62 (68) 201 2021,Perum,PROSES,TIDAK AKTIF,1,0,API-P,52620-API,,2026-02-07,AKTIF
935225910067,948934032668204,OSS-0529826,PD HASANAH,PD HASANAH,JL. JAKARTA NO. 8,PEKALONGAN,ID-24,33476,+62-096-563-2367,Perum,PROSES,TIDAK AKTIF,0,0,,,,2026-01-11,AKTIF
896340679176,651221500141884,OSS-2163090,PT SIRAIT,SIRAIT,GANG MOCH. TOHA NO. 399,PURWOKERTO,ID-31,32089,+62 (326) 389 0219,Perum,DISAHKAN,TIDAK AKTIF,1,1,API-U,94711-API,NIPER-36337,2026-02-16,AKTIF
991879141947,864412687578212,OSS-3783274,SALAHUDIN,SALAHUDIN,JL. SENTOT ALIBASA NO. 834,GORONTALO,ID-67,50864,+62 (875) 788-7313,PT,DISAHKAN,AKTIF,1,1,API-U,13036-API,NIPER-95067,2026-02-15,AKTIF
392601776005,600961923726891,OSS-0255458,UD THAMRIN PURNAWATI (PERSERO) TBK,UD THAMRIN,GG. S. PARMAN NO. 7,PEKANBARU,ID-76,19793,+62 (015) 592 5714,Firma,DISAHKAN,TIDAK AKTIF,1,0,API-U,65370-API,,2026-01-16,AKTIF
030442440934,808764955881467,OSS-8436938,PERUM SAMOSIR TBK,PERUM SAMO,JL. CIKUTRA BARAT NO. 52,MOJOKERTO,ID-97,62808,(073) 346-7783,Perum,DISAHKAN,TIDAK AKTIF,0,1,,,NIPER-07826,2026-02-21,AKTIF
104379686800,852946902177417,OSS-4304350,CV NASYIAH UTAMA,NASYIAH UT,JL. STASIUN WONOKROMO NO. 4,MOJOKERTO,ID-22,27523,+62-282-930-2025,PT,DISAHKAN,DIBEKUKAN,0,0,,,,2026-02-13,AKTIF
533145252857,775445413119080,OSS-3810352,PERUM RAMADAN HALIMAH,PERUM RAMA,JALAN JEND. SUDIRMAN NO. 15,BONTANG,ID-89,06411,+62 (0182) 710 6415,PT,DISAHKAN,AKTIF,1,1,API-U,26509-API,NIPER-32343,2026-01-09,AKTIF
836602547662,074245483481339,OSS-6525835,UD HUTASOIT,UD HUTASOI,GG. JAMIKA NO. 76,KOTA ADMINISTRASI JAKARTA UTARA,ID-49,18357,+62 (044) 541-5866,CV,DISAHKAN,TIDAK AKTIF,1,0,API-P,21916-API,,2026-01-08,AKTIF
473514837495,463729427614995,OSS-0151477,CV THAMRIN TBK,THAMRIN TB,GANG ERLANGGA NO. 0,PEKANBARU,ID-66,09853,089 438 0410,Firma,DISAHKAN,DIBEKUKAN,0,1,,,NIPER-16061,2026-01-15,AKTIF
230074629264,061424214665188,OSS-2222615,PD RAHMAWATI WASKITA (PERSERO) TBK,PD RAHMAWA,JALAN JAKARTA NO. 41,SORONG,ID-95,94084,+62-237-523-1953,Firma,TERDAFTAR,DIBEKUKAN,0,1,,,NIPER-19210,2026-02-01,AKTIF
220583283715,875449632424660,OSS-4729484,CV DONGORAN SUSANTI,DONGORAN S,JL. PHH. MUSTOFA NO. 101,SUKABUMI,ID-80,97067,+62-043-024-1935,CV,DISAHKAN,TIDAK AKTIF,1,0,API-P,08054-API,,2026-01-20,AKTIF
685653081251,693296607115086,OSS-3887276,PD WASKITA WASKITA (DUPLICATE),PD WASKITA,JL. DIPENOGORO NO. 1,SINGKAWANG,ID-49,93979,+62-19-039-7298,Perum,DISAHKAN,DIBEKUKAN,1,1,API-P,68761-API,NIPER-06172,2026-01-17,AKTIF
246812095205,917842894879655,OSS-5847133,PT PRASETYA OKTAVIANI (PERSERO) TBK,PRASETYA O,GANG WARINGIN NO. 30,MAKASSAR,ID-32,03261,089 067 3866,CV,DISAHKAN,AKTIF,0,1,,,NIPER-93269,2026-02-09,AKTIF
903701150491,254258220346013,OSS-7015551,CV FARIDA TBK,FARIDA TBK,JALAN SUKABUMI NO. 2,BANDAR LAMPUNG,ID-51,86494,+62 (230) 999 4960,Firma,DISAHKAN,AKTIF,0,0,,,,2026-02-03,AKTIF
103153087033,024677696887064,OSS-1080910,CV PRATIWI SUSANTI TBK,PRATIWI SU,JL. PETA NO. 5,BINJAI,ID-12,70343,+62 (0917) 100-3570,PT,PROSES,DIBEKUKAN,1,0,API-P,58334-API,,2026-01-16,AKTIF
928861957612,286852897558556,OSS-6593983,PERUM RAJASA TARIHORAN TBK,PERUM RAJA,JALAN BKR NO. 90,LANGSA,ID-51,43350,+62 (0888) 992 1075,Firma,DISAHKAN,TIDAK AKTIF,0,1,,,NIPER-22459,2026-02-18,AKTIF
509603075856,939632299194576,OSS-3433997,CV PRASASTA,PRASASTA,JL. BANGKA RAYA NO. 937,SUKABUMI,ID-26,61987,0801871669,PT,TERDAFTAR,DIBEKUKAN,0,0,,,,2026-02-05,AKTIF
882761317509,080060050026943,OSS-3132255,WINARNO TAMBA (PERSERO) TBK,WINARNO TA,GG. SURYAKENCANA NO. 9,LHOKSEUMAWE,ID-36,92644,083 830 3361,Firma,PROSES,TIDAK AKTIF,1,0,API-P,92519-API,,2026-02-19,AKTIF
579474508098,971733157160426,OSS-1447165,UD SAPTONO,UD SAPTONO,JALAN BANGKA RAYA NO. 45,SERANG,ID-61,94541,+62 (037) 804-9876,PT,DISAHKAN,AKTIF,0,1,,,NIPER-20938,2026-01-27,AKTIF
912375189762,573694547583042,OSS-9596175,PT SAPUTRA MANDALA,SAPUTRA MA,JALAN R.E MARTADINATA NO. 4,BIMA,ID-72,14447,+62 (0092) 762 5209,PT,PROSES,AKTIF,0,1,,,NIPER-49279,2026-01-07,AKTIF
813620901993,937016507216712,OSS-0184929,UD SAPTONO NAMAGA TBK,UD SAPTONO,JL. RONGGOWARSITO NO. 517,BANDAR LAMPUNG,ID-90,04472,+62-0970-968-5682,Firma,DISAHKAN,DIBEKUKAN,0,0,,,,2026-01-02,AKTIF
372699519132,058537485804827,OSS-6423369,PERUM ARDIANTO RAHIMAH,PERUM ARDI,GANG JEND. SUDIRMAN NO. 080,BOGOR,ID-74,73782,+62 (005) 673-3806,Firma,DISAHKAN,AKTIF,0,1,,,NIPER-65256,2026-01-19,AKTIF
801262224644,851680542474972,OSS-6161875,PT HASTUTI (PERSERO) TBK,HASTUTI (P,JALAN AHMAD DAHLAN NO. 81,AMBON,ID-95,44604,+62 (560) 538 0982,CV,DISAHKAN,TIDAK AKTIF,0,1,,,NIPER-86957,2026-01-01,AKTIF
485256733911,976994599762529,OSS-2018362,CV ARDIANTO FARIDA (PERSERO) TBK,ARDIANTO F,GANG ERLANGGA NO. 25,SAMARINDA,ID-57,24830,+62 (33) 353-6828,PT,DISAHKAN,TIDAK AKTIF,1,0,API-U,53424-API,,2026-01-03,AKTIF
711064802325,869980088148489,OSS-4654112,CV MEGANTARA TBK,MEGANTARA,JALAN PACUAN KUDA NO. 2,PAREPARE,ID-86,95218,(067) 823-9675,PT,DISAHKAN,TIDAK AKTIF,1,0,API-P,67659-API,,2026-02-20,AKTIF
601738555550,518176142662443,OSS-6770411,PERUM GUNARTO,PERUM GUNA,GG. PELAJAR PEJUANG NO. 1,MADIUN,ID-58,48956,+62 (0252) 753 1779,Perum,DISAHKAN,DIBEKUKAN,0,1,,,NIPER-10537,2026-01-07,AKTIF
705483649095,782886265294140,OSS-0724535,UD JAILANI SAFITRI (DUPLICATE),UD JAILANI,GG. MONGINSIDI NO. 78,BANJARMASIN,ID-46,31462,+62-911-609-3736,Firma,TERDAFTAR,TIDAK AKTIF,1,1,API-U,19030-API,NIPER-61599,2026-02-19,AKTIF
846910276554,231593208266193,OSS-1459437,CV RAJASA (DUPLICATE),RAJASA,GG. OTTO ISKANDARDINATA NO. 6,KEDIRI,ID-95,55148,(0759) 147 0251,PT,TERDAFTAR,DIBEKUKAN,1,0,API-P,08547-API,,2026-01-24,AKTIF
132337599617,683339545824007,OSS-8449354,UD SURYONO YUNIAR,UD SURYONO,GANG CEMPAKA NO. 155,BONTANG,ID-38,67081,+62 (990) 425-7049,Firma,TERDAFTAR,DIBEKUKAN,0,1,,,NIPER-52341,2026-01-20,AKTIF
968860102569,829976997146898,OSS-9632775,SITOMPUL TBK,SITOMPUL T,JL. PASIRKOJA NO. 4,GORONTALO,ID-44,28995,+62 (444) 792 8970,Firma,PROSES,AKTIF,0,1,,,NIPER-92689,2026-01-06,AKTIF
543506826769,251784862548083,OSS-1497091,CV PURWANTI (PERSERO) TBK,PURWANTI (,JL. STASIUN WONOKROMO NO. 9,PAREPARE,ID-77,10125,+62 (371) 957 8816,Firma,TERDAFTAR,TIDAK AKTIF,0,1,,,NIPER-00024,2026-01-08,AKTIF
534616950054,025204579474816,OSS-3617296,FARIDA PALASTRI TBK,FARIDA PAL,JALAN WONOAYU NO. 4,LHOKSEUMAWE,ID-36,72433,+62 (448) 442 3902,Perum,PROSES,AKTIF,1,0,API-U,87985-API,,2026-01-12,AKTIF
359655289800,176966671563075,OSS-9257977,PD PURWANTI HARDIANSYAH (PERSERO) TBK,PD PURWANT,GG. LASWI NO. 372,TOMOHON,ID-46,12558,+62 (799) 252 3402,PT,TERDAFTAR,TIDAK AKTIF,0,0,,,,2026-01-27,AKTIF
883020276278,734186186624892,OSS-2648753,PD NAJMUDIN,PD NAJMUDI,GANG JAKARTA NO. 2,PALU,ID-26,56885,+62-544-616-4751,Firma,PROSES,AKTIF,0,1,,,NIPER-35392,2026-02-03,AKTIF
798665244815,747210674843231,OSS-3346050,UD WASITA UYAINAH,UD WASITA,GG. PACUAN KUDA NO. 418,MOJOKERTO,ID-62,98773,+62-0742-541-8985,PT,DISAHKAN,DIBEKUKAN,1,0,API-P,68359-API,,2026-02-07,AKTIF
399451503508,896227885646743,OSS-5480380,ANGGRAINI (PERSERO) TBK,ANGGRAINI,GANG PASIRKOJA NO. 42,TEBINGTINGGI,ID-51,02717,(0842) 496 4034,CV,TERDAFTAR,DIBEKUKAN,1,0,API-P,76515-API,,2026-02-07,AKTIF
759799742542,904368275684978,OSS-5078672,CV HAKIM (PERSERO) TBK,HAKIM (PER,GG. CEMPAKA NO. 9,MEDAN,ID-59,19324,(071) 999-2752,PT,TERDAFTAR,TIDAK AKTIF,0,0,,,,2026-01-26,AKTIF
338419495637,807451598657317,OSS-9985147,CV JANUAR NARPATI (PERSERO) TBK,JANUAR NAR,GANG CIUMBULEUIT NO. 16,BANJARMASIN,ID-32,93063,(003) 048 2102,Perum,PROSES,DIBEKUKAN,1,1,API-U,36899-API,NIPER-18927,2026-01-03,AKTIF
677670310861,094868175862648,OSS-2000228,PERUM MAHENDRA (DUPLICATE),PERUM MAHE,GANG CEMPAKA NO. 73,CIREBON,ID-55,16788,+62 (0157) 927-9344,Perum,TERDAFTAR,DIBEKUKAN,0,1,,,NIPER-32434,2026-01-22,AKTIF
958885042746,092323727328812,OSS-6151212,PERUM USADA HANDAYANI,PERUM USAD,JL. AHMAD YANI NO. 8,PALOPO,ID-71,56935,+62-016-771-0768,CV,DISAHKAN,AKTIF,1,1,API-U,00797-API,NIPER-47747,2026-01-21,AKTIF
418490395751,491188671826025,OSS-5412155,UD WAHYUNI,UD WAHYUNI,JL. KAPTEN MUSLIHAT NO. 46,BANDUNG,ID-58,27702,+62 (037) 327-5999,Firma,PROSES,AKTIF,1,1,API-P,65283-API,NIPER-90048,2026-01-02,AKTIF
703862567611,258423300805630,OSS-8292482,CV NARPATI KUSUMO (PERSERO) TBK (DUPLICATE),NARPATI KU,JL. JEND. A. YANI NO. 7,TASIKMALAYA,ID-49,54852,+62 (07) 201-9708,Perum,DISAHKAN,TIDAK AKTIF,1,0,API-P,42874-API,,2026-01-06,AKTIF
516701037756,586959467385221,OSS-9766458,PD IRAWAN,PD IRAWAN,GANG RUMAH SAKIT NO. 00,KOTA ADMINISTRASI JAKARTA UTARA,ID-43,29566,080 511 9472,PT,TERDAFTAR,AKTIF,0,0,,,,2026-03-02,AKTIF
220220410649,607265201487609,OSS-6737250,PERUM PERMADI,PERUM PERM,GG. SUKAJADI NO. 9,CIREBON,ID-20,50650,(096) 158 8445,PT,TERDAFTAR,DIBEKUKAN,1,1,API-P,23649-API,NIPER-41100,2026-02-09,AKTIF
999319140099,812971922887415,OSS-9492543,UD GUNAWAN (PERSERO) TBK,UD GUNAWAN,GANG H.J MAEMUNAH NO. 738,SORONG,ID-40,64811,+62-051-292-7243,CV,DISAHKAN,TIDAK AKTIF,0,1,,,NIPER-06777,2026-02-28,AKTIF
402155732573,755344902166670,OSS-8085096,PERUM SIMBOLON,PERUM SIMB,GANG KH AMIN JASUTA NO. 191,PRABUMULIH,ID-57,81979,+62-164-772-5129,Firma,DISAHKAN,TIDAK AKTIF,0,1,,,NIPER-57860,2026-02-19,AKTIF
474880718264,494778116930625,OSS-7057013,UD PRASETYA NARPATI (PERSERO) TBK,UD PRASETY,GANG JEND. SUDIRMAN NO. 32,KENDARI,ID-35,25428,(035) 744-6240,Perum,PROSES,DIBEKUKAN,0,0,,,,2026-02-08,AKTIF
236910997872,191630916516800,OSS-4721535,DAMANIK SURYATMI (PERSERO) TBK (DUPLICATE),DAMANIK SU,JALAN RAJIMAN NO. 200,MADIUN,ID-65,01878,+62-05-299-4232,PT,PROSES,DIBEKUKAN,0,1,,,NIPER-55433,2026-03-01,AKTIF
555274216919,575941904549065,OSS-4782924,PERUM MARDHIYAH,PERUM MARD,GANG CIUMBULEUIT NO. 1,BANJARMASIN,ID-53,74989,+62-06-180-2031,CV,TERDAFTAR,AKTIF,1,0,API-U,55677-API,,2026-01-12,AKTIF
901540562695,951975398954769,OSS-0941586,PT PERMATA UWAIS,PERMATA UW,GG. YOS SUDARSO NO. 9,PADANG SIDEMPUAN,ID-21,24813,+62 (94) 287 2765,Firma,DISAHKAN,DIBEKUKAN,1,0,API-U,11402-API,,2026-01-23,AKTIF
556411846568,575980470859139,OSS-4050711,PERUM WIBISONO,PERUM WIBI,JL. BANGKA RAYA NO. 59,SORONG,ID-76,33402,+62 (0748) 308 7567,Perum,DISAHKAN,DIBEKUKAN,1,1,API-P,75076-API,NIPER-76636,2026-01-10,AKTIF
087135384732,420570365959257,OSS-0727929,UD ASTUTI,UD ASTUTI,GG. IR. H. DJUANDA NO. 370,TANJUNGPINANG,ID-73,16716,(0270) 224-1026,PT,TERDAFTAR,TIDAK AKTIF,0,0,,,,2026-02-08,AKTIF
619126738109,812383814082908,OSS-7290959,PD LATUPONO MARBUN TBK,PD LATUPON,JL. MOCH. RAMDAN NO. 966,TASIKMALAYA,ID-15,36341,+62-096-127-9434,CV,DISAHKAN,TIDAK AKTIF,0,1,,,NIPER-73672,2026-01-22,AKTIF
676335225046,996872797833447,OSS-5729930,UD LESTARI ARYANI (PERSERO) TBK,UD LESTARI,JALAN MEDOKAN AYU NO. 67,BANDA ACEH,ID-94,43628,+62 (707) 852 4338,PT,TERDAFTAR,AKTIF,0,0,,,,2026-01-22,AKTIF
380892043382,476989741396439,OSS-7717003,PADMASARI,PADMASARI,GG. CIKUTRA TIMUR NO. 03,DENPASAR,ID-81,11640,+62 (0896) 189-3498,Perum,DISAHKAN,AKTIF,0,1,,,NIPER-18453,2026-01-21,AKTIF
167147630056,603318329456470,OSS-5452709,PERUM HIDAYANTO,PERUM HIDA,GG. KEBONJATI NO. 875,TEBINGTINGGI,ID-96,49408,+62-058-581-1228,PT,DISAHKAN,TIDAK AKTIF,0,1,,,NIPER-58338,2026-02-18,AKTIF
335210858375,582632189451088,OSS-5899818,SUARTINI,SUARTINI,JL. YOS SUDARSO NO. 8,KOTAMOBAGU,ID-35,06433,+62 (534) 334 9719,CV,DISAHKAN,TIDAK AKTIF,0,1,,,NIPER-72040,2026-02-04,AKTIF
786760534503,604808482317125,OSS-8760857,UD ARYANI DONGORAN (PERSERO) TBK,UD ARYANI,JL. PETA NO. 866,BONTANG,ID-46,19217,+62-0665-667-3906,Firma,PROSES,TIDAK AKTIF,1,1,API-P,07277-API,NIPER-23657,2026-01-28,AKTIF
158269723465,004030227641650,OSS-4493243,PT WIJAYA (PERSERO) TBK,WIJAYA (PE,GG. AHMAD DAHLAN NO. 52,PALEMBANG,ID-94,16659,+62-016-113-3468,CV,TERDAFTAR,DIBEKUKAN,0,1,,,NIPER-56945,2026-01-27,AKTIF
478671560244,360610138680803,OSS-4919085,PD MAYASARI SALAHUDIN,PD MAYASAR,JL. R.E MARTADINATA NO. 3,BLITAR,ID-24,19180,+62-0640-583-5529,CV,TERDAFTAR,DIBEKUKAN,0,1,,,NIPER-45139,2026-01-07,AKTIF
384358125581,101260451790151,OSS-7587349,UD WIBOWO YOLANDA (PERSERO) TBK,UD WIBOWO,GG. YOS SUDARSO NO. 748,BATAM,ID-98,08028,0818198522,Firma,TERDAFTAR,DIBEKUKAN,0,1,,,NIPER-89572,2026-01-14,AKTIF
289943379628,771277232321678,OSS-7769902,LAKSITA,LAKSITA,GANG DIPENOGORO NO. 39,TEBINGTINGGI,ID-94,74637,+62 (90) 992 0165,Perum,DISAHKAN,AKTIF,1,1,API-U,82610-API,NIPER-56628,2026-01-22,AKTIF
605623309479,768854346458295,OSS-4637333,PT PRASETYO,PRASETYO,GANG DIPENOGORO NO. 62,KOTAMOBAGU,ID-60,53012,081 940 0112,Firma,DISAHKAN,DIBEKUKAN,0,0,,,,2026-01-25,AKTIF
836983754408,965091519720258,OSS-6234178,UD HALIMAH,UD HALIMAH,GG. KAPTEN MUSLIHAT NO. 55,JAYAPURA,ID-54,75182,+62 (032) 155 3439,Perum,DISAHKAN,AKTIF,1,1,API-U,25718-API,NIPER-63447,2026-01-25,AKTIF
800243181009,825334365947028,OSS-1623659,PD HARIYAH TBK,PD HARIYAH,GANG MONGINSIDI NO. 5,KOTA ADMINISTRASI JAKARTA TIMUR,ID-40,52882,+62 (083) 367 8092,CV,DISAHKAN,AKTIF,1,0,API-U,27355-API,,2026-02-16,AKTIF
744647882840,234041043161592,OSS-8308867,PD ZULAIKA (PERSERO) TBK,PD ZULAIKA,JALAN RAYA SETIABUDHI NO. 420,MEULABOH,ID-53,74078,(0263) 262 9074,CV,DISAHKAN,DIBEKUKAN,0,1,,,NIPER-00430,2026-01-07,AKTIF
050335116378,457362530342602,OSS-7322699,PD MANSUR USADA,PD MANSUR,JL. K.H. WAHID HASYIM NO. 4,BANDA ACEH,ID-76,51102,+62-0940-996-5678,CV,TERDAFTAR,DIBEKUKAN,0,1,,,NIPER-95645,2026-02-09,AKTIF
756227161614,835267200615546,OSS-4003287,UD AGUSTINA SUSANTI,UD AGUSTIN,JL. RAJAWALI BARAT NO. 1,AMBON,ID-11,19167,088 124 3252,PT,TERDAFTAR,TIDAK AKTIF,1,0,API-U,56355-API,,2026-01-09,AKTIF
656224197687,849477129035006,OSS-1848974,CV PRAKASA SIHOTANG (DUPLICATE),PRAKASA SI,GG. CIKAPAYANG NO. 66,BINJAI,ID-82,15649,+62 (254) 920-6441,PT,PROSES,AKTIF,1,1,API-U,11973-API,NIPER-88182,2026-01-14,AKTIF
043986127885,202518641497211,OSS-9175441,PUTRA (PERSERO) TBK,PUTRA (PER,GANG YOS SUDARSO NO. 94,PEKALONGAN,ID-14,81687,(0335) 568 0441,CV,TERDAFTAR,TIDAK AKTIF,0,0,,,,2026-01-03,AKTIF
497741464899,515716629999156,OSS-5957561,PD WIDIASTUTI TBK,PD WIDIAST,JALAN RAJAWALI TIMUR NO. 8,SUKABUMI,ID-48,18827,+62-000-361-2125,CV,TERDAFTAR,AKTIF,1,1,API-P,98196-API,NIPER-87051,2026-02-18,AKTIF
516928842871,585779892965090,OSS-9283073,PT MARDHIYAH RAJASA TBK,MARDHIYAH,JALAN JAMIKA NO. 5,TANGERANG,ID-31,75158,+62 (0857) 053-2034,CV,TERDAFTAR,AKTIF,1,1,API-P,35780-API,NIPER-09041,2026-02-15,AKTIF
775933565581,164316078027285,OSS-0252272,PD KURNIAWAN SURYATMI (PERSERO) TBK (DUPLICATE),PD KURNIAW,GG. SETIABUDHI NO. 4,LHOKSEUMAWE,ID-50,14571,+62 (0422) 911 2512,CV,PROSES,DIBEKUKAN,1,0,API-P,53472-API,,2026-02-11,AKTIF
604488599681,892239343114984,OSS-4232971,CV HALIMAH MANDALA,HALIMAH MA,GANG KIARACONDONG NO. 730,BENGKULU,ID-59,45347,082 266 1092,PT,PROSES,DIBEKUKAN,1,0,API-P,01238-API,,2026-01-20,AKTIF
814134209359,187890341191090,OSS-5594497,NAMAGA,NAMAGA,GANG RONGGOWARSITO NO. 297,SUBULUSSALAM,ID-15,09050,+62 (042) 149 2594,Perum,TERDAFTAR,TIDAK AKTIF,1,1,API-U,49847-API,NIPER-36160,2026-01-09,AKTIF
841351408081,880604843933466,OSS-7238392,UD UYAINAH WULANDARI TBK,UD UYAINAH,JL. JAMIKA NO. 17,SUKABUMI,ID-51,34237,(092) 563-8392,CV,DISAHKAN,TIDAK AKTIF,1,1,API-P,55178-API,NIPER-39382,2026-02-06,AKTIF
796343737026,792552116095288,OSS-5618157,ZULAIKA,ZULAIKA,JL. MERDEKA NO. 2,BOGOR,ID-38,88481,+62-01-490-4916,PT,DISAHKAN,TIDAK AKTIF,0,1,,,NIPER-81131,2026-01-18,AKTIF
992945992935,983218231804230,OSS-0662396,CV NATSIR NABABAN,NATSIR NAB,JALAN CEMPAKA NO. 9,CIREBON,ID-34,38799,+62-068-156-2195,Firma,DISAHKAN,TIDAK AKTIF,0,0,,,,2026-01-12,AKTIF
485259144580,939758530750358,OSS-5510288,PD NUGROHO HASANAH,PD NUGROHO,JALAN K.H. WAHID HASYIM NO. 23,CIREBON,ID-53,81755,+62-46-123-1031,CV,PROSES,TIDAK AKTIF,1,0,API-U,90006-API,,2026-02-01,AKTIF
373582306614,521357619679993,OSS-5694142,UD MANULLANG TBK,UD MANULLA,JL. PHH. MUSTOFA NO. 30,SAMARINDA,ID-86,49635,+62 (25) 589 3874,Perum,PROSES,TIDAK AKTIF,0,1,,,NIPER-20629,2026-01-09,AKTIF
330833486994,578777511204894,OSS-0941734,RAHAYU NABABAN,RAHAYU NAB,GG. W.R. SUPRATMAN NO. 5,YOGYAKARTA,ID-73,34706,(0507) 040 4285,Perum,DISAHKAN,AKTIF,0,0,,,,2026-01-21,AKTIF
577719619971,659656676409968,OSS-3344009,CV MARPAUNG TBK,MARPAUNG T,GANG KIARACONDONG NO. 93,BLITAR,ID-45,91439,+62-70-547-3601,PT,TERDAFTAR,DIBEKUKAN,0,0,,,,2026-02-08,AKTIF
737984800203,287078961783225,OSS-0915573,CV MAULANA NASHIRUDDIN,MAULANA NA,GG. BKR NO. 754,MOJOKERTO,ID-34,20991,+62 (42) 348 3906,Perum,PROSES,TIDAK AKTIF,0,1,,,NIPER-18456,2026-01-14,AKTIF
656224197687,849477129035006,OSS-1848974,CV PRAKASA SIHOTANG,PRAKASA SI,GG. CIKAPAYANG NO. 66,BINJAI,ID-82,15649,+62 (254) 920-6441,PT,PROSES,AKTIF,1,1,API-U,11973-API,NIPER-88182,2026-01-14,AKTIF
018659974292,399339236032483,OSS-6326703,PT PUSPASARI HARYANTI (DUPLICATE),PUSPASARI,GG. PELAJAR PEJUANG NO. 9,MATARAM,ID-79,69975,+62 (0546) 143-5187,Firma,TERDAFTAR,AKTIF,0,0,,,,2026-01-19,AKTIF
060019953928,364991931602498,OSS-7785921,PERUM PRASETYO YOLANDA,PERUM PRAS,JL. W.R. SUPRATMAN NO. 49,PASURUAN,ID-41,66505,+62 (0348) 957 4092,PT,DISAHKAN,TIDAK AKTIF,1,0,API-U,56648-API,,2026-02-15,AKTIF
711202730238,595129207223033,OSS-5823398,KURNIAWAN (PERSERO) TBK,KURNIAWAN,GANG PACUAN KUDA NO. 7,PALEMBANG,ID-54,67823,(008) 422 9665,CV,PROSES,TIDAK AKTIF,0,1,,,NIPER-14448,2026-01-17,AKTIF
778668382341,945769645299217,OSS-6128623,PD SUWARNO,PD SUWARNO,GANG SETIABUDHI NO. 8,SERANG,ID-67,07170,+62 (0716) 039 3128,PT,TERDAFTAR,AKTIF,1,0,API-U,00142-API,,2026-02-03,AKTIF
683485497515,798005832697360,OSS-6301798,PT GUNARTO SUSANTI,GUNARTO SU,GG. M.H THAMRIN NO. 328,SOLOK,ID-87,83451,+62 (061) 065 1513,Perum,DISAHKAN,DIBEKUKAN,1,0,API-U,82226-API,,2026-01-23,AKTIF
114281785228,230524808806220,OSS-7223959,PD PRASASTA TBK (DUPLICATE),PD PRASAST,JL. JAMIKA NO. 9,BATAM,ID-56,20478,(0688) 687-8599,Perum,PROSES,AKTIF,0,1,,,NIPER-64862,2026-02-08,AKTIF
152064361103,712938700516271,OSS-3611155,CV WIBOWO (PERSERO) TBK,WIBOWO (PE,JL. KENDALSARI NO. 2,MALANG,ID-53,26973,+62 (012) 196 5652,CV,PROSES,DIBEKUKAN,1,0,API-P,34138-API,,2026-02-02,AKTIF
536552205384,803025157161954,OSS-6723904,PALASTRI TBK,PALASTRI T,JALAN CIUMBULEUIT NO. 835,KOTA ADMINISTRASI JAKARTA SELATAN,ID-82,35476,+62 (848) 854-7620,Perum,DISAHKAN,TIDAK AKTIF,0,1,,,NIPER-69348,2026-02-06,AKTIF
924215554886,798911652754327,OSS-3738287,PT MANGUNSONG,MANGUNSONG,JL. KUTAI NO. 315,AMBON,ID-20,39692,+62 (023) 930-3518,PT,DISAHKAN,TIDAK AKTIF,0,1,,,NIPER-43916,2026-02-03,AKTIF
131084986876,438605794738994,OSS-3333261,NARPATI SINAGA,NARPATI SI,GANG KIARACONDONG NO. 9,CIREBON,ID-46,84169,(0237) 528-9775,CV,PROSES,DIBEKUKAN,0,1,,,NIPER-01619,2026-02-15,AKTIF
739959927403,392132839068400,OSS-5156393,PT PRAKASA (PERSERO) TBK,PRAKASA (P,JALAN CIHAMPELAS NO. 1,YOGYAKARTA,ID-85,03422,0899518243,CV,DISAHKAN,AKTIF,1,1,API-U,25650-API,NIPER-94846,2026-02-12,AKTIF
117310521562,783123429926476,OSS-9650301,HARTATI TBK (DUPLICATE),HARTATI TB,GG. SADANG SERANG NO. 9,PALOPO,ID-11,43691,(0159) 120 4644,Perum,DISAHKAN,TIDAK AKTIF,1,0,API-U,46274-API,,2026-01-12,AKTIF
977660022003,642382235522094,OSS-1245621,PT NARPATI TARIHORAN,NARPATI TA,GG. DR. DJUNJUNAN NO. 396,KOTA ADMINISTRASI JAKARTA SELATAN,ID-38,25517,(056) 983 6495,CV,PROSES,AKTIF,0,0,,,,2026-02-14,AKTIF
127859587154,505296514056531,OSS-2458422,PUSPITA,PUSPITA,GANG SUKAJADI NO. 2,TASIKMALAYA,ID-29,73215,(042) 708-6300,Firma,DISAHKAN,TIDAK AKTIF,0,0,,,,2026-01-01,AKTIF
652035461280,543913225560010,OSS-1454783,UD PRASETYA HARIYAH TBK,UD PRASETY,JALAN LEMBONG NO. 986,SABANG,ID-73,86359,+62 (024) 704 3124,Perum,TERDAFTAR,TIDAK AKTIF,0,0,,,,2026-01-27,AKTIF
968973297123,490923262438069,OSS-0155116,UD SIHOMBING SITUMORANG (PERSERO) TBK,UD SIHOMBI,JALAN CIUMBULEUIT NO. 4,CIREBON,ID-13,74266,084 769 3400,CV,PROSES,AKTIF,0,0,,,,2026-02-26,AKTIF
774262991429,084611151349889,OSS-6367005,CV UTAMI SITORUS (PERSERO) TBK,UTAMI SITO,GANG CIKUTRA TIMUR NO. 67,TIDORE KEPULAUAN,ID-77,95124,+62 (083) 422-4015,Perum,DISAHKAN,TIDAK AKTIF,1,0,API-U,52370-API,,2026-01-20,AKTIF
485265218151,437270179219505,OSS-4401132,UTAMI WALUYO,UTAMI WALU,GANG PHH. MUSTOFA NO. 08,PRABUMULIH,ID-17,15266,+62-74-944-8472,CV,TERDAFTAR,AKTIF,1,0,API-U,85814-API,,2026-01-07,AKTIF
644472442035,021931174237040,OSS-0930264,PT USADA USADA (PERSERO) TBK,USADA USAD,GANG ABDUL MUIS NO. 3,BAU-BAU,ID-59,19220,0886987922,PT,DISAHKAN,DIBEKUKAN,1,1,API-P,34890-API,NIPER-71819,2026-02-19,AKTIF
308573837398,438184408566993,OSS-7720893,PERUM ADRIANSYAH MAHENDRA,PERUM ADRI,JALAN ERLANGGA NO. 0,KOTA ADMINISTRASI JAKARTA UTARA,ID-65,27728,(096) 950-8764,Firma,DISAHKAN,DIBEKUKAN,0,0,,,,2026-02-16,AKTIF
287159554717,584701978811090,OSS-9043370,SURYATMI HASSANAH TBK,SURYATMI H,JL. ERLANGGA NO. 77,TARAKAN,ID-75,67611,(0961) 676-6715,Perum,DISAHKAN,DIBEKUKAN,0,0,,,,2026-01-31,AKTIF
683487525604,899246625760138,OSS-0795118,CV WIDIASTUTI,WIDIASTUTI,GANG JEND. SUDIRMAN NO. 5,SABANG,ID-44,59590,+62 (0315) 071-7416,CV,PROSES,TIDAK AKTIF,0,0,,,,2026-02-24,AKTIF
986162299911,914856467997024,OSS-6299606,CV HARDIANSYAH TBK,HARDIANSYA,JALAN SADANG SERANG NO. 44,TANJUNGPINANG,ID-54,32475,+62 (0691) 373 6785,Perum,PROSES,DIBEKUKAN,0,1,,,NIPER-08214,2026-01-22,AKTIF
340120776834,987253782259635,OSS-8730116,PD RIYANTI,PD RIYANTI,JL. RAYA UJUNGBERUNG NO. 26,BANDAR LAMPUNG,ID-45,28231,+62 (017) 595 3233,Perum,TERDAFTAR,DIBEKUKAN,0,0,,,,2026-02-25,AKTIF
464310323385,437673058582196,OSS-4599682,UD PUTRA ISWAHYUDI,UD PUTRA I,JL. SETIABUDHI NO. 88,TERNATE,ID-14,30781,+62 (0125) 706 7077,CV,TERDAFTAR,DIBEKUKAN,0,0,,,,2026-02-07,AKTIF
347251921313,865033463636399,OSS-6604933,CV TAMPUBOLON TBK,TAMPUBOLON,JL. SILIWANGI NO. 984,BANJARMASIN,ID-71,19712,0820049700,Perum,DISAHKAN,AKTIF,0,1,,,NIPER-40039,2026-01-31,AKTIF
518981978551,791543698034594,OSS-8930494,PERUM GUNAWAN,PERUM GUNA,JL. VETERAN NO. 5,SINGKAWANG,ID-13,98333,+62 (067) 926 6403,Perum,PROSES,AKTIF,0,0,,,,2026-01-05,AKTIF
763757825015,344438781876233,OSS-2614912,CV YOLANDA,YOLANDA,JL. YOS SUDARSO NO. 895,KOTA ADMINISTRASI JAKARTA SELATAN,ID-93,53969,(0639) 674-8156,CV,DISAHKAN,DIBEKUKAN,1,1,API-P,91318-API,NIPER-82076,2026-01-09,AKTIF
717718164358,891175802744688,OSS-2059078,CV USAMAH SAFITRI,USAMAH SAF,GG. WONOAYU NO. 6,BATU,ID-59,82372,(0132) 714 7787,PT,TERDAFTAR,DIBEKUKAN,0,0,,,,2026-01-09,AKTIF
446971580028,866449072828227,OSS-2376936,PT HALIMAH ISWAHYUDI (PERSERO) TBK,HALIMAH IS,GANG CEMPAKA NO. 9,MAGELANG,ID-79,82134,+62 (712) 198 9960,Perum,DISAHKAN,TIDAK AKTIF,0,0,,,,2026-02-15,AKTIF
877794087087,643275722327094,OSS-1502189,PT ZULAIKA ANGGRIAWAN (PERSERO) TBK,ZULAIKA AN,GG. VETERAN NO. 872,PONTIANAK,ID-98,03812,084 894 4672,Perum,TERDAFTAR,AKTIF,0,1,,,NIPER-01927,2026-02-18,AKTIF
481461416446,959775277698136,OSS-6002204,UD HABIBI TBK,UD HABIBI,GANG CIKAPAYANG NO. 0,KUPANG,ID-76,43915,+62-401-140-3302,Firma,PROSES,DIBEKUKAN,0,1,,,NIPER-96344,2026-01-26,AKTIF
049474214254,827189804576922,OSS-9625847,PD MANGUNSONG,PD MANGUNS,GANG KUTISARI SELATAN NO. 9,SOLOK,ID-92,53044,+62-0197-406-3959,Perum,DISAHKAN,DIBEKUKAN,0,0,,,,2026-02-07,AKTIF
608171211492,766487864694326,OSS-1810229,PERUM PALASTRI SIREGAR,PERUM PALA,JL. TUBAGUS ISMAIL NO. 568,PROBOLINGGO,ID-14,06678,+62 (466) 155 7158,PT,PROSES,TIDAK AKTIF,0,1,,,NIPER-48933,2026-02-15,AKTIF
790877373169,275927460100697,OSS-7400970,PERUM PRATAMA,PERUM PRAT,GANG SUKABUMI NO. 1,METRO,ID-69,08537,+62-007-001-0222,CV,TERDAFTAR,DIBEKUKAN,0,0,,,,2026-01-30,AKTIF
208496538519,405684593401075,OSS-2879972,UD HALIMAH WAHYUNI,UD HALIMAH,JL. JEND. SUDIRMAN NO. 93,SURABAYA,ID-29,27254,+62 (0955) 030-7958,CV,PROSES,DIBEKUKAN,0,1,,,NIPER-25467,2026-01-02,AKTIF
591234468774,837561671976692,OSS-8922980,PD WACANA,PD WACANA,JL. CIUMBULEUIT NO. 510,SUKABUMI,ID-45,34802,(030) 522-0244,Perum,PROSES,TIDAK AKTIF,1,1,API-P,65969-API,NIPER-36525,2026-01-07,AKTIF
206370355959,151676166296586,OSS-3602536,CV MEGANTARA HALIM (PERSERO) TBK,MEGANTARA,GANG SILIWANGI NO. 806,BANDA ACEH,ID-13,87387,+62 (083) 410-0066,Perum,PROSES,AKTIF,1,0,API-U,58484-API,,2026-01-17,AKTIF
161713271471,185630690661312,OSS-1298874,PD MARYATI PRAKASA TBK,PD MARYATI,JALAN HOS. COKROAMINOTO NO. 3,PAGARALAM,ID-22,19263,+62-930-906-5822,Perum,DISAHKAN,AKTIF,1,0,API-U,83009-API,,2026-02-03,AKTIF
669459483074,139914542289743,OSS-4762961,PD LAZUARDI,PD LAZUARD,JALAN M.H THAMRIN NO. 892,PALANGKARAYA,ID-27,22416,+62 (673) 868-0561,Firma,DISAHKAN,AKTIF,1,1,API-P,06217-API,NIPER-56269,2026-01-16,AKTIF
579916136642,401384361762695,OSS-6916203,PT NUGROHO TBK,NUGROHO TB,GG. JAMIKA NO. 59,PASURUAN,ID-91,75229,(084) 835 3962,PT,TERDAFTAR,DIBEKUKAN,0,1,,,NIPER-72220,2026-02-21,AKTIF
590064715054,410790354217716,OSS-5587604,CV WIBISONO SIHOMBING (PERSERO) TBK,WIBISONO S,GG. IR. H. DJUANDA NO. 594,SUNGAI PENUH,ID-71,30473,+62 (0603) 676 5453,CV,TERDAFTAR,AKTIF,0,0,,,,2026-02-12,AKTIF
406453384524,799419735718828,OSS-5332319,PT MANULLANG (PERSERO) TBK,MANULLANG,GANG R.E MARTADINATA NO. 9,BANJAR,ID-71,46740,+62-61-435-6310,Perum,PROSES,DIBEKUKAN,1,1,API-P,82321-API,NIPER-11508,2026-01-09,AKTIF
401216813318,433905878008557,OSS-6525544,CV ZULAIKA WINARNO (PERSERO) TBK,ZULAIKA WI,JL. PASIRKOJA NO. 379,SUNGAI PENUH,ID-27,53424,+62 (139) 328-0867,Firma,PROSES,DIBEKUKAN,0,1,,,NIPER-26525,2026-01-17,AKTIF
034141318118,140513251790447,OSS-0856094,PD HASANAH,PD HASANAH,GANG AHMAD DAHLAN NO. 103,KOTA ADMINISTRASI JAKARTA SELATAN,ID-30,64572,+62 (75) 794 0740,Perum,TERDAFTAR,AKTIF,1,0,API-P,33744-API,,2026-01-02,AKTIF
937419994697,503700581767005,OSS-0586827,UD RAHMAWATI SUARTINI (PERSERO) TBK,UD RAHMAWA,GANG IR. H. DJUANDA NO. 656,BEKASI,ID-75,35699,+62 (054) 037 9819,CV,PROSES,TIDAK AKTIF,0,0,,,,2026-01-29,AKTIF
464844273983,565239188676227,OSS-3533406,PT JAILANI ZULKARNAIN (DUPLICATE),JAILANI ZU,JL. PASTEUR NO. 142,MEDAN,ID-62,34526,+62-628-862-3357,Perum,DISAHKAN,DIBEKUKAN,0,1,,,NIPER-04445,2026-01-26,AKTIF
824827731337,071461524466602,OSS-7186517,DAMANIK (PERSERO) TBK,DAMANIK (P,GG. GARDUJATI NO. 9,PALEMBANG,ID-82,40798,+62-87-314-7059,PT,DISAHKAN,DIBEKUKAN,0,0,,,,2026-01-02,AKTIF
999399535425,283395446325299,OSS-3694551,PD UWAIS SUSANTI TBK,PD UWAIS S,JL. CIKAPAYANG NO. 3,TASIKMALAYA,ID-81,67978,+62-010-535-8029,PT,TERDAFTAR,DIBEKUKAN,1,1,API-P,17184-API,NIPER-65815,2026-02-04,AKTIF
232535685351,361780363107815,OSS-0461539,PD HARIYAH PUTRA TBK,PD HARIYAH,JALAN SETIABUDHI NO. 7,BENGKULU,ID-58,94735,+62-0337-649-7482,Firma,PROSES,DIBEKUKAN,1,0,API-U,89032-API,,2026-01-17,AKTIF
668080795653,000227509360470,OSS-9280337,UD MEGANTARA,UD MEGANTA,GG. PETA NO. 27,SAWAHLUNTO,ID-57,26894,+62 (427) 629 3369,Perum,TERDAFTAR,TIDAK AKTIF,1,1,API-U,83240-API,NIPER-72819,2026-01-19,AKTIF
608723299228,030217565470239,OSS-2335429,SAPUTRA (PERSERO) TBK (DUPLICATE),SAPUTRA (P,GG. PHH. MUSTOFA NO. 491,PALANGKARAYA,ID-66,47593,+62 (0600) 935-3331,Firma,TERDAFTAR,DIBEKUKAN,1,0,API-P,23759-API,,2026-01-06,AKTIF
647568637585,873704747399050,OSS-8964082,PD MAHESWARA,PD MAHESWA,JL. SURYAKENCANA NO. 271,PALEMBANG,ID-94,92168,(080) 591-9347,Perum,TERDAFTAR,AKTIF,0,0,,,,2026-02-15,AKTIF
965119888744,732177854574770,OSS-6085588,UD NAMAGA WAHYUDIN,UD NAMAGA,JALAN JEND. A. YANI NO. 54,BATU,ID-84,65277,+62-015-626-6998,Firma,PROSES,DIBEKUKAN,1,1,API-P,18052-API,NIPER-79200,2026-02-01,AKTIF
459823723731,023672619677657,OSS-2584955,PD JAILANI TBK,PD JAILANI,GG. K.H. WAHID HASYIM NO. 2,TANJUNGBALAI,ID-46,55892,+62 (67) 785-6764,PT,DISAHKAN,TIDAK AKTIF,0,1,,,NIPER-22055,2026-01-05,AKTIF
727643489363,231455228603859,OSS-7496242,UD DABUKKE (PERSERO) TBK,UD DABUKKE,GANG CIWASTRA NO. 4,KEDIRI,ID-11,93895,085 247 8391,CV,TERDAFTAR,AKTIF,0,0,,,,2026-01-08,AKTIF
261004136475,227539640568559,OSS-7493150,UD WASTUTI SIHOMBING,UD WASTUTI,GG. RONGGOWARSITO NO. 37,BANDUNG,ID-48,84998,086 104 7286,PT,TERDAFTAR,AKTIF,0,1,,,NIPER-00998,2026-02-07,AKTIF
244787279943,566227008288738,OSS-7724595,PD SUDIATI ANGGRIAWAN,PD SUDIATI,JL. SENTOT ALIBASA NO. 339,MANADO,ID-86,18601,+62 (10) 498-6081,Perum,TERDAFTAR,TIDAK AKTIF,0,0,,,,2026-01-21,AKTIF
241776946929,968323786368945,OSS-3753649,PERUM MAULANA WASKITA,PERUM MAUL,JALAN JEND. SUDIRMAN NO. 866,TEGAL,ID-99,25102,+62 (859) 927 9184,PT,PROSES,TIDAK AKTIF,1,1,API-U,23753-API,NIPER-01096,2026-02-06,AKTIF
820327579538,538756032383697,OSS-9561226,CV WIDIASTUTI,WIDIASTUTI,JALAN RAWAMANGUN NO. 978,SALATIGA,ID-21,24713,+62 (053) 040 2765,Perum,DISAHKAN,AKTIF,1,1,API-U,42514-API,NIPER-23815,2026-02-08,AKTIF
487367084325,281429438491298,OSS-4620193,PERUM MARDHIYAH (DUPLICATE),PERUM MARD,GG. TUBAGUS ISMAIL NO. 42,SABANG,ID-53,83989,+62-0455-091-8479,PT,DISAHKAN,TIDAK AKTIF,0,1,,,NIPER-00848,2026-02-21,AKTIF
159946423987,032455082976898,OSS-7431219,PD WAHYUDIN LAKSITA,PD WAHYUDI,JL. RAJIMAN NO. 92,CIMAHI,ID-48,15084,+62 (0414) 043 2137,PT,DISAHKAN,AKTIF,1,0,API-P,67971-API,,2026-02-07,AKTIF
672803671999,465012357822394,OSS-9708340,CV WALUYO MEGANTARA TBK,WALUYO MEG,GANG RAJAWALI TIMUR NO. 487,PALEMBANG,ID-91,59941,088 368 0898,Perum,DISAHKAN,DIBEKUKAN,1,1,API-P,80932-API,NIPER-07964,2026-02-16,AKTIF
914854137458,053285701792190,OSS-1822624,CV UTAMI PRAYOGA,UTAMI PRAY,JALAN R.E MARTADINATA NO. 2,METRO,ID-32,81732,+62 (0368) 719 4923,CV,DISAHKAN,TIDAK AKTIF,0,0,,,,2026-01-23,AKTIF
942166197815,310462292481989,OSS-0916382,DONGORAN,DONGORAN,GANG MEDOKAN AYU NO. 36,PALEMBANG,ID-88,74157,+62 (057) 966 9956,Firma,PROSES,DIBEKUKAN,0,1,,,NIPER-97207,2026-02-24,AKTIF
002939094044,289549963769582,OSS-8382449,PD ARDIANTO UTAMI,PD ARDIANT,GG. SUKAJADI NO. 61,TASIKMALAYA,ID-65,27430,+62 (74) 626-5090,Perum,TERDAFTAR,DIBEKUKAN,1,1,API-U,08689-API,NIPER-73754,2026-01-07,AKTIF
246978159689,936593068211405,OSS-7120480,UD WIDIASTUTI TBK,UD WIDIAST,GG. OTTO ISKANDARDINATA NO. 8,PURWOKERTO,ID-75,18706,0821675671,Firma,PROSES,TIDAK AKTIF,1,0,API-P,92502-API,,2026-03-02,AKTIF
260422325367,294667116845775,OSS-9017518,CV ARYANI PRABOWO TBK (DUPLICATE),ARYANI PRA,GANG SADANG SERANG NO. 9,SALATIGA,ID-27,50017,+62-12-770-6324,Firma,TERDAFTAR,AKTIF,1,0,API-U,24154-API,,2026-01-18,AKTIF
528098769174,970652796124220,OSS-3921016,UD MARDHIYAH,UD MARDHIY,GG. SURAPATI NO. 4,SURAKARTA,ID-95,76309,(050) 040-1164,Perum,DISAHKAN,DIBEKUKAN,1,0,API-U,58179-API,,2026-01-05,AKTIF
029971893319,472352488071963,OSS-1429185,PD MULYANI,PD MULYANI,JL. JAKARTA NO. 39,SUBULUSSALAM,ID-53,59732,+62 (0831) 915 9429,CV,PROSES,DIBEKUKAN,1,0,API-P,68945-API,,2026-02-18,AKTIF
538412791325,332588840416274,OSS-2212115,UD SARAGIH TBK,UD SARAGIH,GG. TUBAGUS ISMAIL NO. 1,TANGERANG,ID-74,68107,+62 (037) 797-3095,PT,TERDAFTAR,DIBEKUKAN,0,0,,,,2026-02-18,AKTIF
941702165547,345528533693418,OSS-4706634,PERUM SITUMORANG (PERSERO) TBK,PERUM SITU,JL. PASTEUR NO. 707,PADANGPANJANG,ID-28,24241,+62 (031) 615-2998,Firma,TERDAFTAR,DIBEKUKAN,0,0,,,,2026-02-14,AKTIF
827621676459,110971333143079,OSS-6795481,CV SAPUTRA,SAPUTRA,JL. GARDUJATI NO. 56,SEMARANG,ID-10,99425,(052) 986 0054,Firma,DISAHKAN,TIDAK AKTIF,1,0,API-P,17780-API,,2026-01-29,AKTIF
650017747373,278232697963303,OSS-6835105,UD SAPTONO,UD SAPTONO,GG. LEMBONG NO. 96,PAGARALAM,ID-21,41817,081 069 8807,Firma,PROSES,DIBEKUKAN,0,0,,,,2026-02-17,AKTIF
274062828507,255320528515501,OSS-3524711,PERUM MELANI KUSMAWATI TBK,PERUM MELA,JALAN LASWI NO. 1,BEKASI,ID-90,51412,+62-07-404-5156,CV,TERDAFTAR,DIBEKUKAN,1,1,API-U,99332-API,NIPER-76926,2026-01-02,AKTIF
622106317145,487626447687475,OSS-6726968,PT SANTOSO,SANTOSO,GG. PASIR KOJA NO. 7,PAREPARE,ID-50,40380,+62-197-784-4464,PT,PROSES,AKTIF,0,1,,,NIPER-69137,2026-02-20,AKTIF
951858976811,802638152868438,OSS-1574800,PERUM WINARSIH TBK,PERUM WINA,JL. SUKABUMI NO. 82,KOTA ADMINISTRASI JAKARTA PUSAT,ID-53,93427,+62 (0978) 475 2281,CV,PROSES,AKTIF,0,0,,,,2026-02-06,AKTIF
948363359709,716982507337613,OSS-8746594,UD ARYANI (PERSERO) TBK,UD ARYANI,JALAN ASTANA ANYAR NO. 45,CIMAHI,ID-47,12542,+62-0979-863-8479,Perum,PROSES,AKTIF,0,1,,,NIPER-85684,2026-02-20,AKTIF
125400708073,123700257760693,OSS-8342402,PD FARIDA LATUPONO,PD FARIDA,JALAN DIPATIUKUR NO. 820,KOTAMOBAGU,ID-39,67233,+62 (001) 731-0116,CV,PROSES,TIDAK AKTIF,1,1,API-U,49921-API,NIPER-29376,2026-01-01,AKTIF
902837727028,966605342816441,OSS-6101975,UD NASYIAH USADA,UD NASYIAH,GANG CIHAMPELAS NO. 10,SURAKARTA,ID-80,27304,+62 (76) 362 8144,Firma,DISAHKAN,TIDAK AKTIF,0,1,,,NIPER-47189,2026-02-16,AKTIF
562156671701,922235519994415,OSS-0337871,UD WIJAYA,UD WIJAYA,GG. RAJAWALI TIMUR NO. 1,PADANG,ID-54,46452,+62 (0245) 040-5335,CV,TERDAFTAR,AKTIF,0,0,,,,2026-01-26,AKTIF
494352923056,115272773820264,OSS-0765580,PERUM NURAINI SITOMPUL (DUPLICATE),PERUM NURA,JL. CIKUTRA BARAT NO. 023,BEKASI,ID-42,32353,+62 (575) 514-2033,Perum,PROSES,TIDAK AKTIF,1,0,API-P,83379-API,,2026-02-10,AKTIF
893505260270,687567071812923,OSS-6139123,PD RAMADAN UTAMA TBK,PD RAMADAN,JL. YOS SUDARSO NO. 87,MAGELANG,ID-89,79106,+62 (106) 407-0783,CV,DISAHKAN,AKTIF,0,1,,,NIPER-84784,2026-02-02,AKTIF
579203298818,091617681162069,OSS-7940202,PD ASTUTI SINAGA,PD ASTUTI,GANG SUNIARAJA NO. 83,PALANGKARAYA,ID-35,20244,086 335 3160,Firma,TERDAFTAR,DIBEKUKAN,0,0,,,,2026-02-03,AKTIF
720925815635,820485017470521,OSS-6362188,PT MARBUN,MARBUN,GANG WARINGIN NO. 8,BANDAR LAMPUNG,ID-26,41669,080 527 7280,PT,PROSES,TIDAK AKTIF,1,1,API-P,52094-API,NIPER-88523,2026-01-24,AKTIF
608396829683,030650942733617,OSS-0616000,PERUM PRASETYO,PERUM PRAS,GANG ANTAPANI LAMA NO. 79,SUKABUMI,ID-97,32702,+62 (53) 262 4989,CV,PROSES,DIBEKUKAN,0,0,,,,2026-01-31,AKTIF
156697975012,113915987315009,OSS-0442557,UD YUNIAR KUSUMO (DUPLICATE),UD YUNIAR,GG. DIPATIUKUR NO. 597,SORONG,ID-45,80410,+62-017-521-6050,PT,TERDAFTAR,AKTIF,0,0,,,,2026-02-12,AKTIF
606224007319,397948979187626,OSS-7486937,UD HABIBI,UD HABIBI,GG. HOS. COKROAMINOTO NO. 2,SIBOLGA,ID-42,17139,089 577 4027,Firma,PROSES,AKTIF,1,1,API-P,19272-API,NIPER-39105,2026-02-12,AKTIF
021140915581,673833997049835,OSS-6327703,PADMASARI PRASETYA (PERSERO) TBK,PADMASARI,JALAN RAYA SETIABUDHI NO. 68,MALANG,ID-14,64379,(0975) 254-2171,PT,TERDAFTAR,TIDAK AKTIF,1,0,API-P,91684-API,,2026-01-20,AKTIF
299885849165,849144168605257,OSS-3499850,PT MARYATI PUTRA,MARYATI PU,GANG INDRAGIRI NO. 0,SERANG,ID-70,54221,0843230748,Perum,DISAHKAN,TIDAK AKTIF,1,0,API-P,74534-API,,2026-01-28,AKTIF
839301031051,834738299737631,OSS-1656670,WASKITA,WASKITA,JL. KEBONJATI NO. 872,DENPASAR,ID-67,73178,+62 (008) 013-2677,Firma,TERDAFTAR,AKTIF,1,1,API-P,36026-API,,2026-01-22,DICABUT
059482706908,713197285802082,OSS-0646028,PD MARYATI TARIHORAN,PD MARYATI,JALAN DIPATIUKUR NO. 80,KOTA ADMINISTRASI JAKARTA BARAT,ID-29,98818,(096) 750-4464,CV,DISAHKAN,AKTIF,0,0,,,,2026-01-25,AKTIF
169814207681,700681436597239,OSS-7661054,PD HUTASOIT,PD HUTASOI,JL. YOS SUDARSO NO. 01,MALANG,ID-31,80077,0842845576,CV,TERDAFTAR,AKTIF,1,1,API-U,18677-API,NIPER-06672,2026-02-12,AKTIF
348842241403,134538889990473,OSS-3776747,PD NATSIR HASTUTI (PERSERO) TBK,PD NATSIR,JL. CIHAMPELAS NO. 840,CIMAHI,ID-28,69024,+62 (0861) 465 2121,Firma,TERDAFTAR,DIBEKUKAN,0,1,,,NIPER-81685,2026-02-01,AKTIF
709217645177,022380453478277,OSS-2532095,PERUM SANTOSO NOVITASARI,PERUM SANT,GG. S. PARMAN NO. 27,SOLOK,ID-16,35702,+62 (0093) 986 6398,CV,DISAHKAN,DIBEKUKAN,0,0,,,,2026-01-05,AKTIF
787896753600,454579427537373,OSS-2695372,UD SAEFULLAH TBK,UD SAEFULL,JL. SUKABUMI NO. 5,KUPANG,ID-70,69200,+62 (025) 853-4029,Firma,PROSES,DIBEKUKAN,1,1,API-P,70895-API,NIPER-38970,2026-01-06,AKTIF
743382349886,179492268457299,OSS-7710540,UD UTAMA,UD UTAMA,JL. W.R. SUPRATMAN NO. 98,MEULABOH,ID-68,66522,+62 (513) 133-2260,Perum,DISAHKAN,TIDAK AKTIF,1,0,API-U,43248-API,,2026-02-12,AKTIF
863018844502,528431295431303,OSS-5294723,PT WALUYO,WALUYO,JL. RAYA UJUNGBERUNG NO. 442,KENDARI,ID-26,13277,+62-421-769-7970,Perum,TERDAFTAR,DIBEKUKAN,1,1,API-U,99845-API,NIPER-22059,2026-01-22,AKTIF
985376098674,097431125046311,OSS-3476365,UD PERMADI,UD PERMADI,GANG RONGGOWARSITO NO. 8,BATAM,ID-71,44454,(040) 843-5344,Firma,DISAHKAN,AKTIF,0,1,,,NIPER-69928,2026-01-03,AKTIF
802844161693,624088516323813,OSS-7057410,PD ZULKARNAIN MANULLANG,PD ZULKARN,GANG KUTISARI SELATAN NO. 15,MATARAM,ID-25,85163,+62 (781) 164 4668,PT,PROSES,AKTIF,0,0,,,,2026-01-25,AKTIF
866032943947,575809981429975,OSS-5807537,PD PERTIWI TBK,PD PERTIWI,JL. W.R. SUPRATMAN NO. 542,BOGOR,ID-64,64483,+62 (007) 427-5144,Perum,DISAHKAN,AKTIF,0,0,,,,2026-01-06,AKTIF
942022656888,385640991364267,OSS-5404662,PERUM ANGGRIAWAN,PERUM ANGG,JL. K.H. WAHID HASYIM NO. 9,SAWAHLUNTO,ID-40,04126,(028) 437-7688,Perum,TERDAFTAR,TIDAK AKTIF,0,0,,,,2026-01-10,AKTIF
071565888393,423770821440937,OSS-4559938,SIMBOLON,SIMBOLON,GANG WARINGIN NO. 581,SOLOK,ID-84,38280,+62-85-734-6603,Firma,PROSES,TIDAK AKTIF,1,1,API-U,00110-API,NIPER-73812,2026-02-10,AKTIF
833261705058,353458195657285,OSS-3533998,UD MANULLANG WIBISONO,UD MANULLA,JL. RAWAMANGUN NO. 7,SABANG,ID-88,15846,(087) 930-3028,Perum,TERDAFTAR,AKTIF,0,1,,,NIPER-53272,2026-02-27,AKTIF
412597999032,388767660628951,OSS-3403997,PERUM HARIYAH SUWARNO,PERUM HARI,JL. AHMAD DAHLAN NO. 836,CILEGON,ID-79,97026,(038) 207 1548,Perum,PROSES,AKTIF,0,1,,,NIPER-18513,2026-01-24,AKTIF
720241433008,118502064767115,OSS-6174735,PERUM BUDIMAN MANSUR TBK,PERUM BUDI,GANG S. PARMAN NO. 65,KOTA ADMINISTRASI JAKARTA TIMUR,ID-58,04613,(0222) 453-8253,CV,PROSES,DIBEKUKAN,1,1,API-P,58186-API,NIPER-15974,2026-01-08,AKTIF
779939476224,777732411920960,OSS-7586252,CV HANDAYANI FIRGANTORO,HANDAYANI,JALAN R.E MARTADINATA NO. 550,PRABUMULIH,ID-52,14145,+62 (0719) 092 8081,PT,PROSES,DIBEKUKAN,1,1,API-P,93643-API,NIPER-15544,2026-01-14,AKTIF
211588970890,967763636251660,OSS-0642927,CV MUSTOFA BUDIYANTO,MUSTOFA BU,GG. R.E MARTADINATA NO. 4,BANDA ACEH,ID-70,69529,+62-09-019-3434,Perum,TERDAFTAR,AKTIF,0,0,,,,2026-01-15,AKTIF
439878889994,984406026909594,OSS-0521989,CV ADRIANSYAH,ADRIANSYAH,GANG KEBONJATI NO. 881,KEDIRI,ID-28,29333,(077) 052 9792,CV,PROSES,TIDAK AKTIF,0,0,,,,2026-01-23,AKTIF
947957441425,220691069219731,OSS-3258952,PD MEGANTARA SURYONO TBK,PD MEGANTA,GANG M.T HARYONO NO. 6,TANJUNGBALAI,ID-72,59802,+62 (064) 852-5935,PT,PROSES,AKTIF,0,0,,,,2026-01-27,AKTIF
619019333593,797190000295616,OSS-2256471,UD RAHIMAH TBK,UD RAHIMAH,JALAN MOCH. RAMDAN NO. 453,TIDORE KEPULAUAN,ID-57,16778,+62 (045) 647 4370,CV,TERDAFTAR,TIDAK AKTIF,1,0,API-P,19453-API,,2026-02-16,AKTIF
980617632648,833042515047085,OSS-9880129,PD PRAYOGA,PD PRAYOGA,GG. SUNIARAJA NO. 13,PONTIANAK,ID-37,72473,+62 (042) 459-8300,Perum,PROSES,TIDAK AKTIF,0,0,,,,2026-02-27,AKTIF
824408075795,238462033967153,OSS-5956122,PERUM SANTOSO SIREGAR,PERUM SANT,JL. JAMIKA NO. 1,TARAKAN,ID-67,99232,+62 (92) 493 0769,Firma,TERDAFTAR,AKTIF,0,1,,,NIPER-09945,2026-03-01,AKTIF
756813519069,307789057012708,OSS-8179641,PALASTRI SIMANJUNTAK,PALASTRI S,JALAN CEMPAKA NO. 150,PEKANBARU,ID-57,57100,+62 (078) 722 7289,Perum,TERDAFTAR,AKTIF,0,1,,,NIPER-98735,2026-03-02,AKTIF
879612683040,679742500193049,OSS-0324584,PT HASANAH,HASANAH,GG. INDRAGIRI NO. 51,MATARAM,ID-44,74575,+62 (0894) 705 0793,Perum,TERDAFTAR,DIBEKUKAN,0,1,,,NIPER-93999,2026-01-28,AKTIF
294247493882,796310123435424,OSS-9559269,PD RAHAYU TBK (DUPLICATE),PD RAHAYU,JL. INDRAGIRI NO. 13,BATAM,ID-94,91358,0816659818,PT,DISAHKAN,DIBEKUKAN,1,1,API-U,47071-API,NIPER-08555,2026-02-10,AKTIF
701785020502,549723920102975,OSS-9974753,UD RIYANTI HARTATI TBK,UD RIYANTI,GG. JAKARTA NO. 94,BANJARMASIN,ID-61,16415,+62-740-513-3793,CV,PROSES,DIBEKUKAN,0,1,,,NIPER-76699,2026-02-13,AKTIF
224777173164,945501394193207,OSS-1485345,PERUM SURYATMI,PERUM SURY,GG. STASIUN WONOKROMO NO. 230,BITUNG,ID-65,33581,+62-0308-136-6949,CV,PROSES,AKTIF,0,1,,,NIPER-71233,2026-02-01,AKTIF
618547250358,987794024293973,OSS-0364817,PERMATA SAEFULLAH,PERMATA SA,JALAN KUTAI NO. 391,PEKALONGAN,ID-89,09785,(018) 697-5521,PT,DISAHKAN,AKTIF,0,0,,,,2026-02-02,AKTIF
444016549092,391200052664762,OSS-9705045,PD PRATIWI (PERSERO) TBK,PD PRATIWI,JL. M.T HARYONO NO. 2,SAWAHLUNTO,ID-11,48725,087 826 6752,Firma,TERDAFTAR,TIDAK AKTIF,0,0,,,,2026-02-02,AKTIF
882961185021,770305445940645,OSS-1258144,UD MAULANA (PERSERO) TBK,UD MAULANA,GG. ASIA AFRIKA NO. 4,BITUNG,ID-29,34997,(022) 456 8781,CV,TERDAFTAR,DIBEKUKAN,1,1,API-P,05404-API,NIPER-78943,2026-02-24,AKTIF
508457336776,996339495207926,OSS-0157233,PT PRADANA,PRADANA,JL. CIUMBULEUIT NO. 12,SURAKARTA,ID-98,64613,+62 (0477) 150 6407,CV,DISAHKAN,AKTIF,0,0,,,,2026-01-29,AKTIF
803498520573,647715027322243,OSS-0945810,PERUM THAMRIN (PERSERO) TBK,PERUM THAM,GG. WARINGIN NO. 8,SABANG,ID-35,78499,+62-0688-376-2650,CV,DISAHKAN,DIBEKUKAN,1,1,API-U,76493-API,NIPER-97239,2026-01-22,AKTIF
636394400689,027881055375521,OSS-4872386,PERUM HIDAYAT SAMOSIR TBK,PERUM HIDA,JALAN PASIRKOJA NO. 6,BALIKPAPAN,ID-25,92912,+62 (081) 557 0627,Firma,PROSES,TIDAK AKTIF,1,0,API-P,14737-API,,2026-01-29,AKTIF
223312567725,038561627141342,OSS-7732357,PD RAJASA NAJMUDIN,PD RAJASA,JALAN ANTAPANI LAMA NO. 4,BANDUNG,ID-79,93741,+62 (871) 994-2505,PT,PROSES,TIDAK AKTIF,1,1,API-P,92530-API,NIPER-95587,2026-02-25,AKTIF
268712313645,346662539405532,OSS-2336554,PD KUSUMO KURNIAWAN (PERSERO) TBK,PD KUSUMO,JL. IR. H. DJUANDA NO. 40,MEULABOH,ID-41,33857,+62 (38) 945 8027,Perum,PROSES,AKTIF,0,1,,,NIPER-46400,2026-01-30,AKTIF
375758441986,652404157473384,OSS-8421993,WINARSIH NURAINI,WINARSIH N,JL. DIPENOGORO NO. 57,TANGERANG SELATAN,ID-23,08267,(0345) 401-9380,CV,TERDAFTAR,AKTIF,1,1,API-P,26206-API,NIPER-72400,2026-01-09,AKTIF
541506898511,968090492770491,OSS-4966757,PD PERTIWI,PD PERTIWI,JALAN HOS. COKROAMINOTO NO. 134,TANGERANG SELATAN,ID-65,83969,+62 (713) 957-0016,Firma,TERDAFTAR,TIDAK AKTIF,1,1,API-P,84512-API,NIPER-24023,2026-01-17,AKTIF
498050070061,180183869484477,OSS-7287155,PERUM HUTAPEA HASANAH,PERUM HUTA,GANG S. PARMAN NO. 649,PAYAKUMBUH,ID-29,66953,+62-66-605-8817,Perum,PROSES,DIBEKUKAN,0,1,,,NIPER-33918,2026-02-13,AKTIF
767672873944,704483807362289,OSS-0145474,CV PERTIWI NASYIAH,PERTIWI NA,JL. JAMIKA NO. 0,AMBON,ID-33,70056,+62 (0332) 842 2216,PT,PROSES,AKTIF,0,1,,,NIPER-29104,2026-01-16,AKTIF
174199389273,340958635469232,OSS-6624299,PD PRASETYO RAHAYU (PERSERO) TBK,PD PRASETY,JALAN KAPTEN MUSLIHAT NO. 63,PEKALONGAN,ID-48,22800,+62 (37) 060-9314,PT,DISAHKAN,DIBEKUKAN,0,0,,,,2026-01-08,AKTIF
715066626705,222940723358213,OSS-2529596,PT HUTASOIT,HUTASOIT,JL. R.E MARTADINATA NO. 71,BANJARBARU,ID-43,72024,+62 (591) 024-5109,Perum,TERDAFTAR,DIBEKUKAN,0,1,,,NIPER-10903,2026-01-19,AKTIF
371002959635,187570532093613,OSS-0144641,CV PRATIWI WAHYUNI TBK (DUPLICATE),PRATIWI WA,JL. W.R. SUPRATMAN NO. 58,MEULABOH,ID-88,28940,+62 (017) 130 3709,Firma,DISAHKAN,TIDAK AKTIF,0,1,,,NIPER-71846,2026-02-22,AKTIF
716189807597,244045301656731,OSS-7720634,PD PRASETYO TBK,PD PRASETY,JALAN AHMAD DAHLAN NO. 9,LHOKSEUMAWE,ID-58,43917,(0402) 774-8166,PT,TERDAFTAR,DIBEKUKAN,0,1,,,NIPER-14279,2026-02-03,AKTIF
868059696962,117251576435547,OSS-6401163,PERUM MANGUNSONG,PERUM MANG,GANG CIKUTRA TIMUR NO. 3,KENDARI,ID-66,15001,081 805 9107,PT,TERDAFTAR,DIBEKUKAN,1,0,API-P,02378-API,,2026-02-05,AKTIF
815386480048,402813401824969,OSS-5978471,MAULANA,MAULANA,GANG R.E MARTADINATA NO. 644,BANDA ACEH,ID-50,31105,082 845 4687,Firma,PROSES,AKTIF,1,0,API-U,14398-API,,2026-01-01,AKTIF
174705908564,175046584751422,OSS-0212990,UD ANDRIANI JANUAR TBK,UD ANDRIAN,GANG ERLANGGA NO. 12,SERANG,ID-76,70028,+62 (582) 323-8516,Firma,TERDAFTAR,AKTIF,0,0,,,,2026-01-15,AKTIF
773934754573,859311101728917,OSS-2542533,UD FIRGANTORO,UD FIRGANT,JALAN AHMAD DAHLAN NO. 35,PARIAMAN,ID-99,19341,+62 (002) 240 2595,PT,TERDAFTAR,TIDAK AKTIF,0,1,,,NIPER-59051,2026-02-06,AKTIF
803955124056,829962914504617,OSS-3574384,PT WAHYUDIN FIRGANTORO,WAHYUDIN F,GG. S. PARMAN NO. 782,MAKASSAR,ID-91,84521,082 307 6810,CV,PROSES,AKTIF,1,1,API-P,40915-API,NIPER-70184,2026-01-12,AKTIF
458065255028,671245906667777,OSS-5021576,KUSMAWATI GUNAWAN TBK,KUSMAWATI,JALAN SADANG SERANG NO. 32,TANGERANG,ID-99,40384,+62-099-634-2323,PT,TERDAFTAR,DIBEKUKAN,0,1,,,NIPER-99113,2026-02-14,AKTIF
754769171359,518469172847127,OSS-1992724,PERUM NAMAGA,PERUM NAMA,JL. MOCH. RAMDAN NO. 065,SURABAYA,ID-96,61355,+62 (20) 227 9617,Perum,TERDAFTAR,TIDAK AKTIF,0,1,,,NIPER-70012,2026-01-08,AKTIF
621833563596,491490229896580,OSS-3169949,PD MARYATI (PERSERO) TBK,PD MARYATI,JALAN KEBONJATI NO. 501,KOTA ADMINISTRASI JAKARTA SELATAN,ID-88,60097,+62 (0587) 870-1412,PT,PROSES,TIDAK AKTIF,1,0,API-P,77248-API,,2026-01-22,AKTIF
380620275110,549734165670028,OSS-8936037,PERUM MANSUR (PERSERO) TBK,PERUM MANS,JL. M.T HARYONO NO. 35,PALU,ID-67,11762,+62-408-263-8864,Firma,DISAHKAN,DIBEKUKAN,1,0,API-U,52197-API,,2026-02-22,AKTIF
088183216993,729819441059950,OSS-4353208,PD NASHIRUDDIN DAMANIK TBK,PD NASHIRU,GG. JOYOBOYO NO. 2,MEULABOH,ID-58,24707,(0235) 705 5471,Firma,TERDAFTAR,TIDAK AKTIF,0,1,,,NIPER-43359,2026-02-28,AKTIF
440472996723,099342705012822,OSS-3546775,CV PRASTUTI,PRASTUTI,GG. CIKUTRA BARAT NO. 085,BANJARBARU,ID-46,91780,+62 (01) 788-4750,Perum,TERDAFTAR,TIDAK AKTIF,0,1,,,NIPER-79331,2026-01-02,AKTIF
221527010815,586614014740426,OSS-1034192,SIMANJUNTAK (PERSERO) TBK,SIMANJUNTA,JL. MERDEKA NO. 3,TEGAL,ID-46,13184,+62 (95) 628-9911,CV,TERDAFTAR,DIBEKUKAN,0,1,,,NIPER-64260,2026-01-29,AKTIF
897555968413,892888756999085,OSS-6920283,CV MAYASARI TBK,MAYASARI T,GANG SUKABUMI NO. 73,MEDAN,ID-48,17147,(085) 199 0765,PT,TERDAFTAR,DIBEKUKAN,0,0,,,,2026-02-06,AKTIF
900809613254,116389397971066,OSS-3318093,PERUM TARIHORAN NASYIAH,PERUM TARI,GANG DR. DJUNJUNAN NO. 7,BALIKPAPAN,ID-92,20723,+62-0065-542-5970,Perum,PROSES,DIBEKUKAN,0,0,,,,2026-01-08,AKTIF
012212584723,874848936980225,OSS-0913578,CV HALIMAH,HALIMAH,JL. RAJAWALI BARAT NO. 570,BLITAR,ID-17,04605,0899261104,Firma,TERDAFTAR,DIBEKUKAN,0,0,,,,2026-02-07,AKTIF
940655832475,397387209037401,OSS-4436235,UD KUSWOYO SAPTONO TBK,UD KUSWOYO,GG. M.H THAMRIN NO. 6,SUBULUSSALAM,ID-69,91380,+62 (0753) 846 7886,PT,TERDAFTAR,AKTIF,0,1,,,NIPER-74466,2026-02-08,AKTIF
361631105331,210511350272551,OSS-0935318,PT NURAINI WINARNO,NURAINI WI,GANG W.R. SUPRATMAN NO. 67,BONTANG,ID-97,38847,+62 (263) 930-5551,Perum,TERDAFTAR,TIDAK AKTIF,1,0,API-P,23259-API,,2026-02-25,AKTIF
961159533841,629062881566030,OSS-9805183,CV SAEFULLAH (PERSERO) TBK,SAEFULLAH,GG. BANGKA RAYA NO. 0,PALEMBANG,ID-16,47244,+62 (067) 621-8743,Perum,DISAHKAN,DIBEKUKAN,0,0,,,,2026-02-06,AKTIF
450020268387,890345029586760,OSS-3040934,PD WASTUTI TAMPUBOLON TBK,PD WASTUTI,JL. W.R. SUPRATMAN NO. 8,BANJAR,ID-76,38272,+62 (005) 133 4601,Firma,TERDAFTAR,TIDAK AKTIF,1,1,API-U,84220-API,NIPER-13882,2026-02-17,AKTIF
187074905659,315280290377387,OSS-7043082,WASITA,WASITA,JALAN CIHAMPELAS NO. 59,MALANG,ID-87,50087,+62 (0271) 812 1569,Firma,TERDAFTAR,TIDAK AKTIF,1,1,API-P,72806-API,NIPER-06044,2026-02-06,AKTIF
228702824591,246518493091675,OSS-5128120,PERUM MANDASARI (PERSERO) TBK,PERUM MAND,GANG CIHAMPELAS NO. 45,PADANGPANJANG,ID-24,76763,+62 (0519) 465 1946,Firma,PROSES,TIDAK AKTIF,1,0,API-U,33337-API,,2026-01-06,AKTIF
222959677201,205785463062848,OSS-6395062,CV NATSIR PRATAMA (PERSERO) TBK,NATSIR PRA,JL. PASTEUR NO. 43,KOTA ADMINISTRASI JAKARTA BARAT,ID-52,40536,+62-031-598-9798,CV,DISAHKAN,AKTIF,0,0,,,,2026-01-27,AKTIF
824273633249,331886119139118,OSS-4855944,MUSTOFA TBK,MUSTOFA TB,GANG STASIUN WONOKROMO NO. 980,SUNGAI PENUH,ID-57,15192,+62-144-367-2631,Firma,TERDAFTAR,AKTIF,0,1,,,NIPER-73274,2026-01-05,AKTIF
293559732868,717750248399120,OSS-6155989,PERUM PRANOWO HASANAH,PERUM PRAN,JALAN JAKARTA NO. 565,BAU-BAU,ID-47,19275,+62 (0106) 758 5883,Firma,DISAHKAN,AKTIF,1,1,API-U,46258-API,NIPER-04191,2026-01-12,AKTIF
924215554886,798911652754327,OSS-3738287,MANGUNSONG (DUPLICATE),MANGUNSONG,JL. KUTAI NO. 315,AMBON,ID-20,39692,+62 (023) 930-3518,PT,DISAHKAN,TIDAK AKTIF,0,1,,,NIPER-43916,2026-02-03,AKTIF
440471787174,963272508638597,OSS-3446483,PERUM ASTUTI JAILANI TBK,PERUM ASTU,JL. JAMIKA NO. 097,SAWAHLUNTO,ID-32,45375,+62 (46) 570-5374,Firma,TERDAFTAR,DIBEKUKAN,1,1,API-U,57450-API,NIPER-13483,2026-01-25,AKTIF
037525291404,437749169473489,OSS-3088094,NASYIDAH (PERSERO) TBK,NASYIDAH (,JL. PASTEUR NO. 2,CIREBON,ID-70,89111,+62 (085) 677 5140,PT,TERDAFTAR,AKTIF,1,1,API-P,62325-API,NIPER-67989,2026-02-06,AKTIF
181902320165,198890609175075,OSS-1926775,UD WACANA,UD WACANA,JALAN KAPTEN MUSLIHAT NO. 843,MALANG,ID-27,88720,+62 (04) 871 0365,Firma,TERDAFTAR,TIDAK AKTIF,1,1,API-P,34764-API,NIPER-14427,2026-02-05,AKTIF
638285041627,502092252123802,OSS-9446276,UD KUSWOYO SIHOMBING,UD KUSWOYO,GANG MEDOKAN AYU NO. 512,KOTA ADMINISTRASI JAKARTA UTARA,ID-86,89385,+62-0358-499-9916,PT,DISAHKAN,DIBEKUKAN,1,0,API-P,95359-API,,2026-02-15,AKTIF
347608823092,587289467363163,OSS-3084601,CV WIJAYA MARYADI (PERSERO) TBK,WIJAYA MAR,GG. RAJAWALI TIMUR NO. 0,SURAKARTA,ID-57,49116,+62-0430-310-1663,CV,TERDAFTAR,DIBEKUKAN,0,1,,,NIPER-66228,2026-01-14,AKTIF
829670742153,193625260221690,OSS-8875480,PERUM PRADIPTA NAPITUPULU (DUPLICATE),PERUM PRAD,GG. KEBONJATI NO. 9,AMBON,ID-54,57351,(0454) 693-5102,Firma,DISAHKAN,TIDAK AKTIF,1,1,API-U,14012-API,NIPER-83319,2026-01-02,AKTIF
666603756542,549759709912302,OSS-1113190,PERUM MULYANI,PERUM MULY,JL. JAYAWIJAYA NO. 115,SAWAHLUNTO,ID-28,99601,+62 (05) 168-2187,PT,TERDAFTAR,DIBEKUKAN,1,1,API-P,75161-API,NIPER-22444,2026-01-14,AKTIF
094723116627,160991821294616,OSS-3217405,UD ANGGRIAWAN,UD ANGGRIA,GANG YOS SUDARSO NO. 84,BEKASI,ID-33,99734,+62-28-923-0389,PT,TERDAFTAR,AKTIF,1,0,API-U,22732-API,,2026-02-26,AKTIF
308656920733,740778112197683,OSS-4042816,PERUM PRAYOGA PERTIWI,PERUM PRAY,GG. YOS SUDARSO NO. 88,BANJAR,ID-25,87361,(014) 928-8362,CV,PROSES,DIBEKUKAN,0,1,,,NIPER-06908,2026-01-27,AKTIF
615343366712,881079108482417,OSS-9465225,PD MARBUN SURYATMI TBK,PD MARBUN,JL. SILIWANGI NO. 051,CIREBON,ID-73,08725,+62 (0662) 230-8861,Firma,TERDAFTAR,AKTIF,1,0,API-U,58925-API,,2026-03-02,AKTIF
584989332811,604254250109646,OSS-9185562,PERUM ANDRIANI UTAMI TBK (DUPLICATE),PERUM ANDR,JL. H.J MAEMUNAH NO. 31,DUMAI,ID-97,79036,(052) 075-0214,Firma,TERDAFTAR,AKTIF,0,1,,,NIPER-06267,2026-01-09,AKTIF
587441929297,681198911490274,OSS-2528297,PD PRATAMA FIRGANTORO,PD PRATAMA,GG. DIPATIUKUR NO. 5,PASURUAN,ID-87,04983,+62-78-741-1839,PT,TERDAFTAR,AKTIF,0,1,,,NIPER-65743,2026-03-01,AKTIF
382993524062,413361434141693,OSS-0847094,UD OKTAVIANI NASYIDAH TBK,UD OKTAVIA,JL. DIPENOGORO NO. 973,BLITAR,ID-75,67676,+62-0286-508-6581,CV,TERDAFTAR,DIBEKUKAN,0,0,,,,2026-02-05,AKTIF
144455056170,564068286700626,OSS-3560130,UD WASKITA HARTATI TBK,UD WASKITA,JL. PETA NO. 425,KOTA ADMINISTRASI JAKARTA PUSAT,ID-79,69781,+62 (087) 508-1677,Firma,TERDAFTAR,DIBEKUKAN,1,0,API-U,95133-API,,2026-02-15,AKTIF
069400156146,522069217917585,OSS-6001071,PT PERTIWI,PERTIWI,JALAN GEGERKALONG HILIR NO. 94,BLITAR,ID-90,47191,+62 (439) 181-6302,Firma,DISAHKAN,TIDAK AKTIF,1,1,API-P,01517-API,NIPER-33311,2026-02-13,AKTIF
075855283416,206311082134526,OSS-8514140,UD WIBOWO,UD WIBOWO,GANG JOYOBOYO NO. 322,TERNATE,ID-37,68392,(0953) 175-2636,Perum,TERDAFTAR,TIDAK AKTIF,1,0,API-P,38439-API,,2026-02-11,AKTIF
672419541571,762696728925765,OSS-5514659,PT SANTOSO PANGESTU,SANTOSO PA,JALAN JAMIKA NO. 893,SUKABUMI,ID-99,30586,+62 (483) 388-0671,PT,PROSES,DIBEKUKAN,0,1,,,NIPER-91742,2026-02-11,AKTIF
959300698588,713811184492336,OSS-5508153,PRANOWO (PERSERO) TBK,PRANOWO (P,GANG JEND. A. YANI NO. 07,SUBULUSSALAM,ID-98,18365,+62 (056) 238-7070,CV,PROSES,TIDAK AKTIF,0,1,,,NIPER-33692,2026-02-04,AKTIF
253671171203,457417565923002,OSS-2422371,PD SARAGIH PRADANA (PERSERO) TBK,PD SARAGIH,JALAN KUTISARI SELATAN NO. 9,SORONG,ID-45,11152,+62 (70) 993-0676,CV,TERDAFTAR,TIDAK AKTIF,0,0,,,,2026-01-30,AKTIF
704125624878,199357256370082,OSS-5123819,CV ANGGRAINI PANGESTU (PERSERO) TBK (DUPLICATE),ANGGRAINI,JALAN TEBET BARAT DALAM NO. 4,PANGKALPINANG,ID-51,33623,+62 (0252) 896-6064,CV,PROSES,TIDAK AKTIF,0,0,,,,2026-01-18,AKTIF
783772112121,598634181254682,OSS-7154896,PERUM WULANDARI WULANDARI (DUPLICATE),PERUM WULA,JALAN VETERAN NO. 84,TANGERANG SELATAN,ID-34,00776,+62-29-666-2527,Perum,DISAHKAN,TIDAK AKTIF,0,0,,,,2026-02-24,AKTIF
910007408252,862937786777823,OSS-9412339,UD RAJATA MANDALA,UD RAJATA,JL. SILIWANGI NO. 7,SABANG,ID-44,84845,+62 (073) 877-1352,Perum,PROSES,DIBEKUKAN,0,1,,,NIPER-60638,2026-01-16,AKTIF
328487398474,382452507059792,OSS-8812215,CV WIJAYANTI TBK (DUPLICATE),WIJAYANTI,JALAN CIUMBULEUIT NO. 5,SERANG,ID-58,59591,0840852704,Firma,DISAHKAN,AKTIF,1,1,API-P,58492-API,NIPER-86360,2026-02-01,AKTIF
171194084707,358629912133275,OSS-2334226,PERUM WULANDARI TBK,PERUM WULA,GG. OTTO ISKANDARDINATA NO. 8,TASIKMALAYA,ID-35,80645,+62 (098) 248-3833,PT,PROSES,AKTIF,1,0,API-U,32975-API,,2026-03-02,AKTIF
476352706562,128840785847198,OSS-9712508,CV HARDIANSYAH ZULAIKA TBK,HARDIANSYA,JL. MEDOKAN AYU NO. 56,SERANG,ID-14,55382,+62 (63) 557 5446,PT,TERDAFTAR,TIDAK AKTIF,1,1,API-P,31155-API,NIPER-17420,2026-01-02,AKTIF
311280854707,520169098513058,OSS-1584971,NASYIDAH PRANOWO TBK,NASYIDAH P,GANG SADANG SERANG NO. 0,SUKABUMI,ID-10,31632,+62 (091) 255 8822,Perum,DISAHKAN,AKTIF,0,1,,,NIPER-89745,2026-01-04,AKTIF
072716884891,023291476558672,OSS-2320746,CV GUNARTO SIRAIT (PERSERO) TBK,GUNARTO SI,JALAN ASTANA ANYAR NO. 82,SAMARINDA,ID-84,32213,+62 (036) 420-9044,Perum,DISAHKAN,AKTIF,1,0,API-P,16969-API,,2026-01-18,AKTIF
431641199136,564025426006289,OSS-2238435,PERUM SUSANTI NAINGGOLAN TBK,PERUM SUSA,JALAN JAKARTA NO. 17,PASURUAN,ID-99,29497,(0565) 512 8895,CV,DISAHKAN,AKTIF,0,1,,,NIPER-63836,2026-02-21,AKTIF
957885685574,443135182337498,OSS-9413435,UD BUDIMAN NASYIDAH,UD BUDIMAN,JALAN CIKAPAYANG NO. 4,SUBULUSSALAM,ID-97,10947,(0752) 047-1167,Firma,TERDAFTAR,AKTIF,1,0,API-U,19022-API,NIPER-CONFLICT,2026-02-21,AKTIF
667856371643,611168595241716,OSS-8747825,CV SAPUTRA PUTRA (PERSERO) TBK,SAPUTRA PU,JL. GEDEBAGE SELATAN NO. 028,TANJUNGBALAI,ID-71,49141,+62-011-201-7474,Firma,TERDAFTAR,DIBEKUKAN,0,0,,,,2026-01-30,AKTIF
731785297642,846851926175869,OSS-2742900,PERUM LAZUARDI WIJAYA,PERUM LAZU,JL. MONGINSIDI NO. 111,BANDUNG,ID-90,04787,+62-0748-052-1702,Firma,TERDAFTAR,DIBEKUKAN,0,0,,,,2026-02-07,AKTIF
357942323972,474274589474753,OSS-9301734,PERUM WINARNO YULIANTI (PERSERO) TBK,PERUM WINA,JALAN HOS. COKROAMINOTO NO. 343,SAWAHLUNTO,ID-35,16473,(060) 810-1094,Perum,PROSES,DIBEKUKAN,0,1,,,NIPER-53143,2026-01-13,AKTIF
807301048765,282706572074444,OSS-1650183,UD RAJATA FIRGANTORO (PERSERO) TBK,UD RAJATA,JALAN MERDEKA NO. 303,SALATIGA,ID-40,89159,+62 (812) 978 9587,Perum,PROSES,DIBEKUKAN,0,0,,,,2026-02-05,AKTIF
435497129011,684414776057129,OSS-8066734,PERUM DAMANIK ARYANI (PERSERO) TBK,PERUM DAMA,JALAN VETERAN NO. 77,MAKASSAR,ID-61,58712,+62-188-152-4715,Firma,DISAHKAN,TIDAK AKTIF,0,1,,,NIPER-62643,2026-01-30,AKTIF
050912821288,860895694700485,OSS-6302011,CV BUDIMAN DONGORAN (PERSERO) TBK,BUDIMAN DO,JALAN TEBET BARAT DALAM NO. 810,PAGARALAM,ID-75,24339,+62 (0640) 328-4841,CV,PROSES,AKTIF,1,0,API-P,59656-API,,2026-01-26,AKTIF
683517331170,203440168323021,OSS-5736183,CV DABUKKE (PERSERO) TBK (DUPLICATE),DABUKKE (P,GANG WARINGIN NO. 7,PAREPARE,ID-29,80424,0839121578,CV,TERDAFTAR,TIDAK AKTIF,1,1,API-U,01471-API,NIPER-32627,2026-01-25,AKTIF
227665677792,028532581394401,OSS-0704051,PD GUNARTO SUARTINI (PERSERO) TBK,PD GUNARTO,GG. JAYAWIJAYA NO. 5,PRABUMULIH,ID-58,97822,(0120) 302-3348,Perum,PROSES,AKTIF,1,0,API-P,07775-API,,2026-01-17,AKTIF
416512494911,053768504046156,OSS-8471550,PERUM WALUYO TBK,PERUM WALU,JL. ABDUL MUIS NO. 671,BOGOR,ID-91,96877,+62 (098) 524 1536,Firma,PROSES,DIBEKUKAN,1,0,API-U,91968-API,,2026-01-11,AKTIF
412570958547,943908626820470,OSS-1161563,PD SITORUS PURNAWATI TBK,PD SITORUS,JL. R.E MARTADINATA NO. 8,SINGKAWANG,ID-30,95208,0837135301,CV,DISAHKAN,AKTIF,1,1,API-U,27558-API,NIPER-16255,2026-02-01,AKTIF
580005631257,068471071447650,OSS-8093048,NABABAN,NABABAN,GANG MOCH. TOHA NO. 281,METRO,ID-74,12869,(0604) 498-2404,Firma,TERDAFTAR,DIBEKUKAN,0,1,,,NIPER-96535,2026-01-19,AKTIF
674001847669,953596071240847,OSS-6520562,UD HASANAH MAHESWARA,UD HASANAH,JL. MEDOKAN AYU NO. 37,BANJARMASIN,ID-64,58260,(000) 750 7975,PT,DISAHKAN,TIDAK AKTIF,1,0,API-P,22178-API,,2026-01-18,AKTIF
230390680264,906049650669619,OSS-8101682,CV RAJASA LAKSITA,RAJASA LAK,GG. K.H. WAHID HASYIM NO. 653,PAGARALAM,ID-77,81532,+62 (29) 153 2543,Perum,DISAHKAN,AKTIF,0,1,,,NIPER-99581,2026-02-07,AKTIF
399378861405,786170630489138,OSS-2496718,CV WAHYUDIN NAMAGA,WAHYUDIN N,GG. STASIUN WONOKROMO NO. 00,SOLOK,ID-70,20074,+62 (0653) 984 0289,CV,DISAHKAN,DIBEKUKAN,1,1,API-U,14161-API,NIPER-28463,2026-01-25,AKTIF
830348573654,044927280903178,OSS-8364316,PERUM SIMBOLON OKTAVIANI TBK,PERUM SIMB,JALAN M.H THAMRIN NO. 9,TIDORE KEPULAUAN,ID-24,03207,+62 (605) 269-9015,PT,DISAHKAN,AKTIF,0,1,,,NIPER-23029,2026-02-08,AKTIF
703862567611,258423300805630,OSS-8292482,CV NARPATI KUSUMO (PERSERO) TBK,NARPATI KU,JL. JEND. A. YANI NO. 7,TASIKMALAYA,ID-49,54852,+62 (07) 201-9708,Perum,DISAHKAN,TIDAK AKTIF,1,0,API-P,42874-API,,2026-01-06,AKTIF
666885455363,776659959902344,OSS-2381622,PD SANTOSO MELANI TBK,PD SANTOSO,JALAN RAJAWALI TIMUR NO. 28,PADANG,ID-47,58053,+62-151-313-5611,Firma,TERDAFTAR,AKTIF,1,1,API-P,70278-API,NIPER-47344,2026-02-16,AKTIF
898835292731,335988973428581,OSS-0191477,CV NASYIAH SAFITRI (PERSERO) TBK,NASYIAH SA,JALAN CIHAMPELAS NO. 3,PEKALONGAN,ID-67,42148,+62-639-517-5630,CV,TERDAFTAR,TIDAK AKTIF,1,1,API-U,22243-API,NIPER-94717,2026-02-08,AKTIF
903001472386,239285991664443,OSS-2036945,UD NAPITUPULU,UD NAPITUP,JALAN PACUAN KUDA NO. 746,PASURUAN,ID-20,14901,+62-0960-368-6692,PT,PROSES,AKTIF,0,1,,,NIPER-97608,2026-02-09,AKTIF
905429094790,313307983627524,OSS-7625340,PT WINARSIH (DUPLICATE),WINARSIH,GG. CIUMBULEUIT NO. 495,BATAM,ID-37,81561,+62 (69) 592 9267,Perum,TERDAFTAR,AKTIF,0,0,,,,2026-02-01,AKTIF
851050764130,781092703066663,OSS-5447505,CV NAINGGOLAN UYAINAH,NAINGGOLAN,GANG CIHAMPELAS NO. 4,DEPOK,ID-94,91746,+62-051-974-4561,Firma,TERDAFTAR,AKTIF,1,0,API-P,29898-API,,2026-02-27,AKTIF
882972361185,777951241798433,OSS-9821041,CV SETIAWAN TARIHORAN,SETIAWAN T,GANG PASTEUR NO. 341,PURWOKERTO,ID-97,02811,(075) 022 0992,Perum,PROSES,TIDAK AKTIF,0,0,,,,2026-02-25,AKTIF
785614855866,929138592043853,OSS-0960732,PERUM JAILANI TBK,PERUM JAIL,JALAN JEND. SUDIRMAN NO. 3,KOTA ADMINISTRASI JAKARTA BARAT,ID-71,32106,0880009017,Firma,PROSES,TIDAK AKTIF,0,1,,,NIPER-15035,2026-02-04,AKTIF
208977195118,988411332243798,OSS-1815061,PT WIJAYANTI SAPTONO,WIJAYANTI,GANG PHH. MUSTOFA NO. 14,BANJARMASIN,ID-70,88829,(002) 450-6100,Firma,DISAHKAN,TIDAK AKTIF,1,1,API-P,65323-API,NIPER-18814,2026-02-02,AKTIF
786845618680,360018009871759,OSS-0308475,PD SURYATMI WASITA,PD SURYATM,JL. MERDEKA NO. 3,KENDARI,ID-48,73892,+62 (0764) 991-6041,PT,PROSES,TIDAK AKTIF,0,0,,,,2026-02-08,AKTIF
754602734151,488814311150835,OSS-3544439,PERUM RAJATA ANGGRIAWAN,PERUM RAJA,GANG SURAPATI NO. 90,SUNGAI PENUH,ID-22,63337,+62-0898-775-1536,Perum,TERDAFTAR,DIBEKUKAN,0,1,,,NIPER-63778,2026-01-10,AKTIF
647071354631,221798836272431,OSS-5381504,UD SETIAWAN TBK,UD SETIAWA,GANG KIARACONDONG NO. 09,DENPASAR,ID-25,55103,088 034 7465,Perum,DISAHKAN,DIBEKUKAN,0,0,,,,2026-02-02,AKTIF
417700395325,274084261863336,OSS-6685561,UD FARIDA,UD FARIDA,JALAN RAYA UJUNGBERUNG NO. 33,PASURUAN,ID-31,92812,(085) 759-8867,PT,PROSES,TIDAK AKTIF,0,1,,,NIPER-55701,2026-02-21,AKTIF
815512344263,008282958130750,OSS-4073118,CV MAHESWARA RAJATA TBK (DUPLICATE),MAHESWARA,JALAN BANGKA RAYA NO. 09,TEGAL,ID-48,02373,0857802801,PT,PROSES,AKTIF,0,1,,,NIPER-28912,2026-02-27,AKTIF
837426840801,903124107227358,OSS-3237526,CV SIRAIT PRAKASA TBK,SIRAIT PRA,JL. CIHAMPELAS NO. 017,METRO,ID-88,11142,+62-78-952-6767,PT,TERDAFTAR,TIDAK AKTIF,0,0,,,,2026-01-13,AKTIF
148902503926,142939685621850,OSS-1631599,UD DABUKKE USADA TBK,UD DABUKKE,JALAN SETIABUDHI NO. 6,DENPASAR,ID-18,19431,+62 (042) 626 5511,PT,PROSES,AKTIF,0,0,,,,2026-01-26,AKTIF
024493012509,152907662929851,OSS-5450970,UD JAILANI,UD JAILANI,JL. SOEKARNO HATTA NO. 016,BAU-BAU,ID-31,27026,(097) 631 4408,CV,TERDAFTAR,TIDAK AKTIF,1,0,API-P,49963-API,,2026-01-08,AKTIF
692840790488,918355792023307,OSS-1941300,MAYASARI ASTUTI (PERSERO) TBK,MAYASARI A,GANG MOCH. TOHA NO. 412,SIBOLGA,ID-52,00330,+62 (032) 495-7036,CV,DISAHKAN,DIBEKUKAN,0,0,,,,2026-02-04,AKTIF
232168862490,692810188837772,OSS-9092925,PD SAPTONO (PERSERO) TBK,PD SAPTONO,JALAN JEND. SUDIRMAN NO. 17,PALANGKARAYA,ID-92,46993,+62-0308-807-6123,Firma,PROSES,TIDAK AKTIF,0,0,,,,2026-02-13,AKTIF
066679235649,676447310803365,OSS-7117060,PD MANGUNSONG MANSUR,PD MANGUNS,JL. M.H THAMRIN NO. 4,TEGAL,ID-89,25153,(0675) 572-2303,CV,DISAHKAN,TIDAK AKTIF,0,0,,,,2026-01-22,AKTIF
534802496689,923858552010154,OSS-4484792,PD SAPUTRA,PD SAPUTRA,JALAN M.H THAMRIN NO. 03,CIMAHI,ID-62,77599,+62-025-498-3910,PT,PROSES,TIDAK AKTIF,1,1,API-P,32041-API,NIPER-03728,2026-02-05,AKTIF
224387714717,987034884005628,OSS-0891652,PD HARYANTI,PD HARYANT,JALAN ABDUL MUIS NO. 329,PEMATANGSIANTAR,ID-43,49455,+62 (41) 072-4060,Perum,TERDAFTAR,DIBEKUKAN,0,1,,,NIPER-61125,2026-02-10,AKTIF
795605607377,118824205125322,OSS-0619417,PD JAILANI SUWARNO,PD JAILANI,JL. PETA NO. 209,BATAM,ID-17,28348,(035) 577-5437,Firma,TERDAFTAR,AKTIF,1,0,API-U,29541-API,,2026-01-29,AKTIF
197111708782,238554768476750,OSS-6344709,UD SALAHUDIN (PERSERO) TBK,UD SALAHUD,JALAN RONGGOWARSITO NO. 64,KOTAMOBAGU,ID-84,06192,+62-084-122-2038,PT,PROSES,AKTIF,0,0,,,,2026-02-03,AKTIF
634503842579,652607813287757,OSS-6921466,UD SITORUS,UD SITORUS,GANG SUNIARAJA NO. 36,MALANG,ID-73,86381,087 301 3860,CV,DISAHKAN,TIDAK AKTIF,1,0,API-U,37944-API,,2026-01-29,AKTIF
466234496227,876187057081091,OSS-3434296,UD PRABOWO KUSWOYO (PERSERO) TBK (DUPLICATE),UD PRABOWO,JALAN AHMAD DAHLAN NO. 164,BANJARBARU,ID-47,09098,(0869) 728 0995,CV,PROSES,AKTIF,1,0,API-U,78101-API,,2026-02-08,AKTIF
364930169452,967243470149279,OSS-1026974,PERUM SAFITRI DAMANIK,PERUM SAFI,JALAN PASTEUR NO. 36,GORONTALO,ID-13,44979,(097) 715-7606,CV,DISAHKAN,DIBEKUKAN,0,1,,,NIPER-70012,2026-02-10,AKTIF
674227004910,831869978313162,OSS-8816055,PD MARYADI NAMAGA,PD MARYADI,JL. DR. DJUNJUNAN NO. 9,SUNGAI PENUH,ID-48,87664,(051) 793 2630,PT,TERDAFTAR,TIDAK AKTIF,0,1,,,NIPER-80421,2026-01-23,AKTIF
786315354376,558547863227558,OSS-6314823,PD RAJATA (PERSERO) TBK,PD RAJATA,JALAN JAKARTA NO. 7,LUBUKLINGGAU,ID-74,31006,+62 (621) 203 5096,Perum,DISAHKAN,TIDAK AKTIF,0,1,,,NIPER-61668,2026-02-24,AKTIF
905403359811,899193168109191,OSS-0101118,UD MARYATI,UD MARYATI,GANG RAJAWALI BARAT NO. 609,MALANG,ID-65,08763,+62 (0974) 705 3320,Perum,PROSES,AKTIF,1,1,API-P,12214-API,NIPER-21860,2026-02-28,AKTIF
638534181847,114005265539074,OSS-4635348,PERUM SIRAIT (PERSERO) TBK,PERUM SIRA,GG. JEND. SUDIRMAN NO. 3,KOTA ADMINISTRASI JAKARTA PUSAT,ID-47,49990,+62 (111) 772 5878,CV,TERDAFTAR,TIDAK AKTIF,0,0,,,,2026-01-27,AKTIF
380442946491,205670436641469,OSS-3380971,UD SIMBOLON SUWARNO,UD SIMBOLO,GG. PETA NO. 1,KENDARI,ID-41,18593,+62 (410) 069-8583,Firma,DISAHKAN,DIBEKUKAN,1,1,API-P,79729-API,NIPER-06439,2026-01-14,AKTIF
613405829512,853621861923557,OSS-1081754,PERUM ANGGRAINI ANGGRAINI,PERUM ANGG,GG. JEND. A. YANI NO. 5,BATAM,ID-50,48165,(0601) 414 9345,Perum,TERDAFTAR,TIDAK AKTIF,1,1,API-P,31934-API,NIPER-57702,2026-01-26,AKTIF
379017805945,117372661680410,OSS-0911129,UD WIDODO SIHOTANG (PERSERO) TBK,UD WIDODO,GG. PELAJAR PEJUANG NO. 099,CIMAHI,ID-36,45132,+62 (80) 660-1303,Firma,DISAHKAN,DIBEKUKAN,0,0,,,,2026-01-08,AKTIF
496545900080,735015348429814,OSS-8978390,PERUM DABUKKE,PERUM DABU,GG. BKR NO. 902,TANGERANG,ID-73,33278,+62-91-191-4883,Perum,PROSES,TIDAK AKTIF,1,1,API-U,77356-API,NIPER-71949,2026-01-17,AKTIF
952970137124,365858564230412,OSS-0270615,PD PRADIPTA PUSPITA,PD PRADIPT,JALAN JEND. A. YANI NO. 9,PALEMBANG,ID-34,66906,+62-0224-815-5420,PT,DISAHKAN,TIDAK AKTIF,0,0,,,,2026-01-27,AKTIF
592123394188,464311019683809,OSS-1423743,CV NAINGGOLAN PRASASTA (DUPLICATE),NAINGGOLAN,JALAN PELAJAR PEJUANG NO. 21,MATARAM,ID-75,61747,(053) 388 0882,Firma,DISAHKAN,AKTIF,1,0,API-P,83103-API,,2026-02-05,AKTIF
433031983761,743581577845538,OSS-1994576,HUTAPEA,HUTAPEA,GANG JAKARTA NO. 501,PRABUMULIH,ID-51,39068,(024) 592-8473,CV,PROSES,AKTIF,0,1,,,NIPER-13446,2026-01-23,AKTIF
007182835253,548287148637516,OSS-2361194,WIBOWO PURNAWATI TBK (DUPLICATE),WIBOWO PUR,GG. RAYA SETIABUDHI NO. 277,CIMAHI,ID-38,59258,+62 (58) 827 9226,PT,PROSES,DIBEKUKAN,0,0,,,,2026-02-16,AKTIF
505357228920,641578097830280,OSS-1041945,UD HUTAGALUNG SURYATMI,UD HUTAGAL,JL. SURYAKENCANA NO. 47,PALU,ID-46,28021,088 930 6357,Firma,PROSES,DIBEKUKAN,1,1,API-U,80378-API,NIPER-91213,2026-02-06,AKTIF
673508220473,019249074882418,OSS-3356720,PT YULIARTI RAHMAWATI (PERSERO) TBK,YULIARTI R,GANG MERDEKA NO. 4,PANGKALPINANG,ID-76,20895,0809015174,Firma,TERDAFTAR,TIDAK AKTIF,0,1,,,NIPER-89862,2026-02-10,AKTIF
015374751904,503241393314050,OSS-3675265,CV MEGANTARA JANUAR,MEGANTARA,GG. LASWI NO. 03,CILEGON,ID-38,23899,(0701) 393-6677,PT,DISAHKAN,DIBEKUKAN,1,0,API-P,73954-API,,2026-02-25,AKTIF
947188806951,319142967307468,OSS-6386461,PD PUDJIASTUTI,PD PUDJIAS,GG. ERLANGGA NO. 4,PAREPARE,ID-68,55898,082 391 6270,Perum,TERDAFTAR,DIBEKUKAN,0,0,,,,2026-01-11,AKTIF
820327579538,425034395903181,OSS-9561226,CV WIDIASTUTI,WIDIASTUTI,JALAN RAWAMANGUN NO. 978,SALATIGA,ID-21,24713,+62 (053) 040 2765,Perum,DISAHKAN,AKTIF,1,1,API-U,42514-API,NIPER-23815,2026-02-08,AKTIF
811872333510,409614973153911,OSS-4983074,PT LESTARI PRATAMA,LESTARI PR,JALAN DIPATIUKUR NO. 9,SAMARINDA,ID-42,06557,0820190432,CV,PROSES,DIBEKUKAN,1,0,API-P,23023-API,,2026-01-09,AKTIF
722330604633,312797573660965,OSS-6999880,PD HASANAH (DUPLICATE),PD HASANAH,GG. CIHAMPELAS NO. 6,DEPOK,ID-49,76447,+62 (64) 908-2771,PT,PROSES,AKTIF,0,0,,,,2026-03-01,AKTIF
037174551249,635571395921132,OSS-5089680,PERMATA (DUPLICATE),PERMATA,JALAN SUKABUMI NO. 843,BENGKULU,ID-54,25443,+62 (012) 132 2374,PT,PROSES,AKTIF,0,1,,,NIPER-19427,2026-02-19,AKTIF
881392791970,746324687973187,OSS-6825119,PD WINARNO,PD WINARNO,GG. AHMAD DAHLAN NO. 44,PAGARALAM,ID-47,56573,+62-57-857-4275,CV,DISAHKAN,TIDAK AKTIF,0,0,,,,2026-02-26,AKTIF
905270259961,143583040775130,OSS-6109221,PERUM RAHMAWATI HASANAH TBK,PERUM RAHM,GG. GARDUJATI NO. 73,BANJAR,ID-59,31927,+62 (0312) 666-5602,Perum,DISAHKAN,DIBEKUKAN,1,1,API-U,33616-API,NIPER-55806,2026-01-08,AKTIF
494891852983,882015149777649,OSS-1361657,UD MANDALA MELANI (PERSERO) TBK,UD MANDALA,JALAN AHMAD YANI NO. 5,TARAKAN,ID-69,29484,+62 (0345) 776-6138,Perum,DISAHKAN,TIDAK AKTIF,1,1,API-P,86550-API,NIPER-09159,2026-02-05,AKTIF
834296735088,585497472260203,OSS-6696282,PD MULYANI (PERSERO) TBK,PD MULYANI,JL. SENTOT ALIBASA NO. 264,PANGKALPINANG,ID-97,69720,0892264452,Firma,TERDAFTAR,DIBEKUKAN,1,1,API-P,29322-API,NIPER-43522,2026-01-26,AKTIF
727394168730,212292257555215,OSS-9783855,PUSPITA TBK,PUSPITA TB,GANG CEMPAKA NO. 6,BATAM,ID-77,39393,081 380 2207,Perum,PROSES,DIBEKUKAN,0,1,,,NIPER-49320,2026-01-13,AKTIF
804652025457,151298371210739,OSS-0620010,PD SAMOSIR TBK,PD SAMOSIR,JALAN RAJIMAN NO. 35,PALOPO,ID-86,98132,+62 (018) 054-1090,PT,PROSES,DIBEKUKAN,0,1,,,NIPER-44360,2026-03-01,AKTIF
162562665781,657458028240210,OSS-1923702,PD PERTIWI WULANDARI (PERSERO) TBK,PD PERTIWI,GANG JEND. A. YANI NO. 52,TANJUNGBALAI,ID-77,65243,+62 (0356) 840-0658,PT,PROSES,TIDAK AKTIF,1,0,API-P,61584-API,,2026-01-21,AKTIF
642755075168,539682749505512,OSS-5092776,PERUM KURNIAWAN ARDIANTO (PERSERO) TBK,PERUM KURN,GG. JEND. SUDIRMAN NO. 08,KEDIRI,ID-55,49711,0863142042,Firma,PROSES,TIDAK AKTIF,0,1,,,NIPER-59894,2026-01-25,AKTIF
968389356603,939415824975745,OSS-9485700,PD MAHESWARA (DUPLICATE),PD MAHESWA,JALAN GEDEBAGE SELATAN NO. 745,PEMATANGSIANTAR,ID-48,65890,+62-014-201-0689,Perum,TERDAFTAR,DIBEKUKAN,1,0,API-P,15112-API,,2026-01-13,AKTIF
413008560454,477823741135796,OSS-7363739,UD SITUMORANG ZULAIKA,UD SITUMOR,GANG SURAPATI NO. 320,LHOKSEUMAWE,ID-74,04330,+62 (369) 220 0258,Firma,PROSES,DIBEKUKAN,0,0,,,,2026-02-15,AKTIF
789044220976,884819033171803,OSS-5164546,CV PRASETYO (PERSERO) TBK,PRASETYO (,JL. RAWAMANGUN NO. 3,BALIKPAPAN,ID-90,51173,+62 (377) 712 4920,PT,PROSES,DIBEKUKAN,0,0,,,,2026-01-22,AKTIF
509429429425,219705304901535,OSS-9447225,PD JANUAR,PD JANUAR,GANG RAWAMANGUN NO. 748,PALOPO,ID-64,75482,0856026286,CV,PROSES,AKTIF,1,1,API-P,76014-API,NIPER-06968,2026-01-19,AKTIF
256563373434,889190000242012,OSS-7760662,PERUM UWAIS TBK,PERUM UWAI,GANG GARDUJATI NO. 284,CIREBON,ID-98,72742,+62 (094) 047 8913,CV,DISAHKAN,TIDAK AKTIF,1,0,API-P,67161-API,,2026-01-11,AKTIF
167954283267,011678116786290,OSS-2515386,CV ASTUTI TBK,ASTUTI TBK,JL. JEND. A. YANI NO. 994,PARIAMAN,ID-31,30405,+62-198-410-5075,PT,PROSES,AKTIF,0,0,,,,2026-01-14,AKTIF
722767232329,075681881955774,OSS-4769619,PT AGUSTINA,AGUSTINA,JL. KENDALSARI NO. 8,TEBINGTINGGI,ID-87,92450,+62-49-687-0893,Firma,DISAHKAN,DIBEKUKAN,1,0,API-U,61622-API,,2026-02-18,AKTIF
968130389314,683128204709175,OSS-1124456,PERUM ZULKARNAIN (PERSERO) TBK,PERUM ZULK,JALAN OTTO ISKANDARDINATA NO. 612,SIBOLGA,ID-12,17235,+62 (0143) 121-3629,PT,TERDAFTAR,AKTIF,0,1,,,NIPER-79157,2026-02-03,AKTIF
359546723110,382238777315672,OSS-0996828,PT DAMANIK SAPTONO TBK,DAMANIK SA,GG. GARDUJATI NO. 3,DUMAI,ID-59,83356,+62 (595) 582 1674,Firma,PROSES,DIBEKUKAN,1,1,API-U,53310-API,NIPER-39079,2026-01-04,AKTIF
169435328617,805813805732136,OSS-7886455,CV WASITA (PERSERO) TBK,WASITA (PE,JL. CEMPAKA NO. 557,MATARAM,ID-31,95086,0874412359,CV,DISAHKAN,DIBEKUKAN,1,1,API-U,98962-API,NIPER-58692,2026-02-20,AKTIF
032970466330,456172431157508,OSS-0401512,PERUM SAMOSIR,PERUM SAMO,JL. OTTO ISKANDARDINATA NO. 15,LHOKSEUMAWE,ID-68,67693,+62 (007) 511 6063,CV,DISAHKAN,DIBEKUKAN,0,0,,,,2026-02-12,AKTIF
715593307011,574755309181038,OSS-3503780,UD SAFITRI ZULAIKA (PERSERO) TBK,UD SAFITRI,JL. W.R. SUPRATMAN NO. 46,BATU,ID-56,98177,+62 (006) 877-7881,Firma,DISAHKAN,TIDAK AKTIF,1,0,API-U,24990-API,,2026-01-17,AKTIF
048611367864,529158588239859,OSS-4404745,PT PRASASTA HUTAPEA,PRASASTA H,GANG ANTAPANI LAMA NO. 83,MATARAM,ID-49,82691,+62-145-046-2895,PT,TERDAFTAR,TIDAK AKTIF,0,0,,,,2026-02-13,AKTIF
954358017328,986404426514238,OSS-5586869,UD USAMAH (PERSERO) TBK,UD USAMAH,GG. SUKAJADI NO. 349,KOTAMOBAGU,ID-96,34968,0853797612,Perum,DISAHKAN,AKTIF,1,1,API-P,39192-API,NIPER-66048,2026-02-04,AKTIF
029017698307,912704113111898,OSS-1613390,UD HALIMAH HALIM TBK,UD HALIMAH,GANG RUNGKUT INDUSTRI NO. 4,PADANGPANJANG,ID-80,97376,(0406) 370-1408,CV,TERDAFTAR,TIDAK AKTIF,0,1,,,NIPER-68077,2026-01-19,AKTIF
222514088180,297857421592017,OSS-5647642,UD GUNARTO TBK,UD GUNARTO,GANG CIHAMPELAS NO. 058,PARIAMAN,ID-18,58094,+62 (085) 617-0186,CV,TERDAFTAR,TIDAK AKTIF,0,1,,,NIPER-65067,2026-01-16,AKTIF
345418299126,994520641910616,OSS-6910082,UD MANSUR MAHESWARA,UD MANSUR,GG. S. PARMAN NO. 217,SUBULUSSALAM,ID-50,26996,+62 (08) 347 9100,Perum,TERDAFTAR,DIBEKUKAN,1,1,API-P,59325-API,NIPER-72287,2026-02-19,AKTIF
978545550415,879048060679244,OSS-9392318,PT SITOMPUL RAHIMAH (DUPLICATE),SITOMPUL R,GANG R.E MARTADINATA NO. 4,PEKALONGAN,ID-77,09434,(0479) 797-8268,Perum,PROSES,AKTIF,0,1,,,NIPER-62458,2026-01-12,AKTIF
208993120015,334225492228956,OSS-8207755,CV SANTOSO MANDALA (PERSERO) TBK (DUPLICATE),SANTOSO MA,JALAN RAWAMANGUN NO. 17,PAREPARE,ID-40,92015,+62 (0957) 211-8143,PT,TERDAFTAR,DIBEKUKAN,1,1,API-U,04631-API,NIPER-78836,2026-01-07,AKTIF
702651716020,077518465323603,OSS-2629785,PERUM PRANOWO SUARTINI (PERSERO) TBK,PERUM PRAN,GG. LEMBONG NO. 81,KOTA ADMINISTRASI JAKARTA PUSAT,ID-31,48561,+62 (315) 788-6849,PT,TERDAFTAR,AKTIF,0,1,,,NIPER-13306,2026-01-26,AKTIF
045089746802,236844852324153,OSS-3558877,PT RIYANTI (PERSERO) TBK,RIYANTI (P,GG. AHMAD YANI NO. 9,PALANGKARAYA,ID-28,56238,0870111741,PT,TERDAFTAR,AKTIF,1,1,API-P,18121-API,NIPER-45571,2026-02-28,AKTIF
581016782229,737367436651225,OSS-0668445,CV WIJAYANTI RAJASA TBK,WIJAYANTI,JL. KIARACONDONG NO. 6,BITUNG,ID-77,01836,(066) 096 8390,Perum,TERDAFTAR,DIBEKUKAN,1,1,API-P,14706-API,NIPER-88390,2026-01-09,AKTIF
634292421959,730912185273411,OSS-4613315,UD NAPITUPULU (PERSERO) TBK (DUPLICATE),UD NAPITUP,JALAN BKR NO. 044,PALOPO,ID-27,81109,(059) 845-5766,PT,TERDAFTAR,AKTIF,0,0,,,,2026-01-11,AKTIF
172410589967,512501220255079,OSS-7961481,PT PERMADI (PERSERO) TBK,PERMADI (P,GANG ABDUL MUIS NO. 38,TEBINGTINGGI,ID-35,66454,+62 (0596) 167-6061,PT,PROSES,DIBEKUKAN,1,0,API-P,60307-API,,2026-01-25,AKTIF
232041459102,748975243616966,OSS-2890696,PRASASTA DONGORAN,PRASASTA D,JALAN CIHAMPELAS NO. 9,CILEGON,ID-56,30172,+62-739-434-2120,Firma,DISAHKAN,TIDAK AKTIF,1,1,API-P,62552-API,NIPER-80182,2026-02-27,AKTIF
985158328182,688615335554398,OSS-7801573,ZULAIKA SINAGA,ZULAIKA SI,GG. PASIR KOJA NO. 4,PEMATANGSIANTAR,ID-40,88770,+62 (0358) 112-8801,Firma,TERDAFTAR,AKTIF,1,0,API-U,33613-API,,2026-01-02,AKTIF
792809078899,904227164075160,OSS-0517929,PD WIJAYA NASYIAH TBK,PD WIJAYA,JL. R.E MARTADINATA NO. 4,LUBUKLINGGAU,ID-10,05786,+62 (0197) 011 8341,CV,PROSES,AKTIF,0,0,,,,2026-01-30,AKTIF
198154393398,697610492046395,OSS-4397690,PERUM UTAMI HUTAGALUNG TBK,PERUM UTAM,JL. KUTAI NO. 28,JAYAPURA,ID-83,53196,+62 (21) 632 4849,PT,PROSES,DIBEKUKAN,1,0,API-P,44424-API,,2026-01-28,AKTIF
825791510661,158387837126706,OSS-4927577,PT RAJASA TBK,RAJASA TBK,JL. JAYAWIJAYA NO. 463,BLITAR,ID-25,90918,+62-08-612-5445,CV,PROSES,TIDAK AKTIF,0,1,,,NIPER-03783,2026-01-06,AKTIF
473214618903,045028043288297,OSS-4575285,SIREGAR SIMANJUNTAK (PERSERO) TBK,SIREGAR SI,GG. CIWASTRA NO. 828,BINJAI,ID-51,38177,+62-155-100-0186,CV,PROSES,AKTIF,1,1,API-P,56566-API,NIPER-42860,2026-02-08,AKTIF
275646140466,045514815496103,OSS-6977682,PERUM PERMATA THAMRIN TBK (DUPLICATE),PERUM PERM,JL. AHMAD DAHLAN NO. 13,BATAM,ID-12,43638,+62 (649) 316-3707,PT,TERDAFTAR,TIDAK AKTIF,0,0,,,,2026-02-24,AKTIF
219842469121,506500900157121,OSS-3748472,HUTASOIT WASITA,HUTASOIT W,GANG PASTEUR NO. 28,AMBON,ID-76,54294,+62-020-253-8333,CV,TERDAFTAR,TIDAK AKTIF,1,1,API-U,24106-API,NIPER-59812,2026-02-14,AKTIF
371650942315,963781319151813,OSS-6900479,UD ASTUTI,UD ASTUTI,JL. ANTAPANI LAMA NO. 00,BENGKULU,ID-34,94278,+62 (019) 268 9009,Firma,DISAHKAN,AKTIF,1,0,API-U,86068-API,,2026-02-19,AKTIF
500456166487,343249238892500,OSS-0046367,UD SIRAIT,UD SIRAIT,JALAN JAMIKA NO. 677,MATARAM,ID-26,41626,+62 (22) 553 9831,Firma,TERDAFTAR,AKTIF,0,0,,,,2026-01-20,AKTIF
931125738536,061545820810879,OSS-6159490,UD MUSTOFA ADRIANSYAH TBK,UD MUSTOFA,GANG MOCH. RAMDAN NO. 0,SINGKAWANG,ID-86,14014,082 454 3064,PT,DISAHKAN,DIBEKUKAN,1,1,API-P,15214-API,NIPER-63823,2026-01-03,AKTIF
312060539543,284512993878843,OSS-1074914,PD SETIAWAN NUGROHO TBK,PD SETIAWA,JL. INDRAGIRI NO. 018,BANJARMASIN,ID-43,98329,+62 (40) 116 2801,Firma,DISAHKAN,AKTIF,0,1,,,NIPER-68073,2026-02-19,AKTIF
856366673139,628633897547011,OSS-2143593,PERUM RAJATA MARPAUNG,PERUM RAJA,JL. JAYAWIJAYA NO. 1,PADANGPANJANG,ID-24,96040,+62 (87) 447-7064,PT,PROSES,DIBEKUKAN,0,0,,,,2026-02-23,AKTIF
609939475859,893443280194094,OSS-5177901,SITUMORANG SURYONO TBK,SITUMORANG,GG. PACUAN KUDA NO. 6,KENDARI,ID-17,07682,(037) 406-8596,PT,DISAHKAN,TIDAK AKTIF,1,0,API-U,46521-API,,2026-03-02,AKTIF
767927546658,732258301402027,OSS-1985264,PD SIHOTANG (PERSERO) TBK,PD SIHOTAN,JALAN CIKUTRA BARAT NO. 9,MAGELANG,ID-31,13835,+62-14-833-9023,Firma,PROSES,AKTIF,1,1,API-P,41088-API,NIPER-73269,2026-01-29,AKTIF
418923411196,299284250876397,OSS-1910338,PERUM BUDIMAN MANDASARI,PERUM BUDI,GG. CIWASTRA NO. 245,SAWAHLUNTO,ID-71,73931,(097) 462-7988,PT,DISAHKAN,AKTIF,0,0,,,,2026-01-31,AKTIF
524236129226,769577981955377,OSS-5398245,PERUM SIMANJUNTAK (PERSERO) TBK,PERUM SIMA,JALAN HOS. COKROAMINOTO NO. 503,PANGKALPINANG,ID-43,47333,+62 (0282) 400 6127,Perum,DISAHKAN,AKTIF,0,0,,,,2026-01-18,AKTIF
240618694605,692745056958261,OSS-6913438,CV SIRAIT,SIRAIT,GG. SUNIARAJA NO. 197,PAREPARE,ID-96,04404,+62 (41) 426 5626,PT,TERDAFTAR,TIDAK AKTIF,0,1,,,NIPER-16046,2026-01-25,AKTIF
606224007319,397948979187626,OSS-7486937,UD HABIBI (DUPLICATE),UD HABIBI,GG. HOS. COKROAMINOTO NO. 2,SIBOLGA,ID-42,17139,089 577 4027,Firma,PROSES,AKTIF,1,1,API-P,19272-API,NIPER-39105,2026-02-12,AKTIF
365654168144,061557753801571,OSS-8521981,CV PERTIWI,PERTIWI,GANG RAYA UJUNGBERUNG NO. 452,PADANG SIDEMPUAN,ID-27,64653,+62 (040) 074 8620,PT,TERDAFTAR,DIBEKUKAN,0,1,,,NIPER-51461,2026-02-01,AKTIF
350495364035,270320361362639,OSS-8384248,CV HALIM,HALIM,GANG DIPATIUKUR NO. 526,CILEGON,ID-82,08500,+62-091-976-5794,Perum,PROSES,TIDAK AKTIF,0,1,,,NIPER-10503,2026-02-25,AKTIF
398906711270,746118640719273,OSS-8434846,PT HASANAH,HASANAH,JALAN ASTANA ANYAR NO. 011,BAU-BAU,ID-14,94005,+62 (15) 814 0141,Firma,TERDAFTAR,DIBEKUKAN,0,1,,,NIPER-14577,2026-03-01,AKTIF
851173671084,258787419699913,OSS-5223027,PERUM MARBUN SALAHUDIN (PERSERO) TBK,PERUM MARB,GG. JOYOBOYO NO. 62,PAGARALAM,ID-15,25223,(038) 073-1929,CV,DISAHKAN,DIBEKUKAN,0,1,,,NIPER-44849,2026-02-19,AKTIF
285545284588,400358850972098,OSS-3775574,PD FIRGANTORO UTAMA (PERSERO) TBK,PD FIRGANT,JL. MOCH. RAMDAN NO. 928,BONTANG,ID-53,45847,+62 (01) 047-8085,Firma,DISAHKAN,AKTIF,1,1,API-P,64405-API,NIPER-92223,2026-02-24,AKTIF
843968229833,691957178300305,OSS-6441589,PERUM PRASTUTI LAKSITA TBK,PERUM PRAS,GANG H.J MAEMUNAH NO. 3,TOMOHON,ID-13,83902,+62 (057) 320 8361,CV,PROSES,TIDAK AKTIF,1,1,API-P,62287-API,NIPER-94731,2026-01-16,AKTIF
004729260320,428530406541394,OSS-9775016,PERUM PUSPITA NURDIYANTI,PERUM PUSP,JALAN RUNGKUT INDUSTRI NO. 9,PALANGKARAYA,ID-20,79691,+62-0050-972-8203,Perum,DISAHKAN,DIBEKUKAN,0,0,,,,2026-02-07,AKTIF
617984489983,587448531241759,OSS-1648970,PD SIHOMBING (PERSERO) TBK,PD SIHOMBI,GG. KUTAI NO. 337,SALATIGA,ID-11,72621,(031) 577 6157,CV,TERDAFTAR,DIBEKUKAN,0,1,,,NIPER-43551,2026-02-15,AKTIF
420117310109,104600520495668,OSS-6510389,CV HALIMAH (PERSERO) TBK,HALIMAH (P,JALAN JOYOBOYO NO. 902,JAMBI,ID-53,44888,+62-76-965-7765,CV,DISAHKAN,DIBEKUKAN,1,0,API-U,43959-API,,2026-02-20,AKTIF
210830832091,431938415311892,OSS-3073139,CV PURNAWATI NAMAGA TBK,PURNAWATI,GANG CIUMBULEUIT NO. 042,PEKALONGAN,ID-48,68090,+62-77-964-2770,PT,TERDAFTAR,DIBEKUKAN,1,0,API-P,97852-API,,2026-02-20,AKTIF
059440742846,844515433813216,OSS-7310503,PD PRABOWO USAMAH TBK,PD PRABOWO,GANG CIWASTRA NO. 507,KOTA ADMINISTRASI JAKARTA BARAT,ID-54,72503,+62 (97) 087-1237,CV,DISAHKAN,AKTIF,1,1,API-U,67682-API,NIPER-53066,2026-01-21,AKTIF
693243483021,943065564612670,OSS-8404231,PD MUSTOFA KUSUMO (PERSERO) TBK,PD MUSTOFA,GG. MEDOKAN AYU NO. 78,BLITAR,ID-31,17789,+62 (321) 339-1338,CV,PROSES,DIBEKUKAN,1,1,API-U,10863-API,NIPER-17535,2026-01-30,AKTIF
815512344263,008282958130750,OSS-4073118,CV MAHESWARA RAJATA TBK,MAHESWARA,JALAN BANGKA RAYA NO. 09,TEGAL,ID-48,02373,0857802801,PT,PROSES,AKTIF,0,1,,,NIPER-28912,2026-02-27,AKTIF
811872333510,409614973153911,OSS-4983074,LESTARI PRATAMA (DUPLICATE),LESTARI PR,JALAN DIPATIUKUR NO. 9,SAMARINDA,ID-42,06557,0820190432,CV,PROSES,DIBEKUKAN,1,0,API-P,23023-API,,2026-01-09,AKTIF
007180824993,783447281024310,OSS-8684145,PD PRADIPTA,PD PRADIPT,JL. KEBONJATI NO. 80,SURAKARTA,ID-56,36890,+62 (28) 455 9520,CV,TERDAFTAR,AKTIF,0,0,,,,2026-01-20,AKTIF
367235317213,110770139101342,OSS-4846023,UD SIMANJUNTAK MARPAUNG,UD SIMANJU,GG. STASIUN WONOKROMO NO. 90,MAGELANG,ID-80,55379,+62 (0896) 993-0568,Perum,PROSES,TIDAK AKTIF,1,1,API-P,82168-API,NIPER-08146,2026-02-20,AKTIF
914976062046,517723270435767,OSS-7081456,PERUM HALIMAH NASHIRUDDIN,PERUM HALI,GANG DR. DJUNJUNAN NO. 181,SUKABUMI,ID-75,86547,+62-0729-075-4298,Firma,PROSES,AKTIF,0,1,,,NIPER-60683,2026-02-02,AKTIF
967570571715,918333356255013,OSS-5841034,PRADIPTA,PRADIPTA,JL. ASTANA ANYAR NO. 2,BANDUNG,ID-47,73822,(006) 868-6630,Perum,TERDAFTAR,TIDAK AKTIF,0,0,,,,2026-01-01,AKTIF
532083168163,603891736907894,OSS-7672000,CV HUTAPEA TBK,HUTAPEA TB,GG. ANTAPANI LAMA NO. 16,KOTA ADMINISTRASI JAKARTA TIMUR,ID-13,08951,+62 (37) 085-1191,Firma,DISAHKAN,TIDAK AKTIF,1,0,API-U,94454-API,,2026-01-17,AKTIF
166149871082,968292459094721,OSS-5563252,PERUM MARDHIYAH TBK,PERUM MARD,JL. KAPTEN MUSLIHAT NO. 02,PEKALONGAN,ID-43,40490,0873133125,CV,PROSES,TIDAK AKTIF,1,0,API-U,68096-API,,2026-01-31,AKTIF
774636268181,735112250332606,OSS-7083725,ARDIANTO SIMBOLON TBK,ARDIANTO S,JALAN LASWI NO. 87,BUKITTINGGI,ID-61,15093,(0729) 202-0570,CV,TERDAFTAR,AKTIF,0,1,,,NIPER-81940,2026-01-31,AKTIF
928279307504,757097414174501,OSS-1595931,PD HIDAYANTO TBK,PD HIDAYAN,GG. PASTEUR NO. 78,PURWOKERTO,ID-20,43976,+62 (10) 897-4854,Perum,PROSES,DIBEKUKAN,0,1,,,NIPER-20848,2026-02-19,AKTIF
621922556752,246759399655981,OSS-5331808,PD PRADANA,PD PRADANA,GANG AHMAD YANI NO. 408,TIDORE KEPULAUAN,ID-39,40756,+62-947-568-3894,Perum,DISAHKAN,DIBEKUKAN,1,1,API-P,59738-API,NIPER-41490,2026-02-25,AKTIF
007952886141,526443605114450,OSS-9427480,UD GUNARTO (PERSERO) TBK,UD GUNARTO,GG. BANGKA RAYA NO. 714,PADANG,ID-65,02174,+62 (50) 481 3394,Perum,DISAHKAN,AKTIF,1,1,API-P,63530-API,NIPER-50569,2026-02-20,AKTIF
173361239338,189454975152385,OSS-8972506,PRASETYO MEGANTARA (PERSERO) TBK,PRASETYO M,JALAN INDRAGIRI NO. 313,MOJOKERTO,ID-65,43901,+62 (339) 583 3265,Firma,PROSES,DIBEKUKAN,0,1,,,NIPER-09012,2026-02-21,AKTIF
368545129772,483037597553412,OSS-1329140,PD NATSIR NATSIR,PD NATSIR,GANG RAWAMANGUN NO. 565,MALANG,ID-88,46932,089 828 1368,CV,DISAHKAN,DIBEKUKAN,0,0,,,,2026-01-31,AKTIF
803333723780,260992348154874,OSS-3903794,PD JANUAR WIBOWO,PD JANUAR,GG. IR. H. DJUANDA NO. 9,BANDUNG,ID-71,12253,+62 (0385) 497 0425,Firma,PROSES,DIBEKUKAN,0,1,,,NIPER-35456,2026-02-05,AKTIF
814843723287,495439030464574,OSS-7054951,PD PRASTUTI WASTUTI,PD PRASTUT,GG. BANGKA RAYA NO. 6,TERNATE,ID-12,44843,085 915 0718,Firma,TERDAFTAR,DIBEKUKAN,1,1,API-U,93948-API,NIPER-43181,2026-02-05,AKTIF
190293264614,159211802388879,OSS-4221851,MANGUNSONG MAHESWARA,MANGUNSONG,GG. BANGKA RAYA NO. 4,PEKANBARU,ID-12,29312,+62 (002) 920 8260,Firma,TERDAFTAR,DIBEKUKAN,1,1,API-U,80805-API,NIPER-70520,2026-02-27,AKTIF
245861547998,441851996832762,OSS-8908237,PT WAHYUDIN,WAHYUDIN,JL. KIARACONDONG NO. 980,PALOPO,ID-13,27224,+62-758-116-2596,PT,DISAHKAN,DIBEKUKAN,1,0,API-P,97185-API,,2026-01-30,AKTIF
775103537437,994169780151598,OSS-4769652,CV WIJAYA PRASETYO,WIJAYA PRA,JL. SENTOT ALIBASA NO. 75,BATU,ID-96,88254,(036) 138-6823,CV,TERDAFTAR,AKTIF,1,0,API-U,97722-API,,2026-01-11,AKTIF
116496656785,971766152676992,OSS-3861243,CV WULANDARI,WULANDARI,JL. SUKABUMI NO. 05,BATU,ID-76,63928,+62 (770) 788-0460,CV,DISAHKAN,AKTIF,0,0,,,,2026-01-02,AKTIF
908193263069,937155585881356,OSS-0205093,PERUM HUTAPEA (DUPLICATE),PERUM HUTA,JL. SETIABUDHI NO. 37,SUKABUMI,ID-58,79821,+62 (42) 920 4653,Firma,TERDAFTAR,TIDAK AKTIF,0,0,,,,2026-02-13,AKTIF
666770154079,531782800298655,OSS-4074052,CV WIJAYANTI YUNIAR (PERSERO) TBK,WIJAYANTI,JL. RUNGKUT INDUSTRI NO. 918,KEDIRI,ID-76,12113,086 164 1938,PT,PROSES,AKTIF,0,1,,,NIPER-29530,2026-02-03,AKTIF
764871775461,992406583872725,OSS-8122590,PD WIJAYA TBK,PD WIJAYA,JL. RAJIMAN NO. 379,DENPASAR,ID-27,21101,087 803 5869,Firma,TERDAFTAR,DIBEKUKAN,0,0,,,,2026-02-06,AKTIF
377683268862,194611065082572,OSS-6967745,UD WULANDARI MAYASARI TBK,UD WULANDA,JL. SENTOT ALIBASA NO. 34,PALEMBANG,ID-91,23369,(0174) 503 3571,Firma,PROSES,AKTIF,0,0,,,,2026-02-23,AKTIF
671827391446,443437950492386,OSS-2167603,UD PANGESTU (PERSERO) TBK,UD PANGEST,GANG PASIRKOJA NO. 78,SUBULUSSALAM,ID-11,35959,+62 (047) 097 6433,CV,TERDAFTAR,AKTIF,1,1,API-P,48032-API,NIPER-94050,2026-01-24,AKTIF
052869517018,422799691215648,OSS-9200083,PD WASITA TBK,PD WASITA,JL. PACUAN KUDA NO. 319,TIDORE KEPULAUAN,ID-89,27181,(0179) 107-4756,CV,TERDAFTAR,TIDAK AKTIF,0,0,,,,2026-02-15,AKTIF
923267785434,628608029518258,OSS-5743038,PERUM ANDRIANI LAKSMIWATI (PERSERO) TBK,PERUM ANDR,GANG ASTANA ANYAR NO. 1,SIBOLGA,ID-31,64086,+62 (977) 905 0008,Perum,TERDAFTAR,DIBEKUKAN,0,0,,,,2026-01-28,AKTIF
148320296978,426090620133577,OSS-5016493,PERUM PERMADI PERMATA (PERSERO) TBK,PERUM PERM,JALAN KIARACONDONG NO. 30,PROBOLINGGO,ID-49,31280,(0271) 683 5029,Firma,DISAHKAN,AKTIF,0,1,,,NIPER-97167,2026-02-06,AKTIF
790366663694,728132659845033,OSS-7902940,PD TARIHORAN PRATAMA,PD TARIHOR,JL. KAPTEN MUSLIHAT NO. 245,TANJUNGBALAI,ID-38,56719,+62 (030) 568 7807,Perum,DISAHKAN,TIDAK AKTIF,1,0,API-U,12652-API,,2026-02-13,AKTIF
415203882926,571621304404887,OSS-4696105,CV PRASASTA (DUPLICATE),PRASASTA,GANG WARINGIN NO. 705,PEMATANGSIANTAR,ID-32,55205,+62 (0837) 469 0647,PT,PROSES,AKTIF,1,0,API-U,64059-API,,2026-02-16,AKTIF
086838585129,906500159589288,OSS-6609562,PERUM MARYATI (PERSERO) TBK,PERUM MARY,GANG VETERAN NO. 37,KOTAMOBAGU,ID-11,80580,+62-766-507-8343,CV,TERDAFTAR,DIBEKUKAN,1,0,API-P,48383-API,,2026-01-13,AKTIF
477092071152,380236219215818,OSS-9705916,PT MARDHIYAH,MARDHIYAH,GG. RUMAH SAKIT NO. 8,TEGAL,ID-91,97721,(088) 005 3789,Firma,DISAHKAN,DIBEKUKAN,1,0,API-U,31869-API,,2026-01-15,AKTIF
637472917311,097542472999107,OSS-0365091,PERUM PERMATA,PERUM PERM,GG. ANTAPANI LAMA NO. 154,DEPOK,ID-87,97557,+62 (0807) 258 8644,Firma,PROSES,TIDAK AKTIF,0,0,,,,2026-02-03,AKTIF
245332262129,101106964774582,OSS-3668821,PD JAILANI TBK,PD JAILANI,JALAN JEND. SUDIRMAN NO. 80,TANJUNGBALAI,ID-29,95630,+62-077-461-5213,Perum,PROSES,DIBEKUKAN,1,1,API-P,66384-API,NIPER-71658,2026-02-06,AKTIF
283103193981,035741231577073,OSS-3019287,PERUM HIDAYANTO PRAYOGA,PERUM HIDA,JL. DIPATIUKUR NO. 30,TERNATE,ID-41,86309,+62-0645-885-6934,Perum,TERDAFTAR,AKTIF,1,1,API-P,40788-API,NIPER-58618,2026-01-21,AKTIF
562221905334,704747648455939,OSS-6521383,LESTARI (PERSERO) TBK (DUPLICATE),LESTARI (P,GANG SENTOT ALIBASA NO. 129,AMBON,ID-11,62211,(0327) 726-4883,CV,TERDAFTAR,DIBEKUKAN,1,1,API-U,95855-API,NIPER-85229,2026-02-17,AKTIF
471492592994,805587797764947,OSS-2294141,PD RAJASA RAHAYU (PERSERO) TBK,PD RAJASA,JL. AHMAD YANI NO. 1,BANDA ACEH,ID-88,21025,+62-000-912-3851,Perum,TERDAFTAR,DIBEKUKAN,0,0,,,,2026-02-18,AKTIF
641392007199,669708216016456,OSS-6800687,PT SIRAIT WINARNO (PERSERO) TBK,SIRAIT WIN,JL. RAJAWALI BARAT NO. 64,YOGYAKARTA,ID-14,21712,(020) 992-3984,PT,DISAHKAN,TIDAK AKTIF,1,1,API-P,17077-API,NIPER-13490,2026-01-01,AKTIF
988022621915,746605785190079,OSS-8102826,CV DONGORAN SAEFULLAH,DONGORAN S,JL. MERDEKA NO. 3,SOLOK,ID-29,68885,0863412802,CV,DISAHKAN,TIDAK AKTIF,0,0,,,,2026-01-16,AKTIF
575650880236,244658402812216,OSS-3409926,PD PERMATA ANGGRAINI,PD PERMATA,GANG YOS SUDARSO NO. 82,BANDUNG,ID-46,39530,+62-010-785-6244,PT,DISAHKAN,AKTIF,0,1,,,NIPER-35171,2026-01-15,AKTIF
967309240741,359665339036385,OSS-7433919,PERUM BUDIYANTO (PERSERO) TBK,PERUM BUDI,JALAN SUNIARAJA NO. 675,BEKASI,ID-50,68314,(050) 039 4558,Firma,DISAHKAN,DIBEKUKAN,1,0,API-U,46420-API,,2026-01-02,AKTIF
791622195846,418594847885557,OSS-7441571,CV MARDHIYAH SARAGIH,MARDHIYAH,JL. KH AMIN JASUTA NO. 853,YOGYAKARTA,ID-95,95751,+62-949-699-4229,Perum,DISAHKAN,DIBEKUKAN,1,1,API-U,38041-API,NIPER-32431,2026-01-14,AKTIF
184063929465,132710049912643,OSS-8470981,TARIHORAN HARDIANSYAH,TARIHORAN,JALAN MOCH. TOHA NO. 2,MOJOKERTO,ID-36,59328,(057) 119-2491,CV,PROSES,TIDAK AKTIF,1,0,API-P,28300-API,,2026-01-27,AKTIF
106656024923,238337389647466,OSS-2279975,PD MAHESWARA SIHOTANG,PD MAHESWA,GG. M.H THAMRIN NO. 171,BINJAI,ID-73,14241,+62 (48) 454-6731,CV,TERDAFTAR,DIBEKUKAN,0,0,,,,2026-01-16,AKTIF
676485733852,559286673239472,OSS-2438602,UD PRAYOGA SUSANTI TBK,UD PRAYOGA,JL. HOS. COKROAMINOTO NO. 5,PAGARALAM,ID-25,24757,+62 (12) 186-1995,CV,PROSES,TIDAK AKTIF,1,1,API-U,27180-API,NIPER-37591,2026-02-06,AKTIF
695293821062,868521007359013,OSS-2570441,PERUM MEGANTARA (PERSERO) TBK,PERUM MEGA,JL. K.H. WAHID HASYIM NO. 95,MADIUN,ID-68,39397,+62 (0260) 855 0262,PT,DISAHKAN,AKTIF,0,0,,,,2026-02-28,AKTIF
162696967278,332263731968243,OSS-6981200,PD PUSPITA SUSANTI TBK,PD PUSPITA,GANG GEDEBAGE SELATAN NO. 69,SUBULUSSALAM,ID-61,70129,0839454164,PT,PROSES,AKTIF,0,1,,,NIPER-60715,2026-01-05,AKTIF
950675511917,918148899135407,OSS-9142458,PERUM FIRMANSYAH (PERSERO) TBK,PERUM FIRM,GG. JEND. SUDIRMAN NO. 129,MALANG,ID-26,39693,+62 (529) 342-7401,PT,TERDAFTAR,AKTIF,0,0,,,,2026-02-06,AKTIF
388022278692,292300319102654,OSS-2146761,UD KUSWANDARI MAULANA TBK (DUPLICATE),UD KUSWAND,GG. JEND. SUDIRMAN NO. 40,PEKALONGAN,ID-44,91742,+62-75-256-3638,PT,DISAHKAN,DIBEKUKAN,0,0,,,,2026-01-26,AKTIF
714914957796,463669291843030,OSS-2084290,UD FIRGANTORO,UD FIRGANT,GANG SOEKARNO HATTA NO. 2,KOTAMOBAGU,ID-50,61660,+62 (454) 744 8785,Firma,TERDAFTAR,DIBEKUKAN,0,1,,,NIPER-23664,2026-01-18,AKTIF
449706346399,818290905829173,OSS-1436503,SUWARNO TBK,SUWARNO TB,JALAN S. PARMAN NO. 6,MAKASSAR,ID-67,80737,+62 (476) 038 3045,PT,DISAHKAN,DIBEKUKAN,1,0,API-P,66533-API,,2026-02-26,AKTIF
731308769500,664477706478161,OSS-9564145,MANDASARI,MANDASARI,JL. R.E MARTADINATA NO. 29,TANJUNGBALAI,ID-84,98788,+62 (040) 332 8976,Perum,PROSES,DIBEKUKAN,0,1,,,NIPER-02992,2026-02-08,AKTIF
008236962690,222097550617906,OSS-7015120,CV PADMASARI,PADMASARI,GANG KENDALSARI NO. 769,CILEGON,ID-59,62183,+62-0391-929-6921,Perum,PROSES,TIDAK AKTIF,0,0,,,,2026-02-24,AKTIF
765007449142,234719057417932,OSS-1544098,UD KUSUMO MULYANI (PERSERO) TBK,UD KUSUMO,JL. SADANG SERANG NO. 698,KOTAMOBAGU,ID-53,10695,(025) 146 5892,CV,PROSES,DIBEKUKAN,1,0,API-P,69631-API,,2026-01-13,AKTIF
273480400064,442388870952507,OSS-5362307,PT MAULANA (DUPLICATE),MAULANA,JL. PASTEUR NO. 1,CILEGON,ID-24,68952,0896405528,CV,TERDAFTAR,DIBEKUKAN,1,0,API-P,09342-API,,2026-01-25,AKTIF
499363196275,644390951956630,OSS-0636210,WIBISONO TBK,WIBISONO T,GANG H.J MAEMUNAH NO. 481,GORONTALO,ID-88,37396,+62 (272) 959-8677,Firma,PROSES,TIDAK AKTIF,1,1,API-U,70554-API,NIPER-89907,2026-01-27,AKTIF
917763342720,388621750801963,OSS-0453069,UD PALASTRI MARDHIYAH,UD PALASTR,JALAN RUMAH SAKIT NO. 400,PEKANBARU,ID-93,67784,081 652 4445,CV,DISAHKAN,TIDAK AKTIF,1,1,API-P,44608-API,NIPER-38517,2026-02-11,AKTIF
742474258919,959746519846563,OSS-1603288,PERUM PERTIWI TBK,PERUM PERT,GG. GEGERKALONG HILIR NO. 35,PEMATANGSIANTAR,ID-87,80823,+62 (043) 025-2002,Perum,TERDAFTAR,AKTIF,0,0,,,,2026-02-13,AKTIF
331098749484,660636308560544,OSS-5619488,UD OKTAVIANI MULYANI (PERSERO) TBK,UD OKTAVIA,JALAN W.R. SUPRATMAN NO. 7,TANGERANG SELATAN,ID-52,21154,089 604 7589,Perum,DISAHKAN,DIBEKUKAN,1,1,API-P,10930-API,NIPER-50332,2026-02-16,AKTIF
307720780282,739809988953774,OSS-7693045,PT TARIHORAN,TARIHORAN,GANG KUTISARI SELATAN NO. 6,BANJARMASIN,ID-18,42518,086 890 5507,PT,PROSES,TIDAK AKTIF,1,1,API-P,78843-API,NIPER-99509,2026-01-10,AKTIF
064739087535,898324359513331,OSS-6954323,UD AGUSTINA PURNAWATI,UD AGUSTIN,GANG GEDEBAGE SELATAN NO. 97,SURABAYA,ID-68,77204,+62-0971-888-4271,PT,TERDAFTAR,AKTIF,1,1,API-P,69656-API,NIPER-45539,2026-02-26,AKTIF
946198166361,932870418036663,OSS-5177075,UD HIDAYAT UWAIS (PERSERO) TBK,UD HIDAYAT,GANG DIPATIUKUR NO. 735,BATU,ID-54,73808,(005) 722 7068,Perum,PROSES,DIBEKUKAN,0,1,,,NIPER-64704,2026-01-30,AKTIF
267853866787,974321065774254,OSS-3339428,PD LAKSMIWATI FARIDA,PD LAKSMIW,JALAN ERLANGGA NO. 543,DUMAI,ID-80,06267,(0314) 582 1940,CV,TERDAFTAR,TIDAK AKTIF,0,0,,,,2026-01-31,AKTIF
328811561702,919381187487594,OSS-5916108,PD SAPUTRA,PD SAPUTRA,GANG SURAPATI NO. 75,DENPASAR,ID-69,65449,0822157645,Firma,DISAHKAN,TIDAK AKTIF,1,1,API-P,85330-API,NIPER-31786,2026-02-06,AKTIF
780058321778,503360048761658,OSS-5357259,CV MANULLANG,MANULLANG,GG. KUTISARI SELATAN NO. 21,BEKASI,ID-27,80548,+62-015-679-0115,Perum,TERDAFTAR,DIBEKUKAN,1,0,API-P,83015-API,,2026-01-25,AKTIF
488268948318,786426013587695,OSS-2734724,UD TARIHORAN SAMOSIR (PERSERO) TBK,UD TARIHOR,GANG RUMAH SAKIT NO. 0,LHOKSEUMAWE,ID-98,39475,0879126920,CV,TERDAFTAR,AKTIF,1,1,API-U,38133-API,NIPER-72037,2026-01-03,AKTIF
339103400556,075791999311403,OSS-6004632,PERUM MAHESWARA,PERUM MAHE,GG. ASIA AFRIKA NO. 82,PAREPARE,ID-81,61556,0815393072,Firma,PROSES,DIBEKUKAN,1,1,API-P,95027-API,NIPER-72578,2026-01-26,AKTIF
316539331216,913885320888457,OSS-9470670,PT BUDIMAN TBK,BUDIMAN TB,GG. MERDEKA NO. 52,TERNATE,ID-34,64136,(0975) 405-3194,CV,TERDAFTAR,TIDAK AKTIF,1,0,API-U,09679-API,,2026-01-07,AKTIF
918899977309,982512756556165,OSS-5280043,SINAGA,SINAGA,GANG PASTEUR NO. 4,KOTA ADMINISTRASI JAKARTA BARAT,ID-39,22651,+62 (0541) 070 9075,Perum,PROSES,AKTIF,0,1,,,NIPER-97382,2026-01-18,AKTIF
266205256229,651539728061591,OSS-6866128,UD ZULAIKA (PERSERO) TBK,UD ZULAIKA,JALAN TUBAGUS ISMAIL NO. 898,KOTA ADMINISTRASI JAKARTA SELATAN,ID-36,42514,(0463) 497-5353,CV,TERDAFTAR,AKTIF,1,1,API-U,74952-API,NIPER-52560,2026-01-06,AKTIF
117470026552,309014773779881,OSS-5571600,SETIAWAN HARIYAH TBK,SETIAWAN H,GANG CIHAMPELAS NO. 91,PALEMBANG,ID-97,57599,+62 (080) 663 8902,Perum,TERDAFTAR,TIDAK AKTIF,1,1,API-U,50963-API,NIPER-91755,2026-02-25,AKTIF
458761079476,428972601713209,OSS-6141188,CV MANULLANG ZULKARNAIN (PERSERO) TBK,MANULLANG,GANG MOCH. TOHA NO. 5,PADANG,ID-13,29721,+62-094-100-2212,Perum,PROSES,DIBEKUKAN,0,1,,,NIPER-99406,2026-02-05,AKTIF
164229500722,725115153647731,OSS-3513360,PERUM NASHIRUDDIN MUSTOFA TBK (DUPLICATE),PERUM NASH,GANG RAYA SETIABUDHI NO. 92,TEBINGTINGGI,ID-89,80549,082 098 1085,PT,DISAHKAN,AKTIF,0,0,,,,2026-01-01,AKTIF
463566338560,653692319131080,OSS-2058145,UD TAMPUBOLON WINARNO (PERSERO) TBK,UD TAMPUBO,GANG BKR NO. 7,SUNGAI PENUH,ID-14,07862,+62 (87) 011 5552,PT,PROSES,AKTIF,1,0,API-P,70937-API,,2026-01-29,AKTIF
712189452395,960233159987517,OSS-5790323,PERUM NOVITASARI (DUPLICATE),PERUM NOVI,JALAN RUNGKUT INDUSTRI NO. 17,BALIKPAPAN,ID-64,41300,(0886) 758 7558,PT,PROSES,AKTIF,1,1,API-U,50959-API,NIPER-14504,2026-01-25,AKTIF
571752614220,798273072207053,OSS-4202634,LESTARI DAMANIK TBK (DUPLICATE),LESTARI DA,JALAN JEND. A. YANI NO. 031,MADIUN,ID-11,83161,+62 (390) 830-2237,CV,TERDAFTAR,AKTIF,1,0,API-U,79644-API,,2026-01-09,AKTIF
812608961393,363983521910327,OSS-1826863,PD IRAWAN TBK,PD IRAWAN,GG. JOYOBOYO NO. 1,BIMA,ID-76,68566,+62-043-085-0876,PT,TERDAFTAR,AKTIF,1,1,API-U,80165-API,NIPER-53741,2026-02-25,AKTIF
339126578525,312401117148729,OSS-2761893,PD SIMANJUNTAK OKTAVIANI TBK,PD SIMANJU,JL. PACUAN KUDA NO. 299,PADANG SIDEMPUAN,ID-54,56973,+62 (063) 791-4012,CV,PROSES,DIBEKUKAN,1,1,API-P,78410-API,NIPER-46795,2026-01-29,AKTIF
760265676875,757928047080222,OSS-1405958,CV PUTRA (PERSERO) TBK,PUTRA (PER,GG. DIPENOGORO NO. 352,BALIKPAPAN,ID-80,56066,+62 (0080) 786-8221,PT,DISAHKAN,AKTIF,1,0,API-U,63035-API,,2026-01-17,AKTIF
425225693517,292242969991363,OSS-0176088,PD MELANI PUSPASARI (PERSERO) TBK,PD MELANI,JALAN JEND. A. YANI NO. 85,DUMAI,ID-27,15724,+62-008-268-5805,CV,DISAHKAN,AKTIF,0,0,,,,2026-01-03,AKTIF
754865807887,833808585753807,OSS-2410074,UD ANDRIANI TBK,UD ANDRIAN,GG. PETA NO. 878,METRO,ID-62,50640,+62 (044) 885-2896,CV,TERDAFTAR,TIDAK AKTIF,0,1,,,NIPER-01956,2026-02-13,AKTIF
638626991957,801834766740778,OSS-1110726,CV NAJMUDIN SITUMORANG,NAJMUDIN S,GANG CIHAMPELAS NO. 529,DENPASAR,ID-19,87352,+62-089-037-4816,Firma,DISAHKAN,DIBEKUKAN,0,0,,,,2026-01-21,AKTIF
548818524226,712603692173192,OSS-2153830,CV IRAWAN (PERSERO) TBK,IRAWAN (PE,GG. GEGERKALONG HILIR NO. 8,PAREPARE,ID-11,02515,+62 (461) 519 0243,Firma,DISAHKAN,AKTIF,0,1,,,NIPER-33750,2026-01-29,AKTIF
524692694764,116460915690163,OSS-3548134,PD WIJAYANTI,PD WIJAYAN,GANG RUMAH SAKIT NO. 898,JAYAPURA,ID-98,44487,(038) 542-0553,Perum,PROSES,TIDAK AKTIF,1,0,API-U,39251-API,,2026-01-02,AKTIF
550161966999,870629063874736,OSS-4047580,UD PRASASTA LAZUARDI (PERSERO) TBK,UD PRASAST,JL. PACUAN KUDA NO. 43,SUBULUSSALAM,ID-15,01573,+62 (62) 640-6249,PT,TERDAFTAR,AKTIF,0,1,,,NIPER-45216,2026-03-02,AKTIF
179711076857,986575328504941,OSS-3891721,UD KURNIAWAN HUTAGALUNG,UD KURNIAW,GG. TUBAGUS ISMAIL NO. 8,KOTA ADMINISTRASI JAKARTA TIMUR,ID-61,19449,+62 (084) 788-8190,PT,TERDAFTAR,AKTIF,0,1,,,NIPER-95904,2026-01-14,AKTIF
655817174454,622110586303853,OSS-4093630,UD SIREGAR PRATAMA TBK,UD SIREGAR,GANG RAYA SETIABUDHI NO. 1,KOTA ADMINISTRASI JAKARTA UTARA,ID-91,81069,+62-0876-444-1794,Perum,TERDAFTAR,TIDAK AKTIF,1,0,API-U,11839-API,,2026-01-16,AKTIF
075059990640,810671091796510,OSS-5920865,PD SIREGAR PRASTUTI,PD SIREGAR,GANG JAYAWIJAYA NO. 931,TEGAL,ID-85,65493,+62 (0781) 268 8810,Firma,DISAHKAN,AKTIF,0,1,,,NIPER-78632,2026-02-17,AKTIF
130610855704,193640641511822,OSS-2413295,DONGORAN,DONGORAN,JL. KEBONJATI NO. 2,JAMBI,ID-98,85814,+62 (73) 502-2149,Perum,PROSES,AKTIF,0,1,,,NIPER-16101,2026-02-15,AKTIF
532174660585,713505649081815,OSS-7288724,PT HIDAYAT (PERSERO) TBK,HIDAYAT (P,JALAN RAJAWALI TIMUR NO. 8,BINJAI,ID-19,19088,(0249) 275-8083,Perum,TERDAFTAR,DIBEKUKAN,0,1,,,NIPER-67468,2026-01-17,AKTIF
344685009479,479293616629087,OSS-9296863,PD HARTATI ARYANI (PERSERO) TBK,PD HARTATI,JALAN SOEKARNO HATTA NO. 736,BANDA ACEH,ID-63,55040,0841383890,Perum,TERDAFTAR,AKTIF,0,0,,,,2026-02-22,AKTIF
468517962888,608540482127837,OSS-2236966,PERUM MULYANI (PERSERO) TBK,PERUM MULY,GG. CIHAMPELAS NO. 35,SAWAHLUNTO,ID-43,81318,+62 (75) 792 2692,Perum,DISAHKAN,TIDAK AKTIF,1,0,API-U,59952-API,,2026-03-02,AKTIF
919382815904,526627065357783,OSS-8860888,UD WASITA TBK,UD WASITA,GG. PACUAN KUDA NO. 974,KOTA ADMINISTRASI JAKARTA PUSAT,ID-82,68484,+62 (10) 588-5546,PT,PROSES,AKTIF,1,1,API-P,17008-API,NIPER-50940,2026-02-06,AKTIF
475953234964,296317891488293,OSS-8457192,PD LAILASARI MEGANTARA,PD LAILASA,GANG SENTOT ALIBASA NO. 103,TEGAL,ID-89,00770,(004) 584-5923,Firma,PROSES,TIDAK AKTIF,1,1,API-U,24950-API,NIPER-20413,2026-02-26,AKTIF
020213976480,541747150083645,OSS-1329365,PERUM USADA MANSUR,PERUM USAD,GG. SUNIARAJA NO. 4,KOTA ADMINISTRASI JAKARTA PUSAT,ID-15,08398,+62 (0867) 568-3413,Firma,TERDAFTAR,TIDAK AKTIF,0,1,,,NIPER-26180,2026-02-04,AKTIF
334557356232,770045358597302,OSS-7322857,UD MARPAUNG (DUPLICATE),UD MARPAUN,JL. RUMAH SAKIT NO. 54,PEMATANGSIANTAR,ID-27,97704,+62 (016) 788-1596,PT,TERDAFTAR,AKTIF,1,1,API-U,46738-API,NIPER-65690,2026-02-23,AKTIF
505395341839,465261526783443,OSS-0537634,PD HIDAYAT LAKSITA,PD HIDAYAT,GG. ABDUL MUIS NO. 906,KENDARI,ID-33,12537,+62 (014) 231 3113,Perum,DISAHKAN,TIDAK AKTIF,0,0,,,,2026-02-28,AKTIF
796324194236,266783424894491,OSS-7600157,PERUM WIBOWO (PERSERO) TBK,PERUM WIBO,JALAN KEBONJATI NO. 8,PEKANBARU,ID-83,88294,+62-012-117-8868,PT,PROSES,DIBEKUKAN,0,1,,,NIPER-29482,2026-02-02,AKTIF
601353452949,759300363802927,OSS-7610026,UD SUDIATI,UD SUDIATI,GANG PASTEUR NO. 56,KOTA ADMINISTRASI JAKARTA BARAT,ID-91,10874,+62 (44) 355-8571,Firma,DISAHKAN,AKTIF,0,1,,,NIPER-69452,2026-02-07,AKTIF
614763449766,608509053046218,OSS-0256923,PERUM YUNIAR,PERUM YUNI,GANG SETIABUDHI NO. 3,LUBUKLINGGAU,ID-91,33025,+62 (054) 084-4914,Firma,PROSES,DIBEKUKAN,0,1,,,NIPER-53121,2026-01-24,AKTIF
718319484336,749839022849216,OSS-7278194,CV ZULAIKA HALIM,ZULAIKA HA,JALAN KH AMIN JASUTA NO. 7,BLITAR,ID-83,10774,+62 (008) 571 9093,CV,TERDAFTAR,AKTIF,1,0,API-P,94151-API,,2026-02-23,AKTIF
391947437299,035219609102764,OSS-7142432,HUTAGALUNG,HUTAGALUNG,GG. H.J MAEMUNAH NO. 23,PALOPO,ID-97,81330,0831452378,Firma,PROSES,AKTIF,1,0,API-P,03463-API,,2026-02-04,AKTIF
082896641808,069217726815035,OSS-9692448,PERUM ASTUTI TAMBA TBK,PERUM ASTU,GG. SUKABUMI NO. 798,TANGERANG,ID-80,35372,(047) 920 4900,Perum,DISAHKAN,AKTIF,1,1,API-U,14360-API,NIPER-42351,2026-01-31,AKTIF
802910217346,861787970365517,OSS-6633022,CV TAMPUBOLON RAHAYU,TAMPUBOLON,GANG STASIUN WONOKROMO NO. 927,BONTANG,ID-39,63420,+62 (688) 266-0488,PT,DISAHKAN,TIDAK AKTIF,1,1,API-U,15458-API,NIPER-22815,2026-02-19,AKTIF
414900385025,513444867228839,OSS-0473314,UD WALUYO (PERSERO) TBK,UD WALUYO,GANG INDRAGIRI NO. 251,KOTA ADMINISTRASI JAKARTA SELATAN,ID-64,88795,+62-120-409-5437,PT,PROSES,DIBEKUKAN,1,0,API-U,76618-API,,2026-01-20,AKTIF
413727768576,063494290461755,OSS-1887017,CV SALAHUDIN NAJMUDIN,SALAHUDIN,GG. STASIUN WONOKROMO NO. 744,BATU,ID-42,23456,+62 (386) 947 9025,CV,PROSES,DIBEKUKAN,0,1,,,NIPER-48536,2026-02-01,AKTIF
241220571480,909731948967387,OSS-9012934,PERUM DONGORAN WASKITA,PERUM DONG,GANG JAYAWIJAYA NO. 0,BATU,ID-30,09083,087 120 9967,Perum,TERDAFTAR,TIDAK AKTIF,0,0,,,,2026-02-19,AKTIF
665455218085,954486348718329,OSS-5060810,UD NUGROHO TBK,UD NUGROHO,JL. JEND. SUDIRMAN NO. 27,JAMBI,ID-17,18424,+62-504-814-8539,PT,DISAHKAN,AKTIF,1,1,API-P,68318-API,NIPER-59249,2026-01-12,AKTIF
685653081251,693296607115086,OSS-3887276,PD WASKITA WASKITA,PD WASKITA,JL. DIPENOGORO NO. 1,SINGKAWANG,ID-49,93979,+62-19-039-7298,Perum,DISAHKAN,DIBEKUKAN,1,1,API-P,68761-API,NIPER-06172,2026-01-17,AKTIF
468885893248,759512466593964,OSS-6922712,CV DABUKKE WASTUTI,DABUKKE WA,GG. SUKAJADI NO. 016,DENPASAR,ID-30,33989,+62 (048) 504-1054,Perum,TERDAFTAR,DIBEKUKAN,1,1,API-U,34179-API,NIPER-34376,2026-01-17,AKTIF
854308576649,391792976374537,OSS-9327196,CV ANGGRAINI MARPAUNG TBK,ANGGRAINI,GANG ANTAPANI LAMA NO. 66,SOLOK,ID-65,51755,+62-93-560-0330,Perum,TERDAFTAR,DIBEKUKAN,0,1,,,NIPER-89729,2026-02-12,AKTIF
528059243069,731396169989531,OSS-7463336,PD YUNIAR,PD YUNIAR,GG. CIHAMPELAS NO. 80,SAWAHLUNTO,ID-15,87568,+62 (70) 678 5186,Perum,TERDAFTAR,AKTIF,0,1,,,NIPER-05682,2026-01-01,AKTIF
386549660251,435804711800450,OSS-1531195,MARYADI LAKSMIWATI TBK (DUPLICATE),MARYADI LA,GANG RAJIMAN NO. 6,BANJARBARU,ID-20,48562,+62 (750) 422 4640,CV,DISAHKAN,AKTIF,1,0,API-P,69486-API,,2026-01-21,AKTIF
531018120849,729785877850715,OSS-0706620,UD WIDIASTUTI,UD WIDIAST,GANG CEMPAKA NO. 73,LUBUKLINGGAU,ID-96,51855,+62 (0665) 558-5044,Perum,TERDAFTAR,AKTIF,0,0,,,,2026-02-01,AKTIF
516640641336,797274351131906,OSS-2440437,PERUM KUSWOYO LAILASARI,PERUM KUSW,JALAN CEMPAKA NO. 0,KOTA ADMINISTRASI JAKARTA UTARA,ID-19,21014,+62-800-890-6606,Firma,PROSES,DIBEKUKAN,1,0,API-P,57088-API,,2026-01-14,AKTIF
869674109509,597626173361010,OSS-5613478,PERUM PADMASARI NASHIRUDDIN,PERUM PADM,JALAN RAJIMAN NO. 634,BOGOR,ID-13,25444,0859152548,Perum,TERDAFTAR,AKTIF,1,0,API-P,43216-API,,2026-01-08,AKTIF
323361645805,617196496809918,OSS-9034044,UD KUSMAWATI,UD KUSMAWA,JALAN PASIR KOJA NO. 640,TEBINGTINGGI,ID-38,26566,+62-30-750-4880,CV,PROSES,DIBEKUKAN,1,1,API-U,04310-API,NIPER-52687,2026-01-28,AKTIF
022559061887,223530336798328,OSS-9166126,PT UTAMI,UTAMI,JALAN JAKARTA NO. 3,MAGELANG,ID-43,74445,(093) 583-5410,CV,DISAHKAN,TIDAK AKTIF,1,1,API-U,32678-API,NIPER-87966,2026-01-29,AKTIF
438827374909,944718132406214,OSS-6133547,CV HALIMAH HALIM,HALIMAH HA,GANG SENTOT ALIBASA NO. 6,KUPANG,ID-22,41577,+62 (080) 749-2239,CV,PROSES,TIDAK AKTIF,0,0,,,,2026-02-25,AKTIF
375656426914,468262124596042,OSS-4245625,PD RAHAYU (PERSERO) TBK,PD RAHAYU,GANG JAMIKA NO. 923,PALANGKARAYA,ID-40,41343,(084) 429-8892,CV,TERDAFTAR,AKTIF,1,0,API-P,42385-API,,2026-01-15,AKTIF
936529447161,982734813104502,OSS-5896321,UD PRABOWO TARIHORAN TBK,UD PRABOWO,GG. JAKARTA NO. 80,KOTA ADMINISTRASI JAKARTA TIMUR,ID-75,06739,0834488384,Firma,TERDAFTAR,TIDAK AKTIF,1,1,API-U,25364-API,NIPER-62805,2026-01-12,AKTIF
302068220538,452813497857523,OSS-2661038,PT LAZUARDI NOVITASARI,LAZUARDI N,JL. RAYA SETIABUDHI NO. 255,KOTA ADMINISTRASI JAKARTA BARAT,ID-13,99962,+62 (0264) 977-0703,CV,TERDAFTAR,TIDAK AKTIF,1,0,API-U,45621-API,,2026-01-15,AKTIF
503163073359,985751225376984,OSS-8282410,CV BUDIYANTO TBK,BUDIYANTO,JL. MEDOKAN AYU NO. 63,SAWAHLUNTO,ID-61,80757,(044) 932 2933,Perum,TERDAFTAR,TIDAK AKTIF,1,0,API-P,07423-API,,2026-03-02,AKTIF
275973637339,787008791124197,OSS-4112529,UD WASKITA RAHIMAH TBK,UD WASKITA,GG. JOYOBOYO NO. 93,BITUNG,ID-39,63198,(0078) 305-8698,CV,DISAHKAN,AKTIF,1,1,API-U,41483-API,NIPER-90953,2026-02-04,AKTIF
821824468216,362970386473223,OSS-2242637,PD MULYANI HUTAPEA,PD MULYANI,GANG DR. DJUNJUNAN NO. 52,PROBOLINGGO,ID-90,75904,+62 (0741) 764 3441,Firma,DISAHKAN,TIDAK AKTIF,1,0,API-U,05794-API,,2026-02-05,AKTIF
319156732205,100529539717901,OSS-6048872,PD LAKSITA,PD LAKSITA,JL. DIPENOGORO NO. 713,BEKASI,ID-88,11815,(026) 603-5380,Firma,TERDAFTAR,DIBEKUKAN,1,1,API-U,35803-API,NIPER-65300,2026-02-15,AKTIF
988411847325,808696868913806,OSS-7541887,UD UTAMI TBK,UD UTAMI T,GG. GEGERKALONG HILIR NO. 973,MEDAN,ID-11,72046,+62 (01) 108-0179,Firma,DISAHKAN,AKTIF,1,0,API-U,04892-API,,2026-02-18,AKTIF
028041674560,728110229584590,OSS-6509045,PERUM ANDRIANI RAHAYU (PERSERO) TBK,PERUM ANDR,JL. LASWI NO. 70,BENGKULU,ID-62,44259,+62-544-823-1474,CV,PROSES,DIBEKUKAN,0,0,,,,2026-01-09,AKTIF
830851904740,512576293914550,OSS-4095693,UD WALUYO,UD WALUYO,JALAN BKR NO. 6,BOGOR,ID-88,25532,+62-220-223-6047,Perum,PROSES,DIBEKUKAN,0,1,,,NIPER-38953,2026-02-03,AKTIF
890054472037,497422228929905,OSS-8284283,CV PRAYOGA,PRAYOGA,GANG JAKARTA NO. 872,BANDAR LAMPUNG,ID-69,00382,(0763) 133 7495,CV,TERDAFTAR,AKTIF,1,1,API-U,69869-API,NIPER-72006,2026-01-08,AKTIF
542455981380,967383587780138,OSS-5220988,PERUM THAMRIN (DUPLICATE),PERUM THAM,JL. CEMPAKA NO. 609,LHOKSEUMAWE,ID-26,58999,(029) 283 7397,Firma,DISAHKAN,AKTIF,0,0,,,,2026-03-02,AKTIF
571752614220,798273072207053,OSS-4202634,LESTARI DAMANIK TBK,LESTARI DA,JALAN JEND. A. YANI NO. 031,MADIUN,ID-11,83161,+62 (390) 830-2237,CV,TERDAFTAR,AKTIF,1,0,API-U,79644-API,,2026-01-09,AKTIF
936637692673,784195217035435,OSS-1731811,UD WIDIASTUTI FIRGANTORO TBK,UD WIDIAST,GANG RAWAMANGUN NO. 27,BONTANG,ID-36,46263,+62-370-541-6508,PT,DISAHKAN,AKTIF,0,1,,,NIPER-56928,2026-03-02,AKTIF
127261290621,324152843948292,OSS-3827690,PD SETIAWAN PUDJIASTUTI (PERSERO) TBK,PD SETIAWA,JALAN PHH. MUSTOFA NO. 21,SALATIGA,ID-91,38603,+62-0637-656-2330,Firma,TERDAFTAR,TIDAK AKTIF,1,1,API-P,49480-API,NIPER-04494,2026-01-03,AKTIF
042549691928,455259710756335,OSS-3574859,CV MAHENDRA TBK,MAHENDRA T,JL. RAJIMAN NO. 7,LUBUKLINGGAU,ID-40,62951,087 794 1763,Perum,TERDAFTAR,DIBEKUKAN,0,1,,,NIPER-42507,2026-02-12,AKTIF
350298330825,619435453860423,OSS-8895279,PT NASYIDAH,NASYIDAH,GG. MEDOKAN AYU NO. 4,TERNATE,ID-13,58979,0810482534,Perum,TERDAFTAR,AKTIF,1,1,API-P,32096-API,NIPER-55268,2026-01-04,AKTIF
148528172120,508330254863557,OSS-3074411,PD SAPTONO YOLANDA (PERSERO) TBK,PD SAPTONO,GANG BANGKA RAYA NO. 8,BATU,ID-69,96227,+62-363-473-7114,Perum,PROSES,DIBEKUKAN,1,0,API-P,51929-API,,2026-01-25,AKTIF
479357943058,386802750438727,OSS-5317041,PD NURAINI WULANDARI,PD NURAINI,JL. SURAPATI NO. 520,BANDUNG,ID-69,41999,+62 (79) 863 3860,Perum,TERDAFTAR,AKTIF,1,1,API-P,94551-API,NIPER-69192,2026-01-05,AKTIF
485173158466,636414973396003,OSS-2992403,PT THAMRIN (PERSERO) TBK,THAMRIN (P,GANG MOCH. TOHA NO. 663,KUPANG,ID-31,67918,+62 (095) 542-5380,Firma,DISAHKAN,AKTIF,0,0,,,,2026-02-20,AKTIF
435177845156,445865280613102,OSS-7919722,UD MARYADI HARDIANSYAH (PERSERO) TBK (DUPLICATE),UD MARYADI,GG. GARDUJATI NO. 433,PASURUAN,ID-64,31606,+62 (001) 106-2854,Firma,TERDAFTAR,TIDAK AKTIF,1,0,API-U,98455-API,,2026-02-03,AKTIF
410746317096,343981836113650,OSS-4767995,UD YOLANDA (PERSERO) TBK (DUPLICATE),UD YOLANDA,GANG AHMAD YANI NO. 363,TANGERANG SELATAN,ID-59,52580,+62-001-770-1315,Perum,TERDAFTAR,TIDAK AKTIF,1,0,API-P,25247-API,,2026-01-24,AKTIF
079809547980,786639304370098,OSS-5240416,PERUM HANDAYANI,PERUM HAND,JALAN CIKAPAYANG NO. 0,KOTA ADMINISTRASI JAKARTA UTARA,ID-65,56115,+62 (728) 241-2539,Perum,TERDAFTAR,DIBEKUKAN,0,0,,,,2026-02-16,AKTIF
430325235839,024088815239390,OSS-9023380,UD SIHOTANG WIBOWO (PERSERO) TBK,UD SIHOTAN,JL. SENTOT ALIBASA NO. 933,BLITAR,ID-12,11171,+62 (626) 322-2983,PT,DISAHKAN,TIDAK AKTIF,0,1,,,NIPER-39683,2026-02-27,AKTIF
546289043147,821075838989843,OSS-7799738,CV NAJMUDIN MULYANI (PERSERO) TBK,NAJMUDIN M,JL. RUMAH SAKIT NO. 37,PURWOKERTO,ID-15,44377,080 594 5012,Perum,TERDAFTAR,TIDAK AKTIF,0,0,,,,2026-01-17,AKTIF
998068496033,429950867226628,OSS-1076777,PD WINARSIH PRADANA TBK,PD WINARSI,JL. SETIABUDHI NO. 9,KOTA ADMINISTRASI JAKARTA SELATAN,ID-92,89933,+62-053-740-6242,Perum,DISAHKAN,DIBEKUKAN,0,0,,,,2026-02-08,AKTIF
102972957551,263700796330225,OSS-1766689,PT MARBUN LESTARI,MARBUN LES,JALAN DIPENOGORO NO. 345,SABANG,ID-83,95656,+62 (19) 295-9099,Firma,DISAHKAN,AKTIF,0,0,,,,2026-01-10,AKTIF
894520725940,376494133098455,OSS-2255494,CV MELANI SIREGAR,MELANI SIR,JALAN MOCH. TOHA NO. 32,LUBUKLINGGAU,ID-97,13333,+62-56-131-1137,Firma,DISAHKAN,AKTIF,1,0,API-U,23679-API,,2026-01-27,AKTIF
119956867883,653390938071899,OSS-7597299,CV SIMANJUNTAK,SIMANJUNTA,JALAN K.H. WAHID HASYIM NO. 471,KOTA ADMINISTRASI JAKARTA BARAT,ID-37,38351,+62 (051) 606-0186,PT,DISAHKAN,TIDAK AKTIF,1,0,API-P,54274-API,,2026-01-11,AKTIF
417775823165,864702601680474,OSS-3694680,UD YULIARTI TBK,UD YULIART,JL. KIARACONDONG NO. 0,DEPOK,ID-59,37725,+62-929-146-9685,Perum,TERDAFTAR,AKTIF,0,1,,,NIPER-12673,2026-01-14,AKTIF
267039097380,799149371910451,OSS-4146881,UD WASITA HARYANTO (PERSERO) TBK,UD WASITA,GG. R.E MARTADINATA NO. 3,SERANG,ID-76,27536,+62 (47) 990-5233,Perum,DISAHKAN,DIBEKUKAN,1,0,API-U,47509-API,,2026-02-05,AKTIF
869499813491,088881081554541,OSS-9275150,PT RIYANTI TBK,RIYANTI TB,GG. CEMPAKA NO. 850,YOGYAKARTA,ID-66,97736,+62-65-662-4477,CV,TERDAFTAR,TIDAK AKTIF,0,0,,,,2026-01-19,AKTIF
265709280845,663897427099828,OSS-4291143,CV WIDODO NARPATI TBK,WIDODO NAR,GG. H.J MAEMUNAH NO. 218,MANADO,ID-99,40738,081 311 9591,Firma,TERDAFTAR,DIBEKUKAN,1,0,API-U,92792-API,,2026-01-21,AKTIF
294105074207,106344639499882,OSS-5654765,PT MAHESWARA TBK (DUPLICATE),MAHESWARA,JALAN RONGGOWARSITO NO. 63,YOGYAKARTA,ID-66,99814,+62 (0965) 080 5271,Firma,TERDAFTAR,DIBEKUKAN,0,1,,,NIPER-52713,2026-02-11,AKTIF
354620331901,666969576497910,OSS-2510563,UD SUWARNO WIJAYANTI,UD SUWARNO,JL. SADANG SERANG NO. 4,MANADO,ID-42,31084,+62 (732) 962-5108,Perum,DISAHKAN,TIDAK AKTIF,0,1,,,NIPER-66121,2026-02-15,AKTIF
169156978079,823070081334902,OSS-3743269,UD OKTAVIANI SURYONO,UD OKTAVIA,JL. SUKABUMI NO. 9,SINGKAWANG,ID-81,12946,+62 (0031) 182 8791,Firma,DISAHKAN,AKTIF,1,1,API-P,46595-API,NIPER-11203,2026-01-08,AKTIF
321940247028,814112874527193,OSS-6785764,CV SUARTINI HIDAYANTO (PERSERO) TBK,SUARTINI H,GG. RAJAWALI BARAT NO. 1,BITUNG,ID-61,23215,+62 (0013) 153-5069,Firma,PROSES,TIDAK AKTIF,0,0,,,,2026-01-30,AKTIF
417686946419,066272602034570,OSS-8069945,CV HUTASOIT RAJATA,HUTASOIT R,GANG TEBET BARAT DALAM NO. 95,MOJOKERTO,ID-14,24409,+62 (083) 791-5114,PT,PROSES,DIBEKUKAN,0,1,,,NIPER-58555,2026-01-26,AKTIF
768229379651,310420624787854,OSS-1612211,PERUM HASANAH YOLANDA TBK,PERUM HASA,JALAN CIKAPAYANG NO. 425,BANJAR,ID-56,27864,(0984) 157 1007,Firma,DISAHKAN,TIDAK AKTIF,1,1,API-P,35352-API,NIPER-78413,2026-01-10,AKTIF
945330773066,450138790219858,OSS-6158142,CV MAYASARI,MAYASARI,JALAN CIWASTRA NO. 2,JAMBI,ID-22,76557,(059) 181 7927,PT,TERDAFTAR,DIBEKUKAN,0,1,,,NIPER-89415,2026-01-16,AKTIF
241776946929,348970653814508,OSS-3753649,PERUM MAULANA WASKITA,PERUM MAUL,JALAN JEND. SUDIRMAN NO. 866,TEGAL,ID-99,25102,+62 (859) 927 9184,PT,PROSES,TIDAK AKTIF,1,1,API-U,23753-API,NIPER-01096,2026-02-06,AKTIF
322353722796,031060348703402,OSS-2538925,PERUM SETIAWAN (PERSERO) TBK,PERUM SETI,GG. MOCH. RAMDAN NO. 12,SOLOK,ID-38,50799,(0445) 068-7184,CV,DISAHKAN,TIDAK AKTIF,0,0,,,,2026-02-11,AKTIF
313799818100,962426578963558,OSS-7745263,PERUM NURDIYANTI (PERSERO) TBK (DUPLICATE),PERUM NURD,JALAN RAYA SETIABUDHI NO. 42,SUBULUSSALAM,ID-11,35117,088 280 5034,Firma,PROSES,AKTIF,0,1,,,NIPER-55388,2026-01-02,AKTIF
804424166072,998955345756834,OSS-8227789,UD NOVITASARI RAMADAN (DUPLICATE),UD NOVITAS,JL. KEBONJATI NO. 24,AMBON,ID-66,19093,0876147332,CV,DISAHKAN,TIDAK AKTIF,1,0,API-P,20633-API,,2026-02-25,AKTIF
905146766978,469239112180511,OSS-7459913,PD NAJMUDIN LAILASARI TBK,PD NAJMUDI,GG. KEBONJATI NO. 1,PARIAMAN,ID-91,29139,+62-0544-819-4429,Perum,PROSES,TIDAK AKTIF,0,0,,,,2026-01-16,AKTIF
850725178637,673162526546968,OSS-1579039,CV UWAIS TARIHORAN,UWAIS TARI,GG. CIUMBULEUIT NO. 3,PAYAKUMBUH,ID-60,03461,+62 (626) 244 6704,Firma,PROSES,TIDAK AKTIF,1,0,API-U,62268-API,,2026-01-22,AKTIF
163259786443,568852167149874,OSS-1473126,CV PRASETYA,PRASETYA,GG. GEGERKALONG HILIR NO. 97,MAKASSAR,ID-62,51436,+62 (057) 906-6293,PT,TERDAFTAR,AKTIF,1,1,API-U,97610-API,NIPER-09018,2026-01-31,AKTIF
317508105352,162296522119864,OSS-4713341,CV RAHIMAH,RAHIMAH,GANG CIKAPAYANG NO. 25,PADANGPANJANG,ID-23,38184,087 867 7711,PT,TERDAFTAR,DIBEKUKAN,0,1,,,NIPER-09093,2026-02-16,AKTIF
017690946762,856282915750670,OSS-6022493,CV AGUSTINA (PERSERO) TBK (DUPLICATE),AGUSTINA (,JL. RONGGOWARSITO NO. 34,TASIKMALAYA,ID-57,26693,+62 (073) 233-7279,PT,DISAHKAN,TIDAK AKTIF,1,1,API-U,50277-API,NIPER-81318,2026-02-14,AKTIF
085136890318,186557214995465,OSS-1317650,PERUM MAYASARI SITORUS,PERUM MAYA,GANG KH AMIN JASUTA NO. 56,MATARAM,ID-12,13725,+62-921-406-0538,CV,TERDAFTAR,DIBEKUKAN,1,1,API-U,45473-API,NIPER-51797,2026-02-12,AKTIF
226868703755,260959084006918,OSS-3081322,UD HARYANTI UWAIS,UD HARYANT,JALAN HOS. COKROAMINOTO NO. 664,TANJUNGBALAI,ID-29,09455,(0314) 926 6224,Firma,PROSES,AKTIF,1,1,API-U,77603-API,NIPER-82807,2026-01-01,AKTIF
709964886399,875681929959110,OSS-2984938,UD BUDIMAN PURNAWATI,UD BUDIMAN,GG. SOEKARNO HATTA NO. 296,PEKALONGAN,ID-63,32013,+62-65-332-3969,Perum,PROSES,DIBEKUKAN,0,1,,,NIPER-11866,2026-02-08,AKTIF
033676912357,910033167590620,OSS-7098679,PT SIHOMBING (PERSERO) TBK,SIHOMBING,GANG S. PARMAN NO. 57,MALANG,ID-69,48160,(0172) 156 6396,Firma,DISAHKAN,TIDAK AKTIF,1,1,API-P,27954-API,NIPER-93040,2026-01-27,AKTIF
916795410727,671391863742107,OSS-4910740,UD WIJAYANTI ADRIANSYAH (PERSERO) TBK,UD WIJAYAN,GG. PETA NO. 8,BEKASI,ID-58,23691,+62 (0307) 536-6614,Firma,DISAHKAN,DIBEKUKAN,1,1,API-P,49429-API,NIPER-65923,2026-01-07,AKTIF
550522411420,667015145992016,OSS-6338222,UD FIRGANTORO FIRMANSYAH,UD FIRGANT,JL. K.H. WAHID HASYIM NO. 2,MEDAN,ID-36,20190,+62 (013) 484 3391,Firma,PROSES,DIBEKUKAN,0,0,,,,2026-02-10,AKTIF
647716791850,417715002998160,OSS-3572485,PERUM MARDHIYAH WASITA TBK,PERUM MARD,JL. VETERAN NO. 4,BUKITTINGGI,ID-82,00028,085 446 3516,CV,TERDAFTAR,DIBEKUKAN,1,0,API-U,51365-API,,2026-01-14,AKTIF
646468765536,648399228840342,OSS-0822170,PT NURDIYANTI WIBOWO (PERSERO) TBK (DUPLICATE),NURDIYANTI,JL. KH AMIN JASUTA NO. 2,TOMOHON,ID-60,87451,+62 (03) 373 3255,PT,DISAHKAN,DIBEKUKAN,1,1,API-P,93260-API,NIPER-91968,2026-01-04,AKTIF
963346746466,033273997415920,OSS-9410102,PD GUNAWAN LAKSMIWATI (PERSERO) TBK,PD GUNAWAN,GG. RAJAWALI BARAT NO. 4,PAREPARE,ID-98,38330,(014) 435-7547,PT,DISAHKAN,TIDAK AKTIF,0,0,,,,2026-02-12,AKTIF
379385494585,576881671714565,OSS-0157703,NURDIYANTI TBK,NURDIYANTI,GANG CIKAPAYANG NO. 9,MATARAM,ID-30,85624,(0927) 486-1959,Firma,DISAHKAN,TIDAK AKTIF,1,0,API-U,52230-API,,2026-02-13,AKTIF
225831323705,895782911467866,OSS-9125177,CV PUSPASARI (PERSERO) TBK,PUSPASARI,JALAN GEDEBAGE SELATAN NO. 2,CIMAHI,ID-14,53584,+62 (043) 842 4981,Firma,TERDAFTAR,DIBEKUKAN,0,0,,,,2026-01-16,AKTIF
637733078764,986363707792854,OSS-8457529,UD NASHIRUDDIN NASYIAH,UD NASHIRU,GG. RAYA UJUNGBERUNG NO. 187,PEKANBARU,ID-47,79229,(077) 944-4254,CV,PROSES,DIBEKUKAN,1,1,API-P,56300-API,NIPER-13526,2026-02-28,AKTIF
350569119136,081262730166738,OSS-2253055,CV PUSPITA TBK,PUSPITA TB,GANG CIKAPAYANG NO. 73,KOTA ADMINISTRASI JAKARTA BARAT,ID-89,76036,+62 (0811) 180-3058,Firma,DISAHKAN,TIDAK AKTIF,1,1,API-U,02392-API,NIPER-35603,2026-02-21,AKTIF
233261772083,009095038318316,OSS-1059170,UD MULYANI,UD MULYANI,GANG H.J MAEMUNAH NO. 844,BENGKULU,ID-61,81302,+62-905-485-4684,Firma,DISAHKAN,TIDAK AKTIF,0,1,,,NIPER-86438,2026-02-15,AKTIF
089504910860,431715578521979,OSS-3368609,WINARSIH ZULAIKA,WINARSIH Z,GG. H.J MAEMUNAH NO. 0,BANDUNG,ID-68,58391,+62 (015) 320 2640,Firma,DISAHKAN,TIDAK AKTIF,1,0,API-U,09333-API,,2026-01-07,AKTIF
392384099126,917649857742735,OSS-9840705,PD MANGUNSONG (PERSERO) TBK (DUPLICATE),PD MANGUNS,GANG SUKAJADI NO. 5,SEMARANG,ID-86,79471,089 166 8073,Firma,TERDAFTAR,DIBEKUKAN,0,1,,,NIPER-10017,2026-01-20,AKTIF
945017491236,608134465988249,OSS-2072899,PERUM NURAINI TBK,PERUM NURA,JL. PASIR KOJA NO. 895,BLITAR,ID-42,74431,(0564) 297 9032,Firma,PROSES,DIBEKUKAN,0,1,,,NIPER-84445,2026-01-25,AKTIF
722170430305,486874034505415,OSS-6676527,UD MARYATI SANTOSO (PERSERO) TBK,UD MARYATI,GG. RUNGKUT INDUSTRI NO. 845,BAU-BAU,ID-38,44796,+62 (75) 705-9640,PT,DISAHKAN,AKTIF,0,0,,,,2026-02-07,AKTIF
346532622521,937685232503384,OSS-9231848,PERUM SURYONO (PERSERO) TBK,PERUM SURY,GANG CIKAPAYANG NO. 536,TOMOHON,ID-60,48757,+62 (0919) 100-5453,Perum,PROSES,DIBEKUKAN,0,1,,,NIPER-77700,2026-02-14,AKTIF
600524938350,903821586251013,OSS-2155732,PERUM GUNAWAN USAMAH TBK,PERUM GUNA,JALAN PELAJAR PEJUANG NO. 82,GORONTALO,ID-55,70390,+62 (080) 710-1595,Firma,TERDAFTAR,TIDAK AKTIF,0,0,,,,2026-02-04,AKTIF
073970152833,025668202028670,OSS-8113476,SITOMPUL KUSUMO TBK,SITOMPUL K,JALAN MEDOKAN AYU NO. 108,TANGERANG,ID-24,71613,+62 (0769) 714 2297,Perum,PROSES,AKTIF,0,0,,,,2026-01-15,AKTIF
527155983541,165972634755752,OSS-2501394,PERUM NASYIAH (PERSERO) TBK,PERUM NASY,JL. DIPATIUKUR NO. 964,TASIKMALAYA,ID-30,85626,+62 (049) 915-3703,CV,PROSES,DIBEKUKAN,1,0,API-U,82407-API,,2026-02-16,AKTIF
317553373477,630658582765469,OSS-9158973,CV LESTARI,LESTARI,GG. OTTO ISKANDARDINATA NO. 4,SALATIGA,ID-50,68761,+62-75-056-1155,CV,TERDAFTAR,DIBEKUKAN,0,1,,,NIPER-51074,2026-02-04,AKTIF
708272359096,056730306442121,OSS-4614768,UD NASHIRUDDIN HABIBI,UD NASHIRU,GANG RAJAWALI BARAT NO. 356,PAREPARE,ID-22,65960,0893199255,Firma,PROSES,DIBEKUKAN,0,1,,,NIPER-02727,2026-01-23,AKTIF
633781582991,786404441286473,OSS-7504354,PD SIHOMBING,PD SIHOMBI,GG. KEBONJATI NO. 198,BATU,ID-49,58990,(0512) 051 7525,Perum,TERDAFTAR,DIBEKUKAN,1,0,API-U,33286-API,,2026-02-07,AKTIF
128265068269,713397181482992,OSS-7521701,UD KUSWOYO TBK,UD KUSWOYO,GG. CIHAMPELAS NO. 62,MANADO,ID-75,54307,(007) 503-5794,CV,TERDAFTAR,AKTIF,1,0,API-P,28471-API,,2026-02-03,AKTIF
989036314406,520479562319028,OSS-7992228,PT ZULAIKA (PERSERO) TBK,ZULAIKA (P,JL. SILIWANGI NO. 9,BANJARBARU,ID-59,22500,+62 (003) 232-6207,Firma,DISAHKAN,DIBEKUKAN,1,0,API-U,16368-API,,2026-01-20,AKTIF
277905387518,953429703977338,OSS-0041432,PERUM SARAGIH USADA TBK,PERUM SARA,GG. HOS. COKROAMINOTO NO. 200,MATARAM,ID-12,23348,(0819) 342-1147,Perum,DISAHKAN,AKTIF,0,0,,,,2026-01-13,AKTIF
499863289591,038524276221559,OSS-6374396,PERUM SUARTINI RAJASA,PERUM SUAR,JALAN KIARACONDONG NO. 9,MADIUN,ID-26,65653,+62 (070) 873 0021,Firma,PROSES,DIBEKUKAN,0,1,,,NIPER-02736,2026-02-18,AKTIF
652717488785,931485613734095,OSS-1546891,UD ANGGRIAWAN SIHOMBING TBK,UD ANGGRIA,GANG TEBET BARAT DALAM NO. 16,YOGYAKARTA,ID-47,51019,+62 (811) 295 8077,CV,PROSES,AKTIF,1,0,API-P,69274-API,,2026-02-21,AKTIF
265283519497,849232420351026,OSS-8891195,FUJIATI SAMOSIR (PERSERO) TBK (DUPLICATE),FUJIATI SA,GANG MOCH. RAMDAN NO. 0,KOTA ADMINISTRASI JAKARTA TIMUR,ID-95,94169,083 266 0076,Perum,TERDAFTAR,DIBEKUKAN,0,1,,,NIPER-60232,2026-02-17,AKTIF
526632805455,716029207453308,OSS-4584827,PERUM SARAGIH TBK,PERUM SARA,GG. JAYAWIJAYA NO. 296,BINJAI,ID-17,65878,+62-0120-952-1476,Perum,TERDAFTAR,DIBEKUKAN,0,0,,,,2026-02-03,AKTIF
881073276199,037773110253759,OSS-3358515,UD PERMATA,UD PERMATA,JL. YOS SUDARSO NO. 67,KEDIRI,ID-20,98811,088 210 7605,Perum,DISAHKAN,DIBEKUKAN,0,1,,,NIPER-95587,2026-01-27,AKTIF
832303589298,808583825212932,OSS-8963406,PD NURDIYANTI TBK,PD NURDIYA,GANG HOS. COKROAMINOTO NO. 4,BATU,ID-56,84399,+62 (006) 227 2362,Firma,TERDAFTAR,AKTIF,1,0,API-P,66933-API,,2026-03-02,AKTIF
722218683246,765763911675977,OSS-5588466,PT DONGORAN SAMOSIR,DONGORAN S,GANG JAKARTA NO. 6,DENPASAR,ID-92,13738,+62-93-480-4488,Perum,TERDAFTAR,AKTIF,0,0,,,,2026-01-22,AKTIF
070097407339,735109093318683,OSS-9859146,PD WALUYO WIBISONO,PD WALUYO,JL. CIHAMPELAS NO. 1,PARIAMAN,ID-64,21895,+62 (041) 973-4860,CV,DISAHKAN,TIDAK AKTIF,0,0,,,,2026-02-14,AKTIF
250961830386,289818999328400,OSS-7826931,CV RAJATA JAILANI (DUPLICATE),RAJATA JAI,JL. JEND. SUDIRMAN NO. 591,JAYAPURA,ID-52,45342,+62 (005) 589-1198,CV,PROSES,TIDAK AKTIF,1,1,API-U,31030-API,NIPER-52703,2026-02-05,AKTIF
798074173293,940860654319068,OSS-7967032,PD MANSUR MAULANA,PD MANSUR,JL. KUTAI NO. 8,PALU,ID-33,86219,+62-0258-031-3420,Perum,TERDAFTAR,TIDAK AKTIF,1,0,API-U,37287-API,,2026-01-08,AKTIF
847107382322,583376223345015,OSS-4177657,PD HUTAPEA GUNARTO (PERSERO) TBK,PD HUTAPEA,GG. KUTISARI SELATAN NO. 186,SUKABUMI,ID-84,79393,+62-489-140-2696,CV,TERDAFTAR,AKTIF,1,0,API-U,31555-API,,2026-02-01,AKTIF
157405418291,859579482143865,OSS-8090364,CV HUTASOIT PURNAWATI,HUTASOIT P,JL. PASIRKOJA NO. 17,PROBOLINGGO,ID-52,18587,+62-0628-324-8015,Perum,TERDAFTAR,TIDAK AKTIF,1,0,API-U,88632-API,,2026-01-10,AKTIF
605960526716,977819767314812,OSS-4795605,CV GUNAWAN,GUNAWAN,JALAN RAYA SETIABUDHI NO. 20,KOTA ADMINISTRASI JAKARTA PUSAT,ID-54,90536,+62 (63) 963 8569,Perum,DISAHKAN,DIBEKUKAN,1,0,API-P,05362-API,,2026-01-07,AKTIF
358768877792,560413482084931,OSS-5398391,CV WASKITA ANGGRIAWAN (DUPLICATE),WASKITA AN,JL. PHH. MUSTOFA NO. 07,BONTANG,ID-19,43049,+62 (034) 103 8975,Perum,PROSES,TIDAK AKTIF,1,1,API-P,28720-API,NIPER-99865,2026-02-04,AKTIF
438744373053,596276300976325,OSS-2739767,PERUM PUDJIASTUTI (PERSERO) TBK,PERUM PUDJ,GG. IR. H. DJUANDA NO. 375,SINGKAWANG,ID-50,14314,+62-13-988-7842,PT,TERDAFTAR,AKTIF,0,1,,,NIPER-95337,2026-02-28,AKTIF
907228245462,255259567717547,OSS-3301478,PERUM HARYANTO HIDAYAT,PERUM HARY,JL. RAJAWALI TIMUR NO. 3,BALIKPAPAN,ID-87,13911,0819668651,PT,PROSES,TIDAK AKTIF,1,0,API-U,99030-API,,2026-01-23,AKTIF
337505647577,370681157332116,OSS-9583128,PERUM HASSANAH SIREGAR (PERSERO) TBK,PERUM HASS,GANG CIHAMPELAS NO. 557,MATARAM,ID-66,09333,+62 (41) 621-3763,Firma,DISAHKAN,TIDAK AKTIF,0,1,,,NIPER-88101,2026-01-28,AKTIF
674917455468,159576962586663,OSS-0496618,CV MARYADI (DUPLICATE),MARYADI,JALAN CIKAPAYANG NO. 49,PEKALONGAN,ID-72,87941,+62 (0800) 830-2488,CV,PROSES,TIDAK AKTIF,1,1,API-U,76461-API,NIPER-13298,2026-01-31,AKTIF
560294814268,354780335264998,OSS-1889292,UD SUDIATI,UD SUDIATI,JL. CIHAMPELAS NO. 20,SAWAHLUNTO,ID-22,67383,(013) 743 6802,PT,DISAHKAN,DIBEKUKAN,0,1,,,NIPER-29621,2026-01-06,AKTIF
637715772842,775504811881306,OSS-1308903,PT SINAGA TBK,SINAGA TBK,JALAN MERDEKA NO. 49,MEULABOH,ID-24,31697,+62 (403) 198-1676,CV,PROSES,AKTIF,1,1,API-P,68424-API,NIPER-15285,2026-02-19,AKTIF
958837340312,772200543645970,OSS-1082207,PT PRAKASA,PRAKASA,GANG KIARACONDONG NO. 5,BINJAI,ID-37,31363,(031) 797 0623,Perum,DISAHKAN,DIBEKUKAN,0,0,,,,2026-02-07,AKTIF
758437402780,620922751589552,OSS-3045142,PD PERTIWI TBK,PD PERTIWI,JALAN BKR NO. 9,KOTA ADMINISTRASI JAKARTA TIMUR,ID-19,24956,0881911129,Firma,PROSES,TIDAK AKTIF,0,0,,,,2026-01-02,AKTIF
631553529611,751505107674393,OSS-3183588,CV NAJMUDIN,NAJMUDIN,JL. WONOAYU NO. 20,BALIKPAPAN,ID-13,35617,+62 (040) 454-0928,Perum,DISAHKAN,TIDAK AKTIF,1,1,API-P,55428-API,NIPER-45237,2026-01-19,AKTIF
361477354571,539955821290630,OSS-7228056,CV YUNIAR PERMADI,YUNIAR PER,JL. SOEKARNO HATTA NO. 55,BLITAR,ID-46,00651,+62 (081) 103-3898,CV,PROSES,AKTIF,0,1,,,NIPER-28223,2026-01-21,AKTIF
392319091232,539262749023470,OSS-7590799,UD SIHOTANG PRAKASA (PERSERO) TBK,UD SIHOTAN,GG. CIUMBULEUIT NO. 8,KENDARI,ID-80,06255,(0612) 659 3661,Firma,DISAHKAN,AKTIF,0,0,,,,2026-01-20,AKTIF
526218159970,629620153368844,OSS-4310698,CV HABIBI TARIHORAN (PERSERO) TBK,HABIBI TAR,GG. KAPTEN MUSLIHAT NO. 9,DUMAI,ID-38,03241,(0146) 774-1862,CV,DISAHKAN,TIDAK AKTIF,0,1,,,NIPER-56527,2026-01-20,AKTIF
248389665367,630728727573182,OSS-9131338,PT HASSANAH PURNAWATI (PERSERO) TBK,HASSANAH P,GANG HOS. COKROAMINOTO NO. 225,LANGSA,ID-99,39639,+62 (66) 919 7696,Perum,TERDAFTAR,AKTIF,0,0,,,,2026-01-19,AKTIF
673100671731,198090730058599,OSS-8585059,PD YULIARTI UTAMI,PD YULIART,JL. RUMAH SAKIT NO. 1,BENGKULU,ID-36,90908,0844804891,Firma,TERDAFTAR,DIBEKUKAN,1,0,API-U,48998-API,,2026-02-15,AKTIF
980478483352,828801316587799,OSS-3958487,PD SAPUTRA (PERSERO) TBK,PD SAPUTRA,GANG SURYAKENCANA NO. 137,PANGKALPINANG,ID-98,02965,(0575) 490 6636,Firma,TERDAFTAR,TIDAK AKTIF,0,0,,,,2026-01-01,AKTIF
611097688845,846890517748781,OSS-9222988,DAMANIK SUSANTI (PERSERO) TBK (DUPLICATE),DAMANIK SU,JL. M.T HARYONO NO. 58,SIBOLGA,ID-68,69889,0835879232,CV,DISAHKAN,TIDAK AKTIF,0,0,,,,2026-02-20,AKTIF
426834414978,266128758575676,OSS-6708061,PERUM SIHOMBING PRASASTA,PERUM SIHO,GG. CIKAPAYANG NO. 26,PANGKALPINANG,ID-65,01041,+62 (914) 975 0198,Perum,TERDAFTAR,TIDAK AKTIF,0,0,,,,2026-01-22,AKTIF
424400261850,374354326682681,OSS-0358609,PD SURYATMI THAMRIN,PD SURYATM,JALAN KH AMIN JASUTA NO. 40,BATAM,ID-73,98226,(049) 567-2169,PT,TERDAFTAR,TIDAK AKTIF,1,0,API-U,44068-API,,2026-02-08,AKTIF
618823792268,036771000055549,OSS-5731346,CV LAILASARI,LAILASARI,JL. IR. H. DJUANDA NO. 707,KOTA ADMINISTRASI JAKARTA TIMUR,ID-81,92723,+62-0002-117-8673,PT,DISAHKAN,TIDAK AKTIF,1,1,API-P,23200-API,NIPER-75715,2026-02-18,AKTIF
315394281158,765091639750579,OSS-2151098,PT DABUKKE,DABUKKE,JL. RAJIMAN NO. 226,BOGOR,ID-23,65694,+62 (76) 380 8263,Firma,PROSES,DIBEKUKAN,0,1,,,NIPER-26763,2026-01-05,AKTIF
265224823984,967749746407512,OSS-2725609,UD ANGGRIAWAN (PERSERO) TBK,UD ANGGRIA,GANG JEND. A. YANI NO. 526,SALATIGA,ID-24,26131,(0325) 611-9780,PT,PROSES,AKTIF,0,0,,,,2026-02-28,AKTIF
832300400322,062372408689076,OSS-6475428,PERUM WIDIASTUTI PUSPASARI,PERUM WIDI,JL. ABDUL MUIS NO. 242,PROBOLINGGO,ID-45,92785,(0499) 109 7184,Perum,PROSES,AKTIF,1,0,API-P,61099-API,,2026-01-25,AKTIF
701624445169,613703408497853,OSS-1502743,PERUM LATUPONO PRATIWI,PERUM LATU,GANG PELAJAR PEJUANG NO. 94,PADANG SIDEMPUAN,ID-47,09527,+62 (860) 725 0933,Perum,TERDAFTAR,DIBEKUKAN,0,0,,,,2026-02-07,AKTIF
753602987876,809257918670209,OSS-1663040,PT SITOMPUL SUSANTI (PERSERO) TBK,SITOMPUL S,JL. JAMIKA NO. 95,DEPOK,ID-73,72936,+62 (72) 326-6473,Perum,PROSES,TIDAK AKTIF,0,0,,,,2026-02-04,AKTIF
636324449990,843357632309431,OSS-8666214,UD SUARTINI (PERSERO) TBK,UD SUARTIN,GANG KH AMIN JASUTA NO. 6,TERNATE,ID-76,49625,(039) 757-6278,Firma,PROSES,AKTIF,0,1,,,NIPER-65378,2026-01-26,AKTIF
786740477246,497283419067100,OSS-9978442,PERUM PURNAWATI PRAYOGA (DUPLICATE),PERUM PURN,GANG GEGERKALONG HILIR NO. 282,MANADO,ID-90,97024,089 105 5799,CV,PROSES,DIBEKUKAN,0,1,,,NIPER-91584,2026-02-21,AKTIF
858670590290,996370112473808,OSS-3884987,UD SIRAIT SAMOSIR TBK,UD SIRAIT,GG. CIHAMPELAS NO. 04,KEDIRI,ID-20,96281,+62 (974) 499 7326,Firma,PROSES,DIBEKUKAN,0,0,,,,2026-02-01,AKTIF
135196735516,182601762222668,OSS-2609696,CV SIHOMBING KURNIAWAN (PERSERO) TBK,SIHOMBING,JL. PASIRKOJA NO. 802,SABANG,ID-57,87447,+62 (14) 673-3563,CV,PROSES,DIBEKUKAN,0,1,,,NIPER-08239,2026-01-05,AKTIF
471317197860,162590841947855,OSS-0113753,PERUM MARBUN (PERSERO) TBK,PERUM MARB,JALAN STASIUN WONOKROMO NO. 7,PAREPARE,ID-36,79037,+62 (061) 608-8197,CV,PROSES,TIDAK AKTIF,1,0,API-U,22399-API,,2026-01-20,AKTIF
945293261482,363108089097116,OSS-0411425,UD WASTUTI,UD WASTUTI,JL. CIHAMPELAS NO. 183,PADANG SIDEMPUAN,ID-34,16907,+62-003-978-5511,CV,PROSES,AKTIF,0,1,,,NIPER-69512,2026-03-02,AKTIF
907760285055,580918622329467,OSS-6687496,UD RAMADAN,UD RAMADAN,GANG GEGERKALONG HILIR NO. 748,GORONTALO,ID-98,20803,+62-483-338-9317,Firma,DISAHKAN,TIDAK AKTIF,0,0,,,,2026-02-26,AKTIF
760076087349,658975415153175,OSS-7310326,PD HARYANTO PADMASARI,PD HARYANT,GG. SURYAKENCANA NO. 9,TIDORE KEPULAUAN,ID-35,42699,(0128) 980-0901,PT,TERDAFTAR,TIDAK AKTIF,0,0,,,,2026-01-23,AKTIF
854064663971,769720174174690,OSS-2962150,CV PRASASTA YULIANTI,PRASASTA Y,JL. SOEKARNO HATTA NO. 0,SAMARINDA,ID-34,51510,(0517) 002-6575,Perum,TERDAFTAR,AKTIF,1,0,API-U,67193-API,,2026-02-17,AKTIF
012342893113,253269496843645,OSS-3804421,PT LAILASARI,LAILASARI,GG. CIWASTRA NO. 7,TIDORE KEPULAUAN,ID-63,59591,+62 (0575) 757 4758,Perum,TERDAFTAR,AKTIF,0,0,,,,2026-02-23,AKTIF
772008971434,093475352441766,OSS-7992639,UD SIREGAR,UD SIREGAR,JALAN CIHAMPELAS NO. 0,MEDAN,ID-53,84871,086 782 7789,PT,DISAHKAN,TIDAK AKTIF,0,1,,,NIPER-71566,2026-01-14,AKTIF
734011499747,547377049909678,OSS-1945659,PD PRADIPTA SURYATMI TBK (DUPLICATE),PD PRADIPT,JL. PASIR KOJA NO. 573,PROBOLINGGO,ID-87,08041,(0569) 430-7218,PT,PROSES,AKTIF,0,1,,,NIPER-87716,2026-01-27,AKTIF
459867392112,196187200102927,OSS-1822909,UD WIBOWO TBK,UD WIBOWO,JALAN SADANG SERANG NO. 9,TANGERANG,ID-67,47141,+62 (067) 396 4506,PT,TERDAFTAR,DIBEKUKAN,0,0,,,,2026-02-09,AKTIF
420391340215,904106671739536,OSS-6604482,PD SIMANJUNTAK RAJASA (PERSERO) TBK,PD SIMANJU,JALAN CIKAPAYANG NO. 65,PONTIANAK,ID-13,83792,0897564475,Firma,DISAHKAN,TIDAK AKTIF,1,1,API-P,98088-API,NIPER-07153,2026-02-27,AKTIF
855545950418,107543870983783,OSS-2198009,PD PRASETYO MELANI,PD PRASETY,JL. STASIUN WONOKROMO NO. 3,BITUNG,ID-12,27903,+62-0225-304-9100,Perum,TERDAFTAR,DIBEKUKAN,0,0,,,,2026-01-22,AKTIF
877254727175,252356214232974,OSS-3058665,CV PRANOWO IRAWAN (PERSERO) TBK,PRANOWO IR,GANG JEND. A. YANI NO. 12,GORONTALO,ID-79,68582,+62 (10) 365-9660,CV,PROSES,AKTIF,1,0,API-P,72786-API,,2026-01-11,AKTIF
911766947117,717102112281128,OSS-3550952,PD PRANOWO,PD PRANOWO,JL. JEND. A. YANI NO. 65,PADANGPANJANG,ID-97,53445,+62 (42) 728 0221,PT,PROSES,AKTIF,1,0,API-P,48766-API,,2026-01-15,AKTIF
496284076953,908783476790078,OSS-2446666,PERUM PRASETYA TBK,PERUM PRAS,JALAN M.T HARYONO NO. 82,TEGAL,ID-37,85592,+62 (629) 726 6923,Perum,PROSES,DIBEKUKAN,1,1,API-U,25727-API,NIPER-34689,2026-01-08,AKTIF
046861114576,832102192378584,OSS-7129618,CV PANGESTU (DUPLICATE),PANGESTU,JALAN SUNIARAJA NO. 508,BINJAI,ID-33,98042,+62 (373) 377 7312,Perum,PROSES,TIDAK AKTIF,1,1,API-P,68812-API,NIPER-28217,2026-03-01,AKTIF
307338475840,618252822528215,OSS-1831044,CV PUSPITA THAMRIN,PUSPITA TH,GG. MONGINSIDI NO. 07,SUBULUSSALAM,ID-28,34467,+62 (12) 489-8790,CV,DISAHKAN,AKTIF,0,1,,,NIPER-17143,2026-02-20,AKTIF
535382181088,642943214749354,OSS-9410975,PD WIDIASTUTI FUJIATI TBK,PD WIDIAST,GG. CIKUTRA BARAT NO. 9,MATARAM,ID-59,27629,+62-177-077-2309,Firma,PROSES,AKTIF,0,0,,,,2026-02-03,AKTIF
769541338536,167643198741472,OSS-8094280,UD YULIANTI PERTIWI,UD YULIANT,GANG RAYA SETIABUDHI NO. 148,PRABUMULIH,ID-35,19683,+62 (773) 194 3187,PT,DISAHKAN,DIBEKUKAN,1,0,API-U,85625-API,,2026-01-08,AKTIF
289995979247,057622117588100,OSS-0079651,CV HUTAPEA NAMAGA,HUTAPEA NA,JALAN GEGERKALONG HILIR NO. 80,MALANG,ID-97,44712,+62 (10) 767 2252,Perum,TERDAFTAR,TIDAK AKTIF,0,0,,,,2026-01-11,AKTIF
709230398271,629677842257331,OSS-9468655,PT PRADANA WAHYUDIN TBK,PRADANA WA,JL. KEBONJATI NO. 30,KEDIRI,ID-94,39358,+62 (032) 299-9366,CV,DISAHKAN,DIBEKUKAN,1,1,API-U,55778-API,NIPER-16044,2026-01-31,AKTIF
819968445657,817442054051556,OSS-7409201,PD SIHOTANG RAHIMAH (PERSERO) TBK,PD SIHOTAN,JL. MERDEKA NO. 14,MALANG,ID-61,67091,+62 (0465) 484 0000,Firma,DISAHKAN,AKTIF,1,1,API-U,40046-API,NIPER-45497,2026-02-06,AKTIF
197619201505,346847094975694,OSS-1398850,PERUM NURDIYANTI,PERUM NURD,GANG PHH. MUSTOFA NO. 0,KOTA ADMINISTRASI JAKARTA TIMUR,ID-84,79539,+62 (11) 441-3929,CV,TERDAFTAR,DIBEKUKAN,0,0,,,,2026-01-30,AKTIF
468003390238,340885595494906,OSS-0442149,CV TAMPUBOLON,TAMPUBOLON,GANG TEBET BARAT DALAM NO. 1,TANGERANG SELATAN,ID-35,67563,+62 (104) 171-2014,CV,PROSES,AKTIF,0,0,,,,2026-02-09,AKTIF
102578842380,824572769908273,OSS-4229954,SANTOSO PERMATA TBK,SANTOSO PE,GG. H.J MAEMUNAH NO. 238,SINGKAWANG,ID-72,12222,+62 (054) 070 1401,Firma,PROSES,AKTIF,1,1,API-U,11422-API,NIPER-86124,2026-03-01,AKTIF
642514117513,786053736323440,OSS-0904611,UD USADA TBK,UD USADA T,GG. CEMPAKA NO. 41,BALIKPAPAN,ID-30,18065,+62 (66) 189 0166,PT,DISAHKAN,TIDAK AKTIF,1,1,API-P,71556-API,NIPER-14164,2026-02-25,AKTIF
829670742153,193625260221690,OSS-8875480,PERUM PRADIPTA NAPITUPULU,PERUM PRAD,GG. KEBONJATI NO. 9,AMBON,ID-54,57351,(0454) 693-5102,Firma,DISAHKAN,TIDAK AKTIF,1,1,API-U,14012-API,NIPER-83319,2026-01-02,AKTIF
094620785622,719260261186801,OSS-0936091,PERUM ADRIANSYAH (PERSERO) TBK,PERUM ADRI,JL. KIARACONDONG NO. 762,MALANG,ID-93,77701,+62 (0972) 682 1195,Firma,TERDAFTAR,DIBEKUKAN,0,1,,,NIPER-69646,2026-02-25,AKTIF
267149498194,217942817934065,OSS-2775844,PD PRAKASA SARAGIH TBK,PD PRAKASA,GG. JAKARTA NO. 2,BAU-BAU,ID-25,91217,+62 (21) 455 9376,CV,TERDAFTAR,TIDAK AKTIF,1,0,API-U,61894-API,,2026-02-27,AKTIF
101938394423,896714254709676,OSS-0886801,HASSANAH,HASSANAH,GANG PASTEUR NO. 1,KOTA ADMINISTRASI JAKARTA PUSAT,ID-53,96898,+62 (86) 287-9563,CV,DISAHKAN,TIDAK AKTIF,1,1,API-P,29399-API,NIPER-05981,2026-02-19,AKTIF
244485913462,881720807746869,OSS-1468760,PD LESTARI MAHENDRA (PERSERO) TBK,PD LESTARI,GANG INDRAGIRI NO. 7,BATU,ID-41,58053,+62 (0051) 722 8307,Firma,DISAHKAN,TIDAK AKTIF,0,0,,,,2026-01-05,AKTIF
837029521221,592146558266299,OSS-4703132,CV RIYANTI MUSTOFA,RIYANTI MU,GG. GARDUJATI NO. 31,KOTA ADMINISTRASI JAKARTA SELATAN,ID-86,34404,(034) 186 9866,CV,PROSES,DIBEKUKAN,0,0,,,,2026-01-19,AKTIF
964211459940,786344510097965,OSS-5916957,PERUM MARPAUNG WINARSIH,PERUM MARP,GG. PASIR KOJA NO. 065,SEMARANG,ID-84,20188,(0564) 519-1842,Perum,PROSES,DIBEKUKAN,1,1,API-U,22849-API,NIPER-96379,2026-01-21,AKTIF
336027315672,617362924598977,OSS-7382438,PT SETIAWAN ASTUTI,SETIAWAN A,JL. K.H. WAHID HASYIM NO. 833,DUMAI,ID-50,22359,+62-62-709-4014,Perum,PROSES,DIBEKUKAN,1,0,API-U,41245-API,,2026-01-12,AKTIF
296490235143,456914841306936,OSS-4862555,PERUM WASKITA PRASASTA,PERUM WASK,JL. JOYOBOYO NO. 0,PAGARALAM,ID-70,52072,086 065 0083,Firma,PROSES,DIBEKUKAN,1,0,API-P,11919-API,,2026-02-26,AKTIF
888577589077,406079387965585,OSS-4009149,CV HUTAGALUNG UTAMA (PERSERO) TBK,HUTAGALUNG,JL. AHMAD YANI NO. 570,SALATIGA,ID-15,54267,+62-095-990-4261,CV,DISAHKAN,DIBEKUKAN,0,1,,,NIPER-06646,2026-02-01,AKTIF
788224731261,685071058011950,OSS-9271152,PT GUNAWAN TARIHORAN (PERSERO) TBK,GUNAWAN TA,JL. KIARACONDONG NO. 071,SEMARANG,ID-11,00741,089 485 4329,Firma,DISAHKAN,DIBEKUKAN,1,0,API-U,87698-API,,2026-01-12,AKTIF
605636056967,276203134386304,OSS-4810783,PERUM RAMADAN RAJATA (PERSERO) TBK,PERUM RAMA,JALAN TUBAGUS ISMAIL NO. 002,MEULABOH,ID-24,04780,+62 (0717) 143 3212,CV,DISAHKAN,TIDAK AKTIF,0,0,,,,2026-02-26,AKTIF
720681646166,461823664575795,OSS-5350332,PD FUJIATI PRASETYO (PERSERO) TBK,PD FUJIATI,JL. ABDUL MUIS NO. 3,SINGKAWANG,ID-43,77674,(0584) 739-1232,Perum,DISAHKAN,DIBEKUKAN,1,1,API-P,97977-API,NIPER-22193,2026-01-02,AKTIF
088934725553,828831639251486,OSS-1338554,PD NUGROHO (PERSERO) TBK,PD NUGROHO,GG. KIARACONDONG NO. 75,MAKASSAR,ID-32,48874,+62-0830-043-2091,CV,DISAHKAN,AKTIF,0,1,,,NIPER-62039,2026-01-22,AKTIF
171646031450,283993384563227,OSS-6256059,PERUM HAKIM PRAKASA,PERUM HAKI,GANG IR. H. DJUANDA NO. 56,SORONG,ID-75,81879,+62 (06) 057 5564,PT,DISAHKAN,TIDAK AKTIF,0,0,,,,2026-02-13,AKTIF
000415260530,115822961342682,OSS-3526051,UD HAKIM DABUKKE,UD HAKIM D,GANG SUNIARAJA NO. 66,BANJARMASIN,ID-21,86676,+62-736-484-6391,PT,TERDAFTAR,AKTIF,0,1,,,NIPER-79578,2026-02-01,AKTIF
471329010291,585118581101460,OSS-2353596,PERUM RAHAYU BUDIMAN,PERUM RAHA,JALAN JAYAWIJAYA NO. 235,KEDIRI,ID-99,67660,+62 (71) 689 2788,CV,DISAHKAN,TIDAK AKTIF,0,0,,,,2026-01-30,AKTIF
442080044583,113786850901721,OSS-1280097,CV HANDAYANI BUDIYANTO (PERSERO) TBK,HANDAYANI,JALAN MOCH. TOHA NO. 652,DUMAI,ID-82,55618,(057) 386-8762,Firma,PROSES,AKTIF,0,1,,,NIPER-73096,2026-02-13,AKTIF
029594320790,455258898872736,OSS-6685102,UD NURAINI,UD NURAINI,JL. MOCH. RAMDAN NO. 8,SAMARINDA,ID-88,47874,(0937) 137-2132,Perum,PROSES,AKTIF,0,0,,,,2026-01-18,AKTIF
334419693157,279194096105566,OSS-1390604,UD NAMAGA,UD NAMAGA,JALAN JAKARTA NO. 679,JAYAPURA,ID-20,46225,+62 (079) 086 4168,PT,TERDAFTAR,DIBEKUKAN,1,1,API-U,62278-API,NIPER-37693,2026-03-02,AKTIF
510543168584,457195816632829,OSS-4969275,PT WAHYUDIN PRASETYA,WAHYUDIN P,JALAN PASIR KOJA NO. 32,SUBULUSSALAM,ID-62,49670,(0203) 965-6045,CV,TERDAFTAR,TIDAK AKTIF,0,1,,,NIPER-67376,2026-01-08,AKTIF
221764760866,591542310687386,OSS-8307406,GUNAWAN NURAINI TBK (DUPLICATE),GUNAWAN NU,JALAN PASIRKOJA NO. 60,BAU-BAU,ID-39,55115,+62-40-763-1565,PT,DISAHKAN,DIBEKUKAN,0,1,,,NIPER-88073,2026-01-12,AKTIF
070489149932,448848000079624,OSS-5009464,UD PERMADI TBK,UD PERMADI,JL. PHH. MUSTOFA NO. 7,BANJAR,ID-55,65528,+62 (272) 783 2571,PT,TERDAFTAR,TIDAK AKTIF,0,0,,,,2026-02-14,AKTIF
096474293268,348709295162890,OSS-8454826,PD KUSWANDARI PUTRA,PD KUSWAND,JL. SADANG SERANG NO. 1,SURAKARTA,ID-65,66340,+62 (0197) 447 6522,Firma,DISAHKAN,AKTIF,0,0,,,,2026-01-09,AKTIF
956235322230,717152872899331,OSS-2388956,PERUM HIDAYANTO TBK,PERUM HIDA,GG. MONGINSIDI NO. 9,TIDORE KEPULAUAN,ID-26,64962,+62 (199) 154 6836,Perum,DISAHKAN,DIBEKUKAN,1,1,API-U,71356-API,NIPER-12929,2026-01-14,AKTIF
004032947747,812265204126979,OSS-3934955,UD HUTASOIT FARIDA (PERSERO) TBK,UD HUTASOI,JL. MONGINSIDI NO. 11,TERNATE,ID-80,56786,+62 (0998) 393-5485,CV,PROSES,AKTIF,0,0,,,,2026-02-18,AKTIF
533838742143,674865874857462,OSS-5799976,SURYATMI (DUPLICATE),SURYATMI,GANG M.T HARYONO NO. 3,KOTA ADMINISTRASI JAKARTA BARAT,ID-19,78309,+62 (012) 181 4377,CV,DISAHKAN,DIBEKUKAN,0,0,,,,2026-01-26,AKTIF
917922803514,586247574096168,OSS-6277564,UD WIBISONO PURWANTI,UD WIBISON,GG. JAMIKA NO. 10,JAMBI,ID-52,68456,0860042749,Perum,TERDAFTAR,DIBEKUKAN,0,1,,,NIPER-98613,2026-02-16,AKTIF
415203882926,571621304404887,OSS-4696105,CV PRASASTA,PRASASTA,GANG WARINGIN NO. 705,PEMATANGSIANTAR,ID-32,55205,+62 (0837) 469 0647,PT,PROSES,AKTIF,1,0,API-U,64059-API,,2026-02-16,AKTIF
898123179556,452913380263319,OSS-1554164,PT YULIANTI YUNIAR,YULIANTI Y,JALAN PELAJAR PEJUANG NO. 5,BONTANG,ID-42,29028,+62 (27) 009 3459,CV,DISAHKAN,AKTIF,1,1,API-U,62622-API,NIPER-82251,2026-02-28,AKTIF
029106337273,978671381175980,OSS-8947137,WAHYUDIN UYAINAH TBK,WAHYUDIN U,JL. KUTAI NO. 45,MEULABOH,ID-27,49602,+62-744-818-0496,PT,DISAHKAN,AKTIF,0,0,,,,2026-02-18,AKTIF
221056121999,752547078835994,OSS-4725121,PT PUDJIASTUTI WASITA,PUDJIASTUT,JALAN INDRAGIRI NO. 0,BANDUNG,ID-73,94305,0847163441,Perum,TERDAFTAR,TIDAK AKTIF,0,1,,,NIPER-51361,2026-01-08,AKTIF
449742337842,572035241024164,OSS-0960640,PD NASYIAH (DUPLICATE),PD NASYIAH,JALAN YOS SUDARSO NO. 988,TANJUNGBALAI,ID-32,66663,+62-832-182-5881,Firma,TERDAFTAR,DIBEKUKAN,0,0,,,,2026-02-13,AKTIF
086987236256,920412042753051,OSS-4602127,GUNARTO ZULAIKA TBK,GUNARTO ZU,GANG DIPATIUKUR NO. 606,YOGYAKARTA,ID-16,12674,+62 (001) 323 8790,Perum,DISAHKAN,TIDAK AKTIF,1,1,API-P,34438-API,NIPER-86457,2026-01-23,AKTIF
814691076432,631424382244295,OSS-1538410,UD DABUKKE RAHIMAH,UD DABUKKE,JALAN SUNIARAJA NO. 665,TERNATE,ID-73,11309,(037) 740-1942,Firma,TERDAFTAR,DIBEKUKAN,1,0,API-P,28522-API,,2026-01-17,AKTIF
437645618468,915833659747091,OSS-4871929,PERUM PRASETYO,PERUM PRAS,GG. SENTOT ALIBASA NO. 19,PRABUMULIH,ID-25,81266,(099) 169-9277,CV,DISAHKAN,AKTIF,1,1,API-U,08665-API,NIPER-74865,2026-02-07,AKTIF
693180620073,024266249753740,OSS-5714469,PD WASTUTI TBK,PD WASTUTI,GG. R.E MARTADINATA NO. 35,KOTA ADMINISTRASI JAKARTA PUSAT,ID-74,34514,(068) 865 8348,Perum,PROSES,DIBEKUKAN,0,1,,,NIPER-34835,2026-02-02,AKTIF
216526959389,330478355053095,OSS-7645681,PERUM RAHIMAH,PERUM RAHI,GANG H.J MAEMUNAH NO. 38,MADIUN,ID-28,56731,+62 (044) 346 0207,Perum,DISAHKAN,TIDAK AKTIF,0,1,,,NIPER-75373,2026-02-06,AKTIF
347584126227,617106567484500,OSS-7135768,PD RAJASA,PD RAJASA,JL. HOS. COKROAMINOTO NO. 680,SABANG,ID-67,29976,+62 (057) 435 6241,Firma,PROSES,TIDAK AKTIF,0,0,,,,2026-01-31,AKTIF
722330604633,312797573660965,OSS-6999880,PD HASANAH,PD HASANAH,GG. CIHAMPELAS NO. 6,DEPOK,ID-49,76447,+62 (64) 908-2771,PT,PROSES,AKTIF,0,0,,,,2026-03-01,AKTIF
025831530767,200416230831769,OSS-3022267,PD MEGANTARA (PERSERO) TBK,PD MEGANTA,JL. KEBONJATI NO. 49,CIREBON,ID-63,30157,+62-070-954-7564,PT,TERDAFTAR,TIDAK AKTIF,0,1,,,NIPER-47643,2026-02-12,AKTIF
249278523461,512167608960106,OSS-6589782,CV UWAIS TBK,UWAIS TBK,JL. STASIUN WONOKROMO NO. 40,TEBINGTINGGI,ID-86,50398,(038) 346 6908,CV,TERDAFTAR,DIBEKUKAN,1,0,API-U,14498-API,,2026-01-23,AKTIF
236910997872,191630916516800,OSS-4721535,PT DAMANIK SURYATMI (PERSERO) TBK,DAMANIK SU,JALAN RAJIMAN NO. 200,MADIUN,ID-65,01878,+62-05-299-4232,PT,PROSES,DIBEKUKAN,0,1,,,NIPER-55433,2026-03-01,AKTIF
210878704485,596633387469919,OSS-3031584,UD ZULKARNAIN HARYANTO (DUPLICATE),UD ZULKARN,JL. M.H THAMRIN NO. 115,KOTA ADMINISTRASI JAKARTA UTARA,ID-24,01598,+62-072-854-7894,CV,TERDAFTAR,TIDAK AKTIF,0,1,,,NIPER-10977,2026-01-14,AKTIF
424276652681,595740849629023,OSS-6518937,PT IRAWAN (DUPLICATE),IRAWAN,GG. WARINGIN NO. 218,TOMOHON,ID-53,12685,083 440 2757,Perum,DISAHKAN,TIDAK AKTIF,1,0,API-P,32675-API,,2026-01-28,AKTIF
008696610168,311395001680941,OSS-4915076,PERUM NAPITUPULU PADMASARI,PERUM NAPI,JALAN CIKAPAYANG NO. 5,SUBULUSSALAM,ID-49,40777,+62 (0620) 726-6292,Perum,TERDAFTAR,AKTIF,1,1,API-P,50817-API,NIPER-76029,2026-02-02,AKTIF
224187354706,169831742991366,OSS-2767713,CV TAMBA HIDAYAT,TAMBA HIDA,GANG RAYA SETIABUDHI NO. 46,PAYAKUMBUH,ID-97,77004,085 246 0965,Perum,DISAHKAN,DIBEKUKAN,0,1,,,NIPER-51665,2026-02-23,AKTIF
524440539222,796014201480979,OSS-8191630,PT PUSPASARI HASANAH,PUSPASARI,JL. K.H. WAHID HASYIM NO. 429,JAYAPURA,ID-23,39364,0876746163,Firma,TERDAFTAR,TIDAK AKTIF,1,0,API-P,71281-API,,2026-02-17,AKTIF
360607713131,437632563372592,OSS-6675031,ANGGRIAWAN (PERSERO) TBK,ANGGRIAWAN,GG. TUBAGUS ISMAIL NO. 20,BANDA ACEH,ID-46,32723,+62 (0203) 095 1247,PT,DISAHKAN,AKTIF,1,1,API-U,41275-API,NIPER-43654,2026-01-21,AKTIF
861307473702,405331546953641,OSS-2376352,PD SIRAIT SIREGAR,PD SIRAIT,GANG K.H. WAHID HASYIM NO. 62,SOLOK,ID-69,32758,+62 (51) 434 1633,PT,PROSES,DIBEKUKAN,1,1,API-U,50188-API,NIPER-36050,2026-02-06,AKTIF
100216702381,779392228380667,OSS-8595438,CV SAMOSIR (PERSERO) TBK,SAMOSIR (P,JALAN ABDUL MUIS NO. 82,TEBINGTINGGI,ID-38,51376,(053) 915-3029,Firma,PROSES,AKTIF,0,1,,,NIPER-76955,2026-01-20,AKTIF
189245574643,330403058181585,OSS-3506292,PERUM WIJAYANTI (PERSERO) TBK,PERUM WIJA,GG. MOCH. TOHA NO. 33,BATAM,ID-18,93865,+62 (685) 022 0805,Firma,PROSES,TIDAK AKTIF,1,1,API-P,38479-API,NIPER-27951,2026-02-25,AKTIF
477736782894,060415491035962,OSS-1550399,CV SIHOMBING (PERSERO) TBK,SIHOMBING,GANG JAMIKA NO. 08,BLITAR,ID-93,47185,+62-95-384-1967,Perum,DISAHKAN,AKTIF,1,1,API-P,16510-API,NIPER-80368,2026-02-12,AKTIF
199421824074,138041236132939,OSS-7137623,PERUM PRAYOGA,PERUM PRAY,GG. ASTANA ANYAR NO. 559,SIBOLGA,ID-81,30953,+62-83-901-1934,PT,DISAHKAN,DIBEKUKAN,1,0,API-P,42634-API,,2026-02-15,AKTIF
623466441767,909184300960462,OSS-0328457,PT NAMAGA HAKIM (PERSERO) TBK,NAMAGA HAK,GG. PASIR KOJA NO. 1,MADIUN,ID-40,79881,+62-66-602-5932,Firma,DISAHKAN,DIBEKUKAN,1,0,API-P,00779-API,,2026-01-11,AKTIF
925546659051,518644925192546,OSS-2914865,PERUM ISWAHYUDI YULIARTI,PERUM ISWA,JALAN SILIWANGI NO. 23,YOGYAKARTA,ID-78,33221,+62 (0188) 805-9296,CV,TERDAFTAR,DIBEKUKAN,1,0,API-P,22292-API,,2026-03-02,AKTIF
704505998226,731234388804851,OSS-4202593,UD UTAMA GUNAWAN (PERSERO) TBK,UD UTAMA G,JL. PACUAN KUDA NO. 27,YOGYAKARTA,ID-24,76729,+62 (015) 490 4431,Perum,PROSES,DIBEKUKAN,0,1,,,NIPER-83436,2026-01-04,AKTIF
375844618261,879029918030330,OSS-7551948,PERUM AGUSTINA TBK,PERUM AGUS,GANG ERLANGGA NO. 0,CIMAHI,ID-39,39616,+62 (062) 809-3297,PT,DISAHKAN,TIDAK AKTIF,1,0,API-U,45613-API,,2026-01-09,AKTIF
067913384346,318476124062937,OSS-8954047,PD RAHMAWATI PRAYOGA (PERSERO) TBK,PD RAHMAWA,GG. DR. DJUNJUNAN NO. 8,PADANG SIDEMPUAN,ID-50,84713,(086) 436 8128,PT,TERDAFTAR,AKTIF,0,0,,,,2026-01-22,AKTIF
216718663294,462878132709481,OSS-0259194,UD LAZUARDI,UD LAZUARD,JALAN CIKUTRA TIMUR NO. 2,SOLOK,ID-29,04637,+62 (388) 209-6402,Perum,PROSES,AKTIF,0,1,,,NIPER-21637,2026-01-30,AKTIF
892503813934,054588498026235,OSS-3143136,UD PERMATA,UD PERMATA,GANG PHH. MUSTOFA NO. 5,BANJARMASIN,ID-57,98584,+62 (088) 823 5549,CV,DISAHKAN,DIBEKUKAN,1,0,API-P,73327-API,,2026-02-04,AKTIF
410746317096,343981836113650,OSS-4767995,UD YOLANDA (PERSERO) TBK,UD YOLANDA,GANG AHMAD YANI NO. 363,TANGERANG SELATAN,ID-59,52580,+62-001-770-1315,Perum,TERDAFTAR,TIDAK AKTIF,1,0,API-P,25247-API,,2026-01-24,AKTIF
060852923998,529116679271959,OSS-1412968,PERUM PANGESTU,PERUM PANG,GG. RAJAWALI TIMUR NO. 011,KOTA ADMINISTRASI JAKARTA PUSAT,ID-81,83320,+62 (04) 770-7106,Firma,DISAHKAN,TIDAK AKTIF,0,1,,,NIPER-79039,2026-01-08,AKTIF
226752895392,644220969029593,OSS-9172513,UD MARBUN (PERSERO) TBK,UD MARBUN,JALAN PASIRKOJA NO. 315,BIMA,ID-95,06762,(076) 586-1793,CV,DISAHKAN,AKTIF,1,1,API-U,27104-API,NIPER-05411,2026-01-25,AKTIF
258055261143,397255290606972,OSS-5827340,PERUM UWAIS,PERUM UWAI,GG. CIKUTRA BARAT NO. 1,TUAL,ID-46,82081,+62-805-465-4226,PT,TERDAFTAR,AKTIF,0,1,,,NIPER-95756,2026-01-17,AKTIF
217894026676,543885380533432,OSS-6588276,UD BUDIMAN,UD BUDIMAN,JL. JEND. A. YANI NO. 9,PASURUAN,ID-36,65828,+62-072-735-8674,CV,PROSES,AKTIF,1,0,API-P,28058-API,,2026-02-17,AKTIF
418582312419,555186255112160,OSS-5935340,LAILASARI TBK,LAILASARI,JL. ABDUL MUIS NO. 98,TANJUNGPINANG,ID-27,99394,+62 (07) 466-4806,PT,PROSES,TIDAK AKTIF,1,0,API-U,83026-API,,2026-01-17,AKTIF
502471527636,687098904508394,OSS-7207695,PD NAMAGA SUSANTI,PD NAMAGA,JL. AHMAD DAHLAN NO. 8,PEMATANGSIANTAR,ID-58,26970,+62-0675-881-3528,PT,DISAHKAN,DIBEKUKAN,0,0,,,,2026-02-17,AKTIF
025926757313,354927152336193,OSS-6814549,CV NABABAN,NABABAN,JL. SENTOT ALIBASA NO. 7,BATU,ID-20,27513,+62 (0534) 048 2261,Perum,TERDAFTAR,TIDAK AKTIF,1,1,API-U,55097-API,NIPER-61284,2026-01-21,AKTIF
567266783684,052042452807147,OSS-8046940,PD NATSIR USADA (PERSERO) TBK,PD NATSIR,GANG PASIR KOJA NO. 33,BANDUNG,ID-60,78479,+62 (064) 145-1384,Firma,PROSES,TIDAK AKTIF,1,1,API-U,23217-API,NIPER-99800,2026-03-02,AKTIF
529448545001,726558849622009,OSS-1012147,CV WINARSIH (PERSERO) TBK,WINARSIH (,JL. RAJAWALI TIMUR NO. 78,SINGKAWANG,ID-86,53810,(0152) 596 9305,Firma,PROSES,AKTIF,0,0,,,,2026-01-16,AKTIF
905217487615,209321712264539,OSS-3502917,PD MAHENDRA PUSPITA (PERSERO) TBK,PD MAHENDR,JALAN PHH. MUSTOFA NO. 0,PASURUAN,ID-59,15150,+62-095-762-3210,Firma,TERDAFTAR,DIBEKUKAN,0,0,,,,2026-02-11,AKTIF
692597692465,840352621204078,OSS-4437100,PT SIMANJUNTAK PRADANA,SIMANJUNTA,JL. PASIRKOJA NO. 806,PALOPO,ID-89,31586,+62-45-132-9311,PT,TERDAFTAR,AKTIF,0,1,,,NIPER-37183,2026-01-04,AKTIF
722574236758,055204197975760,OSS-1108528,PERUM SUWARNO,PERUM SUWA,GANG ABDUL MUIS NO. 161,SORONG,ID-65,70912,+62 (695) 259-6317,PT,PROSES,AKTIF,0,0,,,,2026-01-10,AKTIF
983837368782,198065873110655,OSS-7518396,HASANAH,HASANAH,JALAN KUTAI NO. 232,TANJUNGPINANG,ID-69,01126,+62 (0998) 101-7353,Perum,TERDAFTAR,DIBEKUKAN,1,1,API-P,44893-API,NIPER-52004,2026-01-24,AKTIF
626168455252,741025471798994,OSS-8856694,DABUKKE UWAIS,DABUKKE UW,GANG CIHAMPELAS NO. 63,MATARAM,ID-84,22717,+62 (66) 256 5046,PT,PROSES,AKTIF,1,1,API-P,07001-API,NIPER-44130,2026-02-10,AKTIF
860176787388,011130529238352,OSS-2377504,PERUM DABUKKE TBK,PERUM DABU,GG. PELAJAR PEJUANG NO. 9,PURWOKERTO,ID-14,60412,(016) 554-2793,Firma,DISAHKAN,AKTIF,0,0,,,,2026-01-04,AKTIF
709850196864,348089083105101,OSS-5110610,PERUM LAZUARDI,PERUM LAZU,GANG CIKAPAYANG NO. 91,JAMBI,ID-67,15454,+62-0355-731-2214,Perum,TERDAFTAR,AKTIF,0,0,,,,2026-02-06,AKTIF
207492699969,964899718428596,OSS-9325914,PERUM SARAGIH,PERUM SARA,JL. DR. DJUNJUNAN NO. 342,PADANG,ID-47,69087,+62 (61) 760 7234,Perum,PROSES,TIDAK AKTIF,0,0,,,,2026-01-16,AKTIF
441319576967,230819075183058,OSS-6189841,PERUM PRAYOGA ANGGRAINI (PERSERO) TBK,PERUM PRAY,JL. SETIABUDHI NO. 3,TANJUNGBALAI,ID-83,82396,+62 (0093) 707 4319,Firma,PROSES,AKTIF,0,0,,,,2026-02-20,AKTIF
615719004943,437938158011511,OSS-9598307,YULIARTI,YULIARTI,GANG CIHAMPELAS NO. 4,SIBOLGA,ID-72,35583,+62 (0916) 849 7646,PT,PROSES,DIBEKUKAN,1,1,API-P,16217-API,NIPER-86297,2026-02-21,AKTIF
002651212308,019698813665228,OSS-3796927,CV RAHMAWATI,RAHMAWATI,JL. VETERAN NO. 7,SIBOLGA,ID-57,03328,(0462) 172 7140,CV,PROSES,TIDAK AKTIF,0,0,,,,2026-01-18,AKTIF
146876342249,411929510937727,OSS-6324857,UD PRADIPTA (PERSERO) TBK,UD PRADIPT,GANG PETA NO. 218,KOTAMOBAGU,ID-50,91788,+62 (021) 139 2110,CV,TERDAFTAR,TIDAK AKTIF,0,0,,,,2026-02-09,AKTIF
064554421578,379264053273968,OSS-8593428,PERUM FIRGANTORO PRASETYA,PERUM FIRG,JALAN TEBET BARAT DALAM NO. 150,CIMAHI,ID-74,98596,+62 (510) 250-6668,Firma,TERDAFTAR,DIBEKUKAN,1,1,API-U,60673-API,NIPER-47671,2026-01-19,AKTIF
114310753987,141426429306461,OSS-4383816,UD MANSUR NAMAGA TBK (DUPLICATE),UD MANSUR,GG. JAYAWIJAYA NO. 74,SABANG,ID-61,75289,(0245) 979-8982,Perum,TERDAFTAR,DIBEKUKAN,1,1,API-U,24554-API,NIPER-04210,2026-02-05,AKTIF
247555267203,670275100568706,OSS-9057112,PERUM ISWAHYUDI,PERUM ISWA,JALAN K.H. WAHID HASYIM NO. 539,TUAL,ID-30,05484,+62 (165) 707 9432,PT,DISAHKAN,DIBEKUKAN,0,0,,,,2026-01-31,AKTIF
631789783563,924291387411656,OSS-0890510,PERUM HUTAGALUNG (PERSERO) TBK,PERUM HUTA,GG. RAWAMANGUN NO. 12,MALANG,ID-90,36203,(035) 654 2249,CV,PROSES,TIDAK AKTIF,1,0,API-P,05096-API,,2026-02-10,AKTIF
911166122019,072587339304936,OSS-6538027,PERUM JAILANI (PERSERO) TBK,PERUM JAIL,JL. DIPATIUKUR NO. 08,SORONG,ID-31,50952,+62 (94) 620 9355,Perum,TERDAFTAR,DIBEKUKAN,0,1,,,NIPER-61039,2026-01-16,AKTIF
885037219304,180848296046208,OSS-7384322,UD WIJAYA,UD WIJAYA,JALAN RUNGKUT INDUSTRI NO. 7,PEKALONGAN,ID-42,52381,+62 (474) 329 9557,PT,TERDAFTAR,TIDAK AKTIF,0,0,,,,2026-03-02,AKTIF
992959660487,368269116331942,OSS-2686536,UD TARIHORAN (PERSERO) TBK,UD TARIHOR,JALAN SURAPATI NO. 74,CILEGON,ID-82,64085,(0216) 966 6309,Perum,PROSES,DIBEKUKAN,1,1,API-P,32998-API,NIPER-19960,2026-02-25,AKTIF
796985983844,390636736445813,OSS-1551546,UD HUTAGALUNG WASKITA,UD HUTAGAL,JL. JAYAWIJAYA NO. 23,PANGKALPINANG,ID-69,15980,+62 (067) 591-0720,PT,PROSES,TIDAK AKTIF,0,0,,,,2026-01-22,AKTIF
880736649706,959901964335623,OSS-9502111,GUNAWAN ARDIANTO (PERSERO) TBK,GUNAWAN AR,JL. CIKUTRA BARAT NO. 32,BANJAR,ID-12,95608,080 466 1710,PT,DISAHKAN,AKTIF,1,1,API-P,14782-API,NIPER-47599,2026-02-20,AKTIF
598788492356,645365562841575,OSS-9578779,PD KUSWANDARI SAPUTRA,PD KUSWAND,JL. BANGKA RAYA NO. 44,PASURUAN,ID-24,03529,+62-22-612-4054,CV,DISAHKAN,TIDAK AKTIF,1,0,API-P,59837-API,,2026-01-30,AKTIF
711467265793,692953707603028,OSS-6466960,PD SAMOSIR,PD SAMOSIR,GANG W.R. SUPRATMAN NO. 234,BLITAR,ID-92,91514,+62-091-778-8600,Firma,PROSES,TIDAK AKTIF,1,0,API-P,93916-API,,2026-01-03,AKTIF
525467546425,486477595102776,OSS-9928079,PD HIDAYANTO (DUPLICATE),PD HIDAYAN,JL. DIPATIUKUR NO. 09,BANJAR,ID-40,80012,(066) 179-2797,Perum,DISAHKAN,AKTIF,0,0,,,,2026-02-16,AKTIF
564718573440,401097180025809,OSS-6684497,PERUM PADMASARI SITORUS (PERSERO) TBK,PERUM PADM,GG. KAPTEN MUSLIHAT NO. 89,BATAM,ID-36,26935,+62 (01) 195-5305,CV,PROSES,TIDAK AKTIF,1,0,API-U,61745-API,,2026-02-03,AKTIF
529154807011,623315330174082,OSS-0993905,CV NURDIYANTI,NURDIYANTI,JL. CIKUTRA TIMUR NO. 55,SUBULUSSALAM,ID-28,31525,0890494401,Perum,TERDAFTAR,TIDAK AKTIF,0,1,,,NIPER-15502,2026-01-30,AKTIF
099591196231,510507804158483,OSS-4918875,CV JAILANI NARPATI,JAILANI NA,GG. M.H THAMRIN NO. 4,SINGKAWANG,ID-11,33881,+62 (71) 365 2070,Firma,TERDAFTAR,TIDAK AKTIF,1,0,API-U,69675-API,,2026-01-13,AKTIF
458191531875,960295946566023,OSS-3507557,UTAMA ANGGRIAWAN TBK,UTAMA ANGG,GANG SURAPATI NO. 88,PEKALONGAN,ID-62,04588,082 991 7626,CV,TERDAFTAR,DIBEKUKAN,1,1,API-U,24019-API,NIPER-57702,2026-02-12,AKTIF
959752135317,310186125821931,OSS-8626751,PERUM SAFITRI,PERUM SAFI,GANG RUMAH SAKIT NO. 496,LUBUKLINGGAU,ID-32,56419,(078) 963 0093,PT,DISAHKAN,TIDAK AKTIF,1,1,API-U,58201-API,NIPER-63015,2026-01-07,AKTIF
613406874345,254536980754359,OSS-4125229,PERUM NAINGGOLAN PUSPASARI,PERUM NAIN,JL. SURAPATI NO. 392,SABANG,ID-69,52991,+62-368-925-4458,CV,TERDAFTAR,DIBEKUKAN,0,0,,,,2026-01-28,AKTIF
663800331375,878077677583131,OSS-2978552,UD NOVITASARI WIDIASTUTI (PERSERO) TBK,UD NOVITAS,JL. LASWI NO. 5,KOTA ADMINISTRASI JAKARTA TIMUR,ID-31,40541,(025) 580 8178,PT,TERDAFTAR,AKTIF,0,1,,,NIPER-69772,2026-01-19,AKTIF
068044046913,191150252191474,OSS-2147319,PERUM SANTOSO SIMBOLON TBK,PERUM SANT,GANG KAPTEN MUSLIHAT NO. 36,DUMAI,ID-53,56923,+62 (0266) 661-9528,PT,PROSES,TIDAK AKTIF,0,1,,,NIPER-02461,2026-01-22,AKTIF
423691703242,234177921170052,OSS-4596090,CV HALIMAH,HALIMAH,JALAN BKR NO. 8,BANDA ACEH,ID-91,70943,+62 (052) 119 9717,Firma,DISAHKAN,TIDAK AKTIF,0,0,,,,2026-01-31,AKTIF
090255618444,218299874781224,OSS-8905670,PD DONGORAN GUNAWAN (PERSERO) TBK,PD DONGORA,JALAN SUKABUMI NO. 51,TEBINGTINGGI,ID-89,82669,+62 (036) 248-3550,PT,DISAHKAN,DIBEKUKAN,0,1,,,NIPER-54296,2026-02-04,AKTIF
659415181222,290957502271975,OSS-6093377,CV MARDHIYAH WASITA,MARDHIYAH,GANG JEND. SUDIRMAN NO. 7,CIREBON,ID-12,05554,+62 (32) 729 7027,Perum,PROSES,DIBEKUKAN,0,1,,,NIPER-86491,2026-02-25,AKTIF
569224029666,859938148062519,OSS-1375920,CV PALASTRI,PALASTRI,JL. KEBONJATI NO. 98,KEDIRI,ID-11,20007,+62-064-788-1725,Perum,DISAHKAN,DIBEKUKAN,1,1,API-U,11210-API,NIPER-28698,2026-03-01,AKTIF
657430620681,484991987202981,OSS-1300843,PERUM LAZUARDI SIREGAR,PERUM LAZU,JL. KH AMIN JASUTA NO. 96,DEPOK,ID-13,50749,+62 (044) 327 1929,PT,TERDAFTAR,DIBEKUKAN,0,0,,,,2026-02-12,AKTIF
628271288263,109687254077488,OSS-1682043,PERUM ISWAHYUDI MANSUR,PERUM ISWA,JALAN GARDUJATI NO. 74,TANGERANG,ID-73,89437,0887242758,Firma,TERDAFTAR,TIDAK AKTIF,0,0,,,,2026-02-01,AKTIF
122580484951,105596728784185,OSS-6788632,PD MARBUN,PD MARBUN,GG. SETIABUDHI NO. 7,TUAL,ID-36,44380,(0744) 214 9504,Perum,DISAHKAN,TIDAK AKTIF,1,0,API-P,79476-API,,2026-02-08,AKTIF
195697270912,475134408830703,OSS-7239981,PERUM LAKSITA (PERSERO) TBK,PERUM LAKS,JALAN PASTEUR NO. 5,BEKASI,ID-90,37899,(042) 160 5488,Firma,PROSES,AKTIF,0,1,,,NIPER-23602,2026-02-05,AKTIF
024588546605,616883065809314,OSS-5192670,CV SURYONO HUTAPEA TBK,SURYONO HU,GG. KEBONJATI NO. 239,MADIUN,ID-60,31868,(097) 261-2758,CV,TERDAFTAR,TIDAK AKTIF,0,1,,,NIPER-44971,2026-01-10,AKTIF
523001565095,253742201910159,OSS-6526600,CV SIMBOLON ANGGRIAWAN,SIMBOLON A,GG. CEMPAKA NO. 0,BEKASI,ID-90,74565,+62-881-142-1706,Firma,PROSES,AKTIF,0,0,,,,2026-02-05,AKTIF
972242284834,927668098460180,OSS-4033480,UD PRASETYA,UD PRASETY,GG. AHMAD DAHLAN NO. 67,MALANG,ID-27,44605,+62-0926-096-7462,PT,TERDAFTAR,AKTIF,1,0,API-U,72053-API,,2026-01-09,AKTIF
170166088019,948837550375899,OSS-7571130,UD USADA TBK,UD USADA T,JALAN KEBONJATI NO. 24,KOTA ADMINISTRASI JAKARTA PUSAT,ID-88,31637,+62-516-091-7798,Firma,DISAHKAN,DIBEKUKAN,1,0,API-U,27080-API,,2026-01-20,AKTIF
592916281116,834474630131585,OSS-5653111,UD PUSPITA (PERSERO) TBK,UD PUSPITA,JALAN PETA NO. 38,TANGERANG SELATAN,ID-10,84764,+62 (29) 469 9251,PT,TERDAFTAR,TIDAK AKTIF,1,0,API-P,08520-API,,2026-01-31,AKTIF
801962618316,317906861183189,OSS-4222258,YULIANTI WIJAYANTI,YULIANTI W,JALAN SUNIARAJA NO. 17,PASURUAN,ID-24,56454,(078) 252 4543,Perum,TERDAFTAR,DIBEKUKAN,1,0,API-U,49826-API,,2026-01-27,AKTIF
373965242760,741464402613534,OSS-2555618,CV ASTUTI MANGUNSONG,ASTUTI MAN,GG. GEDEBAGE SELATAN NO. 5,BATU,ID-74,95425,+62 (75) 056 8808,Firma,DISAHKAN,AKTIF,0,0,,,,2026-02-21,AKTIF
045961009236,727281210864442,OSS-5455436,PT WULANDARI PRABOWO,WULANDARI,JL. GARDUJATI NO. 350,SALATIGA,ID-39,26512,0879376434,Perum,DISAHKAN,AKTIF,0,1,,,NIPER-98195,2026-01-11,AKTIF
223338895524,520291942285239,OSS-2580754,PD NASHIRUDDIN TBK,PD NASHIRU,GG. JAKARTA NO. 0,SUKABUMI,ID-27,53195,+62-44-253-0768,PT,DISAHKAN,TIDAK AKTIF,1,1,API-U,63112-API,NIPER-95387,2026-01-29,AKTIF
840156005564,516524997625555,OSS-9736135,UD YULIANTI NURDIYANTI,UD YULIANT,GG. RUMAH SAKIT NO. 97,PALU,ID-58,26587,+62 (0387) 800-0074,CV,TERDAFTAR,TIDAK AKTIF,0,0,,,,2026-01-02,AKTIF
215533767279,891695000393032,OSS-3243594,PERUM THAMRIN FARIDA,PERUM THAM,GG. CIKAPAYANG NO. 74,PADANG SIDEMPUAN,ID-40,33364,0858038940,Perum,TERDAFTAR,DIBEKUKAN,1,0,API-U,85930-API,,2026-01-03,AKTIF
268009948040,092304738854869,OSS-0203813,UD HABIBI,UD HABIBI,GG. ERLANGGA NO. 17,SOLOK,ID-42,89243,(003) 096 0023,Firma,DISAHKAN,DIBEKUKAN,1,1,API-P,52727-API,NIPER-55253,2026-02-19,AKTIF
652765215109,683678812764431,OSS-6532613,UD WIJAYANTI,UD WIJAYAN,GANG SENTOT ALIBASA NO. 00,BENGKULU,ID-35,52920,+62 (74) 387-1793,Firma,TERDAFTAR,TIDAK AKTIF,1,1,API-P,71512-API,NIPER-51050,2026-02-08,AKTIF
259314009153,407855350381761,OSS-0632088,PT WACANA MULYANI TBK,WACANA MUL,GANG PASIRKOJA NO. 56,KOTA ADMINISTRASI JAKARTA PUSAT,ID-65,88696,+62-093-644-1363,CV,TERDAFTAR,AKTIF,0,1,,,NIPER-56115,2026-02-24,AKTIF
072716884891,023291476558672,OSS-2320746,CV GUNARTO SIRAIT (PERSERO) TBK (DUPLICATE),GUNARTO SI,JALAN ASTANA ANYAR NO. 82,SAMARINDA,ID-84,32213,+62 (036) 420-9044,Perum,DISAHKAN,AKTIF,1,0,API-P,16969-API,,2026-01-18,AKTIF
052924075536,668459090225999,OSS-9663618,CV KUSMAWATI KURNIAWAN TBK,KUSMAWATI,JALAN JEND. A. YANI NO. 820,BANDAR LAMPUNG,ID-19,31643,+62-0481-705-8025,Perum,DISAHKAN,TIDAK AKTIF,1,0,API-P,66212-API,,2026-02-11,AKTIF
150842145100,973520006333887,OSS-0007901,PT SAFITRI PUSPITA,SAFITRI PU,GG. SOEKARNO HATTA NO. 056,PROBOLINGGO,ID-78,41851,+62 (474) 684-7337,CV,DISAHKAN,TIDAK AKTIF,1,1,API-P,50987-API,NIPER-10428,2026-02-10,AKTIF
501692285964,971221137712834,OSS-3156206,UD ARDIANTO,UD ARDIANT,JL. CIWASTRA NO. 863,BEKASI,ID-20,22910,0866931243,Perum,TERDAFTAR,AKTIF,0,0,,,,2026-02-02,AKTIF
833361679007,117758021883429,OSS-0380695,CV ISWAHYUDI,ISWAHYUDI,GG. SURAPATI NO. 3,BINJAI,ID-95,31002,(079) 935 7017,PT,DISAHKAN,AKTIF,1,0,API-P,63197-API,,2026-01-14,AKTIF
833533610443,725000274722487,OSS-2709487,SAFITRI FARIDA (PERSERO) TBK,SAFITRI FA,GG. SOEKARNO HATTA NO. 64,MOJOKERTO,ID-22,69541,+62 (76) 348 5116,Firma,TERDAFTAR,TIDAK AKTIF,1,1,API-P,44810-API,NIPER-72843,2026-01-06,AKTIF
818958123867,397960086078049,OSS-9033263,CV WINARSIH,WINARSIH,GG. CEMPAKA NO. 98,SURAKARTA,ID-76,71390,0885085424,CV,TERDAFTAR,TIDAK AKTIF,0,0,,,,2026-01-08,AKTIF
929413912554,342908009185394,OSS-5032745,CV PUDJIASTUTI NOVITASARI,PUDJIASTUT,JL. PASTEUR NO. 2,TERNATE,ID-29,96106,+62-09-096-0054,Firma,PROSES,AKTIF,0,0,,,,2026-02-21,AKTIF
144301438763,647643905744592,OSS-3336419,PERUM PRANOWO,PERUM PRAN,JL. ABDUL MUIS NO. 01,MOJOKERTO,ID-94,12895,+62 (069) 781-6864,Perum,DISAHKAN,AKTIF,1,0,API-P,72081-API,,2026-01-10,AKTIF
619800855118,493827200490821,OSS-0122456,PD PRATAMA PUSPASARI,PD PRATAMA,GANG WONOAYU NO. 9,MEDAN,ID-70,03003,+62 (023) 438 4035,Firma,TERDAFTAR,AKTIF,0,1,,,NIPER-26409,2026-01-26,AKTIF
788129565635,972931236892975,OSS-6988647,UD YULIARTI,UD YULIART,GANG SUNIARAJA NO. 2,PALU,ID-71,01794,+62-0433-780-4890,PT,PROSES,AKTIF,0,1,,,NIPER-72931,2026-01-05,AKTIF
324529176192,286424390936204,OSS-3106556,PERUM PUDJIASTUTI,PERUM PUDJ,GANG CIWASTRA NO. 4,KEDIRI,ID-74,34192,+62 (617) 424 5901,Perum,TERDAFTAR,AKTIF,0,0,,,,2026-02-03,AKTIF
404834576825,737815920978620,OSS-9395784,PD TAMPUBOLON ADRIANSYAH TBK,PD TAMPUBO,GANG YOS SUDARSO NO. 45,BAU-BAU,ID-76,86782,+62-627-842-3740,Firma,TERDAFTAR,AKTIF,1,1,API-P,51717-API,NIPER-57322,2026-01-28,AKTIF
259314009153,407855350381761,OSS-0632088,WACANA MULYANI TBK,WACANA MUL,JL. M.H THAMRIN NO. 899,KOTA ADMINISTRASI JAKARTA PUSAT,ID-65,88696,+62-093-644-1363,CV,TERDAFTAR,AKTIF,0,1,,,NIPER-56115,2026-02-24,AKTIF
074823874777,982869653327609,OSS-9508056,PT ARYANI PADMASARI TBK,ARYANI PAD,JALAN OTTO ISKANDARDINATA NO. 82,TANJUNGPINANG,ID-18,92871,+62 (349) 468 7271,Perum,TERDAFTAR,AKTIF,1,1,API-U,97070-API,NIPER-00349,2026-02-09,AKTIF
768612779333,356942018445766,OSS-1629506,BUDIMAN (PERSERO) TBK,BUDIMAN (P,JALAN KH AMIN JASUTA NO. 7,SURAKARTA,ID-80,65234,(055) 461-2038,Firma,DISAHKAN,TIDAK AKTIF,0,1,,,NIPER-46726,2026-01-29,AKTIF
899748640005,699604873856765,OSS-3884765,SIMANJUNTAK HASANAH TBK,SIMANJUNTA,JL. KAPTEN MUSLIHAT NO. 143,PAREPARE,ID-17,93616,+62 (627) 241-3294,CV,PROSES,DIBEKUKAN,1,0,API-U,98897-API,,2026-02-14,AKTIF
901981466548,305120745439287,OSS-5112251,UD WAHYUDIN,UD WAHYUDI,JALAN MERDEKA NO. 28,KOTA ADMINISTRASI JAKARTA TIMUR,ID-78,57521,(0384) 131-9752,PT,PROSES,TIDAK AKTIF,0,1,,,NIPER-90678,2026-02-17,AKTIF
011859689740,952905509579281,OSS-8472668,PD PUTRA,PD PUTRA,JALAN W.R. SUPRATMAN NO. 1,SERANG,ID-33,40627,089 088 0683,Firma,DISAHKAN,AKTIF,1,1,API-U,11217-API,NIPER-95928,2026-01-04,AKTIF
248611416355,578841457473558,OSS-7857671,CV SIHOMBING SANTOSO TBK,SIHOMBING,JALAN KIARACONDONG NO. 197,PALOPO,ID-63,30453,(0074) 713 1439,Perum,PROSES,DIBEKUKAN,0,1,,,NIPER-69261,2026-02-01,AKTIF
896778889221,007204094711246,OSS-1757804,PT SARAGIH,SARAGIH,GANG CIWASTRA NO. 6,KOTA ADMINISTRASI JAKARTA TIMUR,ID-94,62447,+62-049-867-1101,CV,DISAHKAN,AKTIF,1,1,API-U,87703-API,NIPER-32570,2026-02-05,AKTIF
428328678515,066881557155661,OSS-6689409,PD PERMADI WIBISONO,PD PERMADI,JALAN SADANG SERANG NO. 5,BITUNG,ID-55,11339,+62 (632) 245 1825,CV,PROSES,DIBEKUKAN,1,1,API-U,69619-API,NIPER-21269,2026-01-07,AKTIF
677847515181,293465944691814,OSS-0311708,PD RAHMAWATI (PERSERO) TBK,PD RAHMAWA,GG. WONOAYU NO. 773,MATARAM,ID-57,13844,+62 (054) 647 0633,Perum,TERDAFTAR,AKTIF,1,1,API-P,25446-API,NIPER-43049,2026-01-21,AKTIF
963289598278,099558861449296,OSS-5215546,PERUM PRAKASA,PERUM PRAK,JL. DR. DJUNJUNAN NO. 0,BANJARBARU,ID-22,94614,+62 (0236) 599-0877,CV,DISAHKAN,AKTIF,1,0,API-U,72435-API,,2026-01-18,AKTIF
552312432921,277997995527177,OSS-4490581,PD HARTATI (PERSERO) TBK,PD HARTATI,GANG CIUMBULEUIT NO. 1,PANGKALPINANG,ID-17,79359,(0820) 715-1820,CV,PROSES,AKTIF,1,0,API-U,37788-API,,2026-02-16,AKTIF
768373693050,177024702722800,OSS-7846921,PD HARIYAH,PD HARIYAH,JALAN S. PARMAN NO. 673,KOTA ADMINISTRASI JAKARTA SELATAN,ID-19,58684,+62 (855) 816-5692,CV,PROSES,TIDAK AKTIF,1,1,API-U,87310-API,NIPER-89358,2026-02-14,AKTIF
868569659820,863342997267417,OSS-8780429,PERUM SAPTONO,PERUM SAPT,JALAN S. PARMAN NO. 38,SAMARINDA,ID-75,08464,+62-757-344-4006,Firma,PROSES,DIBEKUKAN,0,0,,,,2026-01-26,AKTIF
395309690676,490922884987455,OSS-1358727,PD SANTOSO,PD SANTOSO,GG. M.H THAMRIN NO. 1,TOMOHON,ID-31,40343,088 187 3877,Firma,TERDAFTAR,AKTIF,1,1,API-P,58333-API,NIPER-64770,2026-01-12,AKTIF
445904681899,920155382096620,OSS-0063290,PT IRAWAN,IRAWAN,JL. SUNIARAJA NO. 1,TANJUNGPINANG,ID-41,05718,(002) 806-8607,Perum,PROSES,TIDAK AKTIF,0,1,,,NIPER-81927,2026-01-15,AKTIF
838498999114,369023825207005,OSS-5861166,PT SURYONO ANGGRIAWAN TBK,SURYONO AN,JL. ABDUL MUIS NO. 577,MOJOKERTO,ID-56,91658,+62 (93) 418 8511,PT,DISAHKAN,AKTIF,0,1,,,NIPER-63006,2026-02-22,AKTIF
475953234964,687826344735179,OSS-8457192,PD LAILASARI MEGANTARA,PD LAILASA,GANG SENTOT ALIBASA NO. 103,TEGAL,ID-89,00770,(004) 584-5923,Firma,PROSES,TIDAK AKTIF,1,1,API-U,24950-API,NIPER-20413,2026-02-26,AKTIF
720241433008,972919127899251,OSS-6174735,PERUM BUDIMAN MANSUR TBK,PERUM BUDI,GANG S. PARMAN NO. 65,KOTA ADMINISTRASI JAKARTA TIMUR,ID-58,04613,(0222) 453-8253,CV,PROSES,DIBEKUKAN,1,1,API-P,58186-API,NIPER-15974,2026-01-08,AKTIF
596583530109,065533011462508,OSS-4234718,PD SALAHUDIN (PERSERO) TBK,PD SALAHUD,JALAN LASWI NO. 2,BENGKULU,ID-59,95060,+62-92-739-2060,PT,DISAHKAN,DIBEKUKAN,1,1,API-P,97578-API,NIPER-77462,2026-02-20,AKTIF
377841377990,789690091089142,OSS-7574944,PT NASYIDAH HIDAYAT (PERSERO) TBK,NASYIDAH H,JL. RAJIMAN NO. 9,BOGOR,ID-96,07730,+62 (0206) 199-5519,Perum,TERDAFTAR,TIDAK AKTIF,0,1,,,NIPER-71088,2026-02-01,AKTIF
170166088019,948837550375899,OSS-7571130,UD USADA TBK,UD USADA T,JL. JEND. A. YANI NO. 26,KOTA ADMINISTRASI JAKARTA PUSAT,ID-88,31637,+62-516-091-7798,Firma,DISAHKAN,DIBEKUKAN,1,0,API-U,27080-API,,2026-01-20,AKTIF
155886631438,706115421188959,OSS-4919265,PT KUSMAWATI (PERSERO) TBK,KUSMAWATI,GANG W.R. SUPRATMAN NO. 81,JAYAPURA,ID-88,37400,+62 (098) 011 0638,Perum,TERDAFTAR,AKTIF,1,1,API-U,22443-API,NIPER-26549,2026-03-01,AKTIF
596817358055,535444122906043,OSS-5208819,UD ARYANI NABABAN,UD ARYANI,GANG GARDUJATI NO. 06,TANGERANG SELATAN,ID-90,64284,084 137 6769,Firma,PROSES,AKTIF,0,0,,,,2026-01-04,AKTIF
770296844114,425653867437846,OSS-7209506,PERUM THAMRIN TBK,PERUM THAM,JALAN CIHAMPELAS NO. 70,MEDAN,ID-66,20675,(016) 616-5635,Perum,TERDAFTAR,TIDAK AKTIF,0,1,,,NIPER-13408,2026-02-11,AKTIF
058359578808,352627382760670,OSS-6250917,PD JANUAR KUSWOYO,PD JANUAR,GANG CIKUTRA BARAT NO. 99,TEBINGTINGGI,ID-90,32367,+62-0654-019-7311,CV,PROSES,DIBEKUKAN,1,1,API-P,12027-API,NIPER-22163,2026-01-03,AKTIF
249675745104,848094731815605,OSS-4270799,PERUM SALAHUDIN TBK,PERUM SALA,JL. DR. DJUNJUNAN NO. 797,LHOKSEUMAWE,ID-22,54565,(0289) 722 6934,CV,PROSES,AKTIF,0,0,,,,2026-01-18,AKTIF
701817889530,081463655895072,OSS-4663389,PD PRAYOGA PRADIPTA,PD PRAYOGA,GANG CIKUTRA BARAT NO. 37,TANGERANG,ID-97,89384,+62 (0823) 565-6254,PT,TERDAFTAR,AKTIF,0,1,,,NIPER-34000,2026-01-30,AKTIF
717662313479,604387501473063,OSS-7429810,PERUM HARTATI (DUPLICATE),PERUM HART,GG. M.H THAMRIN NO. 8,KOTAMOBAGU,ID-72,93349,+62-402-545-2858,PT,TERDAFTAR,AKTIF,1,0,API-P,50287-API,,2026-01-15,AKTIF
707678148029,889994008054196,OSS-3613352,CV MARDHIYAH TBK,MARDHIYAH,GANG GEDEBAGE SELATAN NO. 3,KUPANG,ID-51,56687,(0762) 495-9809,Firma,TERDAFTAR,AKTIF,0,1,,,NIPER-30854,2026-02-26,AKTIF
258019416677,205938020761561,OSS-1765463,UD SALAHUDIN,UD SALAHUD,GANG ASTANA ANYAR NO. 154,SUBULUSSALAM,ID-40,55780,+62-033-428-0465,Firma,PROSES,DIBEKUKAN,0,0,,,,2026-02-15,AKTIF
675512542782,091407607191430,OSS-6403816,UD PERMATA WACANA (PERSERO) TBK,UD PERMATA,GG. KUTISARI SELATAN NO. 8,SALATIGA,ID-21,25014,+62 (57) 627 0232,Perum,TERDAFTAR,AKTIF,1,1,API-P,44123-API,NIPER-36132,2026-02-07,AKTIF
024350947651,186156409941475,OSS-3989137,UD SARAGIH,UD SARAGIH,GANG DIPATIUKUR NO. 9,PEKANBARU,ID-61,61103,+62 (659) 429 9202,PT,DISAHKAN,TIDAK AKTIF,0,0,,,,2026-02-19,AKTIF
006741586795,240874155075764,OSS-4963921,PERUM LAZUARDI TBK,PERUM LAZU,GG. CIKUTRA BARAT NO. 36,KUPANG,ID-61,19160,+62-022-265-6799,Firma,PROSES,DIBEKUKAN,1,1,API-P,26624-API,NIPER-34178,2026-02-28,AKTIF
518673683931,335774672406089,OSS-2663184,CV SUSANTI,SUSANTI,JALAN LASWI NO. 4,JAMBI,ID-82,62766,+62 (0977) 999 9901,PT,DISAHKAN,DIBEKUKAN,0,1,,,NIPER-83662,2026-01-07,AKTIF
198753516089,310426860101815,OSS-0110837,PD PRATAMA MAULANA (PERSERO) TBK,PD PRATAMA,GANG ASTANA ANYAR NO. 821,SABANG,ID-75,37594,+62 (26) 075-0729,CV,TERDAFTAR,TIDAK AKTIF,1,1,API-P,90005-API,NIPER-87959,2026-02-01,AKTIF
426340547551,569832299181280,OSS-9191770,PERUM NOVITASARI,PERUM NOVI,GANG H.J MAEMUNAH NO. 795,PAYAKUMBUH,ID-18,87661,+62 (17) 744 4156,PT,TERDAFTAR,AKTIF,0,1,,,NIPER-57437,2026-02-20,AKTIF
449418029632,040563562183794,OSS-7090043,CV WASTUTI MANSUR (PERSERO) TBK,WASTUTI MA,GANG MONGINSIDI NO. 972,SAWAHLUNTO,ID-18,07282,+62 (69) 096-6952,Perum,TERDAFTAR,DIBEKUKAN,0,0,,,,2026-02-27,AKTIF
643859373676,208726844012448,OSS-2489617,CV TAMBA,TAMBA,GANG CEMPAKA NO. 207,LUBUKLINGGAU,ID-49,50139,(065) 100-8569,CV,TERDAFTAR,DIBEKUKAN,1,0,API-U,60806-API,,2026-02-02,AKTIF
158573013925,761160681474284,OSS-9685836,CV SIMANJUNTAK MANULLANG,SIMANJUNTA,GANG RUNGKUT INDUSTRI NO. 93,PALEMBANG,ID-47,66581,+62 (022) 932-2501,PT,PROSES,TIDAK AKTIF,1,0,API-P,91770-API,,2026-02-23,AKTIF
081285801724,481052393379208,OSS-5162094,PT NURAINI,NURAINI,JL. K.H. WAHID HASYIM NO. 983,PALEMBANG,ID-22,74296,(063) 907-8518,Perum,PROSES,DIBEKUKAN,0,1,,,NIPER-15579,2026-01-10,AKTIF
964709817037,490150621611751,OSS-6330734,CV SITUMORANG PRAKASA,SITUMORANG,JALAN ASTANA ANYAR NO. 36,PEKANBARU,ID-90,66978,+62 (0836) 300 0591,CV,DISAHKAN,DIBEKUKAN,0,0,,,,2026-02-16,AKTIF
358845490867,813823119676475,OSS-8335663,PERUM MARBUN NAJMUDIN,PERUM MARB,GG. TEBET BARAT DALAM NO. 9,PAYAKUMBUH,ID-80,73084,+62 (98) 507-7023,CV,PROSES,DIBEKUKAN,1,0,API-U,68104-API,,2026-01-05,AKTIF
027902268390,849232132064333,OSS-3491498,PD HUTAGALUNG RAJATA,PD HUTAGAL,GANG R.E MARTADINATA NO. 603,METRO,ID-93,73606,+62 (716) 456-2705,PT,DISAHKAN,AKTIF,1,0,API-U,85539-API,,2026-03-02,AKTIF
315203771070,449641049670667,OSS-0336268,UD FIRMANSYAH,UD FIRMANS,GG. PASIRKOJA NO. 3,MAKASSAR,ID-81,60186,+62 (0876) 998-4267,Firma,TERDAFTAR,TIDAK AKTIF,0,1,,,NIPER-32044,2026-02-06,AKTIF
251963733540,988126306637293,OSS-3211993,HARTATI SUSANTI,HARTATI SU,JALAN ERLANGGA NO. 951,KOTAMOBAGU,ID-11,60465,(041) 414 2881,Firma,PROSES,AKTIF,0,0,,,,2026-01-09,AKTIF
795462257396,263675655907066,OSS-7487133,UD WULANDARI USADA TBK,UD WULANDA,GANG SOEKARNO HATTA NO. 98,SURABAYA,ID-85,13675,+62 (55) 181-8154,CV,DISAHKAN,TIDAK AKTIF,1,1,API-U,27946-API,NIPER-30846,2026-02-08,AKTIF
449486303709,647295777390789,OSS-7585681,PERUM HANDAYANI,PERUM HAND,GG. RONGGOWARSITO NO. 2,MALANG,ID-60,16657,+62 (0955) 910 5529,Perum,DISAHKAN,AKTIF,0,1,,,NIPER-97991,2026-02-22,AKTIF
455895951196,236959669532336,OSS-7436341,UD PALASTRI MARYADI (PERSERO) TBK,UD PALASTR,GANG CIKUTRA BARAT NO. 5,PAREPARE,ID-55,12659,+62-0619-861-5848,Firma,PROSES,TIDAK AKTIF,0,0,,,,2026-02-17,AKTIF
217562479944,331782730597662,OSS-0840784,UD BUDIMAN LATUPONO TBK,UD BUDIMAN,GANG TUBAGUS ISMAIL NO. 21,PEKANBARU,ID-46,65255,+62 (0245) 866-7292,Perum,PROSES,AKTIF,0,1,,,NIPER-99072,2026-02-14,AKTIF
882408467934,529278427663594,OSS-8074119,PD HANDAYANI TBK,PD HANDAYA,JALAN GARDUJATI NO. 8,TOMOHON,ID-66,17117,(0875) 066-6966,Firma,TERDAFTAR,TIDAK AKTIF,0,0,,,,2026-02-02,AKTIF
098636794339,595642231449081,OSS-7225803,CV KUSWANDARI MARDHIYAH (PERSERO) TBK,KUSWANDARI,JL. TUBAGUS ISMAIL NO. 95,SERANG,ID-73,75784,+62-013-662-2063,PT,PROSES,DIBEKUKAN,0,0,,,,2026-02-14,AKTIF
212570265801,748638785398067,OSS-9248196,PERUM SAMOSIR MANGUNSONG (PERSERO) TBK,PERUM SAMO,JL. JEND. A. YANI NO. 563,SOLOK,ID-70,55979,+62-63-806-1733,Perum,DISAHKAN,DIBEKUKAN,1,0,API-U,91198-API,,2026-02-18,AKTIF
592534605811,952361377534245,OSS-9125368,PERUM ANGGRAINI TBK,PERUM ANGG,JL. GEDEBAGE SELATAN NO. 59,SAMARINDA,ID-49,07708,+62-954-063-5160,CV,TERDAFTAR,TIDAK AKTIF,1,0,API-U,98414-API,,2026-01-05,AKTIF
258339303753,552557509369269,OSS-4088125,UD PRADIPTA,UD PRADIPT,JALAN KIARACONDONG NO. 8,TIDORE KEPULAUAN,ID-73,10300,+62-01-807-6425,Firma,DISAHKAN,TIDAK AKTIF,1,1,API-U,08051-API,NIPER-20881,2026-01-15,AKTIF
558069285035,915898108457989,OSS-8470117,PERUM SIHOMBING,PERUM SIHO,JALAN R.E MARTADINATA NO. 457,SAWAHLUNTO,ID-71,70185,+62-066-515-4752,Perum,TERDAFTAR,DIBEKUKAN,1,1,API-U,65118-API,NIPER-74516,2026-02-01,AKTIF
131084986876,438605794738994,OSS-3333261,PT NARPATI SINAGA,NARPATI SI,JL. CIHAMPELAS NO. 7,CIREBON,ID-46,84169,(0237) 528-9775,CV,PROSES,DIBEKUKAN,0,1,,,NIPER-01619,2026-02-15,AKTIF
885969781733,669936554431815,OSS-7627011,PERUM UYAINAH SITORUS (PERSERO) TBK,PERUM UYAI,JL. SETIABUDHI NO. 05,PONTIANAK,ID-53,52160,(0996) 229 6993,PT,PROSES,TIDAK AKTIF,0,1,,,NIPER-36623,2026-01-28,AKTIF
775831089731,152188233617625,OSS-6661625,PT WULANDARI NARPATI,WULANDARI,GANG RONGGOWARSITO NO. 9,BENGKULU,ID-51,22343,+62 (97) 959-8689,PT,PROSES,AKTIF,1,1,API-P,06779-API,NIPER-94618,2026-02-10,AKTIF
139833664973,060910972785774,OSS-6040386,HUTASOIT MEGANTARA,HUTASOIT M,GANG PASIR KOJA NO. 12,PALEMBANG,ID-83,35273,+62 (062) 810 3186,Firma,DISAHKAN,DIBEKUKAN,0,1,,,NIPER-92958,2026-02-18,AKTIF
826259458385,214957957676024,OSS-4011432,UD SAPUTRA,UD SAPUTRA,GG. JEND. A. YANI NO. 788,SABANG,ID-71,41505,(082) 860 7485,Firma,PROSES,DIBEKUKAN,0,1,,,NIPER-29867,2026-01-26,AKTIF
786740477246,497283419067100,OSS-9978442,PERUM PURNAWATI PRAYOGA,PERUM PURN,GANG GEGERKALONG HILIR NO. 282,MANADO,ID-90,97024,089 105 5799,CV,PROSES,DIBEKUKAN,0,1,,,NIPER-91584,2026-02-21,AKTIF
339359863458,126917410745005,OSS-1190482,PD DONGORAN TBK,PD DONGORA,JL. ERLANGGA NO. 851,MATARAM,ID-29,60530,+62-003-014-5224,CV,PROSES,AKTIF,1,0,API-P,41425-API,,2026-02-26,AKTIF
926425609145,873495147618041,OSS-8784090,CV NURAINI PRASTUTI,NURAINI PR,GG. GEDEBAGE SELATAN NO. 404,BLITAR,ID-85,21063,(0176) 926-7213,PT,TERDAFTAR,AKTIF,0,0,,,,2026-01-29,AKTIF
674675986362,147720717319865,OSS-8830774,PD LAKSITA,PD LAKSITA,GG. INDRAGIRI NO. 7,CIREBON,ID-53,23153,+62 (01) 946 3869,PT,PROSES,TIDAK AKTIF,1,1,API-P,85879-API,NIPER-95443,2026-02-13,AKTIF
878930381476,040962629225953,OSS-7621098,CV NAJMUDIN TBK,NAJMUDIN T,JALAN CIHAMPELAS NO. 67,KOTA ADMINISTRASI JAKARTA UTARA,ID-12,59730,+62-0753-745-0883,CV,PROSES,TIDAK AKTIF,1,0,API-U,06829-API,,2026-02-12,AKTIF
778287346197,300133224172426,OSS-8078353,PT PURWANTI UWAIS,PURWANTI U,JALAN KIARACONDONG NO. 3,MANADO,ID-43,28228,+62-0356-727-5958,PT,DISAHKAN,AKTIF,0,1,,,NIPER-46708,2026-01-19,AKTIF
106656024923,577741490571753,OSS-2279975,PD MAHESWARA SIHOTANG,PD MAHESWA,GG. M.H THAMRIN NO. 171,BINJAI,ID-73,14241,+62 (48) 454-6731,CV,TERDAFTAR,DIBEKUKAN,0,0,,,,2026-01-16,AKTIF
438115074209,141896523696304,OSS-7633985,UD DAMANIK HALIMAH,UD DAMANIK,GANG GARDUJATI NO. 137,KENDARI,ID-52,60034,+62 (92) 861 4929,PT,TERDAFTAR,TIDAK AKTIF,1,0,API-P,17529-API,,2026-02-21,AKTIF
598248891148,030164543673161,OSS-4241700,CV MANDASARI,MANDASARI,GG. JEND. SUDIRMAN NO. 380,KOTA ADMINISTRASI JAKARTA TIMUR,ID-97,83674,0846508528,Firma,PROSES,TIDAK AKTIF,0,1,,,NIPER-55864,2026-02-26,AKTIF
205534050892,739615976405356,OSS-7078977,UD RAJASA (PERSERO) TBK,UD RAJASA,JL. MOCH. TOHA NO. 4,DENPASAR,ID-33,36273,+62 (02) 227-1117,Perum,TERDAFTAR,DIBEKUKAN,1,1,API-P,57691-API,NIPER-71620,2026-02-21,AKTIF
096129926236,181579776423788,OSS-5079047,UD MANULLANG (PERSERO) TBK,UD MANULLA,JL. RAYA SETIABUDHI NO. 0,CIREBON,ID-27,29001,+62 (024) 934-1582,Firma,PROSES,DIBEKUKAN,1,0,API-P,21215-API,,2026-02-01,AKTIF
904394799828,868457874298014,OSS-8137293,PERUM GUNAWAN GUNARTO,PERUM GUNA,JL. LASWI NO. 87,SURAKARTA,ID-92,13981,(073) 435 1804,PT,PROSES,AKTIF,1,1,API-U,48741-API,NIPER-86520,2026-01-15,AKTIF
385053055837,787564688886434,OSS-3992313,UD ANDRIANI (PERSERO) TBK,UD ANDRIAN,JALAN KENDALSARI NO. 82,LHOKSEUMAWE,ID-60,64672,+62-008-233-6729,CV,DISAHKAN,AKTIF,0,1,,,NIPER-58153,2026-02-21,AKTIF
021403209576,610906967113641,OSS-9556284,PD HANDAYANI,PD HANDAYA,GG. VETERAN NO. 747,TERNATE,ID-16,94752,+62-29-100-1811,PT,DISAHKAN,TIDAK AKTIF,1,0,API-U,96782-API,,2026-02-22,AKTIF
924454759711,315687310242645,OSS-9639468,UD MULYANI (PERSERO) TBK,UD MULYANI,JL. KEBONJATI NO. 85,BOGOR,ID-59,32750,+62 (71) 926-4210,PT,PROSES,DIBEKUKAN,0,1,,,NIPER-23872,2026-01-20,AKTIF
686245734272,210697311181923,OSS-5265725,UD PURNAWATI (PERSERO) TBK,UD PURNAWA,JL. INDRAGIRI NO. 03,METRO,ID-54,21496,+62 (0208) 005-1330,CV,TERDAFTAR,AKTIF,0,0,,,,2026-01-10,AKTIF
182224884581,952771131517678,OSS-8235513,CV NUGROHO TBK,NUGROHO TB,JL. SENTOT ALIBASA NO. 994,JAYAPURA,ID-52,97878,+62 (145) 388 5283,PT,TERDAFTAR,AKTIF,1,0,API-P,86647-API,,2026-03-01,AKTIF
047639631862,245963782066672,OSS-5519211,HALIM FIRGANTORO,HALIM FIRG,JALAN MOCH. RAMDAN NO. 514,PADANG,ID-33,89084,+62 (553) 178 9174,Perum,TERDAFTAR,DIBEKUKAN,0,1,,,NIPER-55324,2026-02-26,AKTIF
243114211956,376265086161029,OSS-3781979,THAMRIN,THAMRIN,GG. SETIABUDHI NO. 3,KOTA ADMINISTRASI JAKARTA UTARA,ID-22,24999,+62 (238) 036 7146,Perum,TERDAFTAR,TIDAK AKTIF,1,1,API-P,75781-API,NIPER-48936,2026-01-06,AKTIF
872656379353,656557707048247,OSS-2400863,PT PRADIPTA PRATIWI TBK,PRADIPTA P,JALAN KUTAI NO. 2,LANGSA,ID-38,29264,+62 (0880) 921-4887,CV,DISAHKAN,TIDAK AKTIF,0,0,,,,2026-01-14,AKTIF
333560104627,686866871881521,OSS-9873507,PD THAMRIN WIBISONO TBK,PD THAMRIN,JL. AHMAD YANI NO. 994,TANJUNGBALAI,ID-47,21313,+62 (92) 384 2283,CV,TERDAFTAR,DIBEKUKAN,1,1,API-P,96232-API,NIPER-98783,2026-02-23,AKTIF
447968558189,522171160786226,OSS-0737949,DAMANIK,DAMANIK,GG. RUMAH SAKIT NO. 33,PAYAKUMBUH,ID-71,06987,+62 (0937) 439 1864,Perum,DISAHKAN,AKTIF,0,0,,,,2026-01-28,AKTIF
158858410638,992183866214883,OSS-8562292,PD PERMADI SURYATMI,PD PERMADI,JL. CIUMBULEUIT NO. 677,PAYAKUMBUH,ID-43,60913,+62 (94) 949-9951,Perum,PROSES,DIBEKUKAN,1,1,API-U,00581-API,NIPER-04666,2026-01-31,AKTIF
419511303076,617061668464820,OSS-9872848,PERUM KURNIAWAN,PERUM KURN,JALAN MERDEKA NO. 44,MADIUN,ID-30,72477,+62 (13) 963-6209,PT,DISAHKAN,AKTIF,1,1,API-P,16049-API,NIPER-41723,2026-01-25,AKTIF
098936870172,151847440005431,OSS-2226492,CV HANDAYANI MARBUN,HANDAYANI,GANG BKR NO. 893,PARIAMAN,ID-76,49952,+62-253-774-2267,CV,TERDAFTAR,TIDAK AKTIF,0,1,,,NIPER-16484,2026-02-03,AKTIF
350698443389,025471278066448,OSS-5678689,PD MARDHIYAH TAMBA,PD MARDHIY,JL. RONGGOWARSITO NO. 118,PADANGPANJANG,ID-46,63705,+62 (456) 515 4142,CV,TERDAFTAR,TIDAK AKTIF,0,1,,,NIPER-38614,2026-02-12,AKTIF
933604425039,598715867866734,OSS-1471207,UD DABUKKE DABUKKE TBK,UD DABUKKE,GANG RAYA UJUNGBERUNG NO. 234,MANADO,ID-88,79727,+62 (10) 114-1424,PT,PROSES,AKTIF,0,1,,,NIPER-30636,2026-01-15,AKTIF
812982665702,793714521117518,OSS-6892686,CV SITORUS,SITORUS,JL. JEND. SUDIRMAN NO. 0,LHOKSEUMAWE,ID-60,74212,+62-094-077-7809,CV,TERDAFTAR,DIBEKUKAN,1,1,API-U,73397-API,NIPER-76719,2026-01-07,AKTIF
700019007388,546734743693908,OSS-9413198,PERUM WALUYO TBK,PERUM WALU,JL. DR. DJUNJUNAN NO. 054,SURABAYA,ID-84,25111,+62-035-940-9429,Perum,PROSES,AKTIF,0,0,,,,2026-02-28,AKTIF
091766265601,227181275068728,OSS-3118130,CV MANDASARI NATSIR,MANDASARI,JALAN SUKAJADI NO. 025,BENGKULU,ID-41,66880,(0890) 700-0025,Firma,PROSES,DIBEKUKAN,1,0,API-P,68714-API,,2026-03-01,AKTIF
464196234219,262213204104294,OSS-8314789,PT HALIMAH,HALIMAH,GG. KUTAI NO. 9,SAMARINDA,ID-58,28318,+62-03-666-0200,CV,PROSES,TIDAK AKTIF,0,1,,,NIPER-05328,2026-01-16,AKTIF
507415072389,542875829304207,OSS-1031421,PD SITUMORANG,PD SITUMOR,JL. KUTISARI SELATAN NO. 595,BANJARBARU,ID-75,84457,+62-055-893-5167,CV,DISAHKAN,DIBEKUKAN,0,0,,,,2026-02-14,AKTIF
132392950197,610321658087267,OSS-0511938,SUARTINI BUDIYANTO,SUARTINI B,JALAN SUNIARAJA NO. 7,SERANG,ID-75,93042,+62-018-590-5273,Firma,TERDAFTAR,TIDAK AKTIF,1,1,API-U,11876-API,NIPER-56722,2026-01-08,AKTIF
301094348995,150838888220904,OSS-7277662,PT USADA HARYANTO,USADA HARY,JL. DIPATIUKUR NO. 65,DENPASAR,ID-85,02499,0852067409,Perum,TERDAFTAR,AKTIF,1,1,API-U,78212-API,NIPER-47535,2026-02-14,AKTIF
932253271005,752533040028165,OSS-6033277,WIDODO TAMBA,WIDODO TAM,JL. GEGERKALONG HILIR NO. 00,PANGKALPINANG,ID-95,22482,+62 (0702) 841-2998,Perum,PROSES,AKTIF,1,0,API-P,75996-API,,2026-01-27,AKTIF
103416375435,208726282183826,OSS-4656519,PT SALAHUDIN ADRIANSYAH,SALAHUDIN,GG. M.T HARYONO NO. 625,BATAM,ID-85,29035,0812457772,Firma,DISAHKAN,DIBEKUKAN,1,0,API-P,46360-API,,2026-02-12,AKTIF
564718573440,401097180025809,OSS-6684497,PERUM PADMASARI SITORUS (PERSERO) TBK (DUPLICATE),PERUM PADM,GG. KAPTEN MUSLIHAT NO. 89,BATAM,ID-36,26935,+62 (01) 195-5305,CV,PROSES,TIDAK AKTIF,1,0,API-U,61745-API,,2026-02-03,AKTIF
199410137215,107029667066253,OSS-2447209,UD MANDASARI ZULKARNAIN,UD MANDASA,JL. PELAJAR PEJUANG NO. 26,SUKABUMI,ID-36,80657,0875985642,CV,PROSES,AKTIF,0,1,,,NIPER-05930,2026-01-23,AKTIF
409106156134,325880323250652,OSS-2018928,ISWAHYUDI,ISWAHYUDI,GANG BANGKA RAYA NO. 83,SAWAHLUNTO,ID-75,57997,+62 (72) 623 2195,Firma,DISAHKAN,AKTIF,0,0,,,,2026-02-26,AKTIF
389222471193,600608277056461,OSS-6076264,PERUM THAMRIN ANGGRIAWAN,PERUM THAM,JALAN RAWAMANGUN NO. 346,PALEMBANG,ID-45,23133,(010) 944-1642,Perum,DISAHKAN,TIDAK AKTIF,0,1,,,NIPER-31654,2026-02-20,AKTIF
139746699346,490575207248631,OSS-1343381,CV ANGGRIAWAN YULIANTI,ANGGRIAWAN,JALAN WARINGIN NO. 26,BANDAR LAMPUNG,ID-31,40368,+62 (0069) 722-5723,PT,PROSES,TIDAK AKTIF,1,0,API-P,12107-API,,2026-02-07,AKTIF
956969406052,829505978262104,OSS-7607466,CV NURAINI PERTIWI TBK,NURAINI PE,GG. VETERAN NO. 725,BLITAR,ID-67,33564,+62-018-111-0313,Perum,DISAHKAN,AKTIF,1,0,API-U,07928-API,,2026-01-31,AKTIF
288594740203,687127870179855,OSS-6937663,PD MARBUN MAYASARI TBK,PD MARBUN,JL. JAYAWIJAYA NO. 238,BITUNG,ID-40,06207,(064) 546-7169,Perum,TERDAFTAR,AKTIF,0,0,,,,2026-01-31,AKTIF
527062433653,339029651462139,OSS-3621695,UD YOLANDA TBK,UD YOLANDA,JL. KH AMIN JASUTA NO. 482,KOTA ADMINISTRASI JAKARTA PUSAT,ID-22,24005,(0357) 379-5270,PT,PROSES,TIDAK AKTIF,1,1,API-U,79515-API,NIPER-27098,2026-01-05,AKTIF
007169032890,231700274169585,OSS-2460448,PERUM THAMRIN,PERUM THAM,JL. KH AMIN JASUTA NO. 7,PEKALONGAN,ID-46,52159,(0189) 613-7299,Firma,TERDAFTAR,TIDAK AKTIF,1,0,API-U,77040-API,,2026-01-31,AKTIF
019703078176,232558811912776,OSS-1518078,UD MAHENDRA TBK,UD MAHENDR,GANG ASIA AFRIKA NO. 425,PADANG SIDEMPUAN,ID-24,71254,+62 (0584) 795-1961,Firma,TERDAFTAR,AKTIF,1,0,API-U,49901-API,,2026-02-17,AKTIF
378101032082,341609909757885,OSS-1661907,UD SARAGIH SANTOSO (PERSERO) TBK,UD SARAGIH,GG. OTTO ISKANDARDINATA NO. 6,PALANGKARAYA,ID-50,22772,(010) 540-2602,Perum,DISAHKAN,TIDAK AKTIF,0,0,,,,2026-01-29,AKTIF
129171476573,115853701892402,OSS-6343258,CV ZULKARNAIN PERTIWI (PERSERO) TBK,ZULKARNAIN,GG. KENDALSARI NO. 8,PRABUMULIH,ID-82,60408,+62-0333-825-1304,Perum,PROSES,DIBEKUKAN,1,1,API-P,11941-API,NIPER-50515,2026-01-15,AKTIF
897058067298,536854894808590,OSS-5866385,PERUM ZULKARNAIN (PERSERO) TBK (DUPLICATE),PERUM ZULK,JALAN MEDOKAN AYU NO. 319,KENDARI,ID-79,07082,+62 (10) 444-3381,CV,DISAHKAN,DIBEKUKAN,1,0,API-P,93374-API,,2026-02-15,AKTIF
967656124983,344146796938925,OSS-2914937,UD UYAINAH YULIANTI (DUPLICATE),UD UYAINAH,JL. CIWASTRA NO. 1,TANJUNGBALAI,ID-60,74478,(087) 320-7181,CV,PROSES,TIDAK AKTIF,0,1,,,NIPER-16944,2026-01-24,AKTIF
802328946153,539723903726883,OSS-6108551,PT SALAHUDIN WASITA TBK,SALAHUDIN,GG. PELAJAR PEJUANG NO. 064,BEKASI,ID-33,87830,(0188) 051-2330,PT,TERDAFTAR,AKTIF,1,1,API-P,45434-API,NIPER-83947,2026-02-25,AKTIF
851379727545,814302345999274,OSS-6621678,UD SITOMPUL TBK,UD SITOMPU,GG. S. PARMAN NO. 89,PALOPO,ID-82,39029,(040) 821 8495,PT,PROSES,TIDAK AKTIF,1,0,API-U,80645-API,,2026-01-04,AKTIF
219165806438,551299866318058,OSS-3097690,PD PANGESTU TBK,PD PANGEST,JL. SURYAKENCANA NO. 3,SOLOK,ID-14,77533,+62 (940) 953-3243,Perum,TERDAFTAR,AKTIF,0,0,,,,2026-01-13,AKTIF
880294240903,678812786866943,OSS-2029390,PERUM NOVITASARI RAJATA TBK,PERUM NOVI,GANG M.H THAMRIN NO. 230,KUPANG,ID-21,24240,+62-0381-059-5518,Perum,TERDAFTAR,TIDAK AKTIF,1,1,API-U,42694-API,NIPER-50053,2026-01-30,AKTIF
100008194944,406151488631417,OSS-4642502,CV HASTUTI,HASTUTI,JALAN SOEKARNO HATTA NO. 36,PAYAKUMBUH,ID-64,40277,+62-13-418-1329,Firma,DISAHKAN,DIBEKUKAN,0,1,,,NIPER-53074,2026-01-10,AKTIF
114777163159,380962786118919,OSS-2834402,WINARSIH MULYANI (PERSERO) TBK,WINARSIH M,GANG KH AMIN JASUTA NO. 3,SUKABUMI,ID-52,08584,+62 (04) 954-9287,PT,PROSES,DIBEKUKAN,1,0,API-P,67567-API,,2026-01-21,AKTIF
861312508643,820852643562017,OSS-9624414,PD HASANAH SIMBOLON TBK,PD HASANAH,JL. AHMAD YANI NO. 87,PEKALONGAN,ID-89,82864,+62-0006-329-3425,Perum,PROSES,DIBEKUKAN,1,1,API-U,81367-API,NIPER-52124,2026-02-26,AKTIF
123567983631,462491271130724,OSS-0787541,UD ASTUTI,UD ASTUTI,GG. S. PARMAN NO. 85,PALEMBANG,ID-94,51066,+62-436-294-8978,Firma,DISAHKAN,DIBEKUKAN,0,0,,,,2026-01-02,AKTIF
246815196896,196614001654895,OSS-4384595,PD MANGUNSONG ANGGRIAWAN,PD MANGUNS,GG. PETA NO. 3,BANJAR,ID-48,14497,+62-46-961-7898,CV,DISAHKAN,TIDAK AKTIF,1,0,API-P,96660-API,,2026-02-08,AKTIF
143403715243,109156830953122,OSS-5264974,PERUM HARIYAH HALIM TBK (DUPLICATE),PERUM HARI,GANG PETA NO. 863,PANGKALPINANG,ID-90,78101,+62-012-448-0569,Firma,TERDAFTAR,DIBEKUKAN,1,1,API-P,42118-API,NIPER-74900,2026-02-21,AKTIF
018659974292,399339236032483,OSS-6326703,PT PUSPASARI HARYANTI,PUSPASARI,GG. PELAJAR PEJUANG NO. 9,MATARAM,ID-79,69975,+62 (0546) 143-5187,Firma,TERDAFTAR,AKTIF,0,0,,,,2026-01-19,AKTIF
916135550260,322646400489148,OSS-4668598,UD PERMATA,UD PERMATA,GG. SETIABUDHI NO. 286,SUNGAI PENUH,ID-48,67198,+62 (0430) 319 4044,CV,PROSES,AKTIF,0,1,,,NIPER-91526,2026-01-18,AKTIF
681293800441,002621019726429,OSS-6351199,PD SAPTONO PRASETYO,PD SAPTONO,GANG LASWI NO. 6,PAYAKUMBUH,ID-13,12101,+62 (33) 754 7849,Firma,DISAHKAN,DIBEKUKAN,1,0,API-P,11791-API,,2026-01-06,AKTIF
399409679344,573588487507386,OSS-4259454,PD WASTUTI TBK,PD WASTUTI,GG. SUNIARAJA NO. 96,PAYAKUMBUH,ID-46,73367,(074) 742-2543,Perum,PROSES,AKTIF,0,1,,,NIPER-35774,2026-01-10,AKTIF
519350023079,314673726480719,OSS-8324675,PT MEGANTARA TBK (DUPLICATE),MEGANTARA,JALAN R.E MARTADINATA NO. 845,TASIKMALAYA,ID-38,19607,+62 (030) 857-6545,PT,TERDAFTAR,AKTIF,0,1,,,NIPER-51862,2026-02-13,AKTIF
880312171534,831336606774442,OSS-5496704,UD MEGANTARA MAHESWARA TBK,UD MEGANTA,JL. ASTANA ANYAR NO. 998,KOTA ADMINISTRASI JAKARTA SELATAN,ID-93,46089,+62 (0098) 182 6132,Firma,DISAHKAN,TIDAK AKTIF,1,0,API-U,85917-API,,2026-01-17,AKTIF
848896035889,376249010008440,OSS-5917218,PT ARYANI SAPUTRA (PERSERO) TBK,ARYANI SAP,JALAN PHH. MUSTOFA NO. 9,BANDUNG,ID-21,34692,+62 (0040) 443-0454,Firma,TERDAFTAR,TIDAK AKTIF,1,0,API-U,74243-API,,2026-02-20,AKTIF
132501410898,162197189383829,OSS-8274333,PT HASTUTI BUDIMAN,HASTUTI BU,JALAN CIHAMPELAS NO. 77,CILEGON,ID-11,69310,+62 (85) 738 6431,Firma,DISAHKAN,TIDAK AKTIF,1,1,API-P,49083-API,NIPER-63178,2026-01-14,AKTIF
598775691246,949985490720392,OSS-2921329,PD PERMATA UTAMA (PERSERO) TBK,PD PERMATA,GG. KAPTEN MUSLIHAT NO. 9,TARAKAN,ID-94,62542,(015) 795 3008,PT,DISAHKAN,DIBEKUKAN,0,0,,,,2026-02-27,AKTIF
404750004584,089227069906494,OSS-9356580,PD PRABOWO PURWANTI,PD PRABOWO,GANG RAJIMAN NO. 245,YOGYAKARTA,ID-85,70833,+62 (142) 449-6639,CV,PROSES,AKTIF,1,1,API-U,00045-API,NIPER-39804,2026-02-28,AKTIF
304042921922,906018355042219,OSS-3349915,UD ZULAIKA,UD ZULAIKA,JL. MEDOKAN AYU NO. 930,PEKANBARU,ID-23,39507,(004) 956-7818,Firma,TERDAFTAR,DIBEKUKAN,0,1,,,NIPER-15715,2026-02-23,AKTIF
143456466397,180120633575997,OSS-9497567,PD SETIAWAN TBK,PD SETIAWA,GANG SUNIARAJA NO. 49,JAYAPURA,ID-29,81694,+62-32-422-1645,CV,TERDAFTAR,AKTIF,0,0,,,,2026-02-21,AKTIF
209764653175,959627423341283,OSS-4370375,PD SURYATMI AGUSTINA,PD SURYATM,GANG MOCH. RAMDAN NO. 1,SUKABUMI,ID-64,39468,+62-0327-661-6398,Perum,DISAHKAN,TIDAK AKTIF,1,1,API-P,48117-API,NIPER-22512,2026-01-24,AKTIF
997722044250,503423059524455,OSS-8058053,PERUM HUTAGALUNG (PERSERO) TBK,PERUM HUTA,JALAN IR. H. DJUANDA NO. 507,BANJARBARU,ID-68,00863,0802052909,Firma,TERDAFTAR,TIDAK AKTIF,0,1,,,NIPER-44846,2026-02-24,AKTIF
152692559664,721307423591426,OSS-1404893,CV AGUSTINA LATUPONO,AGUSTINA L,GANG LEMBONG NO. 0,SALATIGA,ID-75,37310,+62-81-785-2211,Perum,TERDAFTAR,TIDAK AKTIF,1,0,API-U,58718-API,,2026-02-02,AKTIF
647718375307,681024808557800,OSS-2443236,CV MAHESWARA WIJAYA,MAHESWARA,GANG M.H THAMRIN NO. 74,SURAKARTA,ID-82,06751,(091) 395-2150,Perum,PROSES,DIBEKUKAN,0,0,,,,2026-01-22,AKTIF
882137578434,602062059636359,OSS-0676668,CV RIYANTI,RIYANTI,GG. GARDUJATI NO. 5,PEMATANGSIANTAR,ID-53,34371,(0665) 202-3514,Perum,TERDAFTAR,DIBEKUKAN,1,1,API-U,49109-API,NIPER-73100,2026-01-30,AKTIF
806253941854,554189258831400,OSS-3563032,PD KUSMAWATI NAINGGOLAN,PD KUSMAWA,JALAN RAJAWALI TIMUR NO. 98,MATARAM,ID-55,16896,+62 (13) 250 8628,PT,TERDAFTAR,TIDAK AKTIF,0,1,,,NIPER-68564,2026-01-15,AKTIF
887226862618,665210305417740,OSS-0473295,CV PURWANTI (DUPLICATE),PURWANTI,GANG SILIWANGI NO. 118,SOLOK,ID-97,87338,+62-068-301-8197,PT,DISAHKAN,DIBEKUKAN,0,1,,,NIPER-42453,2026-01-12,AKTIF
297810000420,777956721272883,OSS-2347745,UD HALIM SIMBOLON,UD HALIM S,GG. ASIA AFRIKA NO. 400,YOGYAKARTA,ID-61,71499,(0840) 149-3569,Perum,TERDAFTAR,TIDAK AKTIF,1,1,API-P,87988-API,NIPER-92449,2026-01-31,AKTIF
928605210262,706648900824845,OSS-8130889,PT SITOMPUL LAKSMIWATI,SITOMPUL L,GG. PASIRKOJA NO. 1,PADANGPANJANG,ID-44,02750,+62-003-056-6199,Perum,PROSES,DIBEKUKAN,0,0,,,,2026-02-08,AKTIF
861279071061,749481478531495,OSS-5376868,PD MANDALA,PD MANDALA,JALAN SOEKARNO HATTA NO. 05,TUAL,ID-27,73849,+62 (0313) 565-5506,PT,DISAHKAN,DIBEKUKAN,1,1,API-P,67172-API,NIPER-72368,2026-02-13,AKTIF
941318699938,677496499091334,OSS-1232812,PD HARTATI,PD HARTATI,JALAN MOCH. RAMDAN NO. 47,TANGERANG SELATAN,ID-44,49361,0832421024,PT,TERDAFTAR,DIBEKUKAN,1,0,API-P,99471-API,NIPER-CONFLICT,2026-01-14,AKTIF
846559218956,886499339745391,OSS-8023848,PD HUTASOIT UYAINAH TBK,PD HUTASOI,JALAN MERDEKA NO. 7,METRO,ID-34,90857,+62 (379) 476 3183,PT,TERDAFTAR,AKTIF,1,0,API-U,42900-API,,2026-02-18,AKTIF
303997802188,819448802606425,OSS-0026355,PERUM WINARSIH (PERSERO) TBK,PERUM WINA,JL. DIPATIUKUR NO. 8,KOTA ADMINISTRASI JAKARTA PUSAT,ID-16,97066,+62 (311) 040-7416,Perum,DISAHKAN,AKTIF,0,0,,,,2026-02-18,AKTIF
903593756388,568531935564292,OSS-7782368,CV HUTAPEA,HUTAPEA,GG. GEGERKALONG HILIR NO. 424,TEGAL,ID-53,68484,+62-00-603-2296,Perum,TERDAFTAR,DIBEKUKAN,0,1,,,NIPER-98931,2026-01-18,AKTIF
063815180496,377027002100580,OSS-9982626,UD AGUSTINA PUSPITA (PERSERO) TBK,UD AGUSTIN,GG. ANTAPANI LAMA NO. 885,PALANGKARAYA,ID-90,17653,+62 (0738) 352 1418,CV,TERDAFTAR,TIDAK AKTIF,0,1,,,NIPER-04718,2026-01-01,AKTIF
042537769673,254966070287372,OSS-3805712,PD FUJIATI,PD FUJIATI,GANG M.T HARYONO NO. 2,KEDIRI,ID-22,28904,+62 (68) 544-6068,CV,PROSES,TIDAK AKTIF,1,1,API-U,89589-API,NIPER-93219,2026-01-23,AKTIF
829851080765,364481639359318,OSS-5512114,PERUM SURYATMI HALIMAH (PERSERO) TBK,PERUM SURY,GG. SETIABUDHI NO. 54,CILEGON,ID-18,52888,(083) 198 3335,CV,TERDAFTAR,TIDAK AKTIF,0,0,,,,2026-02-16,AKTIF
508983094134,909619797972452,OSS-8413569,PERUM BUDIMAN TBK,PERUM BUDI,GG. LASWI NO. 67,PEKANBARU,ID-96,95739,+62 (0059) 802 6029,CV,DISAHKAN,AKTIF,1,0,API-U,44203-API,,2026-01-20,AKTIF
770734834486,627215296236417,OSS-0773963,CV WAHYUNI BUDIMAN TBK,WAHYUNI BU,JL. ERLANGGA NO. 4,KEDIRI,ID-94,14005,(025) 302 6712,Firma,PROSES,AKTIF,1,1,API-P,53799-API,NIPER-69344,2026-02-21,AKTIF
126796506765,338411660690991,OSS-0068336,SIRAIT (PERSERO) TBK,SIRAIT (PE,GANG R.E MARTADINATA NO. 371,KOTA ADMINISTRASI JAKARTA TIMUR,ID-52,24617,+62 (12) 848-1082,Firma,TERDAFTAR,DIBEKUKAN,0,1,,,NIPER-89982,2026-01-29,AKTIF
070699974625,168312107441314,OSS-0376054,UD MAYASARI (PERSERO) TBK,UD MAYASAR,GG. PHH. MUSTOFA NO. 89,PRABUMULIH,ID-65,77023,(060) 915 5480,CV,TERDAFTAR,AKTIF,0,1,,,NIPER-65666,2026-02-01,AKTIF
759212303489,535910034586062,OSS-1867019,PERUM PRANOWO TAMPUBOLON (PERSERO) TBK,PERUM PRAN,GANG SILIWANGI NO. 3,PURWOKERTO,ID-98,31254,(0099) 734 1350,PT,PROSES,TIDAK AKTIF,1,1,API-U,54076-API,NIPER-47186,2026-01-09,AKTIF
332491680914,555798990513730,OSS-9626532,CV RAHAYU WAHYUDIN,RAHAYU WAH,JL. DR. DJUNJUNAN NO. 397,KOTA ADMINISTRASI JAKARTA TIMUR,ID-14,82715,+62-0169-081-8359,CV,PROSES,DIBEKUKAN,0,0,,,,2026-01-05,AKTIF
470165418384,293631761973014,OSS-1110949,UD ZULKARNAIN,UD ZULKARN,GANG PASIRKOJA NO. 9,PAYAKUMBUH,ID-80,18404,+62 (11) 633-4016,CV,DISAHKAN,AKTIF,1,1,API-U,63313-API,NIPER-93373,2026-01-06,AKTIF
113014444104,868906376614489,OSS-0659379,PT HARYANTO PRABOWO,HARYANTO P,GG. ERLANGGA NO. 699,JAYAPURA,ID-14,85686,(0484) 758-6218,Firma,DISAHKAN,DIBEKUKAN,0,1,,,NIPER-75406,2026-02-24,AKTIF
574257172613,489644613907643,OSS-3071381,PD HASTUTI (PERSERO) TBK,PD HASTUTI,JL. SUKABUMI NO. 65,MAKASSAR,ID-66,29706,(0217) 076-3731,Firma,PROSES,AKTIF,1,1,API-P,76665-API,NIPER-52088,2026-02-20,AKTIF
968389356603,939415824975745,OSS-9485700,PD MAHESWARA,PD MAHESWA,JALAN GEDEBAGE SELATAN NO. 745,PEMATANGSIANTAR,ID-48,65890,+62-014-201-0689,Perum,TERDAFTAR,DIBEKUKAN,1,0,API-P,15112-API,,2026-01-13,AKTIF
377817174355,793975799980973,OSS-4652759,SAEFULLAH TBK,SAEFULLAH,JL. RONGGOWARSITO NO. 008,BOGOR,ID-82,44360,(0727) 517 0058,Perum,DISAHKAN,TIDAK AKTIF,0,0,,,,2026-02-08,AKTIF
464633802549,736444793461203,OSS-6507385,UD RAJATA NOVITASARI (PERSERO) TBK,UD RAJATA,JALAN KEBONJATI NO. 81,YOGYAKARTA,ID-43,31214,+62-0654-321-2827,CV,PROSES,DIBEKUKAN,0,0,,,,2026-01-01,AKTIF
431771101766,243108920696879,OSS-3516735,UD NURDIYANTI,UD NURDIYA,JL. MERDEKA NO. 282,BATAM,ID-84,64501,+62-892-780-1912,PT,TERDAFTAR,TIDAK AKTIF,0,1,,,NIPER-93531,2026-02-09,AKTIF
035850370017,523441894043103,OSS-3551162,PERUM SURYONO (PERSERO) TBK,PERUM SURY,JL. LEMBONG NO. 3,PEMATANGSIANTAR,ID-46,15106,(009) 399-5592,Perum,TERDAFTAR,TIDAK AKTIF,1,0,API-U,51449-API,,2026-01-13,AKTIF
173728832277,217897677964465,OSS-9408708,PERUM HIDAYAT,PERUM HIDA,GG. CIKAPAYANG NO. 06,KOTA ADMINISTRASI JAKARTA UTARA,ID-87,20397,088 493 7969,CV,PROSES,AKTIF,1,1,API-U,67560-API,NIPER-15351,2026-01-26,AKTIF
441844043807,554055586445264,OSS-6507231,UD KURNIAWAN SURYATMI,UD KURNIAW,JALAN STASIUN WONOKROMO NO. 4,PRABUMULIH,ID-88,57531,+62 (0808) 102-6233,Perum,TERDAFTAR,DIBEKUKAN,1,0,API-P,32961-API,,2026-01-09,AKTIF
664306738750,278736218481774,OSS-5584891,PD WALUYO,PD WALUYO,JALAN SURYAKENCANA NO. 74,DENPASAR,ID-10,99143,+62 (050) 970-7102,Perum,TERDAFTAR,AKTIF,1,0,API-U,02349-API,,2026-01-10,AKTIF
021970206348,323486341521386,OSS-7417144,PERUM ANGGRIAWAN TBK,PERUM ANGG,GG. RUMAH SAKIT NO. 84,PURWOKERTO,ID-76,16248,+62 (0388) 933 0449,Firma,TERDAFTAR,AKTIF,0,0,,,,2026-02-08,AKTIF
629349319061,383636504526182,OSS-2863784,UD SALAHUDIN MELANI,UD SALAHUD,JALAN SURAPATI NO. 946,TARAKAN,ID-67,90994,+62-047-270-7211,PT,DISAHKAN,DIBEKUKAN,0,1,,,NIPER-62287,2026-02-11,AKTIF
693751509398,343018718637599,OSS-8056265,UD BUDIMAN SURYONO TBK (DUPLICATE),UD BUDIMAN,GANG STASIUN WONOKROMO NO. 376,KOTAMOBAGU,ID-72,66299,+62 (023) 478 5196,PT,PROSES,DIBEKUKAN,0,1,,,NIPER-10646,2026-02-13,AKTIF
591445661966,760150434010265,OSS-5764756,UD HARYANTI NABABAN (PERSERO) TBK,UD HARYANT,GANG CIWASTRA NO. 506,SINGKAWANG,ID-21,23309,+62 (0621) 470-6165,CV,TERDAFTAR,TIDAK AKTIF,0,0,,,,2026-01-14,AKTIF
943495410674,100551465228902,OSS-3622689,MANSUR HANDAYANI (PERSERO) TBK,MANSUR HAN,GANG LEMBONG NO. 482,SUNGAI PENUH,ID-44,81596,+62-99-253-8159,Perum,DISAHKAN,AKTIF,1,1,API-P,02000-API,NIPER-44279,2026-02-14,AKTIF
793014811604,991004202886616,OSS-8019903,CV MAHESWARA (PERSERO) TBK,MAHESWARA,GANG M.H THAMRIN NO. 20,LUBUKLINGGAU,ID-83,16079,+62 (079) 138-6015,Firma,PROSES,TIDAK AKTIF,1,0,API-P,71171-API,,2026-01-29,AKTIF
124389602129,880934758394615,OSS-5642228,PD PRASETYO (PERSERO) TBK,PD PRASETY,GANG CIKUTRA TIMUR NO. 8,PARIAMAN,ID-16,09829,+62 (26) 444-2770,Perum,TERDAFTAR,TIDAK AKTIF,0,1,,,NIPER-28228,2026-02-09,AKTIF
150359957318,612464070000004,OSS-9378093,UD ASTUTI (PERSERO) TBK,UD ASTUTI,JL. M.T HARYONO NO. 7,MALANG,ID-40,01054,(0272) 578-9347,PT,PROSES,AKTIF,1,1,API-U,41484-API,NIPER-24466,2026-01-02,AKTIF
388731677621,058168707072163,OSS-5206848,PD NURAINI FUJIATI (PERSERO) TBK,PD NURAINI,JL. AHMAD DAHLAN NO. 8,SALATIGA,ID-16,12753,+62 (33) 985-4376,CV,TERDAFTAR,AKTIF,1,1,API-U,01140-API,NIPER-97127,2026-01-17,AKTIF
870972068814,798431264738688,OSS-0812618,PD PRATIWI,PD PRATIWI,GG. CEMPAKA NO. 85,SUNGAI PENUH,ID-86,17516,(0683) 426 9035,PT,DISAHKAN,DIBEKUKAN,1,0,API-U,91101-API,,2026-02-04,AKTIF
356722438398,892409111609145,OSS-3099654,HARTATI SIMANJUNTAK,HARTATI SI,GG. KH AMIN JASUTA NO. 76,BANDUNG,ID-94,07359,+62-07-401-2366,CV,TERDAFTAR,TIDAK AKTIF,1,0,API-U,64927-API,,2026-01-28,AKTIF
071278796338,790813220822044,OSS-8435197,PD RAJASA,PD RAJASA,JALAN BKR NO. 25,BALIKPAPAN,ID-34,84224,+62 (070) 183-1377,Firma,DISAHKAN,DIBEKUKAN,1,0,API-P,43403-API,,2026-02-19,AKTIF
793722391761,968225885843135,OSS-7408747,PT HARTATI (PERSERO) TBK (DUPLICATE),HARTATI (P,GG. DR. DJUNJUNAN NO. 7,PADANG SIDEMPUAN,ID-90,77990,(018) 344 2511,Perum,PROSES,AKTIF,1,0,API-U,80954-API,,2026-02-12,AKTIF
518672266645,762025159267940,OSS-2641086,UD NARPATI,UD NARPATI,GANG RUMAH SAKIT NO. 21,PADANG SIDEMPUAN,ID-43,76124,+62 (0726) 488-1370,PT,PROSES,TIDAK AKTIF,0,1,,,NIPER-44446,2026-01-27,AKTIF
954368528905,460485036930311,OSS-6404722,PD HARIYAH,PD HARIYAH,GANG GARDUJATI NO. 7,LHOKSEUMAWE,ID-55,20054,+62 (88) 322 4499,CV,DISAHKAN,TIDAK AKTIF,0,0,,,,2026-01-01,AKTIF
811307928985,834245746309671,OSS-1208665,UD RAMADAN ADRIANSYAH,UD RAMADAN,GG. PASIR KOJA NO. 842,TIDORE KEPULAUAN,ID-97,44316,080 328 7731,CV,TERDAFTAR,TIDAK AKTIF,1,0,API-P,40312-API,,2026-01-14,AKTIF
094097052774,025883586812259,OSS-5724461,PD HALIMAH SUDIATI (PERSERO) TBK,PD HALIMAH,GG. KUTAI NO. 5,BATAM,ID-29,02311,(0753) 312-6610,Perum,TERDAFTAR,AKTIF,1,1,API-U,94101-API,NIPER-75902,2026-01-06,AKTIF
125655254425,270452612782923,OSS-6606626,CV HASSANAH RAHMAWATI TBK (DUPLICATE),HASSANAH R,GANG IR. H. DJUANDA NO. 2,BONTANG,ID-87,43000,+62 (0902) 439 0127,Perum,TERDAFTAR,TIDAK AKTIF,1,0,API-U,79147-API,,2026-01-02,AKTIF
653661450181,878503743612514,OSS-2618912,PT SIMBOLON (PERSERO) TBK (DUPLICATE),SIMBOLON (,JL. SURYAKENCANA NO. 9,JAMBI,ID-50,30060,+62-0289-795-7377,Perum,DISAHKAN,DIBEKUKAN,0,1,,,NIPER-56410,2026-01-09,AKTIF
242198733185,908846364559786,OSS-2835197,CV BUDIYANTO SURYONO TBK,BUDIYANTO,GG. DIPENOGORO NO. 0,CIMAHI,ID-26,13829,+62 (55) 906 0640,CV,PROSES,TIDAK AKTIF,0,0,,,,2026-02-01,AKTIF
811662918530,652977727832393,OSS-5420764,PT MUSTOFA,MUSTOFA,GANG INDRAGIRI NO. 02,BEKASI,ID-29,07422,+62 (0042) 637 9107,Perum,TERDAFTAR,AKTIF,1,1,API-P,66824-API,NIPER-81705,2026-02-13,AKTIF
283665926965,550470530779185,OSS-0605366,PERUM WINARSIH TBK,PERUM WINA,GANG JAKARTA NO. 3,TIDORE KEPULAUAN,ID-88,46485,+62 (16) 392 2191,Perum,PROSES,AKTIF,0,1,,,NIPER-38865,2026-01-01,AKTIF
469685169217,517135284547050,OSS-0574580,PD ANDRIANI SARAGIH TBK,PD ANDRIAN,JL. R.E MARTADINATA NO. 3,CIREBON,ID-70,60783,+62-594-822-4524,PT,PROSES,TIDAK AKTIF,1,0,API-P,88160-API,,2026-01-06,AKTIF
283260058705,020648876518706,OSS-8334009,UD DONGORAN SAFITRI TBK,UD DONGORA,GG. MONGINSIDI NO. 863,MAKASSAR,ID-79,10292,(0268) 940 7053,PT,DISAHKAN,TIDAK AKTIF,0,1,,,NIPER-21064,2026-01-05,AKTIF
775103537437,994169780151598,OSS-4769652,CV WIJAYA PRASETYO (DUPLICATE),WIJAYA PRA,JL. SENTOT ALIBASA NO. 75,BATU,ID-96,88254,(036) 138-6823,CV,TERDAFTAR,AKTIF,1,0,API-U,97722-API,,2026-01-11,AKTIF
371741906695,450857034011761,OSS-7061301,CV HARTATI,HARTATI,JL. OTTO ISKANDARDINATA NO. 1,CILEGON,ID-39,35796,+62 (640) 019-1542,CV,TERDAFTAR,DIBEKUKAN,1,0,API-P,60782-API,,2026-01-10,AKTIF
128591195846,959799411423633,OSS-0714618,PT PERMADI,PERMADI,GANG KAPTEN MUSLIHAT NO. 46,SERANG,ID-58,04429,+62 (084) 991-1083,Firma,TERDAFTAR,TIDAK AKTIF,0,1,,,NIPER-18539,2026-02-07,AKTIF
499734638183,973363631544130,OSS-6966652,PD TAMBA (PERSERO) TBK,PD TAMBA (,JL. JEND. A. YANI NO. 025,PONTIANAK,ID-42,86503,+62 (44) 967-2687,Perum,DISAHKAN,DIBEKUKAN,1,0,API-P,72067-API,,2026-01-19,AKTIF
911776665052,761209281578061,OSS-9022311,PD UTAMI PUDJIASTUTI TBK,PD UTAMI P,GANG MEDOKAN AYU NO. 35,BOGOR,ID-93,37185,+62 (12) 684 8563,PT,PROSES,AKTIF,0,1,,,NIPER-71142,2026-01-01,AKTIF
580027291714,112129058884193,OSS-6263134,PD DABUKKE TBK,PD DABUKKE,GG. GEGERKALONG HILIR NO. 938,CILEGON,ID-65,29311,+62 (0231) 154-7970,PT,PROSES,AKTIF,0,1,,,NIPER-49988,2026-01-08,AKTIF
156971421723,307247338920220,OSS-5846408,UD MAHESWARA (PERSERO) TBK,UD MAHESWA,JL. AHMAD DAHLAN NO. 512,BINJAI,ID-15,32682,+62 (023) 941-2702,Perum,TERDAFTAR,DIBEKUKAN,0,0,,,,2026-03-01,AKTIF
358599197763,858692254376366,OSS-2871171,UD PRABOWO UYAINAH TBK,UD PRABOWO,JALAN RUNGKUT INDUSTRI NO. 50,SURAKARTA,ID-15,82948,(030) 997-2855,Firma,DISAHKAN,DIBEKUKAN,1,1,API-U,41793-API,NIPER-94314,2026-01-01,AKTIF
470521947698,332821175749903,OSS-6042632,NABABAN TBK,NABABAN TB,GANG MONGINSIDI NO. 6,TANJUNGBALAI,ID-29,81159,081 919 1553,PT,TERDAFTAR,AKTIF,0,0,,,,2026-01-05,AKTIF
386497090540,718382326668437,OSS-4282141,UD USAMAH (PERSERO) TBK,UD USAMAH,GANG PETA NO. 847,SOLOK,ID-71,96205,+62 (054) 108-1811,CV,PROSES,TIDAK AKTIF,1,1,API-U,80987-API,NIPER-52539,2026-01-19,AKTIF
102313568087,305382903279946,OSS-2673336,PERUM MANGUNSONG (PERSERO) TBK,PERUM MANG,JL. M.H THAMRIN NO. 741,BANDA ACEH,ID-66,09425,0848720572,CV,DISAHKAN,DIBEKUKAN,1,1,API-U,47082-API,NIPER-76862,2026-02-12,AKTIF
330618115451,139717428664479,OSS-8603568,TAMBA PUDJIASTUTI (PERSERO) TBK,TAMBA PUDJ,JALAN ASIA AFRIKA NO. 698,BANJARBARU,ID-63,64087,+62 (140) 840 0507,Perum,DISAHKAN,TIDAK AKTIF,1,0,API-P,12145-API,,2026-02-25,AKTIF
622392257548,519879715636900,OSS-1539743,UD SURYATMI BUDIYANTO (PERSERO) TBK,UD SURYATM,GANG SENTOT ALIBASA NO. 79,PEKANBARU,ID-22,93527,+62-0265-523-3363,Firma,PROSES,TIDAK AKTIF,1,0,API-U,77559-API,,2026-01-21,AKTIF
777015666655,334979144987027,OSS-4367641,CV MARYATI,MARYATI,JL. SUKAJADI NO. 0,SERANG,ID-13,37423,+62-085-980-7189,CV,PROSES,TIDAK AKTIF,1,0,API-P,51127-API,,2026-02-06,AKTIF
456625282516,163715785173102,OSS-5152566,PERUM MARYATI SIHOTANG,PERUM MARY,JALAN CIHAMPELAS NO. 167,PRABUMULIH,ID-94,47677,0839018384,Firma,PROSES,DIBEKUKAN,1,1,API-U,40390-API,NIPER-10349,2026-01-08,AKTIF
788477988824,375968686274823,OSS-0097154,UD RAHAYU THAMRIN (PERSERO) TBK,UD RAHAYU,JL. SUKAJADI NO. 21,MADIUN,ID-17,78140,0828246491,Firma,DISAHKAN,AKTIF,0,0,,,,2026-02-04,AKTIF
296905452190,926712584047608,OSS-3073546,PT LAKSITA,LAKSITA,JALAN KH AMIN JASUTA NO. 68,TUAL,ID-66,44925,+62 (933) 488 6954,Firma,TERDAFTAR,DIBEKUKAN,0,1,,,NIPER-68002,2026-01-03,AKTIF
659452071380,123076447007239,OSS-1194949,PD MANDASARI PRADIPTA,PD MANDASA,JL. ABDUL MUIS NO. 2,SAMARINDA,ID-57,91612,+62 (328) 651 2386,PT,TERDAFTAR,TIDAK AKTIF,0,0,,,,2026-01-01,AKTIF
121893912706,507612228305644,OSS-6853045,UD SIREGAR TBK,UD SIREGAR,GG. LEMBONG NO. 5,AMBON,ID-86,77894,+62-327-639-9046,Firma,DISAHKAN,DIBEKUKAN,0,0,,,,2026-02-28,AKTIF
884474083781,919074992164006,OSS-9836923,CV SETIAWAN TBK,SETIAWAN T,GANG CIHAMPELAS NO. 2,JAYAPURA,ID-23,54622,+62-21-237-2055,PT,PROSES,AKTIF,1,0,API-U,03300-API,,2026-01-13,AKTIF
181498350265,287905973077781,OSS-0881305,UD SAPUTRA JANUAR (PERSERO) TBK,UD SAPUTRA,JL. TUBAGUS ISMAIL NO. 9,BUKITTINGGI,ID-26,39238,+62 (065) 142-4329,CV,DISAHKAN,TIDAK AKTIF,0,1,,,NIPER-42928,2026-01-21,AKTIF
275646140466,045514815496103,OSS-6977682,PERUM PERMATA THAMRIN TBK,PERUM PERM,JL. AHMAD DAHLAN NO. 13,BATAM,ID-12,43638,+62 (649) 316-3707,PT,TERDAFTAR,TIDAK AKTIF,0,0,,,,2026-02-24,AKTIF
187956139000,774802818355108,OSS-3227522,UD FIRMANSYAH UYAINAH,UD FIRMANS,JALAN CIKUTRA TIMUR NO. 75,JAYAPURA,ID-82,71117,(002) 170-6090,PT,TERDAFTAR,DIBEKUKAN,0,0,,,,2026-02-22,AKTIF
541095975685,420667124944348,OSS-5420986,PERUM LESTARI,PERUM LEST,JL. JOYOBOYO NO. 428,BEKASI,ID-38,36293,0828877787,PT,TERDAFTAR,AKTIF,0,0,,,,2026-02-06,AKTIF
434171244622,312679846646868,OSS-3076546,PD SARAGIH TBK,PD SARAGIH,JALAN STASIUN WONOKROMO NO. 99,TERNATE,ID-37,69894,(0376) 660 1960,CV,TERDAFTAR,AKTIF,0,0,,,,2026-02-28,AKTIF
471324469558,427737565792370,OSS-3153574,PT WASTUTI,WASTUTI,GANG ANTAPANI LAMA NO. 654,AMBON,ID-16,82608,+62 (0008) 461 3853,CV,DISAHKAN,TIDAK AKTIF,1,1,API-U,36270-API,NIPER-26391,2026-02-13,AKTIF
151568191424,384485886863303,OSS-7221820,CV NUGROHO PANGESTU,NUGROHO PA,GG. IR. H. DJUANDA NO. 7,KUPANG,ID-99,63090,+62 (73) 995 5854,Perum,DISAHKAN,TIDAK AKTIF,0,1,,,NIPER-12101,2026-02-21,AKTIF
608895869793,584342314945212,OSS-5860620,PERUM GUNAWAN,PERUM GUNA,JL. RAYA SETIABUDHI NO. 414,MANADO,ID-43,85013,+62 (0742) 963 6412,CV,PROSES,TIDAK AKTIF,1,1,API-U,26472-API,NIPER-54392,2026-01-19,AKTIF
638693537324,370817238412939,OSS-8266932,UD SANTOSO TBK,UD SANTOSO,JALAN R.E MARTADINATA NO. 741,BIMA,ID-31,36856,+62 (0184) 656 7713,Perum,TERDAFTAR,AKTIF,1,1,API-P,20308-API,NIPER-69820,2026-01-26,AKTIF
274895124720,190440424263066,OSS-8944084,PERUM MANSUR,PERUM MANS,JALAN PELAJAR PEJUANG NO. 735,PONTIANAK,ID-95,84635,+62 (758) 517 0325,Perum,TERDAFTAR,TIDAK AKTIF,1,1,API-U,96603-API,NIPER-45987,2026-01-30,AKTIF
003076205459,671500666641106,OSS-5411340,PERUM SINAGA JANUAR TBK,PERUM SINA,JALAN M.T HARYONO NO. 0,YOGYAKARTA,ID-47,66834,0826899962,PT,TERDAFTAR,TIDAK AKTIF,1,0,API-U,69708-API,,2026-03-01,AKTIF
718888036386,161564516335158,OSS-6671545,PD MAYASARI,PD MAYASAR,JALAN ABDUL MUIS NO. 7,KOTA ADMINISTRASI JAKARTA BARAT,ID-79,71394,(0982) 562-9920,Firma,PROSES,AKTIF,1,0,API-U,84366-API,,2026-02-25,AKTIF
